record_type,aircraft_id,distance_bin_start_km,distance_bin_end_km,policy,metric,value,unit
corridor_policy,UAM-01,0.0,0.5,C,,,
corridor_policy,UAM-01,0.5,1.0,C,,,
corridor_policy,UAM-01,1.0,1.5,C,,,
corridor_policy,UAM-01,1.5,2.0,C,,,
corridor_policy,UAM-01,2.0,2.5,C,,,
corridor_policy,UAM-01,2.5,3.0,C,,,
corridor_policy,UAM-01,3.0,3.5,C,,,
corridor_policy,UAM-01,3.5,4.0,C,,,
corridor_policy,UAM-01,4.0,4.5,C,,,
corridor_policy,UAM-01,4.5,5.0,C,,,
corridor_policy,UAM-01,5.0,5.5,C,,,
corridor_policy,UAM-01,5.5,6.0,C,,,
corridor_policy,UAM-01,6.0,6.5,C,,,
corridor_policy,UAM-01,6.5,7.0,C,,,
corridor_policy,UAM-01,7.0,7.5,C,,,
corridor_policy,UAM-01,7.5,8.0,C,,,
corridor_policy,UAM-01,8.0,8.5,C,,,
corridor_policy,UAM-01,8.5,9.0,C,,,
corridor_policy,UAM-01,9.0,9.5,C,,,
corridor_policy,UAM-01,9.5,10.0,C,,,
corridor_policy,UAM-01,10.0,10.5,C,,,
corridor_policy,UAM-01,10.5,11.0,C,,,
corridor_policy,UAM-01,11.0,11.5,R,,,
corridor_policy,UAM-01,11.5,12.0,R,,,
corridor_policy,UAM-01,12.0,12.5,R,,,
corridor_policy,UAM-01,12.5,13.0,R,,,
corridor_policy,UAM-01,13.0,13.5,R,,,
corridor_policy,UAM-01,13.5,14.0,R,,,
corridor_policy,UAM-01,14.0,14.5,R,,,
corridor_policy,UAM-01,14.5,15.0,R,,,
corridor_policy,UAM-01,15.0,15.5,R,,,
corridor_policy,UAM-01,15.5,16.0,C,,,
corridor_policy,UAM-01,16.0,16.5,C,,,
corridor_policy,UAM-01,16.5,17.0,C,,,
corridor_policy,UAM-01,17.0,17.5,C,,,
corridor_policy,UAM-01,17.5,18.0,C,,,
corridor_policy,UAM-01,18.0,18.5,C,,,
corridor_policy,UAM-01,18.5,19.0,C,,,
corridor_policy,UAM-01,19.0,19.5,C,,,
corridor_policy,UAM-01,19.5,20.0,C,,,
corridor_policy,UAM-01,20.0,20.5,C,,,
corridor_policy,UAM-01,20.5,21.0,C,,,
corridor_policy,UAM-01,21.0,21.5,C,,,
corridor_policy,UAM-01,21.5,22.0,C,,,
corridor_policy,UAM-01,22.0,22.5,C,,,
corridor_policy,UAM-01,22.5,23.0,C,,,
corridor_policy,UAM-01,23.0,23.5,C,,,
corridor_policy,UAM-01,23.5,24.0,C,,,
corridor_policy,UAM-01,24.0,24.5,C,,,
corridor_policy,UAM-01,24.5,25.0,C,,,
corridor_policy,UAM-01,25.0,25.5,C,,,
corridor_policy,UAM-01,25.5,26.0,C,,,
corridor_policy,UAM-01,26.0,26.5,C,,,
corridor_policy,UAM-01,26.5,27.0,C,,,
corridor_policy,UAM-01,27.0,27.5,R,,,
corridor_policy,UAM-01,27.5,28.0,R,,,
corridor_policy,UAM-01,28.0,28.5,R,,,
corridor_policy,UAM-01,28.5,29.0,R,,,
corridor_policy,UAM-01,29.0,29.5,F,,,
corridor_policy,UAM-01,29.5,30.0,F,,,
corridor_policy,UAM-01,30.0,30.5,F,,,
corridor_policy,UAM-01,30.5,31.0,F,,,
corridor_policy,UAM-01,31.0,31.5,F,,,
corridor_policy,UAM-01,31.5,32.0,F,,,
corridor_policy,UAM-01,32.0,32.5,F,,,
corridor_policy,UAM-01,32.5,33.0,R,,,
corridor_policy,UAM-01,33.0,33.5,R,,,
corridor_policy,UAM-01,33.5,34.0,R,,,
corridor_policy,UAM-01,34.0,34.5,C,,,
corridor_policy,UAM-01,34.5,35.0,C,,,
corridor_policy,UAM-01,35.0,35.5,C,,,
corridor_policy,UAM-01,35.5,36.0,C,,,
corridor_policy,UAM-01,36.0,36.5,C,,,
corridor_policy,UAM-01,36.5,37.0,C,,,
corridor_policy,UAM-01,37.0,37.5,R,,,
corridor_policy,UAM-01,37.5,38.0,R,,,
corridor_policy,UAM-01,38.0,38.5,R,,,
corridor_policy,UAM-01,38.5,39.0,R,,,
corridor_policy,UAM-01,39.0,39.5,R,,,
corridor_policy,UAM-01,39.5,40.0,R,,,
corridor_policy,UAM-01,40.0,40.5,R,,,
corridor_policy,UAM-01,40.5,41.0,R,,,
corridor_policy,UAM-01,41.0,41.5,R,,,
corridor_policy,UAM-01,41.5,42.0,R,,,
corridor_policy,UAM-01,42.0,42.5,R,,,
corridor_policy,UAM-01,42.5,43.0,R,,,
corridor_policy,UAM-01,43.0,43.5,R,,,
corridor_policy,UAM-01,43.5,44.0,R,,,
corridor_policy,UAM-01,44.0,44.5,R,,,
corridor_policy,UAM-01,44.5,45.0,R,,,
corridor_policy,UAM-01,45.0,45.5,R,,,
corridor_policy,UAM-01,45.5,46.0,R,,,
corridor_policy,UAM-01,46.0,46.5,R,,,
corridor_policy,UAM-01,46.5,47.0,R,,,
corridor_policy,UAM-01,47.0,47.5,R,,,
corridor_policy,UAM-01,47.5,48.0,R,,,
corridor_policy,UAM-01,48.0,48.5,R,,,
corridor_policy,UAM-01,48.5,49.0,C,,,
corridor_policy,UAM-01,49.0,49.5,C,,,
corridor_policy,UAM-01,49.5,50.0,C,,,
corridor_policy,UAM-02,0.0,0.5,C,,,
corridor_policy,UAM-02,0.5,1.0,C,,,
corridor_policy,UAM-02,1.0,1.5,C,,,
corridor_policy,UAM-02,1.5,2.0,C,,,
corridor_policy,UAM-02,2.0,2.5,C,,,
corridor_policy,UAM-02,2.5,3.0,C,,,
corridor_policy,UAM-02,3.0,3.5,C,,,
corridor_policy,UAM-02,3.5,4.0,C,,,
corridor_policy,UAM-02,4.0,4.5,C,,,
corridor_policy,UAM-02,4.5,5.0,C,,,
corridor_policy,UAM-02,5.0,5.5,C,,,
corridor_policy,UAM-02,5.5,6.0,C,,,
corridor_policy,UAM-02,6.0,6.5,C,,,
corridor_policy,UAM-02,6.5,7.0,C,,,
corridor_policy,UAM-02,7.0,7.5,C,,,
corridor_policy,UAM-02,7.5,8.0,C,,,
corridor_policy,UAM-02,8.0,8.5,C,,,
corridor_policy,UAM-02,8.5,9.0,C,,,
corridor_policy,UAM-02,9.0,9.5,C,,,
corridor_policy,UAM-02,9.5,10.0,C,,,
corridor_policy,UAM-02,10.0,10.5,C,,,
corridor_policy,UAM-02,10.5,11.0,C,,,
corridor_policy,UAM-02,11.0,11.5,R,,,
corridor_policy,UAM-02,11.5,12.0,R,,,
corridor_policy,UAM-02,12.0,12.5,R,,,
corridor_policy,UAM-02,12.5,13.0,R,,,
corridor_policy,UAM-02,13.0,13.5,R,,,
corridor_policy,UAM-02,13.5,14.0,C,,,
corridor_policy,UAM-02,14.0,14.5,C,,,
corridor_policy,UAM-02,14.5,15.0,C,,,
corridor_policy,UAM-02,15.0,15.5,C,,,
corridor_policy,UAM-02,15.5,16.0,C,,,
corridor_policy,UAM-02,16.0,16.5,C,,,
corridor_policy,UAM-02,16.5,17.0,C,,,
corridor_policy,UAM-02,17.0,17.5,C,,,
corridor_policy,UAM-02,17.5,18.0,C,,,
corridor_policy,UAM-02,18.0,18.5,C,,,
corridor_policy,UAM-02,18.5,19.0,C,,,
corridor_policy,UAM-02,19.0,19.5,C,,,
corridor_policy,UAM-02,19.5,20.0,C,,,
corridor_policy,UAM-02,20.0,20.5,C,,,
corridor_policy,UAM-02,20.5,21.0,C,,,
corridor_policy,UAM-02,21.0,21.5,C,,,
corridor_policy,UAM-02,21.5,22.0,C,,,
corridor_policy,UAM-02,22.0,22.5,C,,,
corridor_policy,UAM-02,22.5,23.0,C,,,
corridor_policy,UAM-02,23.0,23.5,C,,,
corridor_policy,UAM-02,23.5,24.0,C,,,
corridor_policy,UAM-02,24.0,24.5,C,,,
corridor_policy,UAM-02,24.5,25.0,C,,,
corridor_policy,UAM-02,25.0,25.5,C,,,
corridor_policy,UAM-02,25.5,26.0,C,,,
corridor_policy,UAM-02,26.0,26.5,C,,,
corridor_policy,UAM-02,26.5,27.0,R,,,
corridor_policy,UAM-02,27.0,27.5,R,,,
corridor_policy,UAM-02,27.5,28.0,R,,,
corridor_policy,UAM-02,28.0,28.5,F,,,
corridor_policy,UAM-02,28.5,29.0,F,,,
corridor_policy,UAM-02,29.0,29.5,R,,,
corridor_policy,UAM-02,29.5,30.0,R,,,
corridor_policy,UAM-02,30.0,30.5,R,,,
corridor_policy,UAM-02,30.5,31.0,R,,,
corridor_policy,UAM-02,31.0,31.5,R,,,
corridor_policy,UAM-02,31.5,32.0,R,,,
corridor_policy,UAM-02,32.0,32.5,R,,,
corridor_policy,UAM-02,32.5,33.0,R,,,
corridor_policy,UAM-02,33.0,33.5,R,,,
corridor_policy,UAM-02,33.5,34.0,R,,,
corridor_policy,UAM-02,34.0,34.5,R,,,
corridor_policy,UAM-02,34.5,35.0,R,,,
corridor_policy,UAM-02,35.0,35.5,R,,,
corridor_policy,UAM-02,35.5,36.0,R,,,
corridor_policy,UAM-02,36.0,36.5,R,,,
corridor_policy,UAM-02,36.5,37.0,R,,,
corridor_policy,UAM-02,37.0,37.5,R,,,
corridor_policy,UAM-02,37.5,38.0,R,,,
corridor_policy,UAM-02,38.0,38.5,R,,,
corridor_policy,UAM-02,38.5,39.0,R,,,
corridor_policy,UAM-02,39.0,39.5,R,,,
corridor_policy,UAM-02,39.5,40.0,R,,,
corridor_policy,UAM-02,40.0,40.5,R,,,
corridor_policy,UAM-02,40.5,41.0,R,,,
corridor_policy,UAM-02,41.0,41.5,R,,,
corridor_policy,UAM-02,41.5,42.0,R,,,
corridor_policy,UAM-02,42.0,42.5,R,,,
corridor_policy,UAM-02,42.5,43.0,R,,,
corridor_policy,UAM-02,43.0,43.5,R,,,
corridor_policy,UAM-02,43.5,44.0,R,,,
corridor_policy,UAM-02,44.0,44.5,C,,,
corridor_policy,UAM-02,44.5,45.0,C,,,
corridor_policy,UAM-02,45.0,45.5,C,,,
corridor_policy,UAM-02,45.5,46.0,R,,,
corridor_policy,UAM-02,46.0,46.5,R,,,
corridor_policy,UAM-02,46.5,47.0,C,,,
corridor_policy,UAM-02,47.0,47.5,C,,,
corridor_policy,UAM-02,47.5,48.0,C,,,
corridor_policy,UAM-02,48.0,48.5,C,,,
corridor_policy,UAM-02,48.5,49.0,C,,,
corridor_policy,UAM-02,49.0,49.5,C,,,
corridor_policy,UAM-02,49.5,50.0,C,,,
corridor_policy,UAM-03,0.0,0.5,C,,,
corridor_policy,UAM-03,0.5,1.0,C,,,
corridor_policy,UAM-03,1.0,1.5,C,,,
corridor_policy,UAM-03,1.5,2.0,C,,,
corridor_policy,UAM-03,2.0,2.5,C,,,
corridor_policy,UAM-03,2.5,3.0,C,,,
corridor_policy,UAM-03,3.0,3.5,C,,,
corridor_policy,UAM-03,3.5,4.0,C,,,
corridor_policy,UAM-03,4.0,4.5,C,,,
corridor_policy,UAM-03,4.5,5.0,C,,,
corridor_policy,UAM-03,5.0,5.5,C,,,
corridor_policy,UAM-03,5.5,6.0,C,,,
corridor_policy,UAM-03,6.0,6.5,C,,,
corridor_policy,UAM-03,6.5,7.0,C,,,
corridor_policy,UAM-03,7.0,7.5,C,,,
corridor_policy,UAM-03,7.5,8.0,C,,,
corridor_policy,UAM-03,8.0,8.5,C,,,
corridor_policy,UAM-03,8.5,9.0,C,,,
corridor_policy,UAM-03,9.0,9.5,C,,,
corridor_policy,UAM-03,9.5,10.0,R,,,
corridor_policy,UAM-03,10.0,10.5,R,,,
corridor_policy,UAM-03,10.5,11.0,C,,,
corridor_policy,UAM-03,11.0,11.5,C,,,
corridor_policy,UAM-03,11.5,12.0,C,,,
corridor_policy,UAM-03,12.0,12.5,C,,,
corridor_policy,UAM-03,12.5,13.0,C,,,
corridor_policy,UAM-03,13.0,13.5,C,,,
corridor_policy,UAM-03,13.5,14.0,C,,,
corridor_policy,UAM-03,14.0,14.5,C,,,
corridor_policy,UAM-03,14.5,15.0,C,,,
corridor_policy,UAM-03,15.0,15.5,C,,,
corridor_policy,UAM-03,15.5,16.0,C,,,
corridor_policy,UAM-03,16.0,16.5,C,,,
corridor_policy,UAM-03,16.5,17.0,C,,,
corridor_policy,UAM-03,17.0,17.5,C,,,
corridor_policy,UAM-03,17.5,18.0,C,,,
corridor_policy,UAM-03,18.0,18.5,C,,,
corridor_policy,UAM-03,18.5,19.0,C,,,
corridor_policy,UAM-03,19.0,19.5,C,,,
corridor_policy,UAM-03,19.5,20.0,C,,,
corridor_policy,UAM-03,20.0,20.5,C,,,
corridor_policy,UAM-03,20.5,21.0,C,,,
corridor_policy,UAM-03,21.0,21.5,C,,,
corridor_policy,UAM-03,21.5,22.0,C,,,
corridor_policy,UAM-03,22.0,22.5,C,,,
corridor_policy,UAM-03,22.5,23.0,C,,,
corridor_policy,UAM-03,23.0,23.5,C,,,
corridor_policy,UAM-03,23.5,24.0,C,,,
corridor_policy,UAM-03,24.0,24.5,C,,,
corridor_policy,UAM-03,24.5,25.0,C,,,
corridor_policy,UAM-03,25.0,25.5,C,,,
corridor_policy,UAM-03,25.5,26.0,R,,,
corridor_policy,UAM-03,26.0,26.5,R,,,
corridor_policy,UAM-03,26.5,27.0,R,,,
corridor_policy,UAM-03,27.0,27.5,R,,,
corridor_policy,UAM-03,27.5,28.0,R,,,
corridor_policy,UAM-03,28.0,28.5,R,,,
corridor_policy,UAM-03,28.5,29.0,R,,,
corridor_policy,UAM-03,29.0,29.5,R,,,
corridor_policy,UAM-03,29.5,30.0,R,,,
corridor_policy,UAM-03,30.0,30.5,R,,,
corridor_policy,UAM-03,30.5,31.0,R,,,
corridor_policy,UAM-03,31.0,31.5,R,,,
corridor_policy,UAM-03,31.5,32.0,R,,,
corridor_policy,UAM-03,32.0,32.5,R,,,
corridor_policy,UAM-03,32.5,33.0,R,,,
corridor_policy,UAM-03,33.0,33.5,R,,,
corridor_policy,UAM-03,33.5,34.0,R,,,
corridor_policy,UAM-03,34.0,34.5,R,,,
corridor_policy,UAM-03,34.5,35.0,R,,,
corridor_policy,UAM-03,35.0,35.5,R,,,
corridor_policy,UAM-03,35.5,36.0,C,,,
corridor_policy,UAM-03,36.0,36.5,C,,,
corridor_policy,UAM-03,36.5,37.0,C,,,
corridor_policy,UAM-03,37.0,37.5,R,,,
corridor_policy,UAM-03,37.5,38.0,R,,,
corridor_policy,UAM-03,38.0,38.5,R,,,
corridor_policy,UAM-03,38.5,39.0,R,,,
corridor_policy,UAM-03,39.0,39.5,R,,,
corridor_policy,UAM-03,39.5,40.0,R,,,
corridor_policy,UAM-03,40.0,40.5,R,,,
corridor_policy,UAM-03,40.5,41.0,R,,,
corridor_policy,UAM-03,41.0,41.5,R,,,
corridor_policy,UAM-03,41.5,42.0,R,,,
corridor_policy,UAM-03,42.0,42.5,R,,,
corridor_policy,UAM-03,42.5,43.0,R,,,
corridor_policy,UAM-03,43.0,43.5,R,,,
corridor_policy,UAM-03,43.5,44.0,R,,,
corridor_policy,UAM-03,44.0,44.5,C,,,
corridor_policy,UAM-03,44.5,45.0,C,,,
corridor_policy,UAM-03,45.0,45.5,C,,,
corridor_policy,UAM-03,45.5,46.0,C,,,
corridor_policy,UAM-03,46.0,46.5,C,,,
corridor_policy,UAM-03,46.5,47.0,C,,,
corridor_policy,UAM-03,47.0,47.5,C,,,
corridor_policy,UAM-03,47.5,48.0,C,,,
corridor_policy,UAM-03,48.0,48.5,C,,,
corridor_policy,UAM-03,48.5,49.0,C,,,
corridor_policy,UAM-03,49.0,49.5,C,,,
corridor_policy,UAM-03,49.5,50.0,C,,,
corridor_policy,UAM-04,0.0,0.5,C,,,
corridor_policy,UAM-04,0.5,1.0,C,,,
corridor_policy,UAM-04,1.0,1.5,C,,,
corridor_policy,UAM-04,1.5,2.0,C,,,
corridor_policy,UAM-04,2.0,2.5,C,,,
corridor_policy,UAM-04,2.5,3.0,C,,,
corridor_policy,UAM-04,3.0,3.5,C,,,
corridor_policy,UAM-04,3.5,4.0,C,,,
corridor_policy,UAM-04,4.0,4.5,C,,,
corridor_policy,UAM-04,4.5,5.0,C,,,
corridor_policy,UAM-04,5.0,5.5,C,,,
corridor_policy,UAM-04,5.5,6.0,C,,,
corridor_policy,UAM-04,6.0,6.5,C,,,
corridor_policy,UAM-04,6.5,7.0,C,,,
corridor_policy,UAM-04,7.0,7.5,C,,,
corridor_policy,UAM-04,7.5,8.0,C,,,
corridor_policy,UAM-04,8.0,8.5,C,,,
corridor_policy,UAM-04,8.5,9.0,C,,,
corridor_policy,UAM-04,9.0,9.5,C,,,
corridor_policy,UAM-04,9.5,10.0,C,,,
corridor_policy,UAM-04,10.0,10.5,C,,,
corridor_policy,UAM-04,10.5,11.0,C,,,
corridor_policy,UAM-04,11.0,11.5,C,,,
corridor_policy,UAM-04,11.5,12.0,C,,,
corridor_policy,UAM-04,12.0,12.5,C,,,
corridor_policy,UAM-04,12.5,13.0,C,,,
corridor_policy,UAM-04,13.0,13.5,C,,,
corridor_policy,UAM-04,13.5,14.0,C,,,
corridor_policy,UAM-04,14.0,14.5,C,,,
corridor_policy,UAM-04,14.5,15.0,C,,,
corridor_policy,UAM-04,15.0,15.5,C,,,
corridor_policy,UAM-04,15.5,16.0,C,,,
corridor_policy,UAM-04,16.0,16.5,C,,,
corridor_policy,UAM-04,16.5,17.0,C,,,
corridor_policy,UAM-04,17.0,17.5,C,,,
corridor_policy,UAM-04,17.5,18.0,C,,,
corridor_policy,UAM-04,18.0,18.5,C,,,
corridor_policy,UAM-04,18.5,19.0,C,,,
corridor_policy,UAM-04,19.0,19.5,C,,,
corridor_policy,UAM-04,19.5,20.0,C,,,
corridor_policy,UAM-04,20.0,20.5,C,,,
corridor_policy,UAM-04,20.5,21.0,C,,,
corridor_policy,UAM-04,21.0,21.5,C,,,
corridor_policy,UAM-04,21.5,22.0,C,,,
corridor_policy,UAM-04,22.0,22.5,C,,,
corridor_policy,UAM-04,22.5,23.0,C,,,
corridor_policy,UAM-04,23.0,23.5,C,,,
corridor_policy,UAM-04,23.5,24.0,C,,,
corridor_policy,UAM-04,24.0,24.5,C,,,
corridor_policy,UAM-04,24.5,25.0,R,,,
corridor_policy,UAM-04,25.0,25.5,R,,,
corridor_policy,UAM-04,25.5,26.0,R,,,
corridor_policy,UAM-04,26.0,26.5,R,,,
corridor_policy,UAM-04,26.5,27.0,R,,,
corridor_policy,UAM-04,27.0,27.5,R,,,
corridor_policy,UAM-04,27.5,28.0,R,,,
corridor_policy,UAM-04,28.0,28.5,R,,,
corridor_policy,UAM-04,28.5,29.0,R,,,
corridor_policy,UAM-04,29.0,29.5,R,,,
corridor_policy,UAM-04,29.5,30.0,R,,,
corridor_policy,UAM-04,30.0,30.5,R,,,
corridor_policy,UAM-04,30.5,31.0,R,,,
corridor_policy,UAM-04,31.0,31.5,R,,,
corridor_policy,UAM-04,31.5,32.0,R,,,
corridor_policy,UAM-04,32.0,32.5,R,,,
corridor_policy,UAM-04,32.5,33.0,R,,,
corridor_policy,UAM-04,33.0,33.5,R,,,
corridor_policy,UAM-04,33.5,34.0,R,,,
corridor_policy,UAM-04,34.0,34.5,R,,,
corridor_policy,UAM-04,34.5,35.0,R,,,
corridor_policy,UAM-04,35.0,35.5,R,,,
corridor_policy,UAM-04,35.5,36.0,R,,,
corridor_policy,UAM-04,36.0,36.5,C,,,
corridor_policy,UAM-04,36.5,37.0,C,,,
corridor_policy,UAM-04,37.0,37.5,R,,,
corridor_policy,UAM-04,37.5,38.0,R,,,
corridor_policy,UAM-04,38.0,38.5,R,,,
corridor_policy,UAM-04,38.5,39.0,R,,,
corridor_policy,UAM-04,39.0,39.5,R,,,
corridor_policy,UAM-04,39.5,40.0,R,,,
corridor_policy,UAM-04,40.0,40.5,R,,,
corridor_policy,UAM-04,40.5,41.0,R,,,
corridor_policy,UAM-04,41.0,41.5,R,,,
corridor_policy,UAM-04,41.5,42.0,R,,,
corridor_policy,UAM-04,42.0,42.5,R,,,
corridor_policy,UAM-04,42.5,43.0,R,,,
corridor_policy,UAM-04,43.0,43.5,R,,,
corridor_policy,UAM-04,43.5,44.0,R,,,
corridor_policy,UAM-04,44.0,44.5,C,,,
corridor_policy,UAM-04,44.5,45.0,C,,,
corridor_policy,UAM-04,45.0,45.5,C,,,
corridor_policy,UAM-04,45.5,46.0,C,,,
corridor_policy,UAM-04,46.0,46.5,C,,,
corridor_policy,UAM-04,46.5,47.0,C,,,
corridor_policy,UAM-04,47.0,47.5,C,,,
corridor_policy,UAM-04,47.5,48.0,C,,,
corridor_policy,UAM-04,48.0,48.5,C,,,
corridor_policy,UAM-04,48.5,49.0,C,,,
corridor_policy,UAM-04,49.0,49.5,C,,,
corridor_policy,UAM-04,49.5,50.0,C,,,
corridor_policy,UAM-05,0.0,0.5,C,,,
corridor_policy,UAM-05,0.5,1.0,C,,,
corridor_policy,UAM-05,1.0,1.5,C,,,
corridor_policy,UAM-05,1.5,2.0,C,,,
corridor_policy,UAM-05,2.0,2.5,C,,,
corridor_policy,UAM-05,2.5,3.0,C,,,
corridor_policy,UAM-05,3.0,3.5,C,,,
corridor_policy,UAM-05,3.5,4.0,C,,,
corridor_policy,UAM-05,4.0,4.5,C,,,
corridor_policy,UAM-05,4.5,5.0,C,,,
corridor_policy,UAM-05,5.0,5.5,C,,,
corridor_policy,UAM-05,5.5,6.0,C,,,
corridor_policy,UAM-05,6.0,6.5,C,,,
corridor_policy,UAM-05,6.5,7.0,C,,,
corridor_policy,UAM-05,7.0,7.5,C,,,
corridor_policy,UAM-05,7.5,8.0,C,,,
corridor_policy,UAM-05,8.0,8.5,C,,,
corridor_policy,UAM-05,8.5,9.0,C,,,
corridor_policy,UAM-05,9.0,9.5,C,,,
corridor_policy,UAM-05,9.5,10.0,C,,,
corridor_policy,UAM-05,10.0,10.5,C,,,
corridor_policy,UAM-05,10.5,11.0,C,,,
corridor_policy,UAM-05,11.0,11.5,C,,,
corridor_policy,UAM-05,11.5,12.0,C,,,
corridor_policy,UAM-05,12.0,12.5,C,,,
corridor_policy,UAM-05,12.5,13.0,C,,,
corridor_policy,UAM-05,13.0,13.5,C,,,
corridor_policy,UAM-05,13.5,14.0,C,,,
corridor_policy,UAM-05,14.0,14.5,C,,,
corridor_policy,UAM-05,14.5,15.0,C,,,
corridor_policy,UAM-05,15.0,15.5,C,,,
corridor_policy,UAM-05,15.5,16.0,C,,,
corridor_policy,UAM-05,16.0,16.5,C,,,
corridor_policy,UAM-05,16.5,17.0,C,,,
corridor_policy,UAM-05,17.0,17.5,C,,,
corridor_policy,UAM-05,17.5,18.0,C,,,
corridor_policy,UAM-05,18.0,18.5,C,,,
corridor_policy,UAM-05,18.5,19.0,C,,,
corridor_policy,UAM-05,19.0,19.5,C,,,
corridor_policy,UAM-05,19.5,20.0,C,,,
corridor_policy,UAM-05,20.0,20.5,C,,,
corridor_policy,UAM-05,20.5,21.0,C,,,
corridor_policy,UAM-05,21.0,21.5,C,,,
corridor_policy,UAM-05,21.5,22.0,C,,,
corridor_policy,UAM-05,22.0,22.5,C,,,
corridor_policy,UAM-05,22.5,23.0,C,,,
corridor_policy,UAM-05,23.0,23.5,C,,,
corridor_policy,UAM-05,23.5,24.0,C,,,
corridor_policy,UAM-05,24.0,24.5,C,,,
corridor_policy,UAM-05,24.5,25.0,R,,,
corridor_policy,UAM-05,25.0,25.5,R,,,
corridor_policy,UAM-05,25.5,26.0,R,,,
corridor_policy,UAM-05,26.0,26.5,R,,,
corridor_policy,UAM-05,26.5,27.0,R,,,
corridor_policy,UAM-05,27.0,27.5,R,,,
corridor_policy,UAM-05,27.5,28.0,R,,,
corridor_policy,UAM-05,28.0,28.5,R,,,
corridor_policy,UAM-05,28.5,29.0,R,,,
corridor_policy,UAM-05,29.0,29.5,R,,,
corridor_policy,UAM-05,29.5,30.0,R,,,
corridor_policy,UAM-05,30.0,30.5,R,,,
corridor_policy,UAM-05,30.5,31.0,R,,,
corridor_policy,UAM-05,31.0,31.5,R,,,
corridor_policy,UAM-05,31.5,32.0,R,,,
corridor_policy,UAM-05,32.0,32.5,R,,,
corridor_policy,UAM-05,32.5,33.0,R,,,
corridor_policy,UAM-05,33.0,33.5,R,,,
corridor_policy,UAM-05,33.5,34.0,R,,,
corridor_policy,UAM-05,34.0,34.5,R,,,
corridor_policy,UAM-05,34.5,35.0,R,,,
corridor_policy,UAM-05,35.0,35.5,R,,,
corridor_policy,UAM-05,35.5,36.0,R,,,
corridor_policy,UAM-05,36.0,36.5,C,,,
corridor_policy,UAM-05,36.5,37.0,C,,,
corridor_policy,UAM-05,37.0,37.5,R,,,
corridor_policy,UAM-05,37.5,38.0,R,,,
corridor_policy,UAM-05,38.0,38.5,R,,,
corridor_policy,UAM-05,38.5,39.0,R,,,
corridor_policy,UAM-05,39.0,39.5,R,,,
corridor_policy,UAM-05,39.5,40.0,R,,,
corridor_policy,UAM-05,40.0,40.5,R,,,
corridor_policy,UAM-05,40.5,41.0,R,,,
corridor_policy,UAM-05,41.0,41.5,R,,,
corridor_policy,UAM-05,41.5,42.0,R,,,
corridor_policy,UAM-05,42.0,42.5,R,,,
corridor_policy,UAM-05,42.5,43.0,R,,,
corridor_policy,UAM-05,43.0,43.5,R,,,
corridor_policy,UAM-05,43.5,44.0,R,,,
corridor_policy,UAM-05,44.0,44.5,R,,,
corridor_policy,UAM-05,44.5,45.0,C,,,
corridor_policy,UAM-05,45.0,45.5,C,,,
corridor_policy,UAM-05,45.5,46.0,C,,,
corridor_policy,UAM-05,46.0,46.5,C,,,
corridor_policy,UAM-05,46.5,47.0,C,,,
corridor_policy,UAM-05,47.0,47.5,C,,,
corridor_policy,UAM-05,47.5,48.0,C,,,
corridor_policy,UAM-05,48.0,48.5,C,,,
corridor_policy,UAM-05,48.5,49.0,C,,,
corridor_policy,UAM-05,49.0,49.5,C,,,
corridor_policy,UAM-05,49.5,50.0,C,,,
corridor_policy,UAM-06,0.0,0.5,C,,,
corridor_policy,UAM-06,0.5,1.0,C,,,
corridor_policy,UAM-06,1.0,1.5,C,,,
corridor_policy,UAM-06,1.5,2.0,C,,,
corridor_policy,UAM-06,2.0,2.5,C,,,
corridor_policy,UAM-06,2.5,3.0,C,,,
corridor_policy,UAM-06,3.0,3.5,C,,,
corridor_policy,UAM-06,3.5,4.0,C,,,
corridor_policy,UAM-06,4.0,4.5,C,,,
corridor_policy,UAM-06,4.5,5.0,C,,,
corridor_policy,UAM-06,5.0,5.5,C,,,
corridor_policy,UAM-06,5.5,6.0,C,,,
corridor_policy,UAM-06,6.0,6.5,C,,,
corridor_policy,UAM-06,6.5,7.0,C,,,
corridor_policy,UAM-06,7.0,7.5,C,,,
corridor_policy,UAM-06,7.5,8.0,C,,,
corridor_policy,UAM-06,8.0,8.5,C,,,
corridor_policy,UAM-06,8.5,9.0,C,,,
corridor_policy,UAM-06,9.0,9.5,C,,,
corridor_policy,UAM-06,9.5,10.0,C,,,
corridor_policy,UAM-06,10.0,10.5,C,,,
corridor_policy,UAM-06,10.5,11.0,C,,,
corridor_policy,UAM-06,11.0,11.5,C,,,
corridor_policy,UAM-06,11.5,12.0,C,,,
corridor_policy,UAM-06,12.0,12.5,C,,,
corridor_policy,UAM-06,12.5,13.0,C,,,
corridor_policy,UAM-06,13.0,13.5,C,,,
corridor_policy,UAM-06,13.5,14.0,C,,,
corridor_policy,UAM-06,14.0,14.5,C,,,
corridor_policy,UAM-06,14.5,15.0,C,,,
corridor_policy,UAM-06,15.0,15.5,C,,,
corridor_policy,UAM-06,15.5,16.0,C,,,
corridor_policy,UAM-06,16.0,16.5,C,,,
corridor_policy,UAM-06,16.5,17.0,C,,,
corridor_policy,UAM-06,17.0,17.5,C,,,
corridor_policy,UAM-06,17.5,18.0,C,,,
corridor_policy,UAM-06,18.0,18.5,C,,,
corridor_policy,UAM-06,18.5,19.0,C,,,
corridor_policy,UAM-06,19.0,19.5,C,,,
corridor_policy,UAM-06,19.5,20.0,C,,,
corridor_policy,UAM-06,20.0,20.5,C,,,
corridor_policy,UAM-06,20.5,21.0,C,,,
corridor_policy,UAM-06,21.0,21.5,C,,,
corridor_policy,UAM-06,21.5,22.0,C,,,
corridor_policy,UAM-06,22.0,22.5,C,,,
corridor_policy,UAM-06,22.5,23.0,C,,,
corridor_policy,UAM-06,23.0,23.5,C,,,
corridor_policy,UAM-06,23.5,24.0,C,,,
corridor_policy,UAM-06,24.0,24.5,C,,,
corridor_policy,UAM-06,24.5,25.0,C,,,
corridor_policy,UAM-06,25.0,25.5,R,,,
corridor_policy,UAM-06,25.5,26.0,R,,,
corridor_policy,UAM-06,26.0,26.5,R,,,
corridor_policy,UAM-06,26.5,27.0,R,,,
corridor_policy,UAM-06,27.0,27.5,R,,,
corridor_policy,UAM-06,27.5,28.0,R,,,
corridor_policy,UAM-06,28.0,28.5,R,,,
corridor_policy,UAM-06,28.5,29.0,R,,,
corridor_policy,UAM-06,29.0,29.5,R,,,
corridor_policy,UAM-06,29.5,30.0,R,,,
corridor_policy,UAM-06,30.0,30.5,R,,,
corridor_policy,UAM-06,30.5,31.0,R,,,
corridor_policy,UAM-06,31.0,31.5,R,,,
corridor_policy,UAM-06,31.5,32.0,R,,,
corridor_policy,UAM-06,32.0,32.5,R,,,
corridor_policy,UAM-06,32.5,33.0,R,,,
corridor_policy,UAM-06,33.0,33.5,R,,,
corridor_policy,UAM-06,33.5,34.0,R,,,
corridor_policy,UAM-06,34.0,34.5,R,,,
corridor_policy,UAM-06,34.5,35.0,R,,,
corridor_policy,UAM-06,35.0,35.5,R,,,
corridor_policy,UAM-06,35.5,36.0,R,,,
corridor_policy,UAM-06,36.0,36.5,C,,,
corridor_policy,UAM-06,36.5,37.0,C,,,
corridor_policy,UAM-06,37.0,37.5,R,,,
corridor_policy,UAM-06,37.5,38.0,R,,,
corridor_policy,UAM-06,38.0,38.5,R,,,
corridor_policy,UAM-06,38.5,39.0,R,,,
corridor_policy,UAM-06,39.0,39.5,R,,,
corridor_policy,UAM-06,39.5,40.0,R,,,
corridor_policy,UAM-06,40.0,40.5,R,,,
corridor_policy,UAM-06,40.5,41.0,R,,,
corridor_policy,UAM-06,41.0,41.5,R,,,
corridor_policy,UAM-06,41.5,42.0,R,,,
corridor_policy,UAM-06,42.0,42.5,R,,,
corridor_policy,UAM-06,42.5,43.0,R,,,
corridor_policy,UAM-06,43.0,43.5,R,,,
corridor_policy,UAM-06,43.5,44.0,R,,,
corridor_policy,UAM-06,44.0,44.5,R,,,
corridor_policy,UAM-06,44.5,45.0,R,,,
corridor_policy,UAM-06,45.0,45.5,C,,,
corridor_policy,UAM-06,45.5,46.0,C,,,
corridor_policy,UAM-06,46.0,46.5,C,,,
corridor_policy,UAM-06,46.5,47.0,C,,,
corridor_policy,UAM-06,47.0,47.5,C,,,
corridor_policy,UAM-06,47.5,48.0,C,,,
corridor_policy,UAM-06,48.0,48.5,C,,,
corridor_policy,UAM-06,48.5,49.0,C,,,
corridor_policy,UAM-06,49.0,49.5,C,,,
corridor_policy,UAM-06,49.5,50.0,C,,,
corridor_policy,UAM-07,0.0,0.5,C,,,
corridor_policy,UAM-07,0.5,1.0,C,,,
corridor_policy,UAM-07,1.0,1.5,C,,,
corridor_policy,UAM-07,1.5,2.0,C,,,
corridor_policy,UAM-07,2.0,2.5,C,,,
corridor_policy,UAM-07,2.5,3.0,C,,,
corridor_policy,UAM-07,3.0,3.5,C,,,
corridor_policy,UAM-07,3.5,4.0,C,,,
corridor_policy,UAM-07,4.0,4.5,C,,,
corridor_policy,UAM-07,4.5,5.0,C,,,
corridor_policy,UAM-07,5.0,5.5,C,,,
corridor_policy,UAM-07,5.5,6.0,C,,,
corridor_policy,UAM-07,6.0,6.5,C,,,
corridor_policy,UAM-07,6.5,7.0,C,,,
corridor_policy,UAM-07,7.0,7.5,C,,,
corridor_policy,UAM-07,7.5,8.0,C,,,
corridor_policy,UAM-07,8.0,8.5,C,,,
corridor_policy,UAM-07,8.5,9.0,C,,,
corridor_policy,UAM-07,9.0,9.5,C,,,
corridor_policy,UAM-07,9.5,10.0,C,,,
corridor_policy,UAM-07,10.0,10.5,C,,,
corridor_policy,UAM-07,10.5,11.0,C,,,
corridor_policy,UAM-07,11.0,11.5,C,,,
corridor_policy,UAM-07,11.5,12.0,C,,,
corridor_policy,UAM-07,12.0,12.5,C,,,
corridor_policy,UAM-07,12.5,13.0,C,,,
corridor_policy,UAM-07,13.0,13.5,C,,,
corridor_policy,UAM-07,13.5,14.0,C,,,
corridor_policy,UAM-07,14.0,14.5,C,,,
corridor_policy,UAM-07,14.5,15.0,C,,,
corridor_policy,UAM-07,15.0,15.5,C,,,
corridor_policy,UAM-07,15.5,16.0,C,,,
corridor_policy,UAM-07,16.0,16.5,C,,,
corridor_policy,UAM-07,16.5,17.0,C,,,
corridor_policy,UAM-07,17.0,17.5,C,,,
corridor_policy,UAM-07,17.5,18.0,C,,,
corridor_policy,UAM-07,18.0,18.5,C,,,
corridor_policy,UAM-07,18.5,19.0,C,,,
corridor_policy,UAM-07,19.0,19.5,C,,,
corridor_policy,UAM-07,19.5,20.0,C,,,
corridor_policy,UAM-07,20.0,20.5,C,,,
corridor_policy,UAM-07,20.5,21.0,C,,,
corridor_policy,UAM-07,21.0,21.5,C,,,
corridor_policy,UAM-07,21.5,22.0,C,,,
corridor_policy,UAM-07,22.0,22.5,C,,,
corridor_policy,UAM-07,22.5,23.0,C,,,
corridor_policy,UAM-07,23.0,23.5,C,,,
corridor_policy,UAM-07,23.5,24.0,C,,,
corridor_policy,UAM-07,24.0,24.5,C,,,
corridor_policy,UAM-07,24.5,25.0,C,,,
corridor_policy,UAM-07,25.0,25.5,R,,,
corridor_policy,UAM-07,25.5,26.0,R,,,
corridor_policy,UAM-07,26.0,26.5,R,,,
corridor_policy,UAM-07,26.5,27.0,R,,,
corridor_policy,UAM-07,27.0,27.5,R,,,
corridor_policy,UAM-07,27.5,28.0,R,,,
corridor_policy,UAM-07,28.0,28.5,R,,,
corridor_policy,UAM-07,28.5,29.0,R,,,
corridor_policy,UAM-07,29.0,29.5,R,,,
corridor_policy,UAM-07,29.5,30.0,R,,,
corridor_policy,UAM-07,30.0,30.5,R,,,
corridor_policy,UAM-07,30.5,31.0,R,,,
corridor_policy,UAM-07,31.0,31.5,R,,,
corridor_policy,UAM-07,31.5,32.0,R,,,
corridor_policy,UAM-07,32.0,32.5,R,,,
corridor_policy,UAM-07,32.5,33.0,R,,,
corridor_policy,UAM-07,33.0,33.5,R,,,
corridor_policy,UAM-07,33.5,34.0,R,,,
corridor_policy,UAM-07,34.0,34.5,R,,,
corridor_policy,UAM-07,34.5,35.0,R,,,
corridor_policy,UAM-07,35.0,35.5,R,,,
corridor_policy,UAM-07,35.5,36.0,R,,,
corridor_policy,UAM-07,36.0,36.5,C,,,
corridor_policy,UAM-07,36.5,37.0,C,,,
corridor_policy,UAM-07,37.0,37.5,R,,,
corridor_policy,UAM-07,37.5,38.0,R,,,
corridor_policy,UAM-07,38.0,38.5,R,,,
corridor_policy,UAM-07,38.5,39.0,R,,,
corridor_policy,UAM-07,39.0,39.5,R,,,
corridor_policy,UAM-07,39.5,40.0,R,,,
corridor_policy,UAM-07,40.0,40.5,R,,,
corridor_policy,UAM-07,40.5,41.0,R,,,
corridor_policy,UAM-07,41.0,41.5,R,,,
corridor_policy,UAM-07,41.5,42.0,R,,,
corridor_policy,UAM-07,42.0,42.5,R,,,
corridor_policy,UAM-07,42.5,43.0,R,,,
corridor_policy,UAM-07,43.0,43.5,R,,,
corridor_policy,UAM-07,43.5,44.0,R,,,
corridor_policy,UAM-07,44.0,44.5,R,,,
corridor_policy,UAM-07,44.5,45.0,R,,,
corridor_policy,UAM-07,45.0,45.5,C,,,
corridor_policy,UAM-07,45.5,46.0,C,,,
corridor_policy,UAM-07,46.0,46.5,C,,,
corridor_policy,UAM-07,46.5,47.0,C,,,
corridor_policy,UAM-07,47.0,47.5,C,,,
corridor_policy,UAM-07,47.5,48.0,C,,,
corridor_policy,UAM-07,48.0,48.5,C,,,
corridor_policy,UAM-07,48.5,49.0,C,,,
corridor_policy,UAM-07,49.0,49.5,C,,,
corridor_policy,UAM-07,49.5,50.0,C,,,
corridor_policy,UAM-08,0.0,0.5,C,,,
corridor_policy,UAM-08,0.5,1.0,C,,,
corridor_policy,UAM-08,1.0,1.5,C,,,
corridor_policy,UAM-08,1.5,2.0,C,,,
corridor_policy,UAM-08,2.0,2.5,C,,,
corridor_policy,UAM-08,2.5,3.0,C,,,
corridor_policy,UAM-08,3.0,3.5,C,,,
corridor_policy,UAM-08,3.5,4.0,C,,,
corridor_policy,UAM-08,4.0,4.5,C,,,
corridor_policy,UAM-08,4.5,5.0,C,,,
corridor_policy,UAM-08,5.0,5.5,C,,,
corridor_policy,UAM-08,5.5,6.0,C,,,
corridor_policy,UAM-08,6.0,6.5,C,,,
corridor_policy,UAM-08,6.5,7.0,C,,,
corridor_policy,UAM-08,7.0,7.5,C,,,
corridor_policy,UAM-08,7.5,8.0,C,,,
corridor_policy,UAM-08,8.0,8.5,C,,,
corridor_policy,UAM-08,8.5,9.0,C,,,
corridor_policy,UAM-08,9.0,9.5,C,,,
corridor_policy,UAM-08,9.5,10.0,C,,,
corridor_policy,UAM-08,10.0,10.5,C,,,
corridor_policy,UAM-08,10.5,11.0,C,,,
corridor_policy,UAM-08,11.0,11.5,C,,,
corridor_policy,UAM-08,11.5,12.0,C,,,
corridor_policy,UAM-08,12.0,12.5,C,,,
corridor_policy,UAM-08,12.5,13.0,R,,,
corridor_policy,UAM-08,13.0,13.5,R,,,
corridor_policy,UAM-08,13.5,14.0,C,,,
corridor_policy,UAM-08,14.0,14.5,C,,,
corridor_policy,UAM-08,14.5,15.0,C,,,
corridor_policy,UAM-08,15.0,15.5,C,,,
corridor_policy,UAM-08,15.5,16.0,C,,,
corridor_policy,UAM-08,16.0,16.5,C,,,
corridor_policy,UAM-08,16.5,17.0,C,,,
corridor_policy,UAM-08,17.0,17.5,C,,,
corridor_policy,UAM-08,17.5,18.0,C,,,
corridor_policy,UAM-08,18.0,18.5,C,,,
corridor_policy,UAM-08,18.5,19.0,C,,,
corridor_policy,UAM-08,19.0,19.5,C,,,
corridor_policy,UAM-08,19.5,20.0,C,,,
corridor_policy,UAM-08,20.0,20.5,C,,,
corridor_policy,UAM-08,20.5,21.0,C,,,
corridor_policy,UAM-08,21.0,21.5,C,,,
corridor_policy,UAM-08,21.5,22.0,C,,,
corridor_policy,UAM-08,22.0,22.5,C,,,
corridor_policy,UAM-08,22.5,23.0,C,,,
corridor_policy,UAM-08,23.0,23.5,C,,,
corridor_policy,UAM-08,23.5,24.0,C,,,
corridor_policy,UAM-08,24.0,24.5,C,,,
corridor_policy,UAM-08,24.5,25.0,C,,,
corridor_policy,UAM-08,25.0,25.5,R,,,
corridor_policy,UAM-08,25.5,26.0,R,,,
corridor_policy,UAM-08,26.0,26.5,R,,,
corridor_policy,UAM-08,26.5,27.0,F,,,
corridor_policy,UAM-08,27.0,27.5,R,,,
corridor_policy,UAM-08,27.5,28.0,R,,,
corridor_policy,UAM-08,28.0,28.5,R,,,
corridor_policy,UAM-08,28.5,29.0,R,,,
corridor_policy,UAM-08,29.0,29.5,R,,,
corridor_policy,UAM-08,29.5,30.0,R,,,
corridor_policy,UAM-08,30.0,30.5,R,,,
corridor_policy,UAM-08,30.5,31.0,R,,,
corridor_policy,UAM-08,31.0,31.5,R,,,
corridor_policy,UAM-08,31.5,32.0,R,,,
corridor_policy,UAM-08,32.0,32.5,R,,,
corridor_policy,UAM-08,32.5,33.0,R,,,
corridor_policy,UAM-08,33.0,33.5,R,,,
corridor_policy,UAM-08,33.5,34.0,R,,,
corridor_policy,UAM-08,34.0,34.5,R,,,
corridor_policy,UAM-08,34.5,35.0,R,,,
corridor_policy,UAM-08,35.0,35.5,R,,,
corridor_policy,UAM-08,35.5,36.0,R,,,
corridor_policy,UAM-08,36.0,36.5,C,,,
corridor_policy,UAM-08,36.5,37.0,C,,,
corridor_policy,UAM-08,37.0,37.5,R,,,
corridor_policy,UAM-08,37.5,38.0,R,,,
corridor_policy,UAM-08,38.0,38.5,R,,,
corridor_policy,UAM-08,38.5,39.0,R,,,
corridor_policy,UAM-08,39.0,39.5,R,,,
corridor_policy,UAM-08,39.5,40.0,R,,,
corridor_policy,UAM-08,40.0,40.5,R,,,
corridor_policy,UAM-08,40.5,41.0,R,,,
corridor_policy,UAM-08,41.0,41.5,R,,,
corridor_policy,UAM-08,41.5,42.0,R,,,
corridor_policy,UAM-08,42.0,42.5,R,,,
corridor_policy,UAM-08,42.5,43.0,R,,,
corridor_policy,UAM-08,43.0,43.5,R,,,
corridor_policy,UAM-08,43.5,44.0,R,,,
corridor_policy,UAM-08,44.0,44.5,R,,,
corridor_policy,UAM-08,44.5,45.0,R,,,
corridor_policy,UAM-08,45.0,45.5,C,,,
corridor_policy,UAM-08,45.5,46.0,C,,,
corridor_policy,UAM-08,46.0,46.5,C,,,
corridor_policy,UAM-08,46.5,47.0,C,,,
corridor_policy,UAM-08,47.0,47.5,C,,,
corridor_policy,UAM-08,47.5,48.0,C,,,
corridor_policy,UAM-08,48.0,48.5,C,,,
corridor_policy,UAM-08,48.5,49.0,C,,,
corridor_policy,UAM-08,49.0,49.5,C,,,
corridor_policy,UAM-08,49.5,50.0,C,,,
corridor_policy,UAM-09,0.0,0.5,C,,,
corridor_policy,UAM-09,0.5,1.0,C,,,
corridor_policy,UAM-09,1.0,1.5,C,,,
corridor_policy,UAM-09,1.5,2.0,C,,,
corridor_policy,UAM-09,2.0,2.5,C,,,
corridor_policy,UAM-09,2.5,3.0,C,,,
corridor_policy,UAM-09,3.0,3.5,C,,,
corridor_policy,UAM-09,3.5,4.0,C,,,
corridor_policy,UAM-09,4.0,4.5,C,,,
corridor_policy,UAM-09,4.5,5.0,C,,,
corridor_policy,UAM-09,5.0,5.5,C,,,
corridor_policy,UAM-09,5.5,6.0,C,,,
corridor_policy,UAM-09,6.0,6.5,C,,,
corridor_policy,UAM-09,6.5,7.0,C,,,
corridor_policy,UAM-09,7.0,7.5,C,,,
corridor_policy,UAM-09,7.5,8.0,C,,,
corridor_policy,UAM-09,8.0,8.5,C,,,
corridor_policy,UAM-09,8.5,9.0,C,,,
corridor_policy,UAM-09,9.0,9.5,C,,,
corridor_policy,UAM-09,9.5,10.0,C,,,
corridor_policy,UAM-09,10.0,10.5,C,,,
corridor_policy,UAM-09,10.5,11.0,C,,,
corridor_policy,UAM-09,11.0,11.5,R,,,
corridor_policy,UAM-09,11.5,12.0,R,,,
corridor_policy,UAM-09,12.0,12.5,R,,,
corridor_policy,UAM-09,12.5,13.0,R,,,
corridor_policy,UAM-09,13.0,13.5,R,,,
corridor_policy,UAM-09,13.5,14.0,C,,,
corridor_policy,UAM-09,14.0,14.5,C,,,
corridor_policy,UAM-09,14.5,15.0,C,,,
corridor_policy,UAM-09,15.0,15.5,C,,,
corridor_policy,UAM-09,15.5,16.0,C,,,
corridor_policy,UAM-09,16.0,16.5,C,,,
corridor_policy,UAM-09,16.5,17.0,C,,,
corridor_policy,UAM-09,17.0,17.5,C,,,
corridor_policy,UAM-09,17.5,18.0,C,,,
corridor_policy,UAM-09,18.0,18.5,C,,,
corridor_policy,UAM-09,18.5,19.0,C,,,
corridor_policy,UAM-09,19.0,19.5,C,,,
corridor_policy,UAM-09,19.5,20.0,C,,,
corridor_policy,UAM-09,20.0,20.5,C,,,
corridor_policy,UAM-09,20.5,21.0,C,,,
corridor_policy,UAM-09,21.0,21.5,C,,,
corridor_policy,UAM-09,21.5,22.0,C,,,
corridor_policy,UAM-09,22.0,22.5,C,,,
corridor_policy,UAM-09,22.5,23.0,C,,,
corridor_policy,UAM-09,23.0,23.5,C,,,
corridor_policy,UAM-09,23.5,24.0,C,,,
corridor_policy,UAM-09,24.0,24.5,C,,,
corridor_policy,UAM-09,24.5,25.0,R,,,
corridor_policy,UAM-09,25.0,25.5,R,,,
corridor_policy,UAM-09,25.5,26.0,R,,,
corridor_policy,UAM-09,26.0,26.5,R,,,
corridor_policy,UAM-09,26.5,27.0,F,,,
corridor_policy,UAM-09,27.0,27.5,R,,,
corridor_policy,UAM-09,27.5,28.0,R,,,
corridor_policy,UAM-09,28.0,28.5,R,,,
corridor_policy,UAM-09,28.5,29.0,R,,,
corridor_policy,UAM-09,29.0,29.5,R,,,
corridor_policy,UAM-09,29.5,30.0,R,,,
corridor_policy,UAM-09,30.0,30.5,R,,,
corridor_policy,UAM-09,30.5,31.0,R,,,
corridor_policy,UAM-09,31.0,31.5,R,,,
corridor_policy,UAM-09,31.5,32.0,R,,,
corridor_policy,UAM-09,32.0,32.5,R,,,
corridor_policy,UAM-09,32.5,33.0,R,,,
corridor_policy,UAM-09,33.0,33.5,R,,,
corridor_policy,UAM-09,33.5,34.0,R,,,
corridor_policy,UAM-09,34.0,34.5,R,,,
corridor_policy,UAM-09,34.5,35.0,R,,,
corridor_policy,UAM-09,35.0,35.5,R,,,
corridor_policy,UAM-09,35.5,36.0,R,,,
corridor_policy,UAM-09,36.0,36.5,R,,,
corridor_policy,UAM-09,36.5,37.0,R,,,
corridor_policy,UAM-09,37.0,37.5,R,,,
corridor_policy,UAM-09,37.5,38.0,R,,,
corridor_policy,UAM-09,38.0,38.5,R,,,
corridor_policy,UAM-09,38.5,39.0,R,,,
corridor_policy,UAM-09,39.0,39.5,R,,,
corridor_policy,UAM-09,39.5,40.0,R,,,
corridor_policy,UAM-09,40.0,40.5,R,,,
corridor_policy,UAM-09,40.5,41.0,R,,,
corridor_policy,UAM-09,41.0,41.5,R,,,
corridor_policy,UAM-09,41.5,42.0,R,,,
corridor_policy,UAM-09,42.0,42.5,R,,,
corridor_policy,UAM-09,42.5,43.0,R,,,
corridor_policy,UAM-09,43.0,43.5,R,,,
corridor_policy,UAM-09,43.5,44.0,R,,,
corridor_policy,UAM-09,44.0,44.5,R,,,
corridor_policy,UAM-09,44.5,45.0,R,,,
corridor_policy,UAM-09,45.0,45.5,C,,,
corridor_policy,UAM-09,45.5,46.0,C,,,
corridor_policy,UAM-09,46.0,46.5,R,,,
corridor_policy,UAM-09,46.5,47.0,R,,,
corridor_policy,UAM-09,47.0,47.5,C,,,
corridor_policy,UAM-09,47.5,48.0,C,,,
corridor_policy,UAM-09,48.0,48.5,C,,,
corridor_policy,UAM-09,48.5,49.0,C,,,
corridor_policy,UAM-09,49.0,49.5,C,,,
corridor_policy,UAM-09,49.5,50.0,C,,,
corridor_policy,UAM-10,0.0,0.5,C,,,
corridor_policy,UAM-10,0.5,1.0,C,,,
corridor_policy,UAM-10,1.0,1.5,C,,,
corridor_policy,UAM-10,1.5,2.0,C,,,
corridor_policy,UAM-10,2.0,2.5,C,,,
corridor_policy,UAM-10,2.5,3.0,C,,,
corridor_policy,UAM-10,3.0,3.5,C,,,
corridor_policy,UAM-10,3.5,4.0,C,,,
corridor_policy,UAM-10,4.0,4.5,C,,,
corridor_policy,UAM-10,4.5,5.0,C,,,
corridor_policy,UAM-10,5.0,5.5,C,,,
corridor_policy,UAM-10,5.5,6.0,C,,,
corridor_policy,UAM-10,6.0,6.5,C,,,
corridor_policy,UAM-10,6.5,7.0,C,,,
corridor_policy,UAM-10,7.0,7.5,C,,,
corridor_policy,UAM-10,7.5,8.0,C,,,
corridor_policy,UAM-10,8.0,8.5,C,,,
corridor_policy,UAM-10,8.5,9.0,C,,,
corridor_policy,UAM-10,9.0,9.5,C,,,
corridor_policy,UAM-10,9.5,10.0,R,,,
corridor_policy,UAM-10,10.0,10.5,R,,,
corridor_policy,UAM-10,10.5,11.0,R,,,
corridor_policy,UAM-10,11.0,11.5,R,,,
corridor_policy,UAM-10,11.5,12.0,C,,,
corridor_policy,UAM-10,12.0,12.5,C,,,
corridor_policy,UAM-10,12.5,13.0,C,,,
corridor_policy,UAM-10,13.0,13.5,C,,,
corridor_policy,UAM-10,13.5,14.0,C,,,
corridor_policy,UAM-10,14.0,14.5,C,,,
corridor_policy,UAM-10,14.5,15.0,C,,,
corridor_policy,UAM-10,15.0,15.5,C,,,
corridor_policy,UAM-10,15.5,16.0,C,,,
corridor_policy,UAM-10,16.0,16.5,C,,,
corridor_policy,UAM-10,16.5,17.0,C,,,
corridor_policy,UAM-10,17.0,17.5,C,,,
corridor_policy,UAM-10,17.5,18.0,C,,,
corridor_policy,UAM-10,18.0,18.5,C,,,
corridor_policy,UAM-10,18.5,19.0,C,,,
corridor_policy,UAM-10,19.0,19.5,C,,,
corridor_policy,UAM-10,19.5,20.0,C,,,
corridor_policy,UAM-10,20.0,20.5,C,,,
corridor_policy,UAM-10,20.5,21.0,C,,,
corridor_policy,UAM-10,21.0,21.5,C,,,
corridor_policy,UAM-10,21.5,22.0,C,,,
corridor_policy,UAM-10,22.0,22.5,C,,,
corridor_policy,UAM-10,22.5,23.0,C,,,
corridor_policy,UAM-10,23.0,23.5,C,,,
corridor_policy,UAM-10,23.5,24.0,C,,,
corridor_policy,UAM-10,24.0,24.5,R,,,
corridor_policy,UAM-10,24.5,25.0,R,,,
corridor_policy,UAM-10,25.0,25.5,R,,,
corridor_policy,UAM-10,25.5,26.0,R,,,
corridor_policy,UAM-10,26.0,26.5,R,,,
corridor_policy,UAM-10,26.5,27.0,R,,,
corridor_policy,UAM-10,27.0,27.5,R,,,
corridor_policy,UAM-10,27.5,28.0,R,,,
corridor_policy,UAM-10,28.0,28.5,R,,,
corridor_policy,UAM-10,28.5,29.0,R,,,
corridor_policy,UAM-10,29.0,29.5,R,,,
corridor_policy,UAM-10,29.5,30.0,R,,,
corridor_policy,UAM-10,30.0,30.5,R,,,
corridor_policy,UAM-10,30.5,31.0,R,,,
corridor_policy,UAM-10,31.0,31.5,R,,,
corridor_policy,UAM-10,31.5,32.0,R,,,
corridor_policy,UAM-10,32.0,32.5,R,,,
corridor_policy,UAM-10,32.5,33.0,R,,,
corridor_policy,UAM-10,33.0,33.5,R,,,
corridor_policy,UAM-10,33.5,34.0,R,,,
corridor_policy,UAM-10,34.0,34.5,R,,,
corridor_policy,UAM-10,34.5,35.0,R,,,
corridor_policy,UAM-10,35.0,35.5,R,,,
corridor_policy,UAM-10,35.5,36.0,R,,,
corridor_policy,UAM-10,36.0,36.5,R,,,
corridor_policy,UAM-10,36.5,37.0,R,,,
corridor_policy,UAM-10,37.0,37.5,R,,,
corridor_policy,UAM-10,37.5,38.0,R,,,
corridor_policy,UAM-10,38.0,38.5,R,,,
corridor_policy,UAM-10,38.5,39.0,R,,,
corridor_policy,UAM-10,39.0,39.5,R,,,
corridor_policy,UAM-10,39.5,40.0,R,,,
corridor_policy,UAM-10,40.0,40.5,R,,,
corridor_policy,UAM-10,40.5,41.0,R,,,
corridor_policy,UAM-10,41.0,41.5,R,,,
corridor_policy,UAM-10,41.5,42.0,R,,,
corridor_policy,UAM-10,42.0,42.5,R,,,
corridor_policy,UAM-10,42.5,43.0,R,,,
corridor_policy,UAM-10,43.0,43.5,R,,,
corridor_policy,UAM-10,43.5,44.0,R,,,
corridor_policy,UAM-10,44.0,44.5,R,,,
corridor_policy,UAM-10,44.5,45.0,R,,,
corridor_policy,UAM-10,45.0,45.5,C,,,
corridor_policy,UAM-10,45.5,46.0,C,,,
corridor_policy,UAM-10,46.0,46.5,R,,,
corridor_policy,UAM-10,46.5,47.0,R,,,
corridor_policy,UAM-10,47.0,47.5,C,,,
corridor_policy,UAM-10,47.5,48.0,C,,,
corridor_policy,UAM-10,48.0,48.5,C,,,
corridor_policy,UAM-10,48.5,49.0,C,,,
corridor_policy,UAM-10,49.0,49.5,C,,,
corridor_policy,UAM-10,49.5,50.0,C,,,
corridor_policy,UAM-11,0.0,0.5,C,,,
corridor_policy,UAM-11,0.5,1.0,C,,,
corridor_policy,UAM-11,1.0,1.5,C,,,
corridor_policy,UAM-11,1.5,2.0,C,,,
corridor_policy,UAM-11,2.0,2.5,C,,,
corridor_policy,UAM-11,2.5,3.0,C,,,
corridor_policy,UAM-11,3.0,3.5,C,,,
corridor_policy,UAM-11,3.5,4.0,C,,,
corridor_policy,UAM-11,4.0,4.5,C,,,
corridor_policy,UAM-11,4.5,5.0,C,,,
corridor_policy,UAM-11,5.0,5.5,C,,,
corridor_policy,UAM-11,5.5,6.0,C,,,
corridor_policy,UAM-11,6.0,6.5,C,,,
corridor_policy,UAM-11,6.5,7.0,C,,,
corridor_policy,UAM-11,7.0,7.5,C,,,
corridor_policy,UAM-11,7.5,8.0,C,,,
corridor_policy,UAM-11,8.0,8.5,C,,,
corridor_policy,UAM-11,8.5,9.0,C,,,
corridor_policy,UAM-11,9.0,9.5,R,,,
corridor_policy,UAM-11,9.5,10.0,R,,,
corridor_policy,UAM-11,10.0,10.5,C,,,
corridor_policy,UAM-11,10.5,11.0,C,,,
corridor_policy,UAM-11,11.0,11.5,C,,,
corridor_policy,UAM-11,11.5,12.0,C,,,
corridor_policy,UAM-11,12.0,12.5,C,,,
corridor_policy,UAM-11,12.5,13.0,C,,,
corridor_policy,UAM-11,13.0,13.5,C,,,
corridor_policy,UAM-11,13.5,14.0,C,,,
corridor_policy,UAM-11,14.0,14.5,C,,,
corridor_policy,UAM-11,14.5,15.0,C,,,
corridor_policy,UAM-11,15.0,15.5,C,,,
corridor_policy,UAM-11,15.5,16.0,C,,,
corridor_policy,UAM-11,16.0,16.5,C,,,
corridor_policy,UAM-11,16.5,17.0,C,,,
corridor_policy,UAM-11,17.0,17.5,C,,,
corridor_policy,UAM-11,17.5,18.0,C,,,
corridor_policy,UAM-11,18.0,18.5,C,,,
corridor_policy,UAM-11,18.5,19.0,C,,,
corridor_policy,UAM-11,19.0,19.5,C,,,
corridor_policy,UAM-11,19.5,20.0,C,,,
corridor_policy,UAM-11,20.0,20.5,C,,,
corridor_policy,UAM-11,20.5,21.0,C,,,
corridor_policy,UAM-11,21.0,21.5,C,,,
corridor_policy,UAM-11,21.5,22.0,C,,,
corridor_policy,UAM-11,22.0,22.5,C,,,
corridor_policy,UAM-11,22.5,23.0,C,,,
corridor_policy,UAM-11,23.0,23.5,C,,,
corridor_policy,UAM-11,23.5,24.0,C,,,
corridor_policy,UAM-11,24.0,24.5,C,,,
corridor_policy,UAM-11,24.5,25.0,C,,,
corridor_policy,UAM-11,25.0,25.5,R,,,
corridor_policy,UAM-11,25.5,26.0,R,,,
corridor_policy,UAM-11,26.0,26.5,R,,,
corridor_policy,UAM-11,26.5,27.0,R,,,
corridor_policy,UAM-11,27.0,27.5,R,,,
corridor_policy,UAM-11,27.5,28.0,R,,,
corridor_policy,UAM-11,28.0,28.5,R,,,
corridor_policy,UAM-11,28.5,29.0,R,,,
corridor_policy,UAM-11,29.0,29.5,R,,,
corridor_policy,UAM-11,29.5,30.0,R,,,
corridor_policy,UAM-11,30.0,30.5,R,,,
corridor_policy,UAM-11,30.5,31.0,R,,,
corridor_policy,UAM-11,31.0,31.5,R,,,
corridor_policy,UAM-11,31.5,32.0,R,,,
corridor_policy,UAM-11,32.0,32.5,R,,,
corridor_policy,UAM-11,32.5,33.0,R,,,
corridor_policy,UAM-11,33.0,33.5,R,,,
corridor_policy,UAM-11,33.5,34.0,R,,,
corridor_policy,UAM-11,34.0,34.5,R,,,
corridor_policy,UAM-11,34.5,35.0,R,,,
corridor_policy,UAM-11,35.0,35.5,R,,,
corridor_policy,UAM-11,35.5,36.0,R,,,
corridor_policy,UAM-11,36.0,36.5,R,,,
corridor_policy,UAM-11,36.5,37.0,R,,,
corridor_policy,UAM-11,37.0,37.5,R,,,
corridor_policy,UAM-11,37.5,38.0,R,,,
corridor_policy,UAM-11,38.0,38.5,R,,,
corridor_policy,UAM-11,38.5,39.0,R,,,
corridor_policy,UAM-11,39.0,39.5,R,,,
corridor_policy,UAM-11,39.5,40.0,R,,,
corridor_policy,UAM-11,40.0,40.5,R,,,
corridor_policy,UAM-11,40.5,41.0,R,,,
corridor_policy,UAM-11,41.0,41.5,R,,,
corridor_policy,UAM-11,41.5,42.0,R,,,
corridor_policy,UAM-11,42.0,42.5,R,,,
corridor_policy,UAM-11,42.5,43.0,R,,,
corridor_policy,UAM-11,43.0,43.5,R,,,
corridor_policy,UAM-11,43.5,44.0,R,,,
corridor_policy,UAM-11,44.0,44.5,R,,,
corridor_policy,UAM-11,44.5,45.0,R,,,
corridor_policy,UAM-11,45.0,45.5,C,,,
corridor_policy,UAM-11,45.5,46.0,C,,,
corridor_policy,UAM-11,46.0,46.5,R,,,
corridor_policy,UAM-11,46.5,47.0,R,,,
corridor_policy,UAM-11,47.0,47.5,C,,,
corridor_policy,UAM-11,47.5,48.0,C,,,
corridor_policy,UAM-11,48.0,48.5,C,,,
corridor_policy,UAM-11,48.5,49.0,C,,,
corridor_policy,UAM-11,49.0,49.5,C,,,
corridor_policy,UAM-11,49.5,50.0,C,,,
corridor_policy,UAM-12,0.0,0.5,C,,,
corridor_policy,UAM-12,0.5,1.0,C,,,
corridor_policy,UAM-12,1.0,1.5,C,,,
corridor_policy,UAM-12,1.5,2.0,C,,,
corridor_policy,UAM-12,2.0,2.5,C,,,
corridor_policy,UAM-12,2.5,3.0,C,,,
corridor_policy,UAM-12,3.0,3.5,C,,,
corridor_policy,UAM-12,3.5,4.0,C,,,
corridor_policy,UAM-12,4.0,4.5,C,,,
corridor_policy,UAM-12,4.5,5.0,C,,,
corridor_policy,UAM-12,5.0,5.5,C,,,
corridor_policy,UAM-12,5.5,6.0,C,,,
corridor_policy,UAM-12,6.0,6.5,C,,,
corridor_policy,UAM-12,6.5,7.0,C,,,
corridor_policy,UAM-12,7.0,7.5,C,,,
corridor_policy,UAM-12,7.5,8.0,C,,,
corridor_policy,UAM-12,8.0,8.5,C,,,
corridor_policy,UAM-12,8.5,9.0,C,,,
corridor_policy,UAM-12,9.0,9.5,C,,,
corridor_policy,UAM-12,9.5,10.0,C,,,
corridor_policy,UAM-12,10.0,10.5,C,,,
corridor_policy,UAM-12,10.5,11.0,C,,,
corridor_policy,UAM-12,11.0,11.5,C,,,
corridor_policy,UAM-12,11.5,12.0,C,,,
corridor_policy,UAM-12,12.0,12.5,C,,,
corridor_policy,UAM-12,12.5,13.0,C,,,
corridor_policy,UAM-12,13.0,13.5,C,,,
corridor_policy,UAM-12,13.5,14.0,C,,,
corridor_policy,UAM-12,14.0,14.5,C,,,
corridor_policy,UAM-12,14.5,15.0,C,,,
corridor_policy,UAM-12,15.0,15.5,C,,,
corridor_policy,UAM-12,15.5,16.0,C,,,
corridor_policy,UAM-12,16.0,16.5,C,,,
corridor_policy,UAM-12,16.5,17.0,C,,,
corridor_policy,UAM-12,17.0,17.5,C,,,
corridor_policy,UAM-12,17.5,18.0,C,,,
corridor_policy,UAM-12,18.0,18.5,C,,,
corridor_policy,UAM-12,18.5,19.0,C,,,
corridor_policy,UAM-12,19.0,19.5,C,,,
corridor_policy,UAM-12,19.5,20.0,C,,,
corridor_policy,UAM-12,20.0,20.5,C,,,
corridor_policy,UAM-12,20.5,21.0,C,,,
corridor_policy,UAM-12,21.0,21.5,C,,,
corridor_policy,UAM-12,21.5,22.0,C,,,
corridor_policy,UAM-12,22.0,22.5,C,,,
corridor_policy,UAM-12,22.5,23.0,C,,,
corridor_policy,UAM-12,23.0,23.5,C,,,
corridor_policy,UAM-12,23.5,24.0,C,,,
corridor_policy,UAM-12,24.0,24.5,C,,,
corridor_policy,UAM-12,24.5,25.0,C,,,
corridor_policy,UAM-12,25.0,25.5,R,,,
corridor_policy,UAM-12,25.5,26.0,R,,,
corridor_policy,UAM-12,26.0,26.5,R,,,
corridor_policy,UAM-12,26.5,27.0,R,,,
corridor_policy,UAM-12,27.0,27.5,R,,,
corridor_policy,UAM-12,27.5,28.0,R,,,
corridor_policy,UAM-12,28.0,28.5,R,,,
corridor_policy,UAM-12,28.5,29.0,R,,,
corridor_policy,UAM-12,29.0,29.5,R,,,
corridor_policy,UAM-12,29.5,30.0,R,,,
corridor_policy,UAM-12,30.0,30.5,R,,,
corridor_policy,UAM-12,30.5,31.0,R,,,
corridor_policy,UAM-12,31.0,31.5,R,,,
corridor_policy,UAM-12,31.5,32.0,R,,,
corridor_policy,UAM-12,32.0,32.5,R,,,
corridor_policy,UAM-12,32.5,33.0,R,,,
corridor_policy,UAM-12,33.0,33.5,R,,,
corridor_policy,UAM-12,33.5,34.0,R,,,
corridor_policy,UAM-12,34.0,34.5,R,,,
corridor_policy,UAM-12,34.5,35.0,R,,,
corridor_policy,UAM-12,35.0,35.5,R,,,
corridor_policy,UAM-12,35.5,36.0,R,,,
corridor_policy,UAM-12,36.0,36.5,R,,,
corridor_policy,UAM-12,36.5,37.0,R,,,
corridor_policy,UAM-12,37.0,37.5,R,,,
corridor_policy,UAM-12,37.5,38.0,R,,,
corridor_policy,UAM-12,38.0,38.5,R,,,
corridor_policy,UAM-12,38.5,39.0,R,,,
corridor_policy,UAM-12,39.0,39.5,R,,,
corridor_policy,UAM-12,39.5,40.0,R,,,
corridor_policy,UAM-12,40.0,40.5,R,,,
corridor_policy,UAM-12,40.5,41.0,R,,,
corridor_policy,UAM-12,41.0,41.5,R,,,
corridor_policy,UAM-12,41.5,42.0,R,,,
corridor_policy,UAM-12,42.0,42.5,R,,,
corridor_policy,UAM-12,42.5,43.0,R,,,
corridor_policy,UAM-12,43.0,43.5,R,,,
corridor_policy,UAM-12,43.5,44.0,R,,,
corridor_policy,UAM-12,44.0,44.5,R,,,
corridor_policy,UAM-12,44.5,45.0,R,,,
corridor_policy,UAM-12,45.0,45.5,C,,,
corridor_policy,UAM-12,45.5,46.0,C,,,
corridor_policy,UAM-12,46.0,46.5,R,,,
corridor_policy,UAM-12,46.5,47.0,R,,,
corridor_policy,UAM-12,47.0,47.5,C,,,
corridor_policy,UAM-12,47.5,48.0,C,,,
corridor_policy,UAM-12,48.0,48.5,C,,,
corridor_policy,UAM-12,48.5,49.0,C,,,
corridor_policy,UAM-12,49.0,49.5,C,,,
corridor_policy,UAM-12,49.5,50.0,C,,,
corridor_policy,UAM-13,0.0,0.5,C,,,
corridor_policy,UAM-13,0.5,1.0,C,,,
corridor_policy,UAM-13,1.0,1.5,C,,,
corridor_policy,UAM-13,1.5,2.0,C,,,
corridor_policy,UAM-13,2.0,2.5,C,,,
corridor_policy,UAM-13,2.5,3.0,C,,,
corridor_policy,UAM-13,3.0,3.5,C,,,
corridor_policy,UAM-13,3.5,4.0,C,,,
corridor_policy,UAM-13,4.0,4.5,C,,,
corridor_policy,UAM-13,4.5,5.0,C,,,
corridor_policy,UAM-13,5.0,5.5,C,,,
corridor_policy,UAM-13,5.5,6.0,C,,,
corridor_policy,UAM-13,6.0,6.5,C,,,
corridor_policy,UAM-13,6.5,7.0,C,,,
corridor_policy,UAM-13,7.0,7.5,C,,,
corridor_policy,UAM-13,7.5,8.0,C,,,
corridor_policy,UAM-13,8.0,8.5,C,,,
corridor_policy,UAM-13,8.5,9.0,C,,,
corridor_policy,UAM-13,9.0,9.5,C,,,
corridor_policy,UAM-13,9.5,10.0,C,,,
corridor_policy,UAM-13,10.0,10.5,C,,,
corridor_policy,UAM-13,10.5,11.0,C,,,
corridor_policy,UAM-13,11.0,11.5,C,,,
corridor_policy,UAM-13,11.5,12.0,C,,,
corridor_policy,UAM-13,12.0,12.5,C,,,
corridor_policy,UAM-13,12.5,13.0,C,,,
corridor_policy,UAM-13,13.0,13.5,C,,,
corridor_policy,UAM-13,13.5,14.0,C,,,
corridor_policy,UAM-13,14.0,14.5,C,,,
corridor_policy,UAM-13,14.5,15.0,C,,,
corridor_policy,UAM-13,15.0,15.5,C,,,
corridor_policy,UAM-13,15.5,16.0,C,,,
corridor_policy,UAM-13,16.0,16.5,C,,,
corridor_policy,UAM-13,16.5,17.0,C,,,
corridor_policy,UAM-13,17.0,17.5,C,,,
corridor_policy,UAM-13,17.5,18.0,C,,,
corridor_policy,UAM-13,18.0,18.5,C,,,
corridor_policy,UAM-13,18.5,19.0,C,,,
corridor_policy,UAM-13,19.0,19.5,C,,,
corridor_policy,UAM-13,19.5,20.0,C,,,
corridor_policy,UAM-13,20.0,20.5,C,,,
corridor_policy,UAM-13,20.5,21.0,C,,,
corridor_policy,UAM-13,21.0,21.5,C,,,
corridor_policy,UAM-13,21.5,22.0,C,,,
corridor_policy,UAM-13,22.0,22.5,C,,,
corridor_policy,UAM-13,22.5,23.0,C,,,
corridor_policy,UAM-13,23.0,23.5,C,,,
corridor_policy,UAM-13,23.5,24.0,C,,,
corridor_policy,UAM-13,24.0,24.5,C,,,
corridor_policy,UAM-13,24.5,25.0,C,,,
corridor_policy,UAM-13,25.0,25.5,R,,,
corridor_policy,UAM-13,25.5,26.0,R,,,
corridor_policy,UAM-13,26.0,26.5,R,,,
corridor_policy,UAM-13,26.5,27.0,R,,,
corridor_policy,UAM-13,27.0,27.5,R,,,
corridor_policy,UAM-13,27.5,28.0,R,,,
corridor_policy,UAM-13,28.0,28.5,R,,,
corridor_policy,UAM-13,28.5,29.0,R,,,
corridor_policy,UAM-13,29.0,29.5,R,,,
corridor_policy,UAM-13,29.5,30.0,R,,,
corridor_policy,UAM-13,30.0,30.5,R,,,
corridor_policy,UAM-13,30.5,31.0,R,,,
corridor_policy,UAM-13,31.0,31.5,R,,,
corridor_policy,UAM-13,31.5,32.0,R,,,
corridor_policy,UAM-13,32.0,32.5,R,,,
corridor_policy,UAM-13,32.5,33.0,R,,,
corridor_policy,UAM-13,33.0,33.5,R,,,
corridor_policy,UAM-13,33.5,34.0,R,,,
corridor_policy,UAM-13,34.0,34.5,R,,,
corridor_policy,UAM-13,34.5,35.0,R,,,
corridor_policy,UAM-13,35.0,35.5,R,,,
corridor_policy,UAM-13,35.5,36.0,R,,,
corridor_policy,UAM-13,36.0,36.5,R,,,
corridor_policy,UAM-13,36.5,37.0,R,,,
corridor_policy,UAM-13,37.0,37.5,R,,,
corridor_policy,UAM-13,37.5,38.0,R,,,
corridor_policy,UAM-13,38.0,38.5,R,,,
corridor_policy,UAM-13,38.5,39.0,R,,,
corridor_policy,UAM-13,39.0,39.5,R,,,
corridor_policy,UAM-13,39.5,40.0,R,,,
corridor_policy,UAM-13,40.0,40.5,R,,,
corridor_policy,UAM-13,40.5,41.0,R,,,
corridor_policy,UAM-13,41.0,41.5,R,,,
corridor_policy,UAM-13,41.5,42.0,R,,,
corridor_policy,UAM-13,42.0,42.5,R,,,
corridor_policy,UAM-13,42.5,43.0,R,,,
corridor_policy,UAM-13,43.0,43.5,R,,,
corridor_policy,UAM-13,43.5,44.0,R,,,
corridor_policy,UAM-13,44.0,44.5,R,,,
corridor_policy,UAM-13,44.5,45.0,C,,,
corridor_policy,UAM-13,45.0,45.5,C,,,
corridor_policy,UAM-13,45.5,46.0,C,,,
corridor_policy,UAM-13,46.0,46.5,C,,,
corridor_policy,UAM-13,46.5,47.0,C,,,
corridor_policy,UAM-13,47.0,47.5,C,,,
corridor_policy,UAM-13,47.5,48.0,C,,,
corridor_policy,UAM-13,48.0,48.5,C,,,
corridor_policy,UAM-13,48.5,49.0,C,,,
corridor_policy,UAM-13,49.0,49.5,C,,,
corridor_policy,UAM-13,49.5,50.0,C,,,
corridor_policy,UAM-14,0.0,0.5,C,,,
corridor_policy,UAM-14,0.5,1.0,C,,,
corridor_policy,UAM-14,1.0,1.5,C,,,
corridor_policy,UAM-14,1.5,2.0,C,,,
corridor_policy,UAM-14,2.0,2.5,C,,,
corridor_policy,UAM-14,2.5,3.0,C,,,
corridor_policy,UAM-14,3.0,3.5,C,,,
corridor_policy,UAM-14,3.5,4.0,C,,,
corridor_policy,UAM-14,4.0,4.5,C,,,
corridor_policy,UAM-14,4.5,5.0,C,,,
corridor_policy,UAM-14,5.0,5.5,C,,,
corridor_policy,UAM-14,5.5,6.0,C,,,
corridor_policy,UAM-14,6.0,6.5,C,,,
corridor_policy,UAM-14,6.5,7.0,C,,,
corridor_policy,UAM-14,7.0,7.5,C,,,
corridor_policy,UAM-14,7.5,8.0,C,,,
corridor_policy,UAM-14,8.0,8.5,C,,,
corridor_policy,UAM-14,8.5,9.0,C,,,
corridor_policy,UAM-14,9.0,9.5,C,,,
corridor_policy,UAM-14,9.5,10.0,C,,,
corridor_policy,UAM-14,10.0,10.5,C,,,
corridor_policy,UAM-14,10.5,11.0,C,,,
corridor_policy,UAM-14,11.0,11.5,C,,,
corridor_policy,UAM-14,11.5,12.0,C,,,
corridor_policy,UAM-14,12.0,12.5,C,,,
corridor_policy,UAM-14,12.5,13.0,C,,,
corridor_policy,UAM-14,13.0,13.5,C,,,
corridor_policy,UAM-14,13.5,14.0,C,,,
corridor_policy,UAM-14,14.0,14.5,C,,,
corridor_policy,UAM-14,14.5,15.0,C,,,
corridor_policy,UAM-14,15.0,15.5,C,,,
corridor_policy,UAM-14,15.5,16.0,C,,,
corridor_policy,UAM-14,16.0,16.5,C,,,
corridor_policy,UAM-14,16.5,17.0,C,,,
corridor_policy,UAM-14,17.0,17.5,C,,,
corridor_policy,UAM-14,17.5,18.0,C,,,
corridor_policy,UAM-14,18.0,18.5,C,,,
corridor_policy,UAM-14,18.5,19.0,C,,,
corridor_policy,UAM-14,19.0,19.5,C,,,
corridor_policy,UAM-14,19.5,20.0,C,,,
corridor_policy,UAM-14,20.0,20.5,C,,,
corridor_policy,UAM-14,20.5,21.0,C,,,
corridor_policy,UAM-14,21.0,21.5,C,,,
corridor_policy,UAM-14,21.5,22.0,C,,,
corridor_policy,UAM-14,22.0,22.5,C,,,
corridor_policy,UAM-14,22.5,23.0,C,,,
corridor_policy,UAM-14,23.0,23.5,C,,,
corridor_policy,UAM-14,23.5,24.0,C,,,
corridor_policy,UAM-14,24.0,24.5,C,,,
corridor_policy,UAM-14,24.5,25.0,C,,,
corridor_policy,UAM-14,25.0,25.5,R,,,
corridor_policy,UAM-14,25.5,26.0,R,,,
corridor_policy,UAM-14,26.0,26.5,R,,,
corridor_policy,UAM-14,26.5,27.0,R,,,
corridor_policy,UAM-14,27.0,27.5,R,,,
corridor_policy,UAM-14,27.5,28.0,R,,,
corridor_policy,UAM-14,28.0,28.5,R,,,
corridor_policy,UAM-14,28.5,29.0,R,,,
corridor_policy,UAM-14,29.0,29.5,R,,,
corridor_policy,UAM-14,29.5,30.0,R,,,
corridor_policy,UAM-14,30.0,30.5,R,,,
corridor_policy,UAM-14,30.5,31.0,R,,,
corridor_policy,UAM-14,31.0,31.5,R,,,
corridor_policy,UAM-14,31.5,32.0,R,,,
corridor_policy,UAM-14,32.0,32.5,R,,,
corridor_policy,UAM-14,32.5,33.0,R,,,
corridor_policy,UAM-14,33.0,33.5,R,,,
corridor_policy,UAM-14,33.5,34.0,R,,,
corridor_policy,UAM-14,34.0,34.5,R,,,
corridor_policy,UAM-14,34.5,35.0,R,,,
corridor_policy,UAM-14,35.0,35.5,R,,,
corridor_policy,UAM-14,35.5,36.0,R,,,
corridor_policy,UAM-14,36.0,36.5,R,,,
corridor_policy,UAM-14,36.5,37.0,R,,,
corridor_policy,UAM-14,37.0,37.5,R,,,
corridor_policy,UAM-14,37.5,38.0,R,,,
corridor_policy,UAM-14,38.0,38.5,R,,,
corridor_policy,UAM-14,38.5,39.0,R,,,
corridor_policy,UAM-14,39.0,39.5,R,,,
corridor_policy,UAM-14,39.5,40.0,R,,,
corridor_policy,UAM-14,40.0,40.5,R,,,
corridor_policy,UAM-14,40.5,41.0,R,,,
corridor_policy,UAM-14,41.0,41.5,R,,,
corridor_policy,UAM-14,41.5,42.0,R,,,
corridor_policy,UAM-14,42.0,42.5,R,,,
corridor_policy,UAM-14,42.5,43.0,R,,,
corridor_policy,UAM-14,43.0,43.5,R,,,
corridor_policy,UAM-14,43.5,44.0,R,,,
corridor_policy,UAM-14,44.0,44.5,R,,,
corridor_policy,UAM-14,44.5,45.0,R,,,
corridor_policy,UAM-14,45.0,45.5,C,,,
corridor_policy,UAM-14,45.5,46.0,C,,,
corridor_policy,UAM-14,46.0,46.5,C,,,
corridor_policy,UAM-14,46.5,47.0,C,,,
corridor_policy,UAM-14,47.0,47.5,C,,,
corridor_policy,UAM-14,47.5,48.0,C,,,
corridor_policy,UAM-14,48.0,48.5,C,,,
corridor_policy,UAM-14,48.5,49.0,C,,,
corridor_policy,UAM-14,49.0,49.5,C,,,
corridor_policy,UAM-14,49.5,50.0,C,,,
corridor_policy,UAM-15,0.0,0.5,C,,,
corridor_policy,UAM-15,0.5,1.0,C,,,
corridor_policy,UAM-15,1.0,1.5,C,,,
corridor_policy,UAM-15,1.5,2.0,C,,,
corridor_policy,UAM-15,2.0,2.5,C,,,
corridor_policy,UAM-15,2.5,3.0,C,,,
corridor_policy,UAM-15,3.0,3.5,C,,,
corridor_policy,UAM-15,3.5,4.0,C,,,
corridor_policy,UAM-15,4.0,4.5,C,,,
corridor_policy,UAM-15,4.5,5.0,C,,,
corridor_policy,UAM-15,5.0,5.5,C,,,
corridor_policy,UAM-15,5.5,6.0,C,,,
corridor_policy,UAM-15,6.0,6.5,C,,,
corridor_policy,UAM-15,6.5,7.0,C,,,
corridor_policy,UAM-15,7.0,7.5,C,,,
corridor_policy,UAM-15,7.5,8.0,C,,,
corridor_policy,UAM-15,8.0,8.5,C,,,
corridor_policy,UAM-15,8.5,9.0,C,,,
corridor_policy,UAM-15,9.0,9.5,C,,,
corridor_policy,UAM-15,9.5,10.0,C,,,
corridor_policy,UAM-15,10.0,10.5,C,,,
corridor_policy,UAM-15,10.5,11.0,C,,,
corridor_policy,UAM-15,11.0,11.5,C,,,
corridor_policy,UAM-15,11.5,12.0,C,,,
corridor_policy,UAM-15,12.0,12.5,C,,,
corridor_policy,UAM-15,12.5,13.0,C,,,
corridor_policy,UAM-15,13.0,13.5,C,,,
corridor_policy,UAM-15,13.5,14.0,C,,,
corridor_policy,UAM-15,14.0,14.5,C,,,
corridor_policy,UAM-15,14.5,15.0,C,,,
corridor_policy,UAM-15,15.0,15.5,C,,,
corridor_policy,UAM-15,15.5,16.0,C,,,
corridor_policy,UAM-15,16.0,16.5,C,,,
corridor_policy,UAM-15,16.5,17.0,C,,,
corridor_policy,UAM-15,17.0,17.5,C,,,
corridor_policy,UAM-15,17.5,18.0,C,,,
corridor_policy,UAM-15,18.0,18.5,C,,,
corridor_policy,UAM-15,18.5,19.0,C,,,
corridor_policy,UAM-15,19.0,19.5,C,,,
corridor_policy,UAM-15,19.5,20.0,C,,,
corridor_policy,UAM-15,20.0,20.5,C,,,
corridor_policy,UAM-15,20.5,21.0,C,,,
corridor_policy,UAM-15,21.0,21.5,C,,,
corridor_policy,UAM-15,21.5,22.0,C,,,
corridor_policy,UAM-15,22.0,22.5,C,,,
corridor_policy,UAM-15,22.5,23.0,C,,,
corridor_policy,UAM-15,23.0,23.5,C,,,
corridor_policy,UAM-15,23.5,24.0,C,,,
corridor_policy,UAM-15,24.0,24.5,C,,,
corridor_policy,UAM-15,24.5,25.0,C,,,
corridor_policy,UAM-15,25.0,25.5,R,,,
corridor_policy,UAM-15,25.5,26.0,R,,,
corridor_policy,UAM-15,26.0,26.5,R,,,
corridor_policy,UAM-15,26.5,27.0,R,,,
corridor_policy,UAM-15,27.0,27.5,R,,,
corridor_policy,UAM-15,27.5,28.0,R,,,
corridor_policy,UAM-15,28.0,28.5,R,,,
corridor_policy,UAM-15,28.5,29.0,R,,,
corridor_policy,UAM-15,29.0,29.5,R,,,
corridor_policy,UAM-15,29.5,30.0,R,,,
corridor_policy,UAM-15,30.0,30.5,R,,,
corridor_policy,UAM-15,30.5,31.0,R,,,
corridor_policy,UAM-15,31.0,31.5,R,,,
corridor_policy,UAM-15,31.5,32.0,R,,,
corridor_policy,UAM-15,32.0,32.5,R,,,
corridor_policy,UAM-15,32.5,33.0,R,,,
corridor_policy,UAM-15,33.0,33.5,R,,,
corridor_policy,UAM-15,33.5,34.0,R,,,
corridor_policy,UAM-15,34.0,34.5,R,,,
corridor_policy,UAM-15,34.5,35.0,R,,,
corridor_policy,UAM-15,35.0,35.5,R,,,
corridor_policy,UAM-15,35.5,36.0,R,,,
corridor_policy,UAM-15,36.0,36.5,R,,,
corridor_policy,UAM-15,36.5,37.0,R,,,
corridor_policy,UAM-15,37.0,37.5,R,,,
corridor_policy,UAM-15,37.5,38.0,R,,,
corridor_policy,UAM-15,38.0,38.5,R,,,
corridor_policy,UAM-15,38.5,39.0,R,,,
corridor_policy,UAM-15,39.0,39.5,R,,,
corridor_policy,UAM-15,39.5,40.0,R,,,
corridor_policy,UAM-15,40.0,40.5,R,,,
corridor_policy,UAM-15,40.5,41.0,R,,,
corridor_policy,UAM-15,41.0,41.5,R,,,
corridor_policy,UAM-15,41.5,42.0,R,,,
corridor_policy,UAM-15,42.0,42.5,R,,,
corridor_policy,UAM-15,42.5,43.0,R,,,
corridor_policy,UAM-15,43.0,43.5,R,,,
corridor_policy,UAM-15,43.5,44.0,R,,,
corridor_policy,UAM-15,44.0,44.5,R,,,
corridor_policy,UAM-15,44.5,45.0,C,,,
corridor_policy,UAM-15,45.0,45.5,C,,,
corridor_policy,UAM-15,45.5,46.0,C,,,
corridor_policy,UAM-15,46.0,46.5,C,,,
corridor_policy,UAM-15,46.5,47.0,C,,,
corridor_policy,UAM-15,47.0,47.5,C,,,
corridor_policy,UAM-15,47.5,48.0,C,,,
corridor_policy,UAM-15,48.0,48.5,C,,,
corridor_policy,UAM-15,48.5,49.0,C,,,
corridor_policy,UAM-15,49.0,49.5,C,,,
corridor_policy,UAM-15,49.5,50.0,C,,,
corridor_policy,UAM-16,0.0,0.5,C,,,
corridor_policy,UAM-16,0.5,1.0,C,,,
corridor_policy,UAM-16,1.0,1.5,C,,,
corridor_policy,UAM-16,1.5,2.0,C,,,
corridor_policy,UAM-16,2.0,2.5,C,,,
corridor_policy,UAM-16,2.5,3.0,C,,,
corridor_policy,UAM-16,3.0,3.5,C,,,
corridor_policy,UAM-16,3.5,4.0,C,,,
corridor_policy,UAM-16,4.0,4.5,C,,,
corridor_policy,UAM-16,4.5,5.0,C,,,
corridor_policy,UAM-16,5.0,5.5,C,,,
corridor_policy,UAM-16,5.5,6.0,C,,,
corridor_policy,UAM-16,6.0,6.5,C,,,
corridor_policy,UAM-16,6.5,7.0,C,,,
corridor_policy,UAM-16,7.0,7.5,C,,,
corridor_policy,UAM-16,7.5,8.0,C,,,
corridor_policy,UAM-16,8.0,8.5,C,,,
corridor_policy,UAM-16,8.5,9.0,C,,,
corridor_policy,UAM-16,9.0,9.5,C,,,
corridor_policy,UAM-16,9.5,10.0,C,,,
corridor_policy,UAM-16,10.0,10.5,C,,,
corridor_policy,UAM-16,10.5,11.0,C,,,
corridor_policy,UAM-16,11.0,11.5,C,,,
corridor_policy,UAM-16,11.5,12.0,C,,,
corridor_policy,UAM-16,12.0,12.5,C,,,
corridor_policy,UAM-16,12.5,13.0,R,,,
corridor_policy,UAM-16,13.0,13.5,R,,,
corridor_policy,UAM-16,13.5,14.0,C,,,
corridor_policy,UAM-16,14.0,14.5,C,,,
corridor_policy,UAM-16,14.5,15.0,C,,,
corridor_policy,UAM-16,15.0,15.5,C,,,
corridor_policy,UAM-16,15.5,16.0,C,,,
corridor_policy,UAM-16,16.0,16.5,C,,,
corridor_policy,UAM-16,16.5,17.0,C,,,
corridor_policy,UAM-16,17.0,17.5,C,,,
corridor_policy,UAM-16,17.5,18.0,C,,,
corridor_policy,UAM-16,18.0,18.5,C,,,
corridor_policy,UAM-16,18.5,19.0,C,,,
corridor_policy,UAM-16,19.0,19.5,C,,,
corridor_policy,UAM-16,19.5,20.0,C,,,
corridor_policy,UAM-16,20.0,20.5,C,,,
corridor_policy,UAM-16,20.5,21.0,C,,,
corridor_policy,UAM-16,21.0,21.5,C,,,
corridor_policy,UAM-16,21.5,22.0,C,,,
corridor_policy,UAM-16,22.0,22.5,C,,,
corridor_policy,UAM-16,22.5,23.0,C,,,
corridor_policy,UAM-16,23.0,23.5,C,,,
corridor_policy,UAM-16,23.5,24.0,C,,,
corridor_policy,UAM-16,24.0,24.5,C,,,
corridor_policy,UAM-16,24.5,25.0,C,,,
corridor_policy,UAM-16,25.0,25.5,R,,,
corridor_policy,UAM-16,25.5,26.0,R,,,
corridor_policy,UAM-16,26.0,26.5,R,,,
corridor_policy,UAM-16,26.5,27.0,R,,,
corridor_policy,UAM-16,27.0,27.5,R,,,
corridor_policy,UAM-16,27.5,28.0,R,,,
corridor_policy,UAM-16,28.0,28.5,R,,,
corridor_policy,UAM-16,28.5,29.0,R,,,
corridor_policy,UAM-16,29.0,29.5,R,,,
corridor_policy,UAM-16,29.5,30.0,R,,,
corridor_policy,UAM-16,30.0,30.5,R,,,
corridor_policy,UAM-16,30.5,31.0,R,,,
corridor_policy,UAM-16,31.0,31.5,R,,,
corridor_policy,UAM-16,31.5,32.0,R,,,
corridor_policy,UAM-16,32.0,32.5,R,,,
corridor_policy,UAM-16,32.5,33.0,R,,,
corridor_policy,UAM-16,33.0,33.5,R,,,
corridor_policy,UAM-16,33.5,34.0,R,,,
corridor_policy,UAM-16,34.0,34.5,R,,,
corridor_policy,UAM-16,34.5,35.0,R,,,
corridor_policy,UAM-16,35.0,35.5,R,,,
corridor_policy,UAM-16,35.5,36.0,R,,,
corridor_policy,UAM-16,36.0,36.5,R,,,
corridor_policy,UAM-16,36.5,37.0,R,,,
corridor_policy,UAM-16,37.0,37.5,R,,,
corridor_policy,UAM-16,37.5,38.0,R,,,
corridor_policy,UAM-16,38.0,38.5,R,,,
corridor_policy,UAM-16,38.5,39.0,R,,,
corridor_policy,UAM-16,39.0,39.5,R,,,
corridor_policy,UAM-16,39.5,40.0,R,,,
corridor_policy,UAM-16,40.0,40.5,R,,,
corridor_policy,UAM-16,40.5,41.0,R,,,
corridor_policy,UAM-16,41.0,41.5,R,,,
corridor_policy,UAM-16,41.5,42.0,R,,,
corridor_policy,UAM-16,42.0,42.5,R,,,
corridor_policy,UAM-16,42.5,43.0,R,,,
corridor_policy,UAM-16,43.0,43.5,R,,,
corridor_policy,UAM-16,43.5,44.0,R,,,
corridor_policy,UAM-16,44.0,44.5,R,,,
corridor_policy,UAM-16,44.5,45.0,C,,,
corridor_policy,UAM-16,45.0,45.5,C,,,
corridor_policy,UAM-16,45.5,46.0,C,,,
corridor_policy,UAM-16,46.0,46.5,C,,,
corridor_policy,UAM-16,46.5,47.0,C,,,
corridor_policy,UAM-16,47.0,47.5,C,,,
corridor_policy,UAM-16,47.5,48.0,C,,,
corridor_policy,UAM-16,48.0,48.5,C,,,
corridor_policy,UAM-16,48.5,49.0,C,,,
corridor_policy,UAM-16,49.0,49.5,C,,,
corridor_policy,UAM-16,49.5,50.0,C,,,
corridor_policy,UAM-17,0.0,0.5,C,,,
corridor_policy,UAM-17,0.5,1.0,C,,,
corridor_policy,UAM-17,1.0,1.5,C,,,
corridor_policy,UAM-17,1.5,2.0,C,,,
corridor_policy,UAM-17,2.0,2.5,C,,,
corridor_policy,UAM-17,2.5,3.0,C,,,
corridor_policy,UAM-17,3.0,3.5,C,,,
corridor_policy,UAM-17,3.5,4.0,C,,,
corridor_policy,UAM-17,4.0,4.5,C,,,
corridor_policy,UAM-17,4.5,5.0,C,,,
corridor_policy,UAM-17,5.0,5.5,C,,,
corridor_policy,UAM-17,5.5,6.0,C,,,
corridor_policy,UAM-17,6.0,6.5,C,,,
corridor_policy,UAM-17,6.5,7.0,C,,,
corridor_policy,UAM-17,7.0,7.5,C,,,
corridor_policy,UAM-17,7.5,8.0,C,,,
corridor_policy,UAM-17,8.0,8.5,C,,,
corridor_policy,UAM-17,8.5,9.0,C,,,
corridor_policy,UAM-17,9.0,9.5,C,,,
corridor_policy,UAM-17,9.5,10.0,C,,,
corridor_policy,UAM-17,10.0,10.5,C,,,
corridor_policy,UAM-17,10.5,11.0,C,,,
corridor_policy,UAM-17,11.0,11.5,R,,,
corridor_policy,UAM-17,11.5,12.0,R,,,
corridor_policy,UAM-17,12.0,12.5,C,,,
corridor_policy,UAM-17,12.5,13.0,R,,,
corridor_policy,UAM-17,13.0,13.5,R,,,
corridor_policy,UAM-17,13.5,14.0,C,,,
corridor_policy,UAM-17,14.0,14.5,C,,,
corridor_policy,UAM-17,14.5,15.0,C,,,
corridor_policy,UAM-17,15.0,15.5,C,,,
corridor_policy,UAM-17,15.5,16.0,C,,,
corridor_policy,UAM-17,16.0,16.5,C,,,
corridor_policy,UAM-17,16.5,17.0,C,,,
corridor_policy,UAM-17,17.0,17.5,C,,,
corridor_policy,UAM-17,17.5,18.0,C,,,
corridor_policy,UAM-17,18.0,18.5,C,,,
corridor_policy,UAM-17,18.5,19.0,C,,,
corridor_policy,UAM-17,19.0,19.5,C,,,
corridor_policy,UAM-17,19.5,20.0,C,,,
corridor_policy,UAM-17,20.0,20.5,C,,,
corridor_policy,UAM-17,20.5,21.0,C,,,
corridor_policy,UAM-17,21.0,21.5,C,,,
corridor_policy,UAM-17,21.5,22.0,C,,,
corridor_policy,UAM-17,22.0,22.5,C,,,
corridor_policy,UAM-17,22.5,23.0,C,,,
corridor_policy,UAM-17,23.0,23.5,C,,,
corridor_policy,UAM-17,23.5,24.0,C,,,
corridor_policy,UAM-17,24.0,24.5,C,,,
corridor_policy,UAM-17,24.5,25.0,C,,,
corridor_policy,UAM-17,25.0,25.5,R,,,
corridor_policy,UAM-17,25.5,26.0,R,,,
corridor_policy,UAM-17,26.0,26.5,R,,,
corridor_policy,UAM-17,26.5,27.0,R,,,
corridor_policy,UAM-17,27.0,27.5,R,,,
corridor_policy,UAM-17,27.5,28.0,R,,,
corridor_policy,UAM-17,28.0,28.5,R,,,
corridor_policy,UAM-17,28.5,29.0,R,,,
corridor_policy,UAM-17,29.0,29.5,R,,,
corridor_policy,UAM-17,29.5,30.0,R,,,
corridor_policy,UAM-17,30.0,30.5,R,,,
corridor_policy,UAM-17,30.5,31.0,R,,,
corridor_policy,UAM-17,31.0,31.5,R,,,
corridor_policy,UAM-17,31.5,32.0,R,,,
corridor_policy,UAM-17,32.0,32.5,R,,,
corridor_policy,UAM-17,32.5,33.0,R,,,
corridor_policy,UAM-17,33.0,33.5,R,,,
corridor_policy,UAM-17,33.5,34.0,R,,,
corridor_policy,UAM-17,34.0,34.5,R,,,
corridor_policy,UAM-17,34.5,35.0,R,,,
corridor_policy,UAM-17,35.0,35.5,R,,,
corridor_policy,UAM-17,35.5,36.0,R,,,
corridor_policy,UAM-17,36.0,36.5,R,,,
corridor_policy,UAM-17,36.5,37.0,C,,,
corridor_policy,UAM-17,37.0,37.5,R,,,
corridor_policy,UAM-17,37.5,38.0,R,,,
corridor_policy,UAM-17,38.0,38.5,R,,,
corridor_policy,UAM-17,38.5,39.0,R,,,
corridor_policy,UAM-17,39.0,39.5,R,,,
corridor_policy,UAM-17,39.5,40.0,R,,,
corridor_policy,UAM-17,40.0,40.5,R,,,
corridor_policy,UAM-17,40.5,41.0,R,,,
corridor_policy,UAM-17,41.0,41.5,R,,,
corridor_policy,UAM-17,41.5,42.0,R,,,
corridor_policy,UAM-17,42.0,42.5,R,,,
corridor_policy,UAM-17,42.5,43.0,R,,,
corridor_policy,UAM-17,43.0,43.5,R,,,
corridor_policy,UAM-17,43.5,44.0,R,,,
corridor_policy,UAM-17,44.0,44.5,R,,,
corridor_policy,UAM-17,44.5,45.0,R,,,
corridor_policy,UAM-17,45.0,45.5,C,,,
corridor_policy,UAM-17,45.5,46.0,C,,,
corridor_policy,UAM-17,46.0,46.5,C,,,
corridor_policy,UAM-17,46.5,47.0,C,,,
corridor_policy,UAM-17,47.0,47.5,C,,,
corridor_policy,UAM-17,47.5,48.0,C,,,
corridor_policy,UAM-17,48.0,48.5,C,,,
corridor_policy,UAM-17,48.5,49.0,C,,,
corridor_policy,UAM-17,49.0,49.5,C,,,
corridor_policy,UAM-17,49.5,50.0,C,,,
corridor_policy,UAM-18,0.0,0.5,C,,,
corridor_policy,UAM-18,0.5,1.0,C,,,
corridor_policy,UAM-18,1.0,1.5,C,,,
corridor_policy,UAM-18,1.5,2.0,C,,,
corridor_policy,UAM-18,2.0,2.5,C,,,
corridor_policy,UAM-18,2.5,3.0,C,,,
corridor_policy,UAM-18,3.0,3.5,C,,,
corridor_policy,UAM-18,3.5,4.0,C,,,
corridor_policy,UAM-18,4.0,4.5,C,,,
corridor_policy,UAM-18,4.5,5.0,C,,,
corridor_policy,UAM-18,5.0,5.5,C,,,
corridor_policy,UAM-18,5.5,6.0,C,,,
corridor_policy,UAM-18,6.0,6.5,C,,,
corridor_policy,UAM-18,6.5,7.0,C,,,
corridor_policy,UAM-18,7.0,7.5,C,,,
corridor_policy,UAM-18,7.5,8.0,C,,,
corridor_policy,UAM-18,8.0,8.5,C,,,
corridor_policy,UAM-18,8.5,9.0,C,,,
corridor_policy,UAM-18,9.0,9.5,C,,,
corridor_policy,UAM-18,9.5,10.0,R,,,
corridor_policy,UAM-18,10.0,10.5,C,,,
corridor_policy,UAM-18,10.5,11.0,C,,,
corridor_policy,UAM-18,11.0,11.5,R,,,
corridor_policy,UAM-18,11.5,12.0,C,,,
corridor_policy,UAM-18,12.0,12.5,R,,,
corridor_policy,UAM-18,12.5,13.0,C,,,
corridor_policy,UAM-18,13.0,13.5,C,,,
corridor_policy,UAM-18,13.5,14.0,C,,,
corridor_policy,UAM-18,14.0,14.5,C,,,
corridor_policy,UAM-18,14.5,15.0,C,,,
corridor_policy,UAM-18,15.0,15.5,C,,,
corridor_policy,UAM-18,15.5,16.0,C,,,
corridor_policy,UAM-18,16.0,16.5,C,,,
corridor_policy,UAM-18,16.5,17.0,C,,,
corridor_policy,UAM-18,17.0,17.5,C,,,
corridor_policy,UAM-18,17.5,18.0,C,,,
corridor_policy,UAM-18,18.0,18.5,C,,,
corridor_policy,UAM-18,18.5,19.0,C,,,
corridor_policy,UAM-18,19.0,19.5,C,,,
corridor_policy,UAM-18,19.5,20.0,C,,,
corridor_policy,UAM-18,20.0,20.5,C,,,
corridor_policy,UAM-18,20.5,21.0,C,,,
corridor_policy,UAM-18,21.0,21.5,C,,,
corridor_policy,UAM-18,21.5,22.0,C,,,
corridor_policy,UAM-18,22.0,22.5,C,,,
corridor_policy,UAM-18,22.5,23.0,C,,,
corridor_policy,UAM-18,23.0,23.5,C,,,
corridor_policy,UAM-18,23.5,24.0,C,,,
corridor_policy,UAM-18,24.0,24.5,C,,,
corridor_policy,UAM-18,24.5,25.0,C,,,
corridor_policy,UAM-18,25.0,25.5,R,,,
corridor_policy,UAM-18,25.5,26.0,R,,,
corridor_policy,UAM-18,26.0,26.5,R,,,
corridor_policy,UAM-18,26.5,27.0,R,,,
corridor_policy,UAM-18,27.0,27.5,F,,,
corridor_policy,UAM-18,27.5,28.0,R,,,
corridor_policy,UAM-18,28.0,28.5,R,,,
corridor_policy,UAM-18,28.5,29.0,R,,,
corridor_policy,UAM-18,29.0,29.5,R,,,
corridor_policy,UAM-18,29.5,30.0,R,,,
corridor_policy,UAM-18,30.0,30.5,R,,,
corridor_policy,UAM-18,30.5,31.0,R,,,
corridor_policy,UAM-18,31.0,31.5,R,,,
corridor_policy,UAM-18,31.5,32.0,R,,,
corridor_policy,UAM-18,32.0,32.5,R,,,
corridor_policy,UAM-18,32.5,33.0,R,,,
corridor_policy,UAM-18,33.0,33.5,R,,,
corridor_policy,UAM-18,33.5,34.0,R,,,
corridor_policy,UAM-18,34.0,34.5,R,,,
corridor_policy,UAM-18,34.5,35.0,R,,,
corridor_policy,UAM-18,35.0,35.5,R,,,
corridor_policy,UAM-18,35.5,36.0,R,,,
corridor_policy,UAM-18,36.0,36.5,R,,,
corridor_policy,UAM-18,36.5,37.0,C,,,
corridor_policy,UAM-18,37.0,37.5,C,,,
corridor_policy,UAM-18,37.5,38.0,R,,,
corridor_policy,UAM-18,38.0,38.5,R,,,
corridor_policy,UAM-18,38.5,39.0,R,,,
corridor_policy,UAM-18,39.0,39.5,R,,,
corridor_policy,UAM-18,39.5,40.0,R,,,
corridor_policy,UAM-18,40.0,40.5,R,,,
corridor_policy,UAM-18,40.5,41.0,R,,,
corridor_policy,UAM-18,41.0,41.5,R,,,
corridor_policy,UAM-18,41.5,42.0,R,,,
corridor_policy,UAM-18,42.0,42.5,R,,,
corridor_policy,UAM-18,42.5,43.0,R,,,
corridor_policy,UAM-18,43.0,43.5,R,,,
corridor_policy,UAM-18,43.5,44.0,R,,,
corridor_policy,UAM-18,44.0,44.5,R,,,
corridor_policy,UAM-18,44.5,45.0,R,,,
corridor_policy,UAM-18,45.0,45.5,C,,,
corridor_policy,UAM-18,45.5,46.0,C,,,
corridor_policy,UAM-18,46.0,46.5,C,,,
corridor_policy,UAM-18,46.5,47.0,C,,,
corridor_policy,UAM-18,47.0,47.5,C,,,
corridor_policy,UAM-18,47.5,48.0,C,,,
corridor_policy,UAM-18,48.0,48.5,C,,,
corridor_policy,UAM-18,48.5,49.0,C,,,
corridor_policy,UAM-18,49.0,49.5,C,,,
corridor_policy,UAM-18,49.5,50.0,C,,,
corridor_policy,UAM-19,0.0,0.5,C,,,
corridor_policy,UAM-19,0.5,1.0,C,,,
corridor_policy,UAM-19,1.0,1.5,C,,,
corridor_policy,UAM-19,1.5,2.0,C,,,
corridor_policy,UAM-19,2.0,2.5,C,,,
corridor_policy,UAM-19,2.5,3.0,C,,,
corridor_policy,UAM-19,3.0,3.5,C,,,
corridor_policy,UAM-19,3.5,4.0,C,,,
corridor_policy,UAM-19,4.0,4.5,C,,,
corridor_policy,UAM-19,4.5,5.0,C,,,
corridor_policy,UAM-19,5.0,5.5,C,,,
corridor_policy,UAM-19,5.5,6.0,C,,,
corridor_policy,UAM-19,6.0,6.5,C,,,
corridor_policy,UAM-19,6.5,7.0,C,,,
corridor_policy,UAM-19,7.0,7.5,C,,,
corridor_policy,UAM-19,7.5,8.0,C,,,
corridor_policy,UAM-19,8.0,8.5,C,,,
corridor_policy,UAM-19,8.5,9.0,C,,,
corridor_policy,UAM-19,9.0,9.5,C,,,
corridor_policy,UAM-19,9.5,10.0,R,,,
corridor_policy,UAM-19,10.0,10.5,C,,,
corridor_policy,UAM-19,10.5,11.0,R,,,
corridor_policy,UAM-19,11.0,11.5,C,,,
corridor_policy,UAM-19,11.5,12.0,C,,,
corridor_policy,UAM-19,12.0,12.5,C,,,
corridor_policy,UAM-19,12.5,13.0,C,,,
corridor_policy,UAM-19,13.0,13.5,C,,,
corridor_policy,UAM-19,13.5,14.0,C,,,
corridor_policy,UAM-19,14.0,14.5,C,,,
corridor_policy,UAM-19,14.5,15.0,C,,,
corridor_policy,UAM-19,15.0,15.5,C,,,
corridor_policy,UAM-19,15.5,16.0,C,,,
corridor_policy,UAM-19,16.0,16.5,C,,,
corridor_policy,UAM-19,16.5,17.0,C,,,
corridor_policy,UAM-19,17.0,17.5,C,,,
corridor_policy,UAM-19,17.5,18.0,C,,,
corridor_policy,UAM-19,18.0,18.5,C,,,
corridor_policy,UAM-19,18.5,19.0,C,,,
corridor_policy,UAM-19,19.0,19.5,C,,,
corridor_policy,UAM-19,19.5,20.0,C,,,
corridor_policy,UAM-19,20.0,20.5,C,,,
corridor_policy,UAM-19,20.5,21.0,C,,,
corridor_policy,UAM-19,21.0,21.5,C,,,
corridor_policy,UAM-19,21.5,22.0,C,,,
corridor_policy,UAM-19,22.0,22.5,C,,,
corridor_policy,UAM-19,22.5,23.0,C,,,
corridor_policy,UAM-19,23.0,23.5,C,,,
corridor_policy,UAM-19,23.5,24.0,C,,,
corridor_policy,UAM-19,24.0,24.5,C,,,
corridor_policy,UAM-19,24.5,25.0,R,,,
corridor_policy,UAM-19,25.0,25.5,R,,,
corridor_policy,UAM-19,25.5,26.0,R,,,
corridor_policy,UAM-19,26.0,26.5,R,,,
corridor_policy,UAM-19,26.5,27.0,F,,,
corridor_policy,UAM-19,27.0,27.5,R,,,
corridor_policy,UAM-19,27.5,28.0,R,,,
corridor_policy,UAM-19,28.0,28.5,R,,,
corridor_policy,UAM-19,28.5,29.0,R,,,
corridor_policy,UAM-19,29.0,29.5,R,,,
corridor_policy,UAM-19,29.5,30.0,R,,,
corridor_policy,UAM-19,30.0,30.5,R,,,
corridor_policy,UAM-19,30.5,31.0,F,,,
corridor_policy,UAM-19,31.0,31.5,R,,,
corridor_policy,UAM-19,31.5,32.0,R,,,
corridor_policy,UAM-19,32.0,32.5,R,,,
corridor_policy,UAM-19,32.5,33.0,R,,,
corridor_policy,UAM-19,33.0,33.5,R,,,
corridor_policy,UAM-19,33.5,34.0,R,,,
corridor_policy,UAM-19,34.0,34.5,R,,,
corridor_policy,UAM-19,34.5,35.0,R,,,
corridor_policy,UAM-19,35.0,35.5,R,,,
corridor_policy,UAM-19,35.5,36.0,R,,,
corridor_policy,UAM-19,36.0,36.5,R,,,
corridor_policy,UAM-19,36.5,37.0,C,,,
corridor_policy,UAM-19,37.0,37.5,C,,,
corridor_policy,UAM-19,37.5,38.0,R,,,
corridor_policy,UAM-19,38.0,38.5,R,,,
corridor_policy,UAM-19,38.5,39.0,R,,,
corridor_policy,UAM-19,39.0,39.5,R,,,
corridor_policy,UAM-19,39.5,40.0,R,,,
corridor_policy,UAM-19,40.0,40.5,R,,,
corridor_policy,UAM-19,40.5,41.0,R,,,
corridor_policy,UAM-19,41.0,41.5,R,,,
corridor_policy,UAM-19,41.5,42.0,R,,,
corridor_policy,UAM-19,42.0,42.5,R,,,
corridor_policy,UAM-19,42.5,43.0,R,,,
corridor_policy,UAM-19,43.0,43.5,R,,,
corridor_policy,UAM-19,43.5,44.0,R,,,
corridor_policy,UAM-19,44.0,44.5,R,,,
corridor_policy,UAM-19,44.5,45.0,R,,,
corridor_policy,UAM-19,45.0,45.5,C,,,
corridor_policy,UAM-19,45.5,46.0,C,,,
corridor_policy,UAM-19,46.0,46.5,C,,,
corridor_policy,UAM-19,46.5,47.0,C,,,
corridor_policy,UAM-19,47.0,47.5,C,,,
corridor_policy,UAM-19,47.5,48.0,C,,,
corridor_policy,UAM-19,48.0,48.5,C,,,
corridor_policy,UAM-19,48.5,49.0,C,,,
corridor_policy,UAM-19,49.0,49.5,C,,,
corridor_policy,UAM-19,49.5,50.0,C,,,
corridor_policy,UAM-20,0.0,0.5,C,,,
corridor_policy,UAM-20,0.5,1.0,C,,,
corridor_policy,UAM-20,1.0,1.5,C,,,
corridor_policy,UAM-20,1.5,2.0,C,,,
corridor_policy,UAM-20,2.0,2.5,C,,,
corridor_policy,UAM-20,2.5,3.0,C,,,
corridor_policy,UAM-20,3.0,3.5,C,,,
corridor_policy,UAM-20,3.5,4.0,C,,,
corridor_policy,UAM-20,4.0,4.5,C,,,
corridor_policy,UAM-20,4.5,5.0,C,,,
corridor_policy,UAM-20,5.0,5.5,C,,,
corridor_policy,UAM-20,5.5,6.0,C,,,
corridor_policy,UAM-20,6.0,6.5,C,,,
corridor_policy,UAM-20,6.5,7.0,C,,,
corridor_policy,UAM-20,7.0,7.5,C,,,
corridor_policy,UAM-20,7.5,8.0,C,,,
corridor_policy,UAM-20,8.0,8.5,C,,,
corridor_policy,UAM-20,8.5,9.0,C,,,
corridor_policy,UAM-20,9.0,9.5,R,,,
corridor_policy,UAM-20,9.5,10.0,C,,,
corridor_policy,UAM-20,10.0,10.5,C,,,
corridor_policy,UAM-20,10.5,11.0,C,,,
corridor_policy,UAM-20,11.0,11.5,C,,,
corridor_policy,UAM-20,11.5,12.0,C,,,
corridor_policy,UAM-20,12.0,12.5,R,,,
corridor_policy,UAM-20,12.5,13.0,R,,,
corridor_policy,UAM-20,13.0,13.5,C,,,
corridor_policy,UAM-20,13.5,14.0,C,,,
corridor_policy,UAM-20,14.0,14.5,C,,,
corridor_policy,UAM-20,14.5,15.0,C,,,
corridor_policy,UAM-20,15.0,15.5,C,,,
corridor_policy,UAM-20,15.5,16.0,C,,,
corridor_policy,UAM-20,16.0,16.5,C,,,
corridor_policy,UAM-20,16.5,17.0,C,,,
corridor_policy,UAM-20,17.0,17.5,C,,,
corridor_policy,UAM-20,17.5,18.0,C,,,
corridor_policy,UAM-20,18.0,18.5,C,,,
corridor_policy,UAM-20,18.5,19.0,C,,,
corridor_policy,UAM-20,19.0,19.5,C,,,
corridor_policy,UAM-20,19.5,20.0,C,,,
corridor_policy,UAM-20,20.0,20.5,C,,,
corridor_policy,UAM-20,20.5,21.0,C,,,
corridor_policy,UAM-20,21.0,21.5,C,,,
corridor_policy,UAM-20,21.5,22.0,C,,,
corridor_policy,UAM-20,22.0,22.5,C,,,
corridor_policy,UAM-20,22.5,23.0,C,,,
corridor_policy,UAM-20,23.0,23.5,C,,,
corridor_policy,UAM-20,23.5,24.0,C,,,
corridor_policy,UAM-20,24.0,24.5,C,,,
corridor_policy,UAM-20,24.5,25.0,C,,,
corridor_policy,UAM-20,25.0,25.5,R,,,
corridor_policy,UAM-20,25.5,26.0,R,,,
corridor_policy,UAM-20,26.0,26.5,R,,,
corridor_policy,UAM-20,26.5,27.0,R,,,
corridor_policy,UAM-20,27.0,27.5,R,,,
corridor_policy,UAM-20,27.5,28.0,R,,,
corridor_policy,UAM-20,28.0,28.5,R,,,
corridor_policy,UAM-20,28.5,29.0,R,,,
corridor_policy,UAM-20,29.0,29.5,R,,,
corridor_policy,UAM-20,29.5,30.0,R,,,
corridor_policy,UAM-20,30.0,30.5,R,,,
corridor_policy,UAM-20,30.5,31.0,F,,,
corridor_policy,UAM-20,31.0,31.5,R,,,
corridor_policy,UAM-20,31.5,32.0,R,,,
corridor_policy,UAM-20,32.0,32.5,R,,,
corridor_policy,UAM-20,32.5,33.0,R,,,
corridor_policy,UAM-20,33.0,33.5,R,,,
corridor_policy,UAM-20,33.5,34.0,R,,,
corridor_policy,UAM-20,34.0,34.5,R,,,
corridor_policy,UAM-20,34.5,35.0,R,,,
corridor_policy,UAM-20,35.0,35.5,R,,,
corridor_policy,UAM-20,35.5,36.0,R,,,
corridor_policy,UAM-20,36.0,36.5,R,,,
corridor_policy,UAM-20,36.5,37.0,R,,,
corridor_policy,UAM-20,37.0,37.5,R,,,
corridor_policy,UAM-20,37.5,38.0,R,,,
corridor_policy,UAM-20,38.0,38.5,R,,,
corridor_policy,UAM-20,38.5,39.0,R,,,
corridor_policy,UAM-20,39.0,39.5,R,,,
corridor_policy,UAM-20,39.5,40.0,R,,,
corridor_policy,UAM-20,40.0,40.5,R,,,
corridor_policy,UAM-20,40.5,41.0,R,,,
corridor_policy,UAM-20,41.0,41.5,R,,,
corridor_policy,UAM-20,41.5,42.0,R,,,
corridor_policy,UAM-20,42.0,42.5,R,,,
corridor_policy,UAM-20,42.5,43.0,R,,,
corridor_policy,UAM-20,43.0,43.5,R,,,
corridor_policy,UAM-20,43.5,44.0,R,,,
corridor_policy,UAM-20,44.0,44.5,R,,,
corridor_policy,UAM-20,44.5,45.0,R,,,
corridor_policy,UAM-20,45.0,45.5,C,,,
corridor_policy,UAM-20,45.5,46.0,C,,,
corridor_policy,UAM-20,46.0,46.5,C,,,
corridor_policy,UAM-20,46.5,47.0,C,,,
corridor_policy,UAM-20,47.0,47.5,C,,,
corridor_policy,UAM-20,47.5,48.0,C,,,
corridor_policy,UAM-20,48.0,48.5,C,,,
corridor_policy,UAM-20,48.5,49.0,C,,,
corridor_policy,UAM-20,49.0,49.5,C,,,
corridor_policy,UAM-20,49.5,50.0,C,,,
corridor_policy,UAM-21,0.0,0.5,C,,,
corridor_policy,UAM-21,0.5,1.0,C,,,
corridor_policy,UAM-21,1.0,1.5,C,,,
corridor_policy,UAM-21,1.5,2.0,C,,,
corridor_policy,UAM-21,2.0,2.5,C,,,
corridor_policy,UAM-21,2.5,3.0,C,,,
corridor_policy,UAM-21,3.0,3.5,C,,,
corridor_policy,UAM-21,3.5,4.0,C,,,
corridor_policy,UAM-21,4.0,4.5,C,,,
corridor_policy,UAM-21,4.5,5.0,C,,,
corridor_policy,UAM-21,5.0,5.5,C,,,
corridor_policy,UAM-21,5.5,6.0,C,,,
corridor_policy,UAM-21,6.0,6.5,C,,,
corridor_policy,UAM-21,6.5,7.0,C,,,
corridor_policy,UAM-21,7.0,7.5,C,,,
corridor_policy,UAM-21,7.5,8.0,C,,,
corridor_policy,UAM-21,8.0,8.5,C,,,
corridor_policy,UAM-21,8.5,9.0,C,,,
corridor_policy,UAM-21,9.0,9.5,C,,,
corridor_policy,UAM-21,9.5,10.0,C,,,
corridor_policy,UAM-21,10.0,10.5,C,,,
corridor_policy,UAM-21,10.5,11.0,R,,,
corridor_policy,UAM-21,11.0,11.5,R,,,
corridor_policy,UAM-21,11.5,12.0,C,,,
corridor_policy,UAM-21,12.0,12.5,R,,,
corridor_policy,UAM-21,12.5,13.0,R,,,
corridor_policy,UAM-21,13.0,13.5,C,,,
corridor_policy,UAM-21,13.5,14.0,C,,,
corridor_policy,UAM-21,14.0,14.5,C,,,
corridor_policy,UAM-21,14.5,15.0,C,,,
corridor_policy,UAM-21,15.0,15.5,C,,,
corridor_policy,UAM-21,15.5,16.0,C,,,
corridor_policy,UAM-21,16.0,16.5,C,,,
corridor_policy,UAM-21,16.5,17.0,C,,,
corridor_policy,UAM-21,17.0,17.5,C,,,
corridor_policy,UAM-21,17.5,18.0,C,,,
corridor_policy,UAM-21,18.0,18.5,C,,,
corridor_policy,UAM-21,18.5,19.0,C,,,
corridor_policy,UAM-21,19.0,19.5,C,,,
corridor_policy,UAM-21,19.5,20.0,C,,,
corridor_policy,UAM-21,20.0,20.5,C,,,
corridor_policy,UAM-21,20.5,21.0,C,,,
corridor_policy,UAM-21,21.0,21.5,C,,,
corridor_policy,UAM-21,21.5,22.0,C,,,
corridor_policy,UAM-21,22.0,22.5,C,,,
corridor_policy,UAM-21,22.5,23.0,C,,,
corridor_policy,UAM-21,23.0,23.5,C,,,
corridor_policy,UAM-21,23.5,24.0,C,,,
corridor_policy,UAM-21,24.0,24.5,R,,,
corridor_policy,UAM-21,24.5,25.0,R,,,
corridor_policy,UAM-21,25.0,25.5,R,,,
corridor_policy,UAM-21,25.5,26.0,R,,,
corridor_policy,UAM-21,26.0,26.5,R,,,
corridor_policy,UAM-21,26.5,27.0,F,,,
corridor_policy,UAM-21,27.0,27.5,R,,,
corridor_policy,UAM-21,27.5,28.0,R,,,
corridor_policy,UAM-21,28.0,28.5,R,,,
corridor_policy,UAM-21,28.5,29.0,R,,,
corridor_policy,UAM-21,29.0,29.5,R,,,
corridor_policy,UAM-21,29.5,30.0,R,,,
corridor_policy,UAM-21,30.0,30.5,R,,,
corridor_policy,UAM-21,30.5,31.0,R,,,
corridor_policy,UAM-21,31.0,31.5,R,,,
corridor_policy,UAM-21,31.5,32.0,R,,,
corridor_policy,UAM-21,32.0,32.5,R,,,
corridor_policy,UAM-21,32.5,33.0,R,,,
corridor_policy,UAM-21,33.0,33.5,R,,,
corridor_policy,UAM-21,33.5,34.0,R,,,
corridor_policy,UAM-21,34.0,34.5,R,,,
corridor_policy,UAM-21,34.5,35.0,R,,,
corridor_policy,UAM-21,35.0,35.5,R,,,
corridor_policy,UAM-21,35.5,36.0,R,,,
corridor_policy,UAM-21,36.0,36.5,R,,,
corridor_policy,UAM-21,36.5,37.0,R,,,
corridor_policy,UAM-21,37.0,37.5,R,,,
corridor_policy,UAM-21,37.5,38.0,R,,,
corridor_policy,UAM-21,38.0,38.5,R,,,
corridor_policy,UAM-21,38.5,39.0,R,,,
corridor_policy,UAM-21,39.0,39.5,R,,,
corridor_policy,UAM-21,39.5,40.0,R,,,
corridor_policy,UAM-21,40.0,40.5,R,,,
corridor_policy,UAM-21,40.5,41.0,R,,,
corridor_policy,UAM-21,41.0,41.5,R,,,
corridor_policy,UAM-21,41.5,42.0,R,,,
corridor_policy,UAM-21,42.0,42.5,R,,,
corridor_policy,UAM-21,42.5,43.0,R,,,
corridor_policy,UAM-21,43.0,43.5,R,,,
corridor_policy,UAM-21,43.5,44.0,R,,,
corridor_policy,UAM-21,44.0,44.5,R,,,
corridor_policy,UAM-21,44.5,45.0,R,,,
corridor_policy,UAM-21,45.0,45.5,C,,,
corridor_policy,UAM-21,45.5,46.0,C,,,
corridor_policy,UAM-21,46.0,46.5,C,,,
corridor_policy,UAM-21,46.5,47.0,C,,,
corridor_policy,UAM-21,47.0,47.5,C,,,
corridor_policy,UAM-21,47.5,48.0,C,,,
corridor_policy,UAM-21,48.0,48.5,C,,,
corridor_policy,UAM-21,48.5,49.0,C,,,
corridor_policy,UAM-21,49.0,49.5,C,,,
corridor_policy,UAM-21,49.5,50.0,C,,,
corridor_policy,UAM-22,0.0,0.5,C,,,
corridor_policy,UAM-22,0.5,1.0,C,,,
corridor_policy,UAM-22,1.0,1.5,C,,,
corridor_policy,UAM-22,1.5,2.0,C,,,
corridor_policy,UAM-22,2.0,2.5,C,,,
corridor_policy,UAM-22,2.5,3.0,C,,,
corridor_policy,UAM-22,3.0,3.5,C,,,
corridor_policy,UAM-22,3.5,4.0,C,,,
corridor_policy,UAM-22,4.0,4.5,C,,,
corridor_policy,UAM-22,4.5,5.0,C,,,
corridor_policy,UAM-22,5.0,5.5,C,,,
corridor_policy,UAM-22,5.5,6.0,C,,,
corridor_policy,UAM-22,6.0,6.5,C,,,
corridor_policy,UAM-22,6.5,7.0,C,,,
corridor_policy,UAM-22,7.0,7.5,C,,,
corridor_policy,UAM-22,7.5,8.0,C,,,
corridor_policy,UAM-22,8.0,8.5,C,,,
corridor_policy,UAM-22,8.5,9.0,C,,,
corridor_policy,UAM-22,9.0,9.5,C,,,
corridor_policy,UAM-22,9.5,10.0,R,,,
corridor_policy,UAM-22,10.0,10.5,C,,,
corridor_policy,UAM-22,10.5,11.0,R,,,
corridor_policy,UAM-22,11.0,11.5,R,,,
corridor_policy,UAM-22,11.5,12.0,C,,,
corridor_policy,UAM-22,12.0,12.5,R,,,
corridor_policy,UAM-22,12.5,13.0,C,,,
corridor_policy,UAM-22,13.0,13.5,C,,,
corridor_policy,UAM-22,13.5,14.0,C,,,
corridor_policy,UAM-22,14.0,14.5,C,,,
corridor_policy,UAM-22,14.5,15.0,C,,,
corridor_policy,UAM-22,15.0,15.5,C,,,
corridor_policy,UAM-22,15.5,16.0,C,,,
corridor_policy,UAM-22,16.0,16.5,C,,,
corridor_policy,UAM-22,16.5,17.0,C,,,
corridor_policy,UAM-22,17.0,17.5,C,,,
corridor_policy,UAM-22,17.5,18.0,C,,,
corridor_policy,UAM-22,18.0,18.5,C,,,
corridor_policy,UAM-22,18.5,19.0,C,,,
corridor_policy,UAM-22,19.0,19.5,C,,,
corridor_policy,UAM-22,19.5,20.0,C,,,
corridor_policy,UAM-22,20.0,20.5,C,,,
corridor_policy,UAM-22,20.5,21.0,C,,,
corridor_policy,UAM-22,21.0,21.5,C,,,
corridor_policy,UAM-22,21.5,22.0,C,,,
corridor_policy,UAM-22,22.0,22.5,C,,,
corridor_policy,UAM-22,22.5,23.0,C,,,
corridor_policy,UAM-22,23.0,23.5,C,,,
corridor_policy,UAM-22,23.5,24.0,C,,,
corridor_policy,UAM-22,24.0,24.5,C,,,
corridor_policy,UAM-22,24.5,25.0,C,,,
corridor_policy,UAM-22,25.0,25.5,R,,,
corridor_policy,UAM-22,25.5,26.0,R,,,
corridor_policy,UAM-22,26.0,26.5,R,,,
corridor_policy,UAM-22,26.5,27.0,F,,,
corridor_policy,UAM-22,27.0,27.5,R,,,
corridor_policy,UAM-22,27.5,28.0,R,,,
corridor_policy,UAM-22,28.0,28.5,R,,,
corridor_policy,UAM-22,28.5,29.0,R,,,
corridor_policy,UAM-22,29.0,29.5,R,,,
corridor_policy,UAM-22,29.5,30.0,R,,,
corridor_policy,UAM-22,30.0,30.5,R,,,
corridor_policy,UAM-22,30.5,31.0,F,,,
corridor_policy,UAM-22,31.0,31.5,F,,,
corridor_policy,UAM-22,31.5,32.0,F,,,
corridor_policy,UAM-22,32.0,32.5,R,,,
corridor_policy,UAM-22,32.5,33.0,R,,,
corridor_policy,UAM-22,33.0,33.5,R,,,
corridor_policy,UAM-22,33.5,34.0,R,,,
corridor_policy,UAM-22,34.0,34.5,R,,,
corridor_policy,UAM-22,34.5,35.0,R,,,
corridor_policy,UAM-22,35.0,35.5,R,,,
corridor_policy,UAM-22,35.5,36.0,R,,,
corridor_policy,UAM-22,36.0,36.5,R,,,
corridor_policy,UAM-22,36.5,37.0,R,,,
corridor_policy,UAM-22,37.0,37.5,R,,,
corridor_policy,UAM-22,37.5,38.0,R,,,
corridor_policy,UAM-22,38.0,38.5,R,,,
corridor_policy,UAM-22,38.5,39.0,R,,,
corridor_policy,UAM-22,39.0,39.5,R,,,
corridor_policy,UAM-22,39.5,40.0,R,,,
corridor_policy,UAM-22,40.0,40.5,R,,,
corridor_policy,UAM-22,40.5,41.0,R,,,
corridor_policy,UAM-22,41.0,41.5,R,,,
corridor_policy,UAM-22,41.5,42.0,R,,,
corridor_policy,UAM-22,42.0,42.5,R,,,
corridor_policy,UAM-22,42.5,43.0,R,,,
corridor_policy,UAM-22,43.0,43.5,R,,,
corridor_policy,UAM-22,43.5,44.0,R,,,
corridor_policy,UAM-22,44.0,44.5,R,,,
corridor_policy,UAM-22,44.5,45.0,R,,,
corridor_policy,UAM-22,45.0,45.5,C,,,
corridor_policy,UAM-22,45.5,46.0,C,,,
corridor_policy,UAM-22,46.0,46.5,C,,,
corridor_policy,UAM-22,46.5,47.0,C,,,
corridor_policy,UAM-22,47.0,47.5,C,,,
corridor_policy,UAM-22,47.5,48.0,C,,,
corridor_policy,UAM-22,48.0,48.5,C,,,
corridor_policy,UAM-22,48.5,49.0,C,,,
corridor_policy,UAM-22,49.0,49.5,C,,,
corridor_policy,UAM-22,49.5,50.0,C,,,
corridor_policy,UAM-23,0.0,0.5,C,,,
corridor_policy,UAM-23,0.5,1.0,C,,,
corridor_policy,UAM-23,1.0,1.5,C,,,
corridor_policy,UAM-23,1.5,2.0,C,,,
corridor_policy,UAM-23,2.0,2.5,C,,,
corridor_policy,UAM-23,2.5,3.0,C,,,
corridor_policy,UAM-23,3.0,3.5,C,,,
corridor_policy,UAM-23,3.5,4.0,C,,,
corridor_policy,UAM-23,4.0,4.5,C,,,
corridor_policy,UAM-23,4.5,5.0,C,,,
corridor_policy,UAM-23,5.0,5.5,C,,,
corridor_policy,UAM-23,5.5,6.0,C,,,
corridor_policy,UAM-23,6.0,6.5,C,,,
corridor_policy,UAM-23,6.5,7.0,C,,,
corridor_policy,UAM-23,7.0,7.5,C,,,
corridor_policy,UAM-23,7.5,8.0,C,,,
corridor_policy,UAM-23,8.0,8.5,C,,,
corridor_policy,UAM-23,8.5,9.0,C,,,
corridor_policy,UAM-23,9.0,9.5,R,,,
corridor_policy,UAM-23,9.5,10.0,R,,,
corridor_policy,UAM-23,10.0,10.5,C,,,
corridor_policy,UAM-23,10.5,11.0,R,,,
corridor_policy,UAM-23,11.0,11.5,C,,,
corridor_policy,UAM-23,11.5,12.0,C,,,
corridor_policy,UAM-23,12.0,12.5,R,,,
corridor_policy,UAM-23,12.5,13.0,C,,,
corridor_policy,UAM-23,13.0,13.5,C,,,
corridor_policy,UAM-23,13.5,14.0,C,,,
corridor_policy,UAM-23,14.0,14.5,C,,,
corridor_policy,UAM-23,14.5,15.0,C,,,
corridor_policy,UAM-23,15.0,15.5,C,,,
corridor_policy,UAM-23,15.5,16.0,C,,,
corridor_policy,UAM-23,16.0,16.5,C,,,
corridor_policy,UAM-23,16.5,17.0,C,,,
corridor_policy,UAM-23,17.0,17.5,C,,,
corridor_policy,UAM-23,17.5,18.0,C,,,
corridor_policy,UAM-23,18.0,18.5,C,,,
corridor_policy,UAM-23,18.5,19.0,C,,,
corridor_policy,UAM-23,19.0,19.5,C,,,
corridor_policy,UAM-23,19.5,20.0,C,,,
corridor_policy,UAM-23,20.0,20.5,C,,,
corridor_policy,UAM-23,20.5,21.0,C,,,
corridor_policy,UAM-23,21.0,21.5,C,,,
corridor_policy,UAM-23,21.5,22.0,C,,,
corridor_policy,UAM-23,22.0,22.5,C,,,
corridor_policy,UAM-23,22.5,23.0,C,,,
corridor_policy,UAM-23,23.0,23.5,C,,,
corridor_policy,UAM-23,23.5,24.0,C,,,
corridor_policy,UAM-23,24.0,24.5,C,,,
corridor_policy,UAM-23,24.5,25.0,C,,,
corridor_policy,UAM-23,25.0,25.5,R,,,
corridor_policy,UAM-23,25.5,26.0,R,,,
corridor_policy,UAM-23,26.0,26.5,R,,,
corridor_policy,UAM-23,26.5,27.0,F,,,
corridor_policy,UAM-23,27.0,27.5,F,,,
corridor_policy,UAM-23,27.5,28.0,R,,,
corridor_policy,UAM-23,28.0,28.5,R,,,
corridor_policy,UAM-23,28.5,29.0,R,,,
corridor_policy,UAM-23,29.0,29.5,R,,,
corridor_policy,UAM-23,29.5,30.0,R,,,
corridor_policy,UAM-23,30.0,30.5,R,,,
corridor_policy,UAM-23,30.5,31.0,R,,,
corridor_policy,UAM-23,31.0,31.5,F,,,
corridor_policy,UAM-23,31.5,32.0,R,,,
corridor_policy,UAM-23,32.0,32.5,R,,,
corridor_policy,UAM-23,32.5,33.0,R,,,
corridor_policy,UAM-23,33.0,33.5,R,,,
corridor_policy,UAM-23,33.5,34.0,R,,,
corridor_policy,UAM-23,34.0,34.5,R,,,
corridor_policy,UAM-23,34.5,35.0,R,,,
corridor_policy,UAM-23,35.0,35.5,R,,,
corridor_policy,UAM-23,35.5,36.0,R,,,
corridor_policy,UAM-23,36.0,36.5,R,,,
corridor_policy,UAM-23,36.5,37.0,R,,,
corridor_policy,UAM-23,37.0,37.5,R,,,
corridor_policy,UAM-23,37.5,38.0,R,,,
corridor_policy,UAM-23,38.0,38.5,R,,,
corridor_policy,UAM-23,38.5,39.0,R,,,
corridor_policy,UAM-23,39.0,39.5,R,,,
corridor_policy,UAM-23,39.5,40.0,R,,,
corridor_policy,UAM-23,40.0,40.5,R,,,
corridor_policy,UAM-23,40.5,41.0,R,,,
corridor_policy,UAM-23,41.0,41.5,R,,,
corridor_policy,UAM-23,41.5,42.0,R,,,
corridor_policy,UAM-23,42.0,42.5,R,,,
corridor_policy,UAM-23,42.5,43.0,R,,,
corridor_policy,UAM-23,43.0,43.5,R,,,
corridor_policy,UAM-23,43.5,44.0,R,,,
corridor_policy,UAM-23,44.0,44.5,R,,,
corridor_policy,UAM-23,44.5,45.0,R,,,
corridor_policy,UAM-23,45.0,45.5,C,,,
corridor_policy,UAM-23,45.5,46.0,C,,,
corridor_policy,UAM-23,46.0,46.5,C,,,
corridor_policy,UAM-23,46.5,47.0,C,,,
corridor_policy,UAM-23,47.0,47.5,C,,,
corridor_policy,UAM-23,47.5,48.0,C,,,
corridor_policy,UAM-23,48.0,48.5,C,,,
corridor_policy,UAM-23,48.5,49.0,C,,,
corridor_policy,UAM-23,49.0,49.5,C,,,
corridor_policy,UAM-23,49.5,50.0,C,,,
corridor_policy,UAM-24,0.0,0.5,C,,,
corridor_policy,UAM-24,0.5,1.0,C,,,
corridor_policy,UAM-24,1.0,1.5,C,,,
corridor_policy,UAM-24,1.5,2.0,C,,,
corridor_policy,UAM-24,2.0,2.5,C,,,
corridor_policy,UAM-24,2.5,3.0,C,,,
corridor_policy,UAM-24,3.0,3.5,C,,,
corridor_policy,UAM-24,3.5,4.0,C,,,
corridor_policy,UAM-24,4.0,4.5,C,,,
corridor_policy,UAM-24,4.5,5.0,C,,,
corridor_policy,UAM-24,5.0,5.5,C,,,
corridor_policy,UAM-24,5.5,6.0,C,,,
corridor_policy,UAM-24,6.0,6.5,C,,,
corridor_policy,UAM-24,6.5,7.0,C,,,
corridor_policy,UAM-24,7.0,7.5,C,,,
corridor_policy,UAM-24,7.5,8.0,C,,,
corridor_policy,UAM-24,8.0,8.5,C,,,
corridor_policy,UAM-24,8.5,9.0,C,,,
corridor_policy,UAM-24,9.0,9.5,R,,,
corridor_policy,UAM-24,9.5,10.0,R,,,
corridor_policy,UAM-24,10.0,10.5,C,,,
corridor_policy,UAM-24,10.5,11.0,R,,,
corridor_policy,UAM-24,11.0,11.5,C,,,
corridor_policy,UAM-24,11.5,12.0,C,,,
corridor_policy,UAM-24,12.0,12.5,R,,,
corridor_policy,UAM-24,12.5,13.0,R,,,
corridor_policy,UAM-24,13.0,13.5,C,,,
corridor_policy,UAM-24,13.5,14.0,C,,,
corridor_policy,UAM-24,14.0,14.5,C,,,
corridor_policy,UAM-24,14.5,15.0,C,,,
corridor_policy,UAM-24,15.0,15.5,C,,,
corridor_policy,UAM-24,15.5,16.0,C,,,
corridor_policy,UAM-24,16.0,16.5,C,,,
corridor_policy,UAM-24,16.5,17.0,C,,,
corridor_policy,UAM-24,17.0,17.5,C,,,
corridor_policy,UAM-24,17.5,18.0,C,,,
corridor_policy,UAM-24,18.0,18.5,C,,,
corridor_policy,UAM-24,18.5,19.0,C,,,
corridor_policy,UAM-24,19.0,19.5,C,,,
corridor_policy,UAM-24,19.5,20.0,C,,,
corridor_policy,UAM-24,20.0,20.5,C,,,
corridor_policy,UAM-24,20.5,21.0,C,,,
corridor_policy,UAM-24,21.0,21.5,C,,,
corridor_policy,UAM-24,21.5,22.0,C,,,
corridor_policy,UAM-24,22.0,22.5,C,,,
corridor_policy,UAM-24,22.5,23.0,C,,,
corridor_policy,UAM-24,23.0,23.5,C,,,
corridor_policy,UAM-24,23.5,24.0,C,,,
corridor_policy,UAM-24,24.0,24.5,R,,,
corridor_policy,UAM-24,24.5,25.0,R,,,
corridor_policy,UAM-24,25.0,25.5,R,,,
corridor_policy,UAM-24,25.5,26.0,R,,,
corridor_policy,UAM-24,26.0,26.5,R,,,
corridor_policy,UAM-24,26.5,27.0,R,,,
corridor_policy,UAM-24,27.0,27.5,R,,,
corridor_policy,UAM-24,27.5,28.0,R,,,
corridor_policy,UAM-24,28.0,28.5,R,,,
corridor_policy,UAM-24,28.5,29.0,R,,,
corridor_policy,UAM-24,29.0,29.5,R,,,
corridor_policy,UAM-24,29.5,30.0,R,,,
corridor_policy,UAM-24,30.0,30.5,R,,,
corridor_policy,UAM-24,30.5,31.0,R,,,
corridor_policy,UAM-24,31.0,31.5,R,,,
corridor_policy,UAM-24,31.5,32.0,R,,,
corridor_policy,UAM-24,32.0,32.5,R,,,
corridor_policy,UAM-24,32.5,33.0,R,,,
corridor_policy,UAM-24,33.0,33.5,R,,,
corridor_policy,UAM-24,33.5,34.0,R,,,
corridor_policy,UAM-24,34.0,34.5,R,,,
corridor_policy,UAM-24,34.5,35.0,R,,,
corridor_policy,UAM-24,35.0,35.5,R,,,
corridor_policy,UAM-24,35.5,36.0,R,,,
corridor_policy,UAM-24,36.0,36.5,R,,,
corridor_policy,UAM-24,36.5,37.0,R,,,
corridor_policy,UAM-24,37.0,37.5,R,,,
corridor_policy,UAM-24,37.5,38.0,R,,,
corridor_policy,UAM-24,38.0,38.5,R,,,
corridor_policy,UAM-24,38.5,39.0,R,,,
corridor_policy,UAM-24,39.0,39.5,R,,,
corridor_policy,UAM-24,39.5,40.0,R,,,
corridor_policy,UAM-24,40.0,40.5,R,,,
corridor_policy,UAM-24,40.5,41.0,R,,,
corridor_policy,UAM-24,41.0,41.5,R,,,
corridor_policy,UAM-24,41.5,42.0,R,,,
corridor_policy,UAM-24,42.0,42.5,R,,,
corridor_policy,UAM-24,42.5,43.0,R,,,
corridor_policy,UAM-24,43.0,43.5,R,,,
corridor_policy,UAM-24,43.5,44.0,R,,,
corridor_policy,UAM-24,44.0,44.5,R,,,
corridor_policy,UAM-24,44.5,45.0,R,,,
corridor_policy,UAM-24,45.0,45.5,C,,,
corridor_policy,UAM-24,45.5,46.0,C,,,
corridor_policy,UAM-24,46.0,46.5,C,,,
corridor_policy,UAM-24,46.5,47.0,C,,,
corridor_policy,UAM-24,47.0,47.5,C,,,
corridor_policy,UAM-24,47.5,48.0,C,,,
corridor_policy,UAM-24,48.0,48.5,C,,,
corridor_policy,UAM-24,48.5,49.0,C,,,
corridor_policy,UAM-24,49.0,49.5,C,,,
corridor_policy,UAM-24,49.5,50.0,C,,,
corridor_policy,UAM-25,0.0,0.5,C,,,
corridor_policy,UAM-25,0.5,1.0,C,,,
corridor_policy,UAM-25,1.0,1.5,C,,,
corridor_policy,UAM-25,1.5,2.0,C,,,
corridor_policy,UAM-25,2.0,2.5,C,,,
corridor_policy,UAM-25,2.5,3.0,C,,,
corridor_policy,UAM-25,3.0,3.5,C,,,
corridor_policy,UAM-25,3.5,4.0,C,,,
corridor_policy,UAM-25,4.0,4.5,C,,,
corridor_policy,UAM-25,4.5,5.0,C,,,
corridor_policy,UAM-25,5.0,5.5,C,,,
corridor_policy,UAM-25,5.5,6.0,C,,,
corridor_policy,UAM-25,6.0,6.5,C,,,
corridor_policy,UAM-25,6.5,7.0,C,,,
corridor_policy,UAM-25,7.0,7.5,C,,,
corridor_policy,UAM-25,7.5,8.0,C,,,
corridor_policy,UAM-25,8.0,8.5,C,,,
corridor_policy,UAM-25,8.5,9.0,C,,,
corridor_policy,UAM-25,9.0,9.5,R,,,
corridor_policy,UAM-25,9.5,10.0,C,,,
corridor_policy,UAM-25,10.0,10.5,C,,,
corridor_policy,UAM-25,10.5,11.0,R,,,
corridor_policy,UAM-25,11.0,11.5,R,,,
corridor_policy,UAM-25,11.5,12.0,C,,,
corridor_policy,UAM-25,12.0,12.5,C,,,
corridor_policy,UAM-25,12.5,13.0,R,,,
corridor_policy,UAM-25,13.0,13.5,R,,,
corridor_policy,UAM-25,13.5,14.0,C,,,
corridor_policy,UAM-25,14.0,14.5,C,,,
corridor_policy,UAM-25,14.5,15.0,C,,,
corridor_policy,UAM-25,15.0,15.5,C,,,
corridor_policy,UAM-25,15.5,16.0,C,,,
corridor_policy,UAM-25,16.0,16.5,C,,,
corridor_policy,UAM-25,16.5,17.0,C,,,
corridor_policy,UAM-25,17.0,17.5,C,,,
corridor_policy,UAM-25,17.5,18.0,C,,,
corridor_policy,UAM-25,18.0,18.5,C,,,
corridor_policy,UAM-25,18.5,19.0,C,,,
corridor_policy,UAM-25,19.0,19.5,C,,,
corridor_policy,UAM-25,19.5,20.0,C,,,
corridor_policy,UAM-25,20.0,20.5,C,,,
corridor_policy,UAM-25,20.5,21.0,C,,,
corridor_policy,UAM-25,21.0,21.5,C,,,
corridor_policy,UAM-25,21.5,22.0,C,,,
corridor_policy,UAM-25,22.0,22.5,C,,,
corridor_policy,UAM-25,22.5,23.0,C,,,
corridor_policy,UAM-25,23.0,23.5,C,,,
corridor_policy,UAM-25,23.5,24.0,C,,,
corridor_policy,UAM-25,24.0,24.5,C,,,
corridor_policy,UAM-25,24.5,25.0,C,,,
corridor_policy,UAM-25,25.0,25.5,R,,,
corridor_policy,UAM-25,25.5,26.0,R,,,
corridor_policy,UAM-25,26.0,26.5,R,,,
corridor_policy,UAM-25,26.5,27.0,R,,,
corridor_policy,UAM-25,27.0,27.5,R,,,
corridor_policy,UAM-25,27.5,28.0,R,,,
corridor_policy,UAM-25,28.0,28.5,R,,,
corridor_policy,UAM-25,28.5,29.0,R,,,
corridor_policy,UAM-25,29.0,29.5,R,,,
corridor_policy,UAM-25,29.5,30.0,R,,,
corridor_policy,UAM-25,30.0,30.5,R,,,
corridor_policy,UAM-25,30.5,31.0,R,,,
corridor_policy,UAM-25,31.0,31.5,R,,,
corridor_policy,UAM-25,31.5,32.0,R,,,
corridor_policy,UAM-25,32.0,32.5,R,,,
corridor_policy,UAM-25,32.5,33.0,R,,,
corridor_policy,UAM-25,33.0,33.5,R,,,
corridor_policy,UAM-25,33.5,34.0,R,,,
corridor_policy,UAM-25,34.0,34.5,R,,,
corridor_policy,UAM-25,34.5,35.0,R,,,
corridor_policy,UAM-25,35.0,35.5,R,,,
corridor_policy,UAM-25,35.5,36.0,R,,,
corridor_policy,UAM-25,36.0,36.5,R,,,
corridor_policy,UAM-25,36.5,37.0,R,,,
corridor_policy,UAM-25,37.0,37.5,R,,,
corridor_policy,UAM-25,37.5,38.0,R,,,
corridor_policy,UAM-25,38.0,38.5,R,,,
corridor_policy,UAM-25,38.5,39.0,R,,,
corridor_policy,UAM-25,39.0,39.5,R,,,
corridor_policy,UAM-25,39.5,40.0,R,,,
corridor_policy,UAM-25,40.0,40.5,R,,,
corridor_policy,UAM-25,40.5,41.0,R,,,
corridor_policy,UAM-25,41.0,41.5,R,,,
corridor_policy,UAM-25,41.5,42.0,R,,,
corridor_policy,UAM-25,42.0,42.5,R,,,
corridor_policy,UAM-25,42.5,43.0,R,,,
corridor_policy,UAM-25,43.0,43.5,R,,,
corridor_policy,UAM-25,43.5,44.0,R,,,
corridor_policy,UAM-25,44.0,44.5,R,,,
corridor_policy,UAM-25,44.5,45.0,C,,,
corridor_policy,UAM-25,45.0,45.5,C,,,
corridor_policy,UAM-25,45.5,46.0,C,,,
corridor_policy,UAM-25,46.0,46.5,C,,,
corridor_policy,UAM-25,46.5,47.0,C,,,
corridor_policy,UAM-25,47.0,47.5,C,,,
corridor_policy,UAM-25,47.5,48.0,C,,,
corridor_policy,UAM-25,48.0,48.5,C,,,
corridor_policy,UAM-25,48.5,49.0,C,,,
corridor_policy,UAM-25,49.0,49.5,C,,,
corridor_policy,UAM-25,49.5,50.0,C,,,
corridor_policy,UAM-26,0.0,0.5,C,,,
corridor_policy,UAM-26,0.5,1.0,C,,,
corridor_policy,UAM-26,1.0,1.5,C,,,
corridor_policy,UAM-26,1.5,2.0,C,,,
corridor_policy,UAM-26,2.0,2.5,C,,,
corridor_policy,UAM-26,2.5,3.0,C,,,
corridor_policy,UAM-26,3.0,3.5,C,,,
corridor_policy,UAM-26,3.5,4.0,C,,,
corridor_policy,UAM-26,4.0,4.5,C,,,
corridor_policy,UAM-26,4.5,5.0,C,,,
corridor_policy,UAM-26,5.0,5.5,C,,,
corridor_policy,UAM-26,5.5,6.0,C,,,
corridor_policy,UAM-26,6.0,6.5,C,,,
corridor_policy,UAM-26,6.5,7.0,C,,,
corridor_policy,UAM-26,7.0,7.5,C,,,
corridor_policy,UAM-26,7.5,8.0,C,,,
corridor_policy,UAM-26,8.0,8.5,C,,,
corridor_policy,UAM-26,8.5,9.0,C,,,
corridor_policy,UAM-26,9.0,9.5,R,,,
corridor_policy,UAM-26,9.5,10.0,R,,,
corridor_policy,UAM-26,10.0,10.5,C,,,
corridor_policy,UAM-26,10.5,11.0,R,,,
corridor_policy,UAM-26,11.0,11.5,R,,,
corridor_policy,UAM-26,11.5,12.0,R,,,
corridor_policy,UAM-26,12.0,12.5,R,,,
corridor_policy,UAM-26,12.5,13.0,R,,,
corridor_policy,UAM-26,13.0,13.5,C,,,
corridor_policy,UAM-26,13.5,14.0,C,,,
corridor_policy,UAM-26,14.0,14.5,C,,,
corridor_policy,UAM-26,14.5,15.0,C,,,
corridor_policy,UAM-26,15.0,15.5,C,,,
corridor_policy,UAM-26,15.5,16.0,C,,,
corridor_policy,UAM-26,16.0,16.5,C,,,
corridor_policy,UAM-26,16.5,17.0,C,,,
corridor_policy,UAM-26,17.0,17.5,C,,,
corridor_policy,UAM-26,17.5,18.0,C,,,
corridor_policy,UAM-26,18.0,18.5,C,,,
corridor_policy,UAM-26,18.5,19.0,C,,,
corridor_policy,UAM-26,19.0,19.5,C,,,
corridor_policy,UAM-26,19.5,20.0,C,,,
corridor_policy,UAM-26,20.0,20.5,C,,,
corridor_policy,UAM-26,20.5,21.0,C,,,
corridor_policy,UAM-26,21.0,21.5,C,,,
corridor_policy,UAM-26,21.5,22.0,C,,,
corridor_policy,UAM-26,22.0,22.5,C,,,
corridor_policy,UAM-26,22.5,23.0,C,,,
corridor_policy,UAM-26,23.0,23.5,C,,,
corridor_policy,UAM-26,23.5,24.0,C,,,
corridor_policy,UAM-26,24.0,24.5,C,,,
corridor_policy,UAM-26,24.5,25.0,C,,,
corridor_policy,UAM-26,25.0,25.5,C,,,
corridor_policy,UAM-26,25.5,26.0,R,,,
corridor_policy,UAM-26,26.0,26.5,R,,,
corridor_policy,UAM-26,26.5,27.0,R,,,
corridor_policy,UAM-26,27.0,27.5,R,,,
corridor_policy,UAM-26,27.5,28.0,R,,,
corridor_policy,UAM-26,28.0,28.5,R,,,
corridor_policy,UAM-26,28.5,29.0,R,,,
corridor_policy,UAM-26,29.0,29.5,R,,,
corridor_policy,UAM-26,29.5,30.0,R,,,
corridor_policy,UAM-26,30.0,30.5,R,,,
corridor_policy,UAM-26,30.5,31.0,R,,,
corridor_policy,UAM-26,31.0,31.5,R,,,
corridor_policy,UAM-26,31.5,32.0,R,,,
corridor_policy,UAM-26,32.0,32.5,R,,,
corridor_policy,UAM-26,32.5,33.0,R,,,
corridor_policy,UAM-26,33.0,33.5,R,,,
corridor_policy,UAM-26,33.5,34.0,R,,,
corridor_policy,UAM-26,34.0,34.5,R,,,
corridor_policy,UAM-26,34.5,35.0,R,,,
corridor_policy,UAM-26,35.0,35.5,R,,,
corridor_policy,UAM-26,35.5,36.0,R,,,
corridor_policy,UAM-26,36.0,36.5,R,,,
corridor_policy,UAM-26,36.5,37.0,R,,,
corridor_policy,UAM-26,37.0,37.5,R,,,
corridor_policy,UAM-26,37.5,38.0,R,,,
corridor_policy,UAM-26,38.0,38.5,R,,,
corridor_policy,UAM-26,38.5,39.0,R,,,
corridor_policy,UAM-26,39.0,39.5,R,,,
corridor_policy,UAM-26,39.5,40.0,R,,,
corridor_policy,UAM-26,40.0,40.5,R,,,
corridor_policy,UAM-26,40.5,41.0,R,,,
corridor_policy,UAM-26,41.0,41.5,R,,,
corridor_policy,UAM-26,41.5,42.0,R,,,
corridor_policy,UAM-26,42.0,42.5,R,,,
corridor_policy,UAM-26,42.5,43.0,R,,,
corridor_policy,UAM-26,43.0,43.5,R,,,
corridor_policy,UAM-26,43.5,44.0,R,,,
corridor_policy,UAM-26,44.0,44.5,R,,,
corridor_policy,UAM-26,44.5,45.0,C,,,
corridor_policy,UAM-26,45.0,45.5,C,,,
corridor_policy,UAM-26,45.5,46.0,C,,,
corridor_policy,UAM-26,46.0,46.5,C,,,
corridor_policy,UAM-26,46.5,47.0,C,,,
corridor_policy,UAM-26,47.0,47.5,C,,,
corridor_policy,UAM-26,47.5,48.0,C,,,
corridor_policy,UAM-26,48.0,48.5,C,,,
corridor_policy,UAM-26,48.5,49.0,C,,,
corridor_policy,UAM-26,49.0,49.5,C,,,
corridor_policy,UAM-26,49.5,50.0,C,,,
corridor_policy,UAM-27,0.0,0.5,C,,,
corridor_policy,UAM-27,0.5,1.0,C,,,
corridor_policy,UAM-27,1.0,1.5,C,,,
corridor_policy,UAM-27,1.5,2.0,C,,,
corridor_policy,UAM-27,2.0,2.5,C,,,
corridor_policy,UAM-27,2.5,3.0,C,,,
corridor_policy,UAM-27,3.0,3.5,C,,,
corridor_policy,UAM-27,3.5,4.0,C,,,
corridor_policy,UAM-27,4.0,4.5,C,,,
corridor_policy,UAM-27,4.5,5.0,C,,,
corridor_policy,UAM-27,5.0,5.5,C,,,
corridor_policy,UAM-27,5.5,6.0,C,,,
corridor_policy,UAM-27,6.0,6.5,C,,,
corridor_policy,UAM-27,6.5,7.0,C,,,
corridor_policy,UAM-27,7.0,7.5,C,,,
corridor_policy,UAM-27,7.5,8.0,C,,,
corridor_policy,UAM-27,8.0,8.5,C,,,
corridor_policy,UAM-27,8.5,9.0,C,,,
corridor_policy,UAM-27,9.0,9.5,C,,,
corridor_policy,UAM-27,9.5,10.0,R,,,
corridor_policy,UAM-27,10.0,10.5,R,,,
corridor_policy,UAM-27,10.5,11.0,R,,,
corridor_policy,UAM-27,11.0,11.5,R,,,
corridor_policy,UAM-27,11.5,12.0,C,,,
corridor_policy,UAM-27,12.0,12.5,R,,,
corridor_policy,UAM-27,12.5,13.0,R,,,
corridor_policy,UAM-27,13.0,13.5,C,,,
corridor_policy,UAM-27,13.5,14.0,C,,,
corridor_policy,UAM-27,14.0,14.5,C,,,
corridor_policy,UAM-27,14.5,15.0,C,,,
corridor_policy,UAM-27,15.0,15.5,C,,,
corridor_policy,UAM-27,15.5,16.0,C,,,
corridor_policy,UAM-27,16.0,16.5,C,,,
corridor_policy,UAM-27,16.5,17.0,C,,,
corridor_policy,UAM-27,17.0,17.5,C,,,
corridor_policy,UAM-27,17.5,18.0,C,,,
corridor_policy,UAM-27,18.0,18.5,C,,,
corridor_policy,UAM-27,18.5,19.0,C,,,
corridor_policy,UAM-27,19.0,19.5,C,,,
corridor_policy,UAM-27,19.5,20.0,C,,,
corridor_policy,UAM-27,20.0,20.5,C,,,
corridor_policy,UAM-27,20.5,21.0,C,,,
corridor_policy,UAM-27,21.0,21.5,C,,,
corridor_policy,UAM-27,21.5,22.0,C,,,
corridor_policy,UAM-27,22.0,22.5,C,,,
corridor_policy,UAM-27,22.5,23.0,C,,,
corridor_policy,UAM-27,23.0,23.5,C,,,
corridor_policy,UAM-27,23.5,24.0,C,,,
corridor_policy,UAM-27,24.0,24.5,C,,,
corridor_policy,UAM-27,24.5,25.0,C,,,
corridor_policy,UAM-27,25.0,25.5,R,,,
corridor_policy,UAM-27,25.5,26.0,R,,,
corridor_policy,UAM-27,26.0,26.5,R,,,
corridor_policy,UAM-27,26.5,27.0,R,,,
corridor_policy,UAM-27,27.0,27.5,R,,,
corridor_policy,UAM-27,27.5,28.0,R,,,
corridor_policy,UAM-27,28.0,28.5,R,,,
corridor_policy,UAM-27,28.5,29.0,R,,,
corridor_policy,UAM-27,29.0,29.5,R,,,
corridor_policy,UAM-27,29.5,30.0,R,,,
corridor_policy,UAM-27,30.0,30.5,R,,,
corridor_policy,UAM-27,30.5,31.0,R,,,
corridor_policy,UAM-27,31.0,31.5,R,,,
corridor_policy,UAM-27,31.5,32.0,R,,,
corridor_policy,UAM-27,32.0,32.5,R,,,
corridor_policy,UAM-27,32.5,33.0,R,,,
corridor_policy,UAM-27,33.0,33.5,R,,,
corridor_policy,UAM-27,33.5,34.0,R,,,
corridor_policy,UAM-27,34.0,34.5,R,,,
corridor_policy,UAM-27,34.5,35.0,R,,,
corridor_policy,UAM-27,35.0,35.5,R,,,
corridor_policy,UAM-27,35.5,36.0,R,,,
corridor_policy,UAM-27,36.0,36.5,R,,,
corridor_policy,UAM-27,36.5,37.0,R,,,
corridor_policy,UAM-27,37.0,37.5,R,,,
corridor_policy,UAM-27,37.5,38.0,R,,,
corridor_policy,UAM-27,38.0,38.5,R,,,
corridor_policy,UAM-27,38.5,39.0,R,,,
corridor_policy,UAM-27,39.0,39.5,R,,,
corridor_policy,UAM-27,39.5,40.0,R,,,
corridor_policy,UAM-27,40.0,40.5,R,,,
corridor_policy,UAM-27,40.5,41.0,R,,,
corridor_policy,UAM-27,41.0,41.5,R,,,
corridor_policy,UAM-27,41.5,42.0,R,,,
corridor_policy,UAM-27,42.0,42.5,R,,,
corridor_policy,UAM-27,42.5,43.0,R,,,
corridor_policy,UAM-27,43.0,43.5,R,,,
corridor_policy,UAM-27,43.5,44.0,R,,,
corridor_policy,UAM-27,44.0,44.5,R,,,
corridor_policy,UAM-27,44.5,45.0,R,,,
corridor_policy,UAM-27,45.0,45.5,C,,,
corridor_policy,UAM-27,45.5,46.0,C,,,
corridor_policy,UAM-27,46.0,46.5,C,,,
corridor_policy,UAM-27,46.5,47.0,C,,,
corridor_policy,UAM-27,47.0,47.5,C,,,
corridor_policy,UAM-27,47.5,48.0,C,,,
corridor_policy,UAM-27,48.0,48.5,C,,,
corridor_policy,UAM-27,48.5,49.0,C,,,
corridor_policy,UAM-27,49.0,49.5,C,,,
corridor_policy,UAM-27,49.5,50.0,C,,,
corridor_policy,UAM-28,0.0,0.5,C,,,
corridor_policy,UAM-28,0.5,1.0,C,,,
corridor_policy,UAM-28,1.0,1.5,C,,,
corridor_policy,UAM-28,1.5,2.0,C,,,
corridor_policy,UAM-28,2.0,2.5,C,,,
corridor_policy,UAM-28,2.5,3.0,C,,,
corridor_policy,UAM-28,3.0,3.5,C,,,
corridor_policy,UAM-28,3.5,4.0,C,,,
corridor_policy,UAM-28,4.0,4.5,C,,,
corridor_policy,UAM-28,4.5,5.0,C,,,
corridor_policy,UAM-28,5.0,5.5,C,,,
corridor_policy,UAM-28,5.5,6.0,C,,,
corridor_policy,UAM-28,6.0,6.5,C,,,
corridor_policy,UAM-28,6.5,7.0,C,,,
corridor_policy,UAM-28,7.0,7.5,C,,,
corridor_policy,UAM-28,7.5,8.0,C,,,
corridor_policy,UAM-28,8.0,8.5,C,,,
corridor_policy,UAM-28,8.5,9.0,C,,,
corridor_policy,UAM-28,9.0,9.5,R,,,
corridor_policy,UAM-28,9.5,10.0,R,,,
corridor_policy,UAM-28,10.0,10.5,C,,,
corridor_policy,UAM-28,10.5,11.0,R,,,
corridor_policy,UAM-28,11.0,11.5,R,,,
corridor_policy,UAM-28,11.5,12.0,C,,,
corridor_policy,UAM-28,12.0,12.5,R,,,
corridor_policy,UAM-28,12.5,13.0,R,,,
corridor_policy,UAM-28,13.0,13.5,C,,,
corridor_policy,UAM-28,13.5,14.0,C,,,
corridor_policy,UAM-28,14.0,14.5,C,,,
corridor_policy,UAM-28,14.5,15.0,C,,,
corridor_policy,UAM-28,15.0,15.5,C,,,
corridor_policy,UAM-28,15.5,16.0,C,,,
corridor_policy,UAM-28,16.0,16.5,C,,,
corridor_policy,UAM-28,16.5,17.0,C,,,
corridor_policy,UAM-28,17.0,17.5,C,,,
corridor_policy,UAM-28,17.5,18.0,C,,,
corridor_policy,UAM-28,18.0,18.5,C,,,
corridor_policy,UAM-28,18.5,19.0,C,,,
corridor_policy,UAM-28,19.0,19.5,C,,,
corridor_policy,UAM-28,19.5,20.0,C,,,
corridor_policy,UAM-28,20.0,20.5,C,,,
corridor_policy,UAM-28,20.5,21.0,C,,,
corridor_policy,UAM-28,21.0,21.5,C,,,
corridor_policy,UAM-28,21.5,22.0,C,,,
corridor_policy,UAM-28,22.0,22.5,C,,,
corridor_policy,UAM-28,22.5,23.0,C,,,
corridor_policy,UAM-28,23.0,23.5,C,,,
corridor_policy,UAM-28,23.5,24.0,C,,,
corridor_policy,UAM-28,24.0,24.5,C,,,
corridor_policy,UAM-28,24.5,25.0,C,,,
corridor_policy,UAM-28,25.0,25.5,R,,,
corridor_policy,UAM-28,25.5,26.0,R,,,
corridor_policy,UAM-28,26.0,26.5,R,,,
corridor_policy,UAM-28,26.5,27.0,R,,,
corridor_policy,UAM-28,27.0,27.5,R,,,
corridor_policy,UAM-28,27.5,28.0,R,,,
corridor_policy,UAM-28,28.0,28.5,R,,,
corridor_policy,UAM-28,28.5,29.0,R,,,
corridor_policy,UAM-28,29.0,29.5,R,,,
corridor_policy,UAM-28,29.5,30.0,R,,,
corridor_policy,UAM-28,30.0,30.5,R,,,
corridor_policy,UAM-28,30.5,31.0,R,,,
corridor_policy,UAM-28,31.0,31.5,R,,,
corridor_policy,UAM-28,31.5,32.0,R,,,
corridor_policy,UAM-28,32.0,32.5,R,,,
corridor_policy,UAM-28,32.5,33.0,R,,,
corridor_policy,UAM-28,33.0,33.5,R,,,
corridor_policy,UAM-28,33.5,34.0,R,,,
corridor_policy,UAM-28,34.0,34.5,R,,,
corridor_policy,UAM-28,34.5,35.0,R,,,
corridor_policy,UAM-28,35.0,35.5,R,,,
corridor_policy,UAM-28,35.5,36.0,R,,,
corridor_policy,UAM-28,36.0,36.5,R,,,
corridor_policy,UAM-28,36.5,37.0,C,,,
corridor_policy,UAM-28,37.0,37.5,C,,,
corridor_policy,UAM-28,37.5,38.0,R,,,
corridor_policy,UAM-28,38.0,38.5,R,,,
corridor_policy,UAM-28,38.5,39.0,R,,,
corridor_policy,UAM-28,39.0,39.5,R,,,
corridor_policy,UAM-28,39.5,40.0,R,,,
corridor_policy,UAM-28,40.0,40.5,R,,,
corridor_policy,UAM-28,40.5,41.0,R,,,
corridor_policy,UAM-28,41.0,41.5,R,,,
corridor_policy,UAM-28,41.5,42.0,R,,,
corridor_policy,UAM-28,42.0,42.5,R,,,
corridor_policy,UAM-28,42.5,43.0,R,,,
corridor_policy,UAM-28,43.0,43.5,R,,,
corridor_policy,UAM-28,43.5,44.0,R,,,
corridor_policy,UAM-28,44.0,44.5,R,,,
corridor_policy,UAM-28,44.5,45.0,C,,,
corridor_policy,UAM-28,45.0,45.5,C,,,
corridor_policy,UAM-28,45.5,46.0,C,,,
corridor_policy,UAM-28,46.0,46.5,C,,,
corridor_policy,UAM-28,46.5,47.0,C,,,
corridor_policy,UAM-28,47.0,47.5,C,,,
corridor_policy,UAM-28,47.5,48.0,C,,,
corridor_policy,UAM-28,48.0,48.5,C,,,
corridor_policy,UAM-28,48.5,49.0,C,,,
corridor_policy,UAM-28,49.0,49.5,C,,,
corridor_policy,UAM-28,49.5,50.0,C,,,
corridor_policy,UAM-29,0.0,0.5,C,,,
corridor_policy,UAM-29,0.5,1.0,C,,,
corridor_policy,UAM-29,1.0,1.5,C,,,
corridor_policy,UAM-29,1.5,2.0,C,,,
corridor_policy,UAM-29,2.0,2.5,C,,,
corridor_policy,UAM-29,2.5,3.0,C,,,
corridor_policy,UAM-29,3.0,3.5,C,,,
corridor_policy,UAM-29,3.5,4.0,C,,,
corridor_policy,UAM-29,4.0,4.5,C,,,
corridor_policy,UAM-29,4.5,5.0,C,,,
corridor_policy,UAM-29,5.0,5.5,C,,,
corridor_policy,UAM-29,5.5,6.0,C,,,
corridor_policy,UAM-29,6.0,6.5,C,,,
corridor_policy,UAM-29,6.5,7.0,C,,,
corridor_policy,UAM-29,7.0,7.5,C,,,
corridor_policy,UAM-29,7.5,8.0,C,,,
corridor_policy,UAM-29,8.0,8.5,C,,,
corridor_policy,UAM-29,8.5,9.0,C,,,
corridor_policy,UAM-29,9.0,9.5,R,,,
corridor_policy,UAM-29,9.5,10.0,R,,,
corridor_policy,UAM-29,10.0,10.5,C,,,
corridor_policy,UAM-29,10.5,11.0,R,,,
corridor_policy,UAM-29,11.0,11.5,R,,,
corridor_policy,UAM-29,11.5,12.0,C,,,
corridor_policy,UAM-29,12.0,12.5,R,,,
corridor_policy,UAM-29,12.5,13.0,R,,,
corridor_policy,UAM-29,13.0,13.5,C,,,
corridor_policy,UAM-29,13.5,14.0,C,,,
corridor_policy,UAM-29,14.0,14.5,C,,,
corridor_policy,UAM-29,14.5,15.0,C,,,
corridor_policy,UAM-29,15.0,15.5,C,,,
corridor_policy,UAM-29,15.5,16.0,C,,,
corridor_policy,UAM-29,16.0,16.5,C,,,
corridor_policy,UAM-29,16.5,17.0,C,,,
corridor_policy,UAM-29,17.0,17.5,C,,,
corridor_policy,UAM-29,17.5,18.0,C,,,
corridor_policy,UAM-29,18.0,18.5,C,,,
corridor_policy,UAM-29,18.5,19.0,C,,,
corridor_policy,UAM-29,19.0,19.5,C,,,
corridor_policy,UAM-29,19.5,20.0,C,,,
corridor_policy,UAM-29,20.0,20.5,C,,,
corridor_policy,UAM-29,20.5,21.0,C,,,
corridor_policy,UAM-29,21.0,21.5,C,,,
corridor_policy,UAM-29,21.5,22.0,C,,,
corridor_policy,UAM-29,22.0,22.5,C,,,
corridor_policy,UAM-29,22.5,23.0,C,,,
corridor_policy,UAM-29,23.0,23.5,C,,,
corridor_policy,UAM-29,23.5,24.0,C,,,
corridor_policy,UAM-29,24.0,24.5,C,,,
corridor_policy,UAM-29,24.5,25.0,C,,,
corridor_policy,UAM-29,25.0,25.5,R,,,
corridor_policy,UAM-29,25.5,26.0,R,,,
corridor_policy,UAM-29,26.0,26.5,R,,,
corridor_policy,UAM-29,26.5,27.0,R,,,
corridor_policy,UAM-29,27.0,27.5,R,,,
corridor_policy,UAM-29,27.5,28.0,R,,,
corridor_policy,UAM-29,28.0,28.5,R,,,
corridor_policy,UAM-29,28.5,29.0,R,,,
corridor_policy,UAM-29,29.0,29.5,R,,,
corridor_policy,UAM-29,29.5,30.0,R,,,
corridor_policy,UAM-29,30.0,30.5,R,,,
corridor_policy,UAM-29,30.5,31.0,R,,,
corridor_policy,UAM-29,31.0,31.5,R,,,
corridor_policy,UAM-29,31.5,32.0,R,,,
corridor_policy,UAM-29,32.0,32.5,R,,,
corridor_policy,UAM-29,32.5,33.0,R,,,
corridor_policy,UAM-29,33.0,33.5,R,,,
corridor_policy,UAM-29,33.5,34.0,R,,,
corridor_policy,UAM-29,34.0,34.5,R,,,
corridor_policy,UAM-29,34.5,35.0,R,,,
corridor_policy,UAM-29,35.0,35.5,R,,,
corridor_policy,UAM-29,35.5,36.0,R,,,
corridor_policy,UAM-29,36.0,36.5,R,,,
corridor_policy,UAM-29,36.5,37.0,R,,,
corridor_policy,UAM-29,37.0,37.5,R,,,
corridor_policy,UAM-29,37.5,38.0,R,,,
corridor_policy,UAM-29,38.0,38.5,R,,,
corridor_policy,UAM-29,38.5,39.0,R,,,
corridor_policy,UAM-29,39.0,39.5,R,,,
corridor_policy,UAM-29,39.5,40.0,R,,,
corridor_policy,UAM-29,40.0,40.5,R,,,
corridor_policy,UAM-29,40.5,41.0,R,,,
corridor_policy,UAM-29,41.0,41.5,R,,,
corridor_policy,UAM-29,41.5,42.0,R,,,
corridor_policy,UAM-29,42.0,42.5,R,,,
corridor_policy,UAM-29,42.5,43.0,R,,,
corridor_policy,UAM-29,43.0,43.5,R,,,
corridor_policy,UAM-29,43.5,44.0,R,,,
corridor_policy,UAM-29,44.0,44.5,R,,,
corridor_policy,UAM-29,44.5,45.0,C,,,
corridor_policy,UAM-29,45.0,45.5,C,,,
corridor_policy,UAM-29,45.5,46.0,C,,,
corridor_policy,UAM-29,46.0,46.5,C,,,
corridor_policy,UAM-29,46.5,47.0,C,,,
corridor_policy,UAM-29,47.0,47.5,C,,,
corridor_policy,UAM-29,47.5,48.0,C,,,
corridor_policy,UAM-29,48.0,48.5,C,,,
corridor_policy,UAM-29,48.5,49.0,C,,,
corridor_policy,UAM-29,49.0,49.5,C,,,
corridor_policy,UAM-29,49.5,50.0,C,,,
corridor_policy,UAM-30,0.0,0.5,C,,,
corridor_policy,UAM-30,0.5,1.0,C,,,
corridor_policy,UAM-30,1.0,1.5,C,,,
corridor_policy,UAM-30,1.5,2.0,C,,,
corridor_policy,UAM-30,2.0,2.5,C,,,
corridor_policy,UAM-30,2.5,3.0,C,,,
corridor_policy,UAM-30,3.0,3.5,C,,,
corridor_policy,UAM-30,3.5,4.0,C,,,
corridor_policy,UAM-30,4.0,4.5,C,,,
corridor_policy,UAM-30,4.5,5.0,C,,,
corridor_policy,UAM-30,5.0,5.5,C,,,
corridor_policy,UAM-30,5.5,6.0,C,,,
corridor_policy,UAM-30,6.0,6.5,C,,,
corridor_policy,UAM-30,6.5,7.0,C,,,
corridor_policy,UAM-30,7.0,7.5,C,,,
corridor_policy,UAM-30,7.5,8.0,C,,,
corridor_policy,UAM-30,8.0,8.5,C,,,
corridor_policy,UAM-30,8.5,9.0,C,,,
corridor_policy,UAM-30,9.0,9.5,R,,,
corridor_policy,UAM-30,9.5,10.0,R,,,
corridor_policy,UAM-30,10.0,10.5,C,,,
corridor_policy,UAM-30,10.5,11.0,R,,,
corridor_policy,UAM-30,11.0,11.5,R,,,
corridor_policy,UAM-30,11.5,12.0,R,,,
corridor_policy,UAM-30,12.0,12.5,R,,,
corridor_policy,UAM-30,12.5,13.0,C,,,
corridor_policy,UAM-30,13.0,13.5,C,,,
corridor_policy,UAM-30,13.5,14.0,C,,,
corridor_policy,UAM-30,14.0,14.5,C,,,
corridor_policy,UAM-30,14.5,15.0,C,,,
corridor_policy,UAM-30,15.0,15.5,C,,,
corridor_policy,UAM-30,15.5,16.0,C,,,
corridor_policy,UAM-30,16.0,16.5,C,,,
corridor_policy,UAM-30,16.5,17.0,C,,,
corridor_policy,UAM-30,17.0,17.5,C,,,
corridor_policy,UAM-30,17.5,18.0,C,,,
corridor_policy,UAM-30,18.0,18.5,C,,,
corridor_policy,UAM-30,18.5,19.0,C,,,
corridor_policy,UAM-30,19.0,19.5,C,,,
corridor_policy,UAM-30,19.5,20.0,C,,,
corridor_policy,UAM-30,20.0,20.5,C,,,
corridor_policy,UAM-30,20.5,21.0,C,,,
corridor_policy,UAM-30,21.0,21.5,C,,,
corridor_policy,UAM-30,21.5,22.0,C,,,
corridor_policy,UAM-30,22.0,22.5,C,,,
corridor_policy,UAM-30,22.5,23.0,C,,,
corridor_policy,UAM-30,23.0,23.5,C,,,
corridor_policy,UAM-30,23.5,24.0,C,,,
corridor_policy,UAM-30,24.0,24.5,C,,,
corridor_policy,UAM-30,24.5,25.0,C,,,
corridor_policy,UAM-30,25.0,25.5,R,,,
corridor_policy,UAM-30,25.5,26.0,R,,,
corridor_policy,UAM-30,26.0,26.5,R,,,
corridor_policy,UAM-30,26.5,27.0,R,,,
corridor_policy,UAM-30,27.0,27.5,R,,,
corridor_policy,UAM-30,27.5,28.0,R,,,
corridor_policy,UAM-30,28.0,28.5,R,,,
corridor_policy,UAM-30,28.5,29.0,R,,,
corridor_policy,UAM-30,29.0,29.5,R,,,
corridor_policy,UAM-30,29.5,30.0,R,,,
corridor_policy,UAM-30,30.0,30.5,R,,,
corridor_policy,UAM-30,30.5,31.0,R,,,
corridor_policy,UAM-30,31.0,31.5,R,,,
corridor_policy,UAM-30,31.5,32.0,R,,,
corridor_policy,UAM-30,32.0,32.5,R,,,
corridor_policy,UAM-30,32.5,33.0,R,,,
corridor_policy,UAM-30,33.0,33.5,R,,,
corridor_policy,UAM-30,33.5,34.0,R,,,
corridor_policy,UAM-30,34.0,34.5,R,,,
corridor_policy,UAM-30,34.5,35.0,R,,,
corridor_policy,UAM-30,35.0,35.5,R,,,
corridor_policy,UAM-30,35.5,36.0,R,,,
corridor_policy,UAM-30,36.0,36.5,R,,,
corridor_policy,UAM-30,36.5,37.0,R,,,
corridor_policy,UAM-30,37.0,37.5,R,,,
corridor_policy,UAM-30,37.5,38.0,R,,,
corridor_policy,UAM-30,38.0,38.5,R,,,
corridor_policy,UAM-30,38.5,39.0,R,,,
corridor_policy,UAM-30,39.0,39.5,R,,,
corridor_policy,UAM-30,39.5,40.0,R,,,
corridor_policy,UAM-30,40.0,40.5,R,,,
corridor_policy,UAM-30,40.5,41.0,R,,,
corridor_policy,UAM-30,41.0,41.5,R,,,
corridor_policy,UAM-30,41.5,42.0,R,,,
corridor_policy,UAM-30,42.0,42.5,R,,,
corridor_policy,UAM-30,42.5,43.0,R,,,
corridor_policy,UAM-30,43.0,43.5,R,,,
corridor_policy,UAM-30,43.5,44.0,R,,,
corridor_policy,UAM-30,44.0,44.5,R,,,
corridor_policy,UAM-30,44.5,45.0,R,,,
corridor_policy,UAM-30,45.0,45.5,C,,,
corridor_policy,UAM-30,45.5,46.0,C,,,
corridor_policy,UAM-30,46.0,46.5,C,,,
corridor_policy,UAM-30,46.5,47.0,C,,,
corridor_policy,UAM-30,47.0,47.5,C,,,
corridor_policy,UAM-30,47.5,48.0,C,,,
corridor_policy,UAM-30,48.0,48.5,C,,,
corridor_policy,UAM-30,48.5,49.0,C,,,
corridor_policy,UAM-30,49.0,49.5,C,,,
corridor_policy,UAM-30,49.5,50.0,C,,,
corridor_policy,UAM-31,0.0,0.5,C,,,
corridor_policy,UAM-31,0.5,1.0,C,,,
corridor_policy,UAM-31,1.0,1.5,C,,,
corridor_policy,UAM-31,1.5,2.0,C,,,
corridor_policy,UAM-31,2.0,2.5,C,,,
corridor_policy,UAM-31,2.5,3.0,C,,,
corridor_policy,UAM-31,3.0,3.5,C,,,
corridor_policy,UAM-31,3.5,4.0,C,,,
corridor_policy,UAM-31,4.0,4.5,C,,,
corridor_policy,UAM-31,4.5,5.0,C,,,
corridor_policy,UAM-31,5.0,5.5,C,,,
corridor_policy,UAM-31,5.5,6.0,C,,,
corridor_policy,UAM-31,6.0,6.5,C,,,
corridor_policy,UAM-31,6.5,7.0,C,,,
corridor_policy,UAM-31,7.0,7.5,C,,,
corridor_policy,UAM-31,7.5,8.0,C,,,
corridor_policy,UAM-31,8.0,8.5,C,,,
corridor_policy,UAM-31,8.5,9.0,C,,,
corridor_policy,UAM-31,9.0,9.5,R,,,
corridor_policy,UAM-31,9.5,10.0,R,,,
corridor_policy,UAM-31,10.0,10.5,R,,,
corridor_policy,UAM-31,10.5,11.0,R,,,
corridor_policy,UAM-31,11.0,11.5,C,,,
corridor_policy,UAM-31,11.5,12.0,C,,,
corridor_policy,UAM-31,12.0,12.5,C,,,
corridor_policy,UAM-31,12.5,13.0,C,,,
corridor_policy,UAM-31,13.0,13.5,C,,,
corridor_policy,UAM-31,13.5,14.0,C,,,
corridor_policy,UAM-31,14.0,14.5,C,,,
corridor_policy,UAM-31,14.5,15.0,C,,,
corridor_policy,UAM-31,15.0,15.5,C,,,
corridor_policy,UAM-31,15.5,16.0,C,,,
corridor_policy,UAM-31,16.0,16.5,C,,,
corridor_policy,UAM-31,16.5,17.0,C,,,
corridor_policy,UAM-31,17.0,17.5,C,,,
corridor_policy,UAM-31,17.5,18.0,C,,,
corridor_policy,UAM-31,18.0,18.5,C,,,
corridor_policy,UAM-31,18.5,19.0,C,,,
corridor_policy,UAM-31,19.0,19.5,C,,,
corridor_policy,UAM-31,19.5,20.0,C,,,
corridor_policy,UAM-31,20.0,20.5,C,,,
corridor_policy,UAM-31,20.5,21.0,C,,,
corridor_policy,UAM-31,21.0,21.5,C,,,
corridor_policy,UAM-31,21.5,22.0,C,,,
corridor_policy,UAM-31,22.0,22.5,C,,,
corridor_policy,UAM-31,22.5,23.0,C,,,
corridor_policy,UAM-31,23.0,23.5,C,,,
corridor_policy,UAM-31,23.5,24.0,C,,,
corridor_policy,UAM-31,24.0,24.5,C,,,
corridor_policy,UAM-31,24.5,25.0,C,,,
corridor_policy,UAM-31,25.0,25.5,R,,,
corridor_policy,UAM-31,25.5,26.0,R,,,
corridor_policy,UAM-31,26.0,26.5,R,,,
corridor_policy,UAM-31,26.5,27.0,R,,,
corridor_policy,UAM-31,27.0,27.5,R,,,
corridor_policy,UAM-31,27.5,28.0,R,,,
corridor_policy,UAM-31,28.0,28.5,R,,,
corridor_policy,UAM-31,28.5,29.0,R,,,
corridor_policy,UAM-31,29.0,29.5,R,,,
corridor_policy,UAM-31,29.5,30.0,R,,,
corridor_policy,UAM-31,30.0,30.5,R,,,
corridor_policy,UAM-31,30.5,31.0,R,,,
corridor_policy,UAM-31,31.0,31.5,R,,,
corridor_policy,UAM-31,31.5,32.0,R,,,
corridor_policy,UAM-31,32.0,32.5,R,,,
corridor_policy,UAM-31,32.5,33.0,R,,,
corridor_policy,UAM-31,33.0,33.5,R,,,
corridor_policy,UAM-31,33.5,34.0,R,,,
corridor_policy,UAM-31,34.0,34.5,R,,,
corridor_policy,UAM-31,34.5,35.0,R,,,
corridor_policy,UAM-31,35.0,35.5,R,,,
corridor_policy,UAM-31,35.5,36.0,R,,,
corridor_policy,UAM-31,36.0,36.5,R,,,
corridor_policy,UAM-31,36.5,37.0,R,,,
corridor_policy,UAM-31,37.0,37.5,R,,,
corridor_policy,UAM-31,37.5,38.0,R,,,
corridor_policy,UAM-31,38.0,38.5,R,,,
corridor_policy,UAM-31,38.5,39.0,R,,,
corridor_policy,UAM-31,39.0,39.5,R,,,
corridor_policy,UAM-31,39.5,40.0,R,,,
corridor_policy,UAM-31,40.0,40.5,R,,,
corridor_policy,UAM-31,40.5,41.0,R,,,
corridor_policy,UAM-31,41.0,41.5,R,,,
corridor_policy,UAM-31,41.5,42.0,R,,,
corridor_policy,UAM-31,42.0,42.5,R,,,
corridor_policy,UAM-31,42.5,43.0,R,,,
corridor_policy,UAM-31,43.0,43.5,R,,,
corridor_policy,UAM-31,43.5,44.0,R,,,
corridor_policy,UAM-31,44.0,44.5,R,,,
corridor_policy,UAM-31,44.5,45.0,R,,,
corridor_policy,UAM-31,45.0,45.5,C,,,
corridor_policy,UAM-31,45.5,46.0,C,,,
corridor_policy,UAM-31,46.0,46.5,C,,,
corridor_policy,UAM-31,46.5,47.0,C,,,
corridor_policy,UAM-31,47.0,47.5,C,,,
corridor_policy,UAM-31,47.5,48.0,C,,,
corridor_policy,UAM-31,48.0,48.5,C,,,
corridor_policy,UAM-31,48.5,49.0,C,,,
corridor_policy,UAM-31,49.0,49.5,C,,,
corridor_policy,UAM-31,49.5,50.0,C,,,
corridor_policy,UAM-32,0.0,0.5,C,,,
corridor_policy,UAM-32,0.5,1.0,C,,,
corridor_policy,UAM-32,1.0,1.5,C,,,
corridor_policy,UAM-32,1.5,2.0,C,,,
corridor_policy,UAM-32,2.0,2.5,C,,,
corridor_policy,UAM-32,2.5,3.0,C,,,
corridor_policy,UAM-32,3.0,3.5,C,,,
corridor_policy,UAM-32,3.5,4.0,C,,,
corridor_policy,UAM-32,4.0,4.5,C,,,
corridor_policy,UAM-32,4.5,5.0,C,,,
corridor_policy,UAM-32,5.0,5.5,C,,,
corridor_policy,UAM-32,5.5,6.0,C,,,
corridor_policy,UAM-32,6.0,6.5,C,,,
corridor_policy,UAM-32,6.5,7.0,C,,,
corridor_policy,UAM-32,7.0,7.5,C,,,
corridor_policy,UAM-32,7.5,8.0,C,,,
corridor_policy,UAM-32,8.0,8.5,C,,,
corridor_policy,UAM-32,8.5,9.0,C,,,
corridor_policy,UAM-32,9.0,9.5,R,,,
corridor_policy,UAM-32,9.5,10.0,C,,,
corridor_policy,UAM-32,10.0,10.5,C,,,
corridor_policy,UAM-32,10.5,11.0,C,,,
corridor_policy,UAM-32,11.0,11.5,C,,,
corridor_policy,UAM-32,11.5,12.0,C,,,
corridor_policy,UAM-32,12.0,12.5,C,,,
corridor_policy,UAM-32,12.5,13.0,C,,,
corridor_policy,UAM-32,13.0,13.5,C,,,
corridor_policy,UAM-32,13.5,14.0,C,,,
corridor_policy,UAM-32,14.0,14.5,C,,,
corridor_policy,UAM-32,14.5,15.0,C,,,
corridor_policy,UAM-32,15.0,15.5,C,,,
corridor_policy,UAM-32,15.5,16.0,C,,,
corridor_policy,UAM-32,16.0,16.5,C,,,
corridor_policy,UAM-32,16.5,17.0,C,,,
corridor_policy,UAM-32,17.0,17.5,C,,,
corridor_policy,UAM-32,17.5,18.0,C,,,
corridor_policy,UAM-32,18.0,18.5,C,,,
corridor_policy,UAM-32,18.5,19.0,C,,,
corridor_policy,UAM-32,19.0,19.5,C,,,
corridor_policy,UAM-32,19.5,20.0,C,,,
corridor_policy,UAM-32,20.0,20.5,C,,,
corridor_policy,UAM-32,20.5,21.0,C,,,
corridor_policy,UAM-32,21.0,21.5,C,,,
corridor_policy,UAM-32,21.5,22.0,C,,,
corridor_policy,UAM-32,22.0,22.5,C,,,
corridor_policy,UAM-32,22.5,23.0,C,,,
corridor_policy,UAM-32,23.0,23.5,C,,,
corridor_policy,UAM-32,23.5,24.0,C,,,
corridor_policy,UAM-32,24.0,24.5,C,,,
corridor_policy,UAM-32,24.5,25.0,C,,,
corridor_policy,UAM-32,25.0,25.5,R,,,
corridor_policy,UAM-32,25.5,26.0,R,,,
corridor_policy,UAM-32,26.0,26.5,R,,,
corridor_policy,UAM-32,26.5,27.0,F,,,
corridor_policy,UAM-32,27.0,27.5,F,,,
corridor_policy,UAM-32,27.5,28.0,R,,,
corridor_policy,UAM-32,28.0,28.5,R,,,
corridor_policy,UAM-32,28.5,29.0,R,,,
corridor_policy,UAM-32,29.0,29.5,R,,,
corridor_policy,UAM-32,29.5,30.0,R,,,
corridor_policy,UAM-32,30.0,30.5,R,,,
corridor_policy,UAM-32,30.5,31.0,R,,,
corridor_policy,UAM-32,31.0,31.5,R,,,
corridor_policy,UAM-32,31.5,32.0,R,,,
corridor_policy,UAM-32,32.0,32.5,R,,,
corridor_policy,UAM-32,32.5,33.0,R,,,
corridor_policy,UAM-32,33.0,33.5,R,,,
corridor_policy,UAM-32,33.5,34.0,R,,,
corridor_policy,UAM-32,34.0,34.5,R,,,
corridor_policy,UAM-32,34.5,35.0,R,,,
corridor_policy,UAM-32,35.0,35.5,R,,,
corridor_policy,UAM-32,35.5,36.0,R,,,
corridor_policy,UAM-32,36.0,36.5,R,,,
corridor_policy,UAM-32,36.5,37.0,R,,,
corridor_policy,UAM-32,37.0,37.5,R,,,
corridor_policy,UAM-32,37.5,38.0,R,,,
corridor_policy,UAM-32,38.0,38.5,R,,,
corridor_policy,UAM-32,38.5,39.0,R,,,
corridor_policy,UAM-32,39.0,39.5,R,,,
corridor_policy,UAM-32,39.5,40.0,R,,,
corridor_policy,UAM-32,40.0,40.5,R,,,
corridor_policy,UAM-32,40.5,41.0,R,,,
corridor_policy,UAM-32,41.0,41.5,R,,,
corridor_policy,UAM-32,41.5,42.0,R,,,
corridor_policy,UAM-32,42.0,42.5,R,,,
corridor_policy,UAM-32,42.5,43.0,R,,,
corridor_policy,UAM-32,43.0,43.5,R,,,
corridor_policy,UAM-32,43.5,44.0,R,,,
corridor_policy,UAM-32,44.0,44.5,R,,,
corridor_policy,UAM-32,44.5,45.0,R,,,
corridor_policy,UAM-32,45.0,45.5,C,,,
corridor_policy,UAM-32,45.5,46.0,C,,,
corridor_policy,UAM-32,46.0,46.5,C,,,
corridor_policy,UAM-32,46.5,47.0,C,,,
corridor_policy,UAM-32,47.0,47.5,C,,,
corridor_policy,UAM-32,47.5,48.0,C,,,
corridor_policy,UAM-32,48.0,48.5,C,,,
corridor_policy,UAM-32,48.5,49.0,C,,,
corridor_policy,UAM-32,49.0,49.5,C,,,
corridor_policy,UAM-32,49.5,50.0,C,,,
corridor_policy,UAM-33,0.0,0.5,C,,,
corridor_policy,UAM-33,0.5,1.0,C,,,
corridor_policy,UAM-33,1.0,1.5,C,,,
corridor_policy,UAM-33,1.5,2.0,C,,,
corridor_policy,UAM-33,2.0,2.5,C,,,
corridor_policy,UAM-33,2.5,3.0,C,,,
corridor_policy,UAM-33,3.0,3.5,C,,,
corridor_policy,UAM-33,3.5,4.0,C,,,
corridor_policy,UAM-33,4.0,4.5,C,,,
corridor_policy,UAM-33,4.5,5.0,C,,,
corridor_policy,UAM-33,5.0,5.5,C,,,
corridor_policy,UAM-33,5.5,6.0,C,,,
corridor_policy,UAM-33,6.0,6.5,C,,,
corridor_policy,UAM-33,6.5,7.0,C,,,
corridor_policy,UAM-33,7.0,7.5,C,,,
corridor_policy,UAM-33,7.5,8.0,C,,,
corridor_policy,UAM-33,8.0,8.5,C,,,
corridor_policy,UAM-33,8.5,9.0,C,,,
corridor_policy,UAM-33,9.0,9.5,C,,,
corridor_policy,UAM-33,9.5,10.0,C,,,
corridor_policy,UAM-33,10.0,10.5,C,,,
corridor_policy,UAM-33,10.5,11.0,C,,,
corridor_policy,UAM-33,11.0,11.5,C,,,
corridor_policy,UAM-33,11.5,12.0,C,,,
corridor_policy,UAM-33,12.0,12.5,C,,,
corridor_policy,UAM-33,12.5,13.0,C,,,
corridor_policy,UAM-33,13.0,13.5,C,,,
corridor_policy,UAM-33,13.5,14.0,C,,,
corridor_policy,UAM-33,14.0,14.5,C,,,
corridor_policy,UAM-33,14.5,15.0,C,,,
corridor_policy,UAM-33,15.0,15.5,C,,,
corridor_policy,UAM-33,15.5,16.0,C,,,
corridor_policy,UAM-33,16.0,16.5,C,,,
corridor_policy,UAM-33,16.5,17.0,C,,,
corridor_policy,UAM-33,17.0,17.5,C,,,
corridor_policy,UAM-33,17.5,18.0,C,,,
corridor_policy,UAM-33,18.0,18.5,C,,,
corridor_policy,UAM-33,18.5,19.0,C,,,
corridor_policy,UAM-33,19.0,19.5,C,,,
corridor_policy,UAM-33,19.5,20.0,C,,,
corridor_policy,UAM-33,20.0,20.5,C,,,
corridor_policy,UAM-33,20.5,21.0,C,,,
corridor_policy,UAM-33,21.0,21.5,C,,,
corridor_policy,UAM-33,21.5,22.0,C,,,
corridor_policy,UAM-33,22.0,22.5,C,,,
corridor_policy,UAM-33,22.5,23.0,C,,,
corridor_policy,UAM-33,23.0,23.5,C,,,
corridor_policy,UAM-33,23.5,24.0,C,,,
corridor_policy,UAM-33,24.0,24.5,C,,,
corridor_policy,UAM-33,24.5,25.0,C,,,
corridor_policy,UAM-33,25.0,25.5,R,,,
corridor_policy,UAM-33,25.5,26.0,R,,,
corridor_policy,UAM-33,26.0,26.5,R,,,
corridor_policy,UAM-33,26.5,27.0,R,,,
corridor_policy,UAM-33,27.0,27.5,R,,,
corridor_policy,UAM-33,27.5,28.0,R,,,
corridor_policy,UAM-33,28.0,28.5,R,,,
corridor_policy,UAM-33,28.5,29.0,R,,,
corridor_policy,UAM-33,29.0,29.5,R,,,
corridor_policy,UAM-33,29.5,30.0,R,,,
corridor_policy,UAM-33,30.0,30.5,R,,,
corridor_policy,UAM-33,30.5,31.0,R,,,
corridor_policy,UAM-33,31.0,31.5,R,,,
corridor_policy,UAM-33,31.5,32.0,R,,,
corridor_policy,UAM-33,32.0,32.5,R,,,
corridor_policy,UAM-33,32.5,33.0,R,,,
corridor_policy,UAM-33,33.0,33.5,R,,,
corridor_policy,UAM-33,33.5,34.0,R,,,
corridor_policy,UAM-33,34.0,34.5,R,,,
corridor_policy,UAM-33,34.5,35.0,R,,,
corridor_policy,UAM-33,35.0,35.5,R,,,
corridor_policy,UAM-33,35.5,36.0,R,,,
corridor_policy,UAM-33,36.0,36.5,R,,,
corridor_policy,UAM-33,36.5,37.0,R,,,
corridor_policy,UAM-33,37.0,37.5,R,,,
corridor_policy,UAM-33,37.5,38.0,R,,,
corridor_policy,UAM-33,38.0,38.5,R,,,
corridor_policy,UAM-33,38.5,39.0,R,,,
corridor_policy,UAM-33,39.0,39.5,R,,,
corridor_policy,UAM-33,39.5,40.0,R,,,
corridor_policy,UAM-33,40.0,40.5,R,,,
corridor_policy,UAM-33,40.5,41.0,R,,,
corridor_policy,UAM-33,41.0,41.5,R,,,
corridor_policy,UAM-33,41.5,42.0,R,,,
corridor_policy,UAM-33,42.0,42.5,R,,,
corridor_policy,UAM-33,42.5,43.0,R,,,
corridor_policy,UAM-33,43.0,43.5,R,,,
corridor_policy,UAM-33,43.5,44.0,R,,,
corridor_policy,UAM-33,44.0,44.5,R,,,
corridor_policy,UAM-33,44.5,45.0,C,,,
corridor_policy,UAM-33,45.0,45.5,C,,,
corridor_policy,UAM-33,45.5,46.0,C,,,
corridor_policy,UAM-33,46.0,46.5,C,,,
corridor_policy,UAM-33,46.5,47.0,C,,,
corridor_policy,UAM-33,47.0,47.5,C,,,
corridor_policy,UAM-33,47.5,48.0,C,,,
corridor_policy,UAM-33,48.0,48.5,C,,,
corridor_policy,UAM-33,48.5,49.0,C,,,
corridor_policy,UAM-33,49.0,49.5,C,,,
corridor_policy,UAM-33,49.5,50.0,C,,,
corridor_policy,UAM-34,0.0,0.5,C,,,
corridor_policy,UAM-34,0.5,1.0,C,,,
corridor_policy,UAM-34,1.0,1.5,C,,,
corridor_policy,UAM-34,1.5,2.0,C,,,
corridor_policy,UAM-34,2.0,2.5,C,,,
corridor_policy,UAM-34,2.5,3.0,C,,,
corridor_policy,UAM-34,3.0,3.5,C,,,
corridor_policy,UAM-34,3.5,4.0,C,,,
corridor_policy,UAM-34,4.0,4.5,C,,,
corridor_policy,UAM-34,4.5,5.0,C,,,
corridor_policy,UAM-34,5.0,5.5,C,,,
corridor_policy,UAM-34,5.5,6.0,C,,,
corridor_policy,UAM-34,6.0,6.5,C,,,
corridor_policy,UAM-34,6.5,7.0,C,,,
corridor_policy,UAM-34,7.0,7.5,C,,,
corridor_policy,UAM-34,7.5,8.0,C,,,
corridor_policy,UAM-34,8.0,8.5,C,,,
corridor_policy,UAM-34,8.5,9.0,C,,,
corridor_policy,UAM-34,9.0,9.5,C,,,
corridor_policy,UAM-34,9.5,10.0,C,,,
corridor_policy,UAM-34,10.0,10.5,C,,,
corridor_policy,UAM-34,10.5,11.0,C,,,
corridor_policy,UAM-34,11.0,11.5,C,,,
corridor_policy,UAM-34,11.5,12.0,R,,,
corridor_policy,UAM-34,12.0,12.5,C,,,
corridor_policy,UAM-34,12.5,13.0,C,,,
corridor_policy,UAM-34,13.0,13.5,C,,,
corridor_policy,UAM-34,13.5,14.0,C,,,
corridor_policy,UAM-34,14.0,14.5,C,,,
corridor_policy,UAM-34,14.5,15.0,C,,,
corridor_policy,UAM-34,15.0,15.5,C,,,
corridor_policy,UAM-34,15.5,16.0,C,,,
corridor_policy,UAM-34,16.0,16.5,C,,,
corridor_policy,UAM-34,16.5,17.0,C,,,
corridor_policy,UAM-34,17.0,17.5,C,,,
corridor_policy,UAM-34,17.5,18.0,C,,,
corridor_policy,UAM-34,18.0,18.5,C,,,
corridor_policy,UAM-34,18.5,19.0,C,,,
corridor_policy,UAM-34,19.0,19.5,C,,,
corridor_policy,UAM-34,19.5,20.0,C,,,
corridor_policy,UAM-34,20.0,20.5,C,,,
corridor_policy,UAM-34,20.5,21.0,C,,,
corridor_policy,UAM-34,21.0,21.5,C,,,
corridor_policy,UAM-34,21.5,22.0,C,,,
corridor_policy,UAM-34,22.0,22.5,C,,,
corridor_policy,UAM-34,22.5,23.0,C,,,
corridor_policy,UAM-34,23.0,23.5,C,,,
corridor_policy,UAM-34,23.5,24.0,C,,,
corridor_policy,UAM-34,24.0,24.5,C,,,
corridor_policy,UAM-34,24.5,25.0,C,,,
corridor_policy,UAM-34,25.0,25.5,R,,,
corridor_policy,UAM-34,25.5,26.0,R,,,
corridor_policy,UAM-34,26.0,26.5,R,,,
corridor_policy,UAM-34,26.5,27.0,R,,,
corridor_policy,UAM-34,27.0,27.5,R,,,
corridor_policy,UAM-34,27.5,28.0,R,,,
corridor_policy,UAM-34,28.0,28.5,R,,,
corridor_policy,UAM-34,28.5,29.0,R,,,
corridor_policy,UAM-34,29.0,29.5,R,,,
corridor_policy,UAM-34,29.5,30.0,R,,,
corridor_policy,UAM-34,30.0,30.5,R,,,
corridor_policy,UAM-34,30.5,31.0,R,,,
corridor_policy,UAM-34,31.0,31.5,R,,,
corridor_policy,UAM-34,31.5,32.0,R,,,
corridor_policy,UAM-34,32.0,32.5,R,,,
corridor_policy,UAM-34,32.5,33.0,R,,,
corridor_policy,UAM-34,33.0,33.5,R,,,
corridor_policy,UAM-34,33.5,34.0,R,,,
corridor_policy,UAM-34,34.0,34.5,R,,,
corridor_policy,UAM-34,34.5,35.0,R,,,
corridor_policy,UAM-34,35.0,35.5,R,,,
corridor_policy,UAM-34,35.5,36.0,R,,,
corridor_policy,UAM-34,36.0,36.5,R,,,
corridor_policy,UAM-34,36.5,37.0,R,,,
corridor_policy,UAM-34,37.0,37.5,R,,,
corridor_policy,UAM-34,37.5,38.0,R,,,
corridor_policy,UAM-34,38.0,38.5,R,,,
corridor_policy,UAM-34,38.5,39.0,R,,,
corridor_policy,UAM-34,39.0,39.5,R,,,
corridor_policy,UAM-34,39.5,40.0,R,,,
corridor_policy,UAM-34,40.0,40.5,R,,,
corridor_policy,UAM-34,40.5,41.0,R,,,
corridor_policy,UAM-34,41.0,41.5,R,,,
corridor_policy,UAM-34,41.5,42.0,R,,,
corridor_policy,UAM-34,42.0,42.5,R,,,
corridor_policy,UAM-34,42.5,43.0,R,,,
corridor_policy,UAM-34,43.0,43.5,R,,,
corridor_policy,UAM-34,43.5,44.0,R,,,
corridor_policy,UAM-34,44.0,44.5,R,,,
corridor_policy,UAM-34,44.5,45.0,R,,,
corridor_policy,UAM-34,45.0,45.5,C,,,
corridor_policy,UAM-34,45.5,46.0,C,,,
corridor_policy,UAM-34,46.0,46.5,C,,,
corridor_policy,UAM-34,46.5,47.0,C,,,
corridor_policy,UAM-34,47.0,47.5,C,,,
corridor_policy,UAM-34,47.5,48.0,C,,,
corridor_policy,UAM-34,48.0,48.5,C,,,
corridor_policy,UAM-34,48.5,49.0,C,,,
corridor_policy,UAM-34,49.0,49.5,C,,,
corridor_policy,UAM-34,49.5,50.0,C,,,
corridor_policy,UAM-35,0.0,0.5,C,,,
corridor_policy,UAM-35,0.5,1.0,C,,,
corridor_policy,UAM-35,1.0,1.5,C,,,
corridor_policy,UAM-35,1.5,2.0,C,,,
corridor_policy,UAM-35,2.0,2.5,C,,,
corridor_policy,UAM-35,2.5,3.0,C,,,
corridor_policy,UAM-35,3.0,3.5,C,,,
corridor_policy,UAM-35,3.5,4.0,C,,,
corridor_policy,UAM-35,4.0,4.5,C,,,
corridor_policy,UAM-35,4.5,5.0,C,,,
corridor_policy,UAM-35,5.0,5.5,C,,,
corridor_policy,UAM-35,5.5,6.0,C,,,
corridor_policy,UAM-35,6.0,6.5,C,,,
corridor_policy,UAM-35,6.5,7.0,C,,,
corridor_policy,UAM-35,7.0,7.5,C,,,
corridor_policy,UAM-35,7.5,8.0,C,,,
corridor_policy,UAM-35,8.0,8.5,C,,,
corridor_policy,UAM-35,8.5,9.0,C,,,
corridor_policy,UAM-35,9.0,9.5,C,,,
corridor_policy,UAM-35,9.5,10.0,C,,,
corridor_policy,UAM-35,10.0,10.5,R,,,
corridor_policy,UAM-35,10.5,11.0,R,,,
corridor_policy,UAM-35,11.0,11.5,C,,,
corridor_policy,UAM-35,11.5,12.0,C,,,
corridor_policy,UAM-35,12.0,12.5,R,,,
corridor_policy,UAM-35,12.5,13.0,R,,,
corridor_policy,UAM-35,13.0,13.5,C,,,
corridor_policy,UAM-35,13.5,14.0,C,,,
corridor_policy,UAM-35,14.0,14.5,C,,,
corridor_policy,UAM-35,14.5,15.0,C,,,
corridor_policy,UAM-35,15.0,15.5,C,,,
corridor_policy,UAM-35,15.5,16.0,C,,,
corridor_policy,UAM-35,16.0,16.5,C,,,
corridor_policy,UAM-35,16.5,17.0,C,,,
corridor_policy,UAM-35,17.0,17.5,C,,,
corridor_policy,UAM-35,17.5,18.0,C,,,
corridor_policy,UAM-35,18.0,18.5,C,,,
corridor_policy,UAM-35,18.5,19.0,C,,,
corridor_policy,UAM-35,19.0,19.5,C,,,
corridor_policy,UAM-35,19.5,20.0,C,,,
corridor_policy,UAM-35,20.0,20.5,C,,,
corridor_policy,UAM-35,20.5,21.0,C,,,
corridor_policy,UAM-35,21.0,21.5,C,,,
corridor_policy,UAM-35,21.5,22.0,C,,,
corridor_policy,UAM-35,22.0,22.5,C,,,
corridor_policy,UAM-35,22.5,23.0,C,,,
corridor_policy,UAM-35,23.0,23.5,C,,,
corridor_policy,UAM-35,23.5,24.0,C,,,
corridor_policy,UAM-35,24.0,24.5,C,,,
corridor_policy,UAM-35,24.5,25.0,C,,,
corridor_policy,UAM-35,25.0,25.5,R,,,
corridor_policy,UAM-35,25.5,26.0,R,,,
corridor_policy,UAM-35,26.0,26.5,R,,,
corridor_policy,UAM-35,26.5,27.0,R,,,
corridor_policy,UAM-35,27.0,27.5,R,,,
corridor_policy,UAM-35,27.5,28.0,R,,,
corridor_policy,UAM-35,28.0,28.5,R,,,
corridor_policy,UAM-35,28.5,29.0,R,,,
corridor_policy,UAM-35,29.0,29.5,R,,,
corridor_policy,UAM-35,29.5,30.0,R,,,
corridor_policy,UAM-35,30.0,30.5,R,,,
corridor_policy,UAM-35,30.5,31.0,R,,,
corridor_policy,UAM-35,31.0,31.5,R,,,
corridor_policy,UAM-35,31.5,32.0,R,,,
corridor_policy,UAM-35,32.0,32.5,R,,,
corridor_policy,UAM-35,32.5,33.0,R,,,
corridor_policy,UAM-35,33.0,33.5,R,,,
corridor_policy,UAM-35,33.5,34.0,R,,,
corridor_policy,UAM-35,34.0,34.5,R,,,
corridor_policy,UAM-35,34.5,35.0,R,,,
corridor_policy,UAM-35,35.0,35.5,R,,,
corridor_policy,UAM-35,35.5,36.0,R,,,
corridor_policy,UAM-35,36.0,36.5,R,,,
corridor_policy,UAM-35,36.5,37.0,R,,,
corridor_policy,UAM-35,37.0,37.5,R,,,
corridor_policy,UAM-35,37.5,38.0,R,,,
corridor_policy,UAM-35,38.0,38.5,R,,,
corridor_policy,UAM-35,38.5,39.0,R,,,
corridor_policy,UAM-35,39.0,39.5,R,,,
corridor_policy,UAM-35,39.5,40.0,R,,,
corridor_policy,UAM-35,40.0,40.5,R,,,
corridor_policy,UAM-35,40.5,41.0,R,,,
corridor_policy,UAM-35,41.0,41.5,R,,,
corridor_policy,UAM-35,41.5,42.0,R,,,
corridor_policy,UAM-35,42.0,42.5,R,,,
corridor_policy,UAM-35,42.5,43.0,R,,,
corridor_policy,UAM-35,43.0,43.5,R,,,
corridor_policy,UAM-35,43.5,44.0,R,,,
corridor_policy,UAM-35,44.0,44.5,R,,,
corridor_policy,UAM-35,44.5,45.0,R,,,
corridor_policy,UAM-35,45.0,45.5,C,,,
corridor_policy,UAM-35,45.5,46.0,C,,,
corridor_policy,UAM-35,46.0,46.5,C,,,
corridor_policy,UAM-35,46.5,47.0,C,,,
corridor_policy,UAM-35,47.0,47.5,C,,,
corridor_policy,UAM-35,47.5,48.0,C,,,
corridor_policy,UAM-35,48.0,48.5,C,,,
corridor_policy,UAM-35,48.5,49.0,C,,,
corridor_policy,UAM-35,49.0,49.5,C,,,
corridor_policy,UAM-35,49.5,50.0,C,,,
corridor_policy,UAM-36,0.0,0.5,C,,,
corridor_policy,UAM-36,0.5,1.0,C,,,
corridor_policy,UAM-36,1.0,1.5,C,,,
corridor_policy,UAM-36,1.5,2.0,C,,,
corridor_policy,UAM-36,2.0,2.5,C,,,
corridor_policy,UAM-36,2.5,3.0,C,,,
corridor_policy,UAM-36,3.0,3.5,C,,,
corridor_policy,UAM-36,3.5,4.0,C,,,
corridor_policy,UAM-36,4.0,4.5,C,,,
corridor_policy,UAM-36,4.5,5.0,C,,,
corridor_policy,UAM-36,5.0,5.5,C,,,
corridor_policy,UAM-36,5.5,6.0,C,,,
corridor_policy,UAM-36,6.0,6.5,C,,,
corridor_policy,UAM-36,6.5,7.0,C,,,
corridor_policy,UAM-36,7.0,7.5,C,,,
corridor_policy,UAM-36,7.5,8.0,C,,,
corridor_policy,UAM-36,8.0,8.5,C,,,
corridor_policy,UAM-36,8.5,9.0,C,,,
corridor_policy,UAM-36,9.0,9.5,C,,,
corridor_policy,UAM-36,9.5,10.0,C,,,
corridor_policy,UAM-36,10.0,10.5,C,,,
corridor_policy,UAM-36,10.5,11.0,R,,,
corridor_policy,UAM-36,11.0,11.5,R,,,
corridor_policy,UAM-36,11.5,12.0,C,,,
corridor_policy,UAM-36,12.0,12.5,R,,,
corridor_policy,UAM-36,12.5,13.0,R,,,
corridor_policy,UAM-36,13.0,13.5,C,,,
corridor_policy,UAM-36,13.5,14.0,C,,,
corridor_policy,UAM-36,14.0,14.5,C,,,
corridor_policy,UAM-36,14.5,15.0,C,,,
corridor_policy,UAM-36,15.0,15.5,C,,,
corridor_policy,UAM-36,15.5,16.0,C,,,
corridor_policy,UAM-36,16.0,16.5,C,,,
corridor_policy,UAM-36,16.5,17.0,C,,,
corridor_policy,UAM-36,17.0,17.5,C,,,
corridor_policy,UAM-36,17.5,18.0,C,,,
corridor_policy,UAM-36,18.0,18.5,C,,,
corridor_policy,UAM-36,18.5,19.0,C,,,
corridor_policy,UAM-36,19.0,19.5,C,,,
corridor_policy,UAM-36,19.5,20.0,C,,,
corridor_policy,UAM-36,20.0,20.5,C,,,
corridor_policy,UAM-36,20.5,21.0,C,,,
corridor_policy,UAM-36,21.0,21.5,C,,,
corridor_policy,UAM-36,21.5,22.0,C,,,
corridor_policy,UAM-36,22.0,22.5,C,,,
corridor_policy,UAM-36,22.5,23.0,C,,,
corridor_policy,UAM-36,23.0,23.5,C,,,
corridor_policy,UAM-36,23.5,24.0,C,,,
corridor_policy,UAM-36,24.0,24.5,C,,,
corridor_policy,UAM-36,24.5,25.0,C,,,
corridor_policy,UAM-36,25.0,25.5,R,,,
corridor_policy,UAM-36,25.5,26.0,R,,,
corridor_policy,UAM-36,26.0,26.5,R,,,
corridor_policy,UAM-36,26.5,27.0,R,,,
corridor_policy,UAM-36,27.0,27.5,R,,,
corridor_policy,UAM-36,27.5,28.0,R,,,
corridor_policy,UAM-36,28.0,28.5,R,,,
corridor_policy,UAM-36,28.5,29.0,R,,,
corridor_policy,UAM-36,29.0,29.5,R,,,
corridor_policy,UAM-36,29.5,30.0,R,,,
corridor_policy,UAM-36,30.0,30.5,R,,,
corridor_policy,UAM-36,30.5,31.0,R,,,
corridor_policy,UAM-36,31.0,31.5,R,,,
corridor_policy,UAM-36,31.5,32.0,R,,,
corridor_policy,UAM-36,32.0,32.5,R,,,
corridor_policy,UAM-36,32.5,33.0,R,,,
corridor_policy,UAM-36,33.0,33.5,R,,,
corridor_policy,UAM-36,33.5,34.0,R,,,
corridor_policy,UAM-36,34.0,34.5,R,,,
corridor_policy,UAM-36,34.5,35.0,R,,,
corridor_policy,UAM-36,35.0,35.5,R,,,
corridor_policy,UAM-36,35.5,36.0,R,,,
corridor_policy,UAM-36,36.0,36.5,R,,,
corridor_policy,UAM-36,36.5,37.0,R,,,
corridor_policy,UAM-36,37.0,37.5,R,,,
corridor_policy,UAM-36,37.5,38.0,R,,,
corridor_policy,UAM-36,38.0,38.5,R,,,
corridor_policy,UAM-36,38.5,39.0,R,,,
corridor_policy,UAM-36,39.0,39.5,R,,,
corridor_policy,UAM-36,39.5,40.0,R,,,
corridor_policy,UAM-36,40.0,40.5,R,,,
corridor_policy,UAM-36,40.5,41.0,R,,,
corridor_policy,UAM-36,41.0,41.5,R,,,
corridor_policy,UAM-36,41.5,42.0,R,,,
corridor_policy,UAM-36,42.0,42.5,R,,,
corridor_policy,UAM-36,42.5,43.0,R,,,
corridor_policy,UAM-36,43.0,43.5,R,,,
corridor_policy,UAM-36,43.5,44.0,R,,,
corridor_policy,UAM-36,44.0,44.5,R,,,
corridor_policy,UAM-36,44.5,45.0,C,,,
corridor_policy,UAM-36,45.0,45.5,C,,,
corridor_policy,UAM-36,45.5,46.0,C,,,
corridor_policy,UAM-36,46.0,46.5,C,,,
corridor_policy,UAM-36,46.5,47.0,C,,,
corridor_policy,UAM-36,47.0,47.5,C,,,
corridor_policy,UAM-36,47.5,48.0,C,,,
corridor_policy,UAM-36,48.0,48.5,C,,,
corridor_policy,UAM-36,48.5,49.0,C,,,
corridor_policy,UAM-36,49.0,49.5,C,,,
corridor_policy,UAM-36,49.5,50.0,C,,,
corridor_policy,UAM-37,0.0,0.5,C,,,
corridor_policy,UAM-37,0.5,1.0,C,,,
corridor_policy,UAM-37,1.0,1.5,C,,,
corridor_policy,UAM-37,1.5,2.0,C,,,
corridor_policy,UAM-37,2.0,2.5,C,,,
corridor_policy,UAM-37,2.5,3.0,C,,,
corridor_policy,UAM-37,3.0,3.5,C,,,
corridor_policy,UAM-37,3.5,4.0,C,,,
corridor_policy,UAM-37,4.0,4.5,C,,,
corridor_policy,UAM-37,4.5,5.0,C,,,
corridor_policy,UAM-37,5.0,5.5,C,,,
corridor_policy,UAM-37,5.5,6.0,C,,,
corridor_policy,UAM-37,6.0,6.5,C,,,
corridor_policy,UAM-37,6.5,7.0,C,,,
corridor_policy,UAM-37,7.0,7.5,C,,,
corridor_policy,UAM-37,7.5,8.0,C,,,
corridor_policy,UAM-37,8.0,8.5,C,,,
corridor_policy,UAM-37,8.5,9.0,C,,,
corridor_policy,UAM-37,9.0,9.5,C,,,
corridor_policy,UAM-37,9.5,10.0,R,,,
corridor_policy,UAM-37,10.0,10.5,C,,,
corridor_policy,UAM-37,10.5,11.0,R,,,
corridor_policy,UAM-37,11.0,11.5,R,,,
corridor_policy,UAM-37,11.5,12.0,R,,,
corridor_policy,UAM-37,12.0,12.5,R,,,
corridor_policy,UAM-37,12.5,13.0,R,,,
corridor_policy,UAM-37,13.0,13.5,C,,,
corridor_policy,UAM-37,13.5,14.0,C,,,
corridor_policy,UAM-37,14.0,14.5,C,,,
corridor_policy,UAM-37,14.5,15.0,C,,,
corridor_policy,UAM-37,15.0,15.5,C,,,
corridor_policy,UAM-37,15.5,16.0,C,,,
corridor_policy,UAM-37,16.0,16.5,C,,,
corridor_policy,UAM-37,16.5,17.0,C,,,
corridor_policy,UAM-37,17.0,17.5,C,,,
corridor_policy,UAM-37,17.5,18.0,C,,,
corridor_policy,UAM-37,18.0,18.5,C,,,
corridor_policy,UAM-37,18.5,19.0,C,,,
corridor_policy,UAM-37,19.0,19.5,C,,,
corridor_policy,UAM-37,19.5,20.0,C,,,
corridor_policy,UAM-37,20.0,20.5,C,,,
corridor_policy,UAM-37,20.5,21.0,C,,,
corridor_policy,UAM-37,21.0,21.5,C,,,
corridor_policy,UAM-37,21.5,22.0,C,,,
corridor_policy,UAM-37,22.0,22.5,C,,,
corridor_policy,UAM-37,22.5,23.0,C,,,
corridor_policy,UAM-37,23.0,23.5,C,,,
corridor_policy,UAM-37,23.5,24.0,C,,,
corridor_policy,UAM-37,24.0,24.5,C,,,
corridor_policy,UAM-37,24.5,25.0,C,,,
corridor_policy,UAM-37,25.0,25.5,R,,,
corridor_policy,UAM-37,25.5,26.0,R,,,
corridor_policy,UAM-37,26.0,26.5,R,,,
corridor_policy,UAM-37,26.5,27.0,R,,,
corridor_policy,UAM-37,27.0,27.5,R,,,
corridor_policy,UAM-37,27.5,28.0,R,,,
corridor_policy,UAM-37,28.0,28.5,R,,,
corridor_policy,UAM-37,28.5,29.0,R,,,
corridor_policy,UAM-37,29.0,29.5,R,,,
corridor_policy,UAM-37,29.5,30.0,R,,,
corridor_policy,UAM-37,30.0,30.5,R,,,
corridor_policy,UAM-37,30.5,31.0,R,,,
corridor_policy,UAM-37,31.0,31.5,R,,,
corridor_policy,UAM-37,31.5,32.0,R,,,
corridor_policy,UAM-37,32.0,32.5,R,,,
corridor_policy,UAM-37,32.5,33.0,R,,,
corridor_policy,UAM-37,33.0,33.5,R,,,
corridor_policy,UAM-37,33.5,34.0,R,,,
corridor_policy,UAM-37,34.0,34.5,R,,,
corridor_policy,UAM-37,34.5,35.0,R,,,
corridor_policy,UAM-37,35.0,35.5,R,,,
corridor_policy,UAM-37,35.5,36.0,R,,,
corridor_policy,UAM-37,36.0,36.5,R,,,
corridor_policy,UAM-37,36.5,37.0,R,,,
corridor_policy,UAM-37,37.0,37.5,R,,,
corridor_policy,UAM-37,37.5,38.0,R,,,
corridor_policy,UAM-37,38.0,38.5,R,,,
corridor_policy,UAM-37,38.5,39.0,R,,,
corridor_policy,UAM-37,39.0,39.5,R,,,
corridor_policy,UAM-37,39.5,40.0,R,,,
corridor_policy,UAM-37,40.0,40.5,R,,,
corridor_policy,UAM-37,40.5,41.0,R,,,
corridor_policy,UAM-37,41.0,41.5,R,,,
corridor_policy,UAM-37,41.5,42.0,R,,,
corridor_policy,UAM-37,42.0,42.5,R,,,
corridor_policy,UAM-37,42.5,43.0,R,,,
corridor_policy,UAM-37,43.0,43.5,R,,,
corridor_policy,UAM-37,43.5,44.0,R,,,
corridor_policy,UAM-37,44.0,44.5,R,,,
corridor_policy,UAM-37,44.5,45.0,R,,,
corridor_policy,UAM-37,45.0,45.5,C,,,
corridor_policy,UAM-37,45.5,46.0,C,,,
corridor_policy,UAM-37,46.0,46.5,C,,,
corridor_policy,UAM-37,46.5,47.0,C,,,
corridor_policy,UAM-37,47.0,47.5,C,,,
corridor_policy,UAM-37,47.5,48.0,C,,,
corridor_policy,UAM-37,48.0,48.5,C,,,
corridor_policy,UAM-37,48.5,49.0,C,,,
corridor_policy,UAM-37,49.0,49.5,C,,,
corridor_policy,UAM-37,49.5,50.0,C,,,
corridor_policy,UAM-38,0.0,0.5,C,,,
corridor_policy,UAM-38,0.5,1.0,C,,,
corridor_policy,UAM-38,1.0,1.5,C,,,
corridor_policy,UAM-38,1.5,2.0,C,,,
corridor_policy,UAM-38,2.0,2.5,C,,,
corridor_policy,UAM-38,2.5,3.0,C,,,
corridor_policy,UAM-38,3.0,3.5,C,,,
corridor_policy,UAM-38,3.5,4.0,C,,,
corridor_policy,UAM-38,4.0,4.5,C,,,
corridor_policy,UAM-38,4.5,5.0,C,,,
corridor_policy,UAM-38,5.0,5.5,C,,,
corridor_policy,UAM-38,5.5,6.0,C,,,
corridor_policy,UAM-38,6.0,6.5,C,,,
corridor_policy,UAM-38,6.5,7.0,C,,,
corridor_policy,UAM-38,7.0,7.5,C,,,
corridor_policy,UAM-38,7.5,8.0,C,,,
corridor_policy,UAM-38,8.0,8.5,C,,,
corridor_policy,UAM-38,8.5,9.0,C,,,
corridor_policy,UAM-38,9.0,9.5,C,,,
corridor_policy,UAM-38,9.5,10.0,R,,,
corridor_policy,UAM-38,10.0,10.5,R,,,
corridor_policy,UAM-38,10.5,11.0,R,,,
corridor_policy,UAM-38,11.0,11.5,R,,,
corridor_policy,UAM-38,11.5,12.0,R,,,
corridor_policy,UAM-38,12.0,12.5,R,,,
corridor_policy,UAM-38,12.5,13.0,C,,,
corridor_policy,UAM-38,13.0,13.5,C,,,
corridor_policy,UAM-38,13.5,14.0,C,,,
corridor_policy,UAM-38,14.0,14.5,C,,,
corridor_policy,UAM-38,14.5,15.0,C,,,
corridor_policy,UAM-38,15.0,15.5,C,,,
corridor_policy,UAM-38,15.5,16.0,C,,,
corridor_policy,UAM-38,16.0,16.5,C,,,
corridor_policy,UAM-38,16.5,17.0,C,,,
corridor_policy,UAM-38,17.0,17.5,C,,,
corridor_policy,UAM-38,17.5,18.0,C,,,
corridor_policy,UAM-38,18.0,18.5,C,,,
corridor_policy,UAM-38,18.5,19.0,C,,,
corridor_policy,UAM-38,19.0,19.5,C,,,
corridor_policy,UAM-38,19.5,20.0,C,,,
corridor_policy,UAM-38,20.0,20.5,C,,,
corridor_policy,UAM-38,20.5,21.0,C,,,
corridor_policy,UAM-38,21.0,21.5,C,,,
corridor_policy,UAM-38,21.5,22.0,C,,,
corridor_policy,UAM-38,22.0,22.5,C,,,
corridor_policy,UAM-38,22.5,23.0,C,,,
corridor_policy,UAM-38,23.0,23.5,C,,,
corridor_policy,UAM-38,23.5,24.0,C,,,
corridor_policy,UAM-38,24.0,24.5,C,,,
corridor_policy,UAM-38,24.5,25.0,C,,,
corridor_policy,UAM-38,25.0,25.5,R,,,
corridor_policy,UAM-38,25.5,26.0,R,,,
corridor_policy,UAM-38,26.0,26.5,R,,,
corridor_policy,UAM-38,26.5,27.0,R,,,
corridor_policy,UAM-38,27.0,27.5,R,,,
corridor_policy,UAM-38,27.5,28.0,R,,,
corridor_policy,UAM-38,28.0,28.5,R,,,
corridor_policy,UAM-38,28.5,29.0,R,,,
corridor_policy,UAM-38,29.0,29.5,R,,,
corridor_policy,UAM-38,29.5,30.0,R,,,
corridor_policy,UAM-38,30.0,30.5,R,,,
corridor_policy,UAM-38,30.5,31.0,R,,,
corridor_policy,UAM-38,31.0,31.5,R,,,
corridor_policy,UAM-38,31.5,32.0,R,,,
corridor_policy,UAM-38,32.0,32.5,R,,,
corridor_policy,UAM-38,32.5,33.0,R,,,
corridor_policy,UAM-38,33.0,33.5,R,,,
corridor_policy,UAM-38,33.5,34.0,R,,,
corridor_policy,UAM-38,34.0,34.5,R,,,
corridor_policy,UAM-38,34.5,35.0,R,,,
corridor_policy,UAM-38,35.0,35.5,R,,,
corridor_policy,UAM-38,35.5,36.0,R,,,
corridor_policy,UAM-38,36.0,36.5,R,,,
corridor_policy,UAM-38,36.5,37.0,R,,,
corridor_policy,UAM-38,37.0,37.5,R,,,
corridor_policy,UAM-38,37.5,38.0,R,,,
corridor_policy,UAM-38,38.0,38.5,R,,,
corridor_policy,UAM-38,38.5,39.0,R,,,
corridor_policy,UAM-38,39.0,39.5,R,,,
corridor_policy,UAM-38,39.5,40.0,R,,,
corridor_policy,UAM-38,40.0,40.5,R,,,
corridor_policy,UAM-38,40.5,41.0,R,,,
corridor_policy,UAM-38,41.0,41.5,R,,,
corridor_policy,UAM-38,41.5,42.0,R,,,
corridor_policy,UAM-38,42.0,42.5,R,,,
corridor_policy,UAM-38,42.5,43.0,R,,,
corridor_policy,UAM-38,43.0,43.5,R,,,
corridor_policy,UAM-38,43.5,44.0,R,,,
corridor_policy,UAM-38,44.0,44.5,R,,,
corridor_policy,UAM-38,44.5,45.0,R,,,
corridor_policy,UAM-38,45.0,45.5,C,,,
corridor_policy,UAM-38,45.5,46.0,C,,,
corridor_policy,UAM-38,46.0,46.5,C,,,
corridor_policy,UAM-38,46.5,47.0,C,,,
corridor_policy,UAM-38,47.0,47.5,C,,,
corridor_policy,UAM-38,47.5,48.0,C,,,
corridor_policy,UAM-38,48.0,48.5,C,,,
corridor_policy,UAM-38,48.5,49.0,C,,,
corridor_policy,UAM-38,49.0,49.5,C,,,
corridor_policy,UAM-38,49.5,50.0,C,,,
corridor_policy,UAM-39,0.0,0.5,C,,,
corridor_policy,UAM-39,0.5,1.0,C,,,
corridor_policy,UAM-39,1.0,1.5,C,,,
corridor_policy,UAM-39,1.5,2.0,C,,,
corridor_policy,UAM-39,2.0,2.5,C,,,
corridor_policy,UAM-39,2.5,3.0,C,,,
corridor_policy,UAM-39,3.0,3.5,C,,,
corridor_policy,UAM-39,3.5,4.0,C,,,
corridor_policy,UAM-39,4.0,4.5,C,,,
corridor_policy,UAM-39,4.5,5.0,C,,,
corridor_policy,UAM-39,5.0,5.5,C,,,
corridor_policy,UAM-39,5.5,6.0,C,,,
corridor_policy,UAM-39,6.0,6.5,C,,,
corridor_policy,UAM-39,6.5,7.0,C,,,
corridor_policy,UAM-39,7.0,7.5,C,,,
corridor_policy,UAM-39,7.5,8.0,C,,,
corridor_policy,UAM-39,8.0,8.5,C,,,
corridor_policy,UAM-39,8.5,9.0,C,,,
corridor_policy,UAM-39,9.0,9.5,R,,,
corridor_policy,UAM-39,9.5,10.0,R,,,
corridor_policy,UAM-39,10.0,10.5,R,,,
corridor_policy,UAM-39,10.5,11.0,R,,,
corridor_policy,UAM-39,11.0,11.5,C,,,
corridor_policy,UAM-39,11.5,12.0,C,,,
corridor_policy,UAM-39,12.0,12.5,C,,,
corridor_policy,UAM-39,12.5,13.0,C,,,
corridor_policy,UAM-39,13.0,13.5,C,,,
corridor_policy,UAM-39,13.5,14.0,C,,,
corridor_policy,UAM-39,14.0,14.5,C,,,
corridor_policy,UAM-39,14.5,15.0,C,,,
corridor_policy,UAM-39,15.0,15.5,C,,,
corridor_policy,UAM-39,15.5,16.0,C,,,
corridor_policy,UAM-39,16.0,16.5,C,,,
corridor_policy,UAM-39,16.5,17.0,C,,,
corridor_policy,UAM-39,17.0,17.5,C,,,
corridor_policy,UAM-39,17.5,18.0,C,,,
corridor_policy,UAM-39,18.0,18.5,C,,,
corridor_policy,UAM-39,18.5,19.0,C,,,
corridor_policy,UAM-39,19.0,19.5,C,,,
corridor_policy,UAM-39,19.5,20.0,C,,,
corridor_policy,UAM-39,20.0,20.5,C,,,
corridor_policy,UAM-39,20.5,21.0,C,,,
corridor_policy,UAM-39,21.0,21.5,C,,,
corridor_policy,UAM-39,21.5,22.0,C,,,
corridor_policy,UAM-39,22.0,22.5,C,,,
corridor_policy,UAM-39,22.5,23.0,C,,,
corridor_policy,UAM-39,23.0,23.5,C,,,
corridor_policy,UAM-39,23.5,24.0,C,,,
corridor_policy,UAM-39,24.0,24.5,C,,,
corridor_policy,UAM-39,24.5,25.0,C,,,
corridor_policy,UAM-39,25.0,25.5,R,,,
corridor_policy,UAM-39,25.5,26.0,R,,,
corridor_policy,UAM-39,26.0,26.5,R,,,
corridor_policy,UAM-39,26.5,27.0,R,,,
corridor_policy,UAM-39,27.0,27.5,R,,,
corridor_policy,UAM-39,27.5,28.0,R,,,
corridor_policy,UAM-39,28.0,28.5,R,,,
corridor_policy,UAM-39,28.5,29.0,R,,,
corridor_policy,UAM-39,29.0,29.5,R,,,
corridor_policy,UAM-39,29.5,30.0,R,,,
corridor_policy,UAM-39,30.0,30.5,R,,,
corridor_policy,UAM-39,30.5,31.0,R,,,
corridor_policy,UAM-39,31.0,31.5,R,,,
corridor_policy,UAM-39,31.5,32.0,R,,,
corridor_policy,UAM-39,32.0,32.5,R,,,
corridor_policy,UAM-39,32.5,33.0,R,,,
corridor_policy,UAM-39,33.0,33.5,R,,,
corridor_policy,UAM-39,33.5,34.0,R,,,
corridor_policy,UAM-39,34.0,34.5,R,,,
corridor_policy,UAM-39,34.5,35.0,R,,,
corridor_policy,UAM-39,35.0,35.5,R,,,
corridor_policy,UAM-39,35.5,36.0,R,,,
corridor_policy,UAM-39,36.0,36.5,R,,,
corridor_policy,UAM-39,36.5,37.0,R,,,
corridor_policy,UAM-39,37.0,37.5,R,,,
corridor_policy,UAM-39,37.5,38.0,R,,,
corridor_policy,UAM-39,38.0,38.5,R,,,
corridor_policy,UAM-39,38.5,39.0,R,,,
corridor_policy,UAM-39,39.0,39.5,R,,,
corridor_policy,UAM-39,39.5,40.0,R,,,
corridor_policy,UAM-39,40.0,40.5,R,,,
corridor_policy,UAM-39,40.5,41.0,R,,,
corridor_policy,UAM-39,41.0,41.5,R,,,
corridor_policy,UAM-39,41.5,42.0,R,,,
corridor_policy,UAM-39,42.0,42.5,R,,,
corridor_policy,UAM-39,42.5,43.0,R,,,
corridor_policy,UAM-39,43.0,43.5,R,,,
corridor_policy,UAM-39,43.5,44.0,R,,,
corridor_policy,UAM-39,44.0,44.5,R,,,
corridor_policy,UAM-39,44.5,45.0,R,,,
corridor_policy,UAM-39,45.0,45.5,C,,,
corridor_policy,UAM-39,45.5,46.0,C,,,
corridor_policy,UAM-39,46.0,46.5,C,,,
corridor_policy,UAM-39,46.5,47.0,C,,,
corridor_policy,UAM-39,47.0,47.5,C,,,
corridor_policy,UAM-39,47.5,48.0,C,,,
corridor_policy,UAM-39,48.0,48.5,C,,,
corridor_policy,UAM-39,48.5,49.0,C,,,
corridor_policy,UAM-39,49.0,49.5,C,,,
corridor_policy,UAM-39,49.5,50.0,C,,,
corridor_policy,UAM-40,0.0,0.5,C,,,
corridor_policy,UAM-40,0.5,1.0,C,,,
corridor_policy,UAM-40,1.0,1.5,C,,,
corridor_policy,UAM-40,1.5,2.0,C,,,
corridor_policy,UAM-40,2.0,2.5,C,,,
corridor_policy,UAM-40,2.5,3.0,C,,,
corridor_policy,UAM-40,3.0,3.5,C,,,
corridor_policy,UAM-40,3.5,4.0,C,,,
corridor_policy,UAM-40,4.0,4.5,C,,,
corridor_policy,UAM-40,4.5,5.0,C,,,
corridor_policy,UAM-40,5.0,5.5,C,,,
corridor_policy,UAM-40,5.5,6.0,C,,,
corridor_policy,UAM-40,6.0,6.5,C,,,
corridor_policy,UAM-40,6.5,7.0,C,,,
corridor_policy,UAM-40,7.0,7.5,C,,,
corridor_policy,UAM-40,7.5,8.0,C,,,
corridor_policy,UAM-40,8.0,8.5,C,,,
corridor_policy,UAM-40,8.5,9.0,C,,,
corridor_policy,UAM-40,9.0,9.5,R,,,
corridor_policy,UAM-40,9.5,10.0,C,,,
corridor_policy,UAM-40,10.0,10.5,C,,,
corridor_policy,UAM-40,10.5,11.0,C,,,
corridor_policy,UAM-40,11.0,11.5,C,,,
corridor_policy,UAM-40,11.5,12.0,C,,,
corridor_policy,UAM-40,12.0,12.5,C,,,
corridor_policy,UAM-40,12.5,13.0,C,,,
corridor_policy,UAM-40,13.0,13.5,C,,,
corridor_policy,UAM-40,13.5,14.0,C,,,
corridor_policy,UAM-40,14.0,14.5,C,,,
corridor_policy,UAM-40,14.5,15.0,C,,,
corridor_policy,UAM-40,15.0,15.5,C,,,
corridor_policy,UAM-40,15.5,16.0,C,,,
corridor_policy,UAM-40,16.0,16.5,C,,,
corridor_policy,UAM-40,16.5,17.0,C,,,
corridor_policy,UAM-40,17.0,17.5,C,,,
corridor_policy,UAM-40,17.5,18.0,C,,,
corridor_policy,UAM-40,18.0,18.5,C,,,
corridor_policy,UAM-40,18.5,19.0,C,,,
corridor_policy,UAM-40,19.0,19.5,C,,,
corridor_policy,UAM-40,19.5,20.0,C,,,
corridor_policy,UAM-40,20.0,20.5,C,,,
corridor_policy,UAM-40,20.5,21.0,C,,,
corridor_policy,UAM-40,21.0,21.5,C,,,
corridor_policy,UAM-40,21.5,22.0,C,,,
corridor_policy,UAM-40,22.0,22.5,C,,,
corridor_policy,UAM-40,22.5,23.0,C,,,
corridor_policy,UAM-40,23.0,23.5,C,,,
corridor_policy,UAM-40,23.5,24.0,C,,,
corridor_policy,UAM-40,24.0,24.5,C,,,
corridor_policy,UAM-40,24.5,25.0,C,,,
corridor_policy,UAM-40,25.0,25.5,R,,,
corridor_policy,UAM-40,25.5,26.0,R,,,
corridor_policy,UAM-40,26.0,26.5,R,,,
corridor_policy,UAM-40,26.5,27.0,R,,,
corridor_policy,UAM-40,27.0,27.5,R,,,
corridor_policy,UAM-40,27.5,28.0,R,,,
corridor_policy,UAM-40,28.0,28.5,R,,,
corridor_policy,UAM-40,28.5,29.0,R,,,
corridor_policy,UAM-40,29.0,29.5,R,,,
corridor_policy,UAM-40,29.5,30.0,R,,,
corridor_policy,UAM-40,30.0,30.5,R,,,
corridor_policy,UAM-40,30.5,31.0,R,,,
corridor_policy,UAM-40,31.0,31.5,R,,,
corridor_policy,UAM-40,31.5,32.0,R,,,
corridor_policy,UAM-40,32.0,32.5,R,,,
corridor_policy,UAM-40,32.5,33.0,R,,,
corridor_policy,UAM-40,33.0,33.5,R,,,
corridor_policy,UAM-40,33.5,34.0,R,,,
corridor_policy,UAM-40,34.0,34.5,R,,,
corridor_policy,UAM-40,34.5,35.0,R,,,
corridor_policy,UAM-40,35.0,35.5,R,,,
corridor_policy,UAM-40,35.5,36.0,R,,,
corridor_policy,UAM-40,36.0,36.5,R,,,
corridor_policy,UAM-40,36.5,37.0,R,,,
corridor_policy,UAM-40,37.0,37.5,R,,,
corridor_policy,UAM-40,37.5,38.0,R,,,
corridor_policy,UAM-40,38.0,38.5,R,,,
corridor_policy,UAM-40,38.5,39.0,R,,,
corridor_policy,UAM-40,39.0,39.5,R,,,
corridor_policy,UAM-40,39.5,40.0,R,,,
corridor_policy,UAM-40,40.0,40.5,R,,,
corridor_policy,UAM-40,40.5,41.0,R,,,
corridor_policy,UAM-40,41.0,41.5,R,,,
corridor_policy,UAM-40,41.5,42.0,R,,,
corridor_policy,UAM-40,42.0,42.5,R,,,
corridor_policy,UAM-40,42.5,43.0,R,,,
corridor_policy,UAM-40,43.0,43.5,R,,,
corridor_policy,UAM-40,43.5,44.0,R,,,
corridor_policy,UAM-40,44.0,44.5,R,,,
corridor_policy,UAM-40,44.5,45.0,C,,,
corridor_policy,UAM-40,45.0,45.5,C,,,
corridor_policy,UAM-40,45.5,46.0,C,,,
corridor_policy,UAM-40,46.0,46.5,C,,,
corridor_policy,UAM-40,46.5,47.0,C,,,
corridor_policy,UAM-40,47.0,47.5,C,,,
corridor_policy,UAM-40,47.5,48.0,C,,,
corridor_policy,UAM-40,48.0,48.5,C,,,
corridor_policy,UAM-40,48.5,49.0,C,,,
corridor_policy,UAM-40,49.0,49.5,C,,,
corridor_policy,UAM-40,49.5,50.0,C,,,
corridor_policy,UAM-41,0.0,0.5,C,,,
corridor_policy,UAM-41,0.5,1.0,C,,,
corridor_policy,UAM-41,1.0,1.5,C,,,
corridor_policy,UAM-41,1.5,2.0,C,,,
corridor_policy,UAM-41,2.0,2.5,C,,,
corridor_policy,UAM-41,2.5,3.0,C,,,
corridor_policy,UAM-41,3.0,3.5,C,,,
corridor_policy,UAM-41,3.5,4.0,C,,,
corridor_policy,UAM-41,4.0,4.5,C,,,
corridor_policy,UAM-41,4.5,5.0,C,,,
corridor_policy,UAM-41,5.0,5.5,C,,,
corridor_policy,UAM-41,5.5,6.0,C,,,
corridor_policy,UAM-41,6.0,6.5,C,,,
corridor_policy,UAM-41,6.5,7.0,C,,,
corridor_policy,UAM-41,7.0,7.5,C,,,
corridor_policy,UAM-41,7.5,8.0,C,,,
corridor_policy,UAM-41,8.0,8.5,C,,,
corridor_policy,UAM-41,8.5,9.0,C,,,
corridor_policy,UAM-41,9.0,9.5,C,,,
corridor_policy,UAM-41,9.5,10.0,C,,,
corridor_policy,UAM-41,10.0,10.5,C,,,
corridor_policy,UAM-41,10.5,11.0,C,,,
corridor_policy,UAM-41,11.0,11.5,C,,,
corridor_policy,UAM-41,11.5,12.0,C,,,
corridor_policy,UAM-41,12.0,12.5,C,,,
corridor_policy,UAM-41,12.5,13.0,C,,,
corridor_policy,UAM-41,13.0,13.5,C,,,
corridor_policy,UAM-41,13.5,14.0,C,,,
corridor_policy,UAM-41,14.0,14.5,C,,,
corridor_policy,UAM-41,14.5,15.0,C,,,
corridor_policy,UAM-41,15.0,15.5,C,,,
corridor_policy,UAM-41,15.5,16.0,C,,,
corridor_policy,UAM-41,16.0,16.5,C,,,
corridor_policy,UAM-41,16.5,17.0,C,,,
corridor_policy,UAM-41,17.0,17.5,C,,,
corridor_policy,UAM-41,17.5,18.0,C,,,
corridor_policy,UAM-41,18.0,18.5,C,,,
corridor_policy,UAM-41,18.5,19.0,C,,,
corridor_policy,UAM-41,19.0,19.5,C,,,
corridor_policy,UAM-41,19.5,20.0,C,,,
corridor_policy,UAM-41,20.0,20.5,C,,,
corridor_policy,UAM-41,20.5,21.0,C,,,
corridor_policy,UAM-41,21.0,21.5,C,,,
corridor_policy,UAM-41,21.5,22.0,C,,,
corridor_policy,UAM-41,22.0,22.5,C,,,
corridor_policy,UAM-41,22.5,23.0,C,,,
corridor_policy,UAM-41,23.0,23.5,C,,,
corridor_policy,UAM-41,23.5,24.0,C,,,
corridor_policy,UAM-41,24.0,24.5,C,,,
corridor_policy,UAM-41,24.5,25.0,C,,,
corridor_policy,UAM-41,25.0,25.5,R,,,
corridor_policy,UAM-41,25.5,26.0,R,,,
corridor_policy,UAM-41,26.0,26.5,R,,,
corridor_policy,UAM-41,26.5,27.0,R,,,
corridor_policy,UAM-41,27.0,27.5,R,,,
corridor_policy,UAM-41,27.5,28.0,R,,,
corridor_policy,UAM-41,28.0,28.5,R,,,
corridor_policy,UAM-41,28.5,29.0,R,,,
corridor_policy,UAM-41,29.0,29.5,R,,,
corridor_policy,UAM-41,29.5,30.0,R,,,
corridor_policy,UAM-41,30.0,30.5,R,,,
corridor_policy,UAM-41,30.5,31.0,R,,,
corridor_policy,UAM-41,31.0,31.5,R,,,
corridor_policy,UAM-41,31.5,32.0,R,,,
corridor_policy,UAM-41,32.0,32.5,R,,,
corridor_policy,UAM-41,32.5,33.0,R,,,
corridor_policy,UAM-41,33.0,33.5,R,,,
corridor_policy,UAM-41,33.5,34.0,R,,,
corridor_policy,UAM-41,34.0,34.5,R,,,
corridor_policy,UAM-41,34.5,35.0,R,,,
corridor_policy,UAM-41,35.0,35.5,R,,,
corridor_policy,UAM-41,35.5,36.0,R,,,
corridor_policy,UAM-41,36.0,36.5,R,,,
corridor_policy,UAM-41,36.5,37.0,R,,,
corridor_policy,UAM-41,37.0,37.5,R,,,
corridor_policy,UAM-41,37.5,38.0,R,,,
corridor_policy,UAM-41,38.0,38.5,R,,,
corridor_policy,UAM-41,38.5,39.0,R,,,
corridor_policy,UAM-41,39.0,39.5,R,,,
corridor_policy,UAM-41,39.5,40.0,R,,,
corridor_policy,UAM-41,40.0,40.5,R,,,
corridor_policy,UAM-41,40.5,41.0,R,,,
corridor_policy,UAM-41,41.0,41.5,R,,,
corridor_policy,UAM-41,41.5,42.0,R,,,
corridor_policy,UAM-41,42.0,42.5,R,,,
corridor_policy,UAM-41,42.5,43.0,R,,,
corridor_policy,UAM-41,43.0,43.5,R,,,
corridor_policy,UAM-41,43.5,44.0,R,,,
corridor_policy,UAM-41,44.0,44.5,R,,,
corridor_policy,UAM-41,44.5,45.0,R,,,
corridor_policy,UAM-41,45.0,45.5,C,,,
corridor_policy,UAM-41,45.5,46.0,C,,,
corridor_policy,UAM-41,46.0,46.5,C,,,
corridor_policy,UAM-41,46.5,47.0,C,,,
corridor_policy,UAM-41,47.0,47.5,C,,,
corridor_policy,UAM-41,47.5,48.0,C,,,
corridor_policy,UAM-41,48.0,48.5,C,,,
corridor_policy,UAM-41,48.5,49.0,C,,,
corridor_policy,UAM-41,49.0,49.5,C,,,
corridor_policy,UAM-41,49.5,50.0,C,,,
corridor_policy,UAM-42,0.0,0.5,C,,,
corridor_policy,UAM-42,0.5,1.0,C,,,
corridor_policy,UAM-42,1.0,1.5,C,,,
corridor_policy,UAM-42,1.5,2.0,C,,,
corridor_policy,UAM-42,2.0,2.5,C,,,
corridor_policy,UAM-42,2.5,3.0,C,,,
corridor_policy,UAM-42,3.0,3.5,C,,,
corridor_policy,UAM-42,3.5,4.0,C,,,
corridor_policy,UAM-42,4.0,4.5,C,,,
corridor_policy,UAM-42,4.5,5.0,C,,,
corridor_policy,UAM-42,5.0,5.5,C,,,
corridor_policy,UAM-42,5.5,6.0,C,,,
corridor_policy,UAM-42,6.0,6.5,C,,,
corridor_policy,UAM-42,6.5,7.0,C,,,
corridor_policy,UAM-42,7.0,7.5,C,,,
corridor_policy,UAM-42,7.5,8.0,C,,,
corridor_policy,UAM-42,8.0,8.5,C,,,
corridor_policy,UAM-42,8.5,9.0,C,,,
corridor_policy,UAM-42,9.0,9.5,C,,,
corridor_policy,UAM-42,9.5,10.0,C,,,
corridor_policy,UAM-42,10.0,10.5,C,,,
corridor_policy,UAM-42,10.5,11.0,C,,,
corridor_policy,UAM-42,11.0,11.5,C,,,
corridor_policy,UAM-42,11.5,12.0,C,,,
corridor_policy,UAM-42,12.0,12.5,C,,,
corridor_policy,UAM-42,12.5,13.0,C,,,
corridor_policy,UAM-42,13.0,13.5,C,,,
corridor_policy,UAM-42,13.5,14.0,C,,,
corridor_policy,UAM-42,14.0,14.5,C,,,
corridor_policy,UAM-42,14.5,15.0,C,,,
corridor_policy,UAM-42,15.0,15.5,C,,,
corridor_policy,UAM-42,15.5,16.0,C,,,
corridor_policy,UAM-42,16.0,16.5,C,,,
corridor_policy,UAM-42,16.5,17.0,C,,,
corridor_policy,UAM-42,17.0,17.5,C,,,
corridor_policy,UAM-42,17.5,18.0,C,,,
corridor_policy,UAM-42,18.0,18.5,C,,,
corridor_policy,UAM-42,18.5,19.0,C,,,
corridor_policy,UAM-42,19.0,19.5,C,,,
corridor_policy,UAM-42,19.5,20.0,C,,,
corridor_policy,UAM-42,20.0,20.5,C,,,
corridor_policy,UAM-42,20.5,21.0,C,,,
corridor_policy,UAM-42,21.0,21.5,C,,,
corridor_policy,UAM-42,21.5,22.0,C,,,
corridor_policy,UAM-42,22.0,22.5,C,,,
corridor_policy,UAM-42,22.5,23.0,C,,,
corridor_policy,UAM-42,23.0,23.5,C,,,
corridor_policy,UAM-42,23.5,24.0,C,,,
corridor_policy,UAM-42,24.0,24.5,C,,,
corridor_policy,UAM-42,24.5,25.0,C,,,
corridor_policy,UAM-42,25.0,25.5,R,,,
corridor_policy,UAM-42,25.5,26.0,R,,,
corridor_policy,UAM-42,26.0,26.5,R,,,
corridor_policy,UAM-42,26.5,27.0,R,,,
corridor_policy,UAM-42,27.0,27.5,R,,,
corridor_policy,UAM-42,27.5,28.0,R,,,
corridor_policy,UAM-42,28.0,28.5,R,,,
corridor_policy,UAM-42,28.5,29.0,R,,,
corridor_policy,UAM-42,29.0,29.5,R,,,
corridor_policy,UAM-42,29.5,30.0,R,,,
corridor_policy,UAM-42,30.0,30.5,R,,,
corridor_policy,UAM-42,30.5,31.0,R,,,
corridor_policy,UAM-42,31.0,31.5,R,,,
corridor_policy,UAM-42,31.5,32.0,R,,,
corridor_policy,UAM-42,32.0,32.5,R,,,
corridor_policy,UAM-42,32.5,33.0,R,,,
corridor_policy,UAM-42,33.0,33.5,R,,,
corridor_policy,UAM-42,33.5,34.0,R,,,
corridor_policy,UAM-42,34.0,34.5,R,,,
corridor_policy,UAM-42,34.5,35.0,R,,,
corridor_policy,UAM-42,35.0,35.5,R,,,
corridor_policy,UAM-42,35.5,36.0,R,,,
corridor_policy,UAM-42,36.0,36.5,R,,,
corridor_policy,UAM-42,36.5,37.0,R,,,
corridor_policy,UAM-42,37.0,37.5,R,,,
corridor_policy,UAM-42,37.5,38.0,R,,,
corridor_policy,UAM-42,38.0,38.5,R,,,
corridor_policy,UAM-42,38.5,39.0,R,,,
corridor_policy,UAM-42,39.0,39.5,R,,,
corridor_policy,UAM-42,39.5,40.0,R,,,
corridor_policy,UAM-42,40.0,40.5,R,,,
corridor_policy,UAM-42,40.5,41.0,R,,,
corridor_policy,UAM-42,41.0,41.5,R,,,
corridor_policy,UAM-42,41.5,42.0,R,,,
corridor_policy,UAM-42,42.0,42.5,R,,,
corridor_policy,UAM-42,42.5,43.0,R,,,
corridor_policy,UAM-42,43.0,43.5,R,,,
corridor_policy,UAM-42,43.5,44.0,R,,,
corridor_policy,UAM-42,44.0,44.5,R,,,
corridor_policy,UAM-42,44.5,45.0,R,,,
corridor_policy,UAM-42,45.0,45.5,C,,,
corridor_policy,UAM-42,45.5,46.0,C,,,
corridor_policy,UAM-42,46.0,46.5,C,,,
corridor_policy,UAM-42,46.5,47.0,C,,,
corridor_policy,UAM-42,47.0,47.5,C,,,
corridor_policy,UAM-42,47.5,48.0,C,,,
corridor_policy,UAM-42,48.0,48.5,C,,,
corridor_policy,UAM-42,48.5,49.0,C,,,
corridor_policy,UAM-42,49.0,49.5,C,,,
corridor_policy,UAM-42,49.5,50.0,C,,,
corridor_policy,UAM-43,0.0,0.5,C,,,
corridor_policy,UAM-43,0.5,1.0,C,,,
corridor_policy,UAM-43,1.0,1.5,C,,,
corridor_policy,UAM-43,1.5,2.0,C,,,
corridor_policy,UAM-43,2.0,2.5,C,,,
corridor_policy,UAM-43,2.5,3.0,C,,,
corridor_policy,UAM-43,3.0,3.5,C,,,
corridor_policy,UAM-43,3.5,4.0,C,,,
corridor_policy,UAM-43,4.0,4.5,C,,,
corridor_policy,UAM-43,4.5,5.0,C,,,
corridor_policy,UAM-43,5.0,5.5,C,,,
corridor_policy,UAM-43,5.5,6.0,C,,,
corridor_policy,UAM-43,6.0,6.5,C,,,
corridor_policy,UAM-43,6.5,7.0,C,,,
corridor_policy,UAM-43,7.0,7.5,C,,,
corridor_policy,UAM-43,7.5,8.0,C,,,
corridor_policy,UAM-43,8.0,8.5,C,,,
corridor_policy,UAM-43,8.5,9.0,C,,,
corridor_policy,UAM-43,9.0,9.5,C,,,
corridor_policy,UAM-43,9.5,10.0,C,,,
corridor_policy,UAM-43,10.0,10.5,C,,,
corridor_policy,UAM-43,10.5,11.0,C,,,
corridor_policy,UAM-43,11.0,11.5,C,,,
corridor_policy,UAM-43,11.5,12.0,C,,,
corridor_policy,UAM-43,12.0,12.5,C,,,
corridor_policy,UAM-43,12.5,13.0,C,,,
corridor_policy,UAM-43,13.0,13.5,C,,,
corridor_policy,UAM-43,13.5,14.0,C,,,
corridor_policy,UAM-43,14.0,14.5,C,,,
corridor_policy,UAM-43,14.5,15.0,C,,,
corridor_policy,UAM-43,15.0,15.5,C,,,
corridor_policy,UAM-43,15.5,16.0,C,,,
corridor_policy,UAM-43,16.0,16.5,C,,,
corridor_policy,UAM-43,16.5,17.0,C,,,
corridor_policy,UAM-43,17.0,17.5,C,,,
corridor_policy,UAM-43,17.5,18.0,C,,,
corridor_policy,UAM-43,18.0,18.5,C,,,
corridor_policy,UAM-43,18.5,19.0,C,,,
corridor_policy,UAM-43,19.0,19.5,C,,,
corridor_policy,UAM-43,19.5,20.0,C,,,
corridor_policy,UAM-43,20.0,20.5,C,,,
corridor_policy,UAM-43,20.5,21.0,C,,,
corridor_policy,UAM-43,21.0,21.5,C,,,
corridor_policy,UAM-43,21.5,22.0,C,,,
corridor_policy,UAM-43,22.0,22.5,C,,,
corridor_policy,UAM-43,22.5,23.0,C,,,
corridor_policy,UAM-43,23.0,23.5,C,,,
corridor_policy,UAM-43,23.5,24.0,C,,,
corridor_policy,UAM-43,24.0,24.5,C,,,
corridor_policy,UAM-43,24.5,25.0,C,,,
corridor_policy,UAM-43,25.0,25.5,R,,,
corridor_policy,UAM-43,25.5,26.0,R,,,
corridor_policy,UAM-43,26.0,26.5,R,,,
corridor_policy,UAM-43,26.5,27.0,R,,,
corridor_policy,UAM-43,27.0,27.5,R,,,
corridor_policy,UAM-43,27.5,28.0,R,,,
corridor_policy,UAM-43,28.0,28.5,R,,,
corridor_policy,UAM-43,28.5,29.0,R,,,
corridor_policy,UAM-43,29.0,29.5,R,,,
corridor_policy,UAM-43,29.5,30.0,R,,,
corridor_policy,UAM-43,30.0,30.5,R,,,
corridor_policy,UAM-43,30.5,31.0,R,,,
corridor_policy,UAM-43,31.0,31.5,R,,,
corridor_policy,UAM-43,31.5,32.0,R,,,
corridor_policy,UAM-43,32.0,32.5,R,,,
corridor_policy,UAM-43,32.5,33.0,R,,,
corridor_policy,UAM-43,33.0,33.5,R,,,
corridor_policy,UAM-43,33.5,34.0,R,,,
corridor_policy,UAM-43,34.0,34.5,R,,,
corridor_policy,UAM-43,34.5,35.0,R,,,
corridor_policy,UAM-43,35.0,35.5,R,,,
corridor_policy,UAM-43,35.5,36.0,R,,,
corridor_policy,UAM-43,36.0,36.5,R,,,
corridor_policy,UAM-43,36.5,37.0,R,,,
corridor_policy,UAM-43,37.0,37.5,R,,,
corridor_policy,UAM-43,37.5,38.0,R,,,
corridor_policy,UAM-43,38.0,38.5,R,,,
corridor_policy,UAM-43,38.5,39.0,R,,,
corridor_policy,UAM-43,39.0,39.5,R,,,
corridor_policy,UAM-43,39.5,40.0,R,,,
corridor_policy,UAM-43,40.0,40.5,R,,,
corridor_policy,UAM-43,40.5,41.0,R,,,
corridor_policy,UAM-43,41.0,41.5,R,,,
corridor_policy,UAM-43,41.5,42.0,R,,,
corridor_policy,UAM-43,42.0,42.5,R,,,
corridor_policy,UAM-43,42.5,43.0,R,,,
corridor_policy,UAM-43,43.0,43.5,R,,,
corridor_policy,UAM-43,43.5,44.0,R,,,
corridor_policy,UAM-43,44.0,44.5,R,,,
corridor_policy,UAM-43,44.5,45.0,R,,,
corridor_policy,UAM-43,45.0,45.5,R,,,
corridor_policy,UAM-43,45.5,46.0,R,,,
corridor_policy,UAM-43,46.0,46.5,R,,,
corridor_policy,UAM-43,46.5,47.0,R,,,
corridor_policy,UAM-43,47.0,47.5,C,,,
corridor_policy,UAM-43,47.5,48.0,C,,,
corridor_policy,UAM-43,48.0,48.5,C,,,
corridor_policy,UAM-43,48.5,49.0,C,,,
corridor_policy,UAM-43,49.0,49.5,C,,,
corridor_policy,UAM-43,49.5,50.0,C,,,
corridor_policy,UAM-44,0.0,0.5,C,,,
corridor_policy,UAM-44,0.5,1.0,C,,,
corridor_policy,UAM-44,1.0,1.5,C,,,
corridor_policy,UAM-44,1.5,2.0,C,,,
corridor_policy,UAM-44,2.0,2.5,C,,,
corridor_policy,UAM-44,2.5,3.0,C,,,
corridor_policy,UAM-44,3.0,3.5,C,,,
corridor_policy,UAM-44,3.5,4.0,C,,,
corridor_policy,UAM-44,4.0,4.5,C,,,
corridor_policy,UAM-44,4.5,5.0,C,,,
corridor_policy,UAM-44,5.0,5.5,C,,,
corridor_policy,UAM-44,5.5,6.0,C,,,
corridor_policy,UAM-44,6.0,6.5,C,,,
corridor_policy,UAM-44,6.5,7.0,C,,,
corridor_policy,UAM-44,7.0,7.5,C,,,
corridor_policy,UAM-44,7.5,8.0,C,,,
corridor_policy,UAM-44,8.0,8.5,C,,,
corridor_policy,UAM-44,8.5,9.0,C,,,
corridor_policy,UAM-44,9.0,9.5,C,,,
corridor_policy,UAM-44,9.5,10.0,C,,,
corridor_policy,UAM-44,10.0,10.5,C,,,
corridor_policy,UAM-44,10.5,11.0,C,,,
corridor_policy,UAM-44,11.0,11.5,C,,,
corridor_policy,UAM-44,11.5,12.0,C,,,
corridor_policy,UAM-44,12.0,12.5,C,,,
corridor_policy,UAM-44,12.5,13.0,C,,,
corridor_policy,UAM-44,13.0,13.5,C,,,
corridor_policy,UAM-44,13.5,14.0,C,,,
corridor_policy,UAM-44,14.0,14.5,C,,,
corridor_policy,UAM-44,14.5,15.0,C,,,
corridor_policy,UAM-44,15.0,15.5,C,,,
corridor_policy,UAM-44,15.5,16.0,C,,,
corridor_policy,UAM-44,16.0,16.5,C,,,
corridor_policy,UAM-44,16.5,17.0,C,,,
corridor_policy,UAM-44,17.0,17.5,C,,,
corridor_policy,UAM-44,17.5,18.0,C,,,
corridor_policy,UAM-44,18.0,18.5,C,,,
corridor_policy,UAM-44,18.5,19.0,C,,,
corridor_policy,UAM-44,19.0,19.5,C,,,
corridor_policy,UAM-44,19.5,20.0,C,,,
corridor_policy,UAM-44,20.0,20.5,C,,,
corridor_policy,UAM-44,20.5,21.0,C,,,
corridor_policy,UAM-44,21.0,21.5,C,,,
corridor_policy,UAM-44,21.5,22.0,C,,,
corridor_policy,UAM-44,22.0,22.5,C,,,
corridor_policy,UAM-44,22.5,23.0,C,,,
corridor_policy,UAM-44,23.0,23.5,C,,,
corridor_policy,UAM-44,23.5,24.0,C,,,
corridor_policy,UAM-44,24.0,24.5,C,,,
corridor_policy,UAM-44,24.5,25.0,C,,,
corridor_policy,UAM-44,25.0,25.5,R,,,
corridor_policy,UAM-44,25.5,26.0,R,,,
corridor_policy,UAM-44,26.0,26.5,R,,,
corridor_policy,UAM-44,26.5,27.0,R,,,
corridor_policy,UAM-44,27.0,27.5,R,,,
corridor_policy,UAM-44,27.5,28.0,R,,,
corridor_policy,UAM-44,28.0,28.5,R,,,
corridor_policy,UAM-44,28.5,29.0,R,,,
corridor_policy,UAM-44,29.0,29.5,R,,,
corridor_policy,UAM-44,29.5,30.0,R,,,
corridor_policy,UAM-44,30.0,30.5,R,,,
corridor_policy,UAM-44,30.5,31.0,F,,,
corridor_policy,UAM-44,31.0,31.5,F,,,
corridor_policy,UAM-44,31.5,32.0,R,,,
corridor_policy,UAM-44,32.0,32.5,R,,,
corridor_policy,UAM-44,32.5,33.0,R,,,
corridor_policy,UAM-44,33.0,33.5,R,,,
corridor_policy,UAM-44,33.5,34.0,R,,,
corridor_policy,UAM-44,34.0,34.5,R,,,
corridor_policy,UAM-44,34.5,35.0,R,,,
corridor_policy,UAM-44,35.0,35.5,R,,,
corridor_policy,UAM-44,35.5,36.0,R,,,
corridor_policy,UAM-44,36.0,36.5,R,,,
corridor_policy,UAM-44,36.5,37.0,C,,,
corridor_policy,UAM-44,37.0,37.5,C,,,
corridor_policy,UAM-44,37.5,38.0,R,,,
corridor_policy,UAM-44,38.0,38.5,R,,,
corridor_policy,UAM-44,38.5,39.0,R,,,
corridor_policy,UAM-44,39.0,39.5,R,,,
corridor_policy,UAM-44,39.5,40.0,R,,,
corridor_policy,UAM-44,40.0,40.5,R,,,
corridor_policy,UAM-44,40.5,41.0,R,,,
corridor_policy,UAM-44,41.0,41.5,R,,,
corridor_policy,UAM-44,41.5,42.0,R,,,
corridor_policy,UAM-44,42.0,42.5,R,,,
corridor_policy,UAM-44,42.5,43.0,R,,,
corridor_policy,UAM-44,43.0,43.5,R,,,
corridor_policy,UAM-44,43.5,44.0,R,,,
corridor_policy,UAM-44,44.0,44.5,R,,,
corridor_policy,UAM-44,44.5,45.0,R,,,
corridor_policy,UAM-44,45.0,45.5,C,,,
corridor_policy,UAM-44,45.5,46.0,C,,,
corridor_policy,UAM-44,46.0,46.5,C,,,
corridor_policy,UAM-44,46.5,47.0,C,,,
corridor_policy,UAM-44,47.0,47.5,C,,,
corridor_policy,UAM-44,47.5,48.0,C,,,
corridor_policy,UAM-44,48.0,48.5,C,,,
corridor_policy,UAM-44,48.5,49.0,C,,,
corridor_policy,UAM-44,49.0,49.5,C,,,
corridor_policy,UAM-44,49.5,50.0,C,,,
corridor_policy,UAM-45,0.0,0.5,C,,,
corridor_policy,UAM-45,0.5,1.0,C,,,
corridor_policy,UAM-45,1.0,1.5,C,,,
corridor_policy,UAM-45,1.5,2.0,C,,,
corridor_policy,UAM-45,2.0,2.5,C,,,
corridor_policy,UAM-45,2.5,3.0,C,,,
corridor_policy,UAM-45,3.0,3.5,C,,,
corridor_policy,UAM-45,3.5,4.0,C,,,
corridor_policy,UAM-45,4.0,4.5,C,,,
corridor_policy,UAM-45,4.5,5.0,C,,,
corridor_policy,UAM-45,5.0,5.5,C,,,
corridor_policy,UAM-45,5.5,6.0,C,,,
corridor_policy,UAM-45,6.0,6.5,C,,,
corridor_policy,UAM-45,6.5,7.0,C,,,
corridor_policy,UAM-45,7.0,7.5,C,,,
corridor_policy,UAM-45,7.5,8.0,C,,,
corridor_policy,UAM-45,8.0,8.5,C,,,
corridor_policy,UAM-45,8.5,9.0,C,,,
corridor_policy,UAM-45,9.0,9.5,C,,,
corridor_policy,UAM-45,9.5,10.0,C,,,
corridor_policy,UAM-45,10.0,10.5,C,,,
corridor_policy,UAM-45,10.5,11.0,C,,,
corridor_policy,UAM-45,11.0,11.5,C,,,
corridor_policy,UAM-45,11.5,12.0,C,,,
corridor_policy,UAM-45,12.0,12.5,C,,,
corridor_policy,UAM-45,12.5,13.0,C,,,
corridor_policy,UAM-45,13.0,13.5,C,,,
corridor_policy,UAM-45,13.5,14.0,C,,,
corridor_policy,UAM-45,14.0,14.5,C,,,
corridor_policy,UAM-45,14.5,15.0,C,,,
corridor_policy,UAM-45,15.0,15.5,C,,,
corridor_policy,UAM-45,15.5,16.0,C,,,
corridor_policy,UAM-45,16.0,16.5,C,,,
corridor_policy,UAM-45,16.5,17.0,C,,,
corridor_policy,UAM-45,17.0,17.5,C,,,
corridor_policy,UAM-45,17.5,18.0,C,,,
corridor_policy,UAM-45,18.0,18.5,C,,,
corridor_policy,UAM-45,18.5,19.0,C,,,
corridor_policy,UAM-45,19.0,19.5,C,,,
corridor_policy,UAM-45,19.5,20.0,C,,,
corridor_policy,UAM-45,20.0,20.5,C,,,
corridor_policy,UAM-45,20.5,21.0,C,,,
corridor_policy,UAM-45,21.0,21.5,C,,,
corridor_policy,UAM-45,21.5,22.0,C,,,
corridor_policy,UAM-45,22.0,22.5,C,,,
corridor_policy,UAM-45,22.5,23.0,C,,,
corridor_policy,UAM-45,23.0,23.5,C,,,
corridor_policy,UAM-45,23.5,24.0,C,,,
corridor_policy,UAM-45,24.0,24.5,C,,,
corridor_policy,UAM-45,24.5,25.0,C,,,
corridor_policy,UAM-45,25.0,25.5,R,,,
corridor_policy,UAM-45,25.5,26.0,R,,,
corridor_policy,UAM-45,26.0,26.5,R,,,
corridor_policy,UAM-45,26.5,27.0,R,,,
corridor_policy,UAM-45,27.0,27.5,F,,,
corridor_policy,UAM-45,27.5,28.0,R,,,
corridor_policy,UAM-45,28.0,28.5,R,,,
corridor_policy,UAM-45,28.5,29.0,R,,,
corridor_policy,UAM-45,29.0,29.5,R,,,
corridor_policy,UAM-45,29.5,30.0,R,,,
corridor_policy,UAM-45,30.0,30.5,R,,,
corridor_policy,UAM-45,30.5,31.0,F,,,
corridor_policy,UAM-45,31.0,31.5,F,,,
corridor_policy,UAM-45,31.5,32.0,F,,,
corridor_policy,UAM-45,32.0,32.5,F,,,
corridor_policy,UAM-45,32.5,33.0,R,,,
corridor_policy,UAM-45,33.0,33.5,R,,,
corridor_policy,UAM-45,33.5,34.0,R,,,
corridor_policy,UAM-45,34.0,34.5,R,,,
corridor_policy,UAM-45,34.5,35.0,R,,,
corridor_policy,UAM-45,35.0,35.5,R,,,
corridor_policy,UAM-45,35.5,36.0,R,,,
corridor_policy,UAM-45,36.0,36.5,C,,,
corridor_policy,UAM-45,36.5,37.0,C,,,
corridor_policy,UAM-45,37.0,37.5,C,,,
corridor_policy,UAM-45,37.5,38.0,R,,,
corridor_policy,UAM-45,38.0,38.5,R,,,
corridor_policy,UAM-45,38.5,39.0,R,,,
corridor_policy,UAM-45,39.0,39.5,R,,,
corridor_policy,UAM-45,39.5,40.0,R,,,
corridor_policy,UAM-45,40.0,40.5,R,,,
corridor_policy,UAM-45,40.5,41.0,R,,,
corridor_policy,UAM-45,41.0,41.5,R,,,
corridor_policy,UAM-45,41.5,42.0,R,,,
corridor_policy,UAM-45,42.0,42.5,R,,,
corridor_policy,UAM-45,42.5,43.0,R,,,
corridor_policy,UAM-45,43.0,43.5,R,,,
corridor_policy,UAM-45,43.5,44.0,R,,,
corridor_policy,UAM-45,44.0,44.5,R,,,
corridor_policy,UAM-45,44.5,45.0,R,,,
corridor_policy,UAM-45,45.0,45.5,C,,,
corridor_policy,UAM-45,45.5,46.0,C,,,
corridor_policy,UAM-45,46.0,46.5,C,,,
corridor_policy,UAM-45,46.5,47.0,C,,,
corridor_policy,UAM-45,47.0,47.5,C,,,
corridor_policy,UAM-45,47.5,48.0,C,,,
corridor_policy,UAM-45,48.0,48.5,C,,,
corridor_policy,UAM-45,48.5,49.0,C,,,
corridor_policy,UAM-45,49.0,49.5,C,,,
corridor_policy,UAM-45,49.5,50.0,C,,,
corridor_policy,UAM-46,0.0,0.5,C,,,
corridor_policy,UAM-46,0.5,1.0,C,,,
corridor_policy,UAM-46,1.0,1.5,C,,,
corridor_policy,UAM-46,1.5,2.0,C,,,
corridor_policy,UAM-46,2.0,2.5,C,,,
corridor_policy,UAM-46,2.5,3.0,C,,,
corridor_policy,UAM-46,3.0,3.5,C,,,
corridor_policy,UAM-46,3.5,4.0,C,,,
corridor_policy,UAM-46,4.0,4.5,C,,,
corridor_policy,UAM-46,4.5,5.0,C,,,
corridor_policy,UAM-46,5.0,5.5,C,,,
corridor_policy,UAM-46,5.5,6.0,C,,,
corridor_policy,UAM-46,6.0,6.5,C,,,
corridor_policy,UAM-46,6.5,7.0,C,,,
corridor_policy,UAM-46,7.0,7.5,C,,,
corridor_policy,UAM-46,7.5,8.0,C,,,
corridor_policy,UAM-46,8.0,8.5,C,,,
corridor_policy,UAM-46,8.5,9.0,C,,,
corridor_policy,UAM-46,9.0,9.5,C,,,
corridor_policy,UAM-46,9.5,10.0,C,,,
corridor_policy,UAM-46,10.0,10.5,C,,,
corridor_policy,UAM-46,10.5,11.0,C,,,
corridor_policy,UAM-46,11.0,11.5,C,,,
corridor_policy,UAM-46,11.5,12.0,C,,,
corridor_policy,UAM-46,12.0,12.5,C,,,
corridor_policy,UAM-46,12.5,13.0,C,,,
corridor_policy,UAM-46,13.0,13.5,C,,,
corridor_policy,UAM-46,13.5,14.0,C,,,
corridor_policy,UAM-46,14.0,14.5,C,,,
corridor_policy,UAM-46,14.5,15.0,C,,,
corridor_policy,UAM-46,15.0,15.5,C,,,
corridor_policy,UAM-46,15.5,16.0,C,,,
corridor_policy,UAM-46,16.0,16.5,C,,,
corridor_policy,UAM-46,16.5,17.0,C,,,
corridor_policy,UAM-46,17.0,17.5,C,,,
corridor_policy,UAM-46,17.5,18.0,C,,,
corridor_policy,UAM-46,18.0,18.5,C,,,
corridor_policy,UAM-46,18.5,19.0,C,,,
corridor_policy,UAM-46,19.0,19.5,C,,,
corridor_policy,UAM-46,19.5,20.0,C,,,
corridor_policy,UAM-46,20.0,20.5,C,,,
corridor_policy,UAM-46,20.5,21.0,C,,,
corridor_policy,UAM-46,21.0,21.5,C,,,
corridor_policy,UAM-46,21.5,22.0,C,,,
corridor_policy,UAM-46,22.0,22.5,C,,,
corridor_policy,UAM-46,22.5,23.0,C,,,
corridor_policy,UAM-46,23.0,23.5,C,,,
corridor_policy,UAM-46,23.5,24.0,C,,,
corridor_policy,UAM-46,24.0,24.5,C,,,
corridor_policy,UAM-46,24.5,25.0,C,,,
corridor_policy,UAM-46,25.0,25.5,R,,,
corridor_policy,UAM-46,25.5,26.0,R,,,
corridor_policy,UAM-46,26.0,26.5,R,,,
corridor_policy,UAM-46,26.5,27.0,F,,,
corridor_policy,UAM-46,27.0,27.5,F,,,
corridor_policy,UAM-46,27.5,28.0,R,,,
corridor_policy,UAM-46,28.0,28.5,R,,,
corridor_policy,UAM-46,28.5,29.0,R,,,
corridor_policy,UAM-46,29.0,29.5,R,,,
corridor_policy,UAM-46,29.5,30.0,R,,,
corridor_policy,UAM-46,30.0,30.5,F,,,
corridor_policy,UAM-46,30.5,31.0,F,,,
corridor_policy,UAM-46,31.0,31.5,R,,,
corridor_policy,UAM-46,31.5,32.0,R,,,
corridor_policy,UAM-46,32.0,32.5,R,,,
corridor_policy,UAM-46,32.5,33.0,R,,,
corridor_policy,UAM-46,33.0,33.5,R,,,
corridor_policy,UAM-46,33.5,34.0,R,,,
corridor_policy,UAM-46,34.0,34.5,R,,,
corridor_policy,UAM-46,34.5,35.0,R,,,
corridor_policy,UAM-46,35.0,35.5,R,,,
corridor_policy,UAM-46,35.5,36.0,R,,,
corridor_policy,UAM-46,36.0,36.5,R,,,
corridor_policy,UAM-46,36.5,37.0,C,,,
corridor_policy,UAM-46,37.0,37.5,C,,,
corridor_policy,UAM-46,37.5,38.0,R,,,
corridor_policy,UAM-46,38.0,38.5,R,,,
corridor_policy,UAM-46,38.5,39.0,R,,,
corridor_policy,UAM-46,39.0,39.5,R,,,
corridor_policy,UAM-46,39.5,40.0,R,,,
corridor_policy,UAM-46,40.0,40.5,R,,,
corridor_policy,UAM-46,40.5,41.0,R,,,
corridor_policy,UAM-46,41.0,41.5,R,,,
corridor_policy,UAM-46,41.5,42.0,R,,,
corridor_policy,UAM-46,42.0,42.5,R,,,
corridor_policy,UAM-46,42.5,43.0,R,,,
corridor_policy,UAM-46,43.0,43.5,R,,,
corridor_policy,UAM-46,43.5,44.0,R,,,
corridor_policy,UAM-46,44.0,44.5,R,,,
corridor_policy,UAM-46,44.5,45.0,C,,,
corridor_policy,UAM-46,45.0,45.5,C,,,
corridor_policy,UAM-46,45.5,46.0,C,,,
corridor_policy,UAM-46,46.0,46.5,C,,,
corridor_policy,UAM-46,46.5,47.0,C,,,
corridor_policy,UAM-46,47.0,47.5,C,,,
corridor_policy,UAM-46,47.5,48.0,C,,,
corridor_policy,UAM-46,48.0,48.5,C,,,
corridor_policy,UAM-46,48.5,49.0,C,,,
corridor_policy,UAM-46,49.0,49.5,C,,,
corridor_policy,UAM-46,49.5,50.0,C,,,
corridor_policy,UAM-47,0.0,0.5,C,,,
corridor_policy,UAM-47,0.5,1.0,C,,,
corridor_policy,UAM-47,1.0,1.5,C,,,
corridor_policy,UAM-47,1.5,2.0,C,,,
corridor_policy,UAM-47,2.0,2.5,C,,,
corridor_policy,UAM-47,2.5,3.0,C,,,
corridor_policy,UAM-47,3.0,3.5,C,,,
corridor_policy,UAM-47,3.5,4.0,C,,,
corridor_policy,UAM-47,4.0,4.5,C,,,
corridor_policy,UAM-47,4.5,5.0,C,,,
corridor_policy,UAM-47,5.0,5.5,C,,,
corridor_policy,UAM-47,5.5,6.0,C,,,
corridor_policy,UAM-47,6.0,6.5,C,,,
corridor_policy,UAM-47,6.5,7.0,C,,,
corridor_policy,UAM-47,7.0,7.5,C,,,
corridor_policy,UAM-47,7.5,8.0,C,,,
corridor_policy,UAM-47,8.0,8.5,C,,,
corridor_policy,UAM-47,8.5,9.0,C,,,
corridor_policy,UAM-47,9.0,9.5,C,,,
corridor_policy,UAM-47,9.5,10.0,C,,,
corridor_policy,UAM-47,10.0,10.5,C,,,
corridor_policy,UAM-47,10.5,11.0,C,,,
corridor_policy,UAM-47,11.0,11.5,C,,,
corridor_policy,UAM-47,11.5,12.0,C,,,
corridor_policy,UAM-47,12.0,12.5,C,,,
corridor_policy,UAM-47,12.5,13.0,C,,,
corridor_policy,UAM-47,13.0,13.5,C,,,
corridor_policy,UAM-47,13.5,14.0,C,,,
corridor_policy,UAM-47,14.0,14.5,C,,,
corridor_policy,UAM-47,14.5,15.0,C,,,
corridor_policy,UAM-47,15.0,15.5,C,,,
corridor_policy,UAM-47,15.5,16.0,C,,,
corridor_policy,UAM-47,16.0,16.5,C,,,
corridor_policy,UAM-47,16.5,17.0,C,,,
corridor_policy,UAM-47,17.0,17.5,C,,,
corridor_policy,UAM-47,17.5,18.0,C,,,
corridor_policy,UAM-47,18.0,18.5,C,,,
corridor_policy,UAM-47,18.5,19.0,C,,,
corridor_policy,UAM-47,19.0,19.5,C,,,
corridor_policy,UAM-47,19.5,20.0,C,,,
corridor_policy,UAM-47,20.0,20.5,C,,,
corridor_policy,UAM-47,20.5,21.0,C,,,
corridor_policy,UAM-47,21.0,21.5,C,,,
corridor_policy,UAM-47,21.5,22.0,C,,,
corridor_policy,UAM-47,22.0,22.5,C,,,
corridor_policy,UAM-47,22.5,23.0,C,,,
corridor_policy,UAM-47,23.0,23.5,C,,,
corridor_policy,UAM-47,23.5,24.0,C,,,
corridor_policy,UAM-47,24.0,24.5,C,,,
corridor_policy,UAM-47,24.5,25.0,C,,,
corridor_policy,UAM-47,25.0,25.5,R,,,
corridor_policy,UAM-47,25.5,26.0,R,,,
corridor_policy,UAM-47,26.0,26.5,R,,,
corridor_policy,UAM-47,26.5,27.0,F,,,
corridor_policy,UAM-47,27.0,27.5,R,,,
corridor_policy,UAM-47,27.5,28.0,R,,,
corridor_policy,UAM-47,28.0,28.5,R,,,
corridor_policy,UAM-47,28.5,29.0,R,,,
corridor_policy,UAM-47,29.0,29.5,R,,,
corridor_policy,UAM-47,29.5,30.0,R,,,
corridor_policy,UAM-47,30.0,30.5,R,,,
corridor_policy,UAM-47,30.5,31.0,R,,,
corridor_policy,UAM-47,31.0,31.5,R,,,
corridor_policy,UAM-47,31.5,32.0,R,,,
corridor_policy,UAM-47,32.0,32.5,R,,,
corridor_policy,UAM-47,32.5,33.0,R,,,
corridor_policy,UAM-47,33.0,33.5,R,,,
corridor_policy,UAM-47,33.5,34.0,R,,,
corridor_policy,UAM-47,34.0,34.5,R,,,
corridor_policy,UAM-47,34.5,35.0,R,,,
corridor_policy,UAM-47,35.0,35.5,R,,,
corridor_policy,UAM-47,35.5,36.0,R,,,
corridor_policy,UAM-47,36.0,36.5,R,,,
corridor_policy,UAM-47,36.5,37.0,R,,,
corridor_policy,UAM-47,37.0,37.5,R,,,
corridor_policy,UAM-47,37.5,38.0,R,,,
corridor_policy,UAM-47,38.0,38.5,R,,,
corridor_policy,UAM-47,38.5,39.0,R,,,
corridor_policy,UAM-47,39.0,39.5,R,,,
corridor_policy,UAM-47,39.5,40.0,R,,,
corridor_policy,UAM-47,40.0,40.5,R,,,
corridor_policy,UAM-47,40.5,41.0,R,,,
corridor_policy,UAM-47,41.0,41.5,R,,,
corridor_policy,UAM-47,41.5,42.0,R,,,
corridor_policy,UAM-47,42.0,42.5,R,,,
corridor_policy,UAM-47,42.5,43.0,R,,,
corridor_policy,UAM-47,43.0,43.5,R,,,
corridor_policy,UAM-47,43.5,44.0,R,,,
corridor_policy,UAM-47,44.0,44.5,R,,,
corridor_policy,UAM-47,44.5,45.0,R,,,
corridor_policy,UAM-47,45.0,45.5,C,,,
corridor_policy,UAM-47,45.5,46.0,C,,,
corridor_policy,UAM-47,46.0,46.5,C,,,
corridor_policy,UAM-47,46.5,47.0,C,,,
corridor_policy,UAM-47,47.0,47.5,C,,,
corridor_policy,UAM-47,47.5,48.0,C,,,
corridor_policy,UAM-47,48.0,48.5,C,,,
corridor_policy,UAM-47,48.5,49.0,C,,,
corridor_policy,UAM-47,49.0,49.5,C,,,
corridor_policy,UAM-47,49.5,50.0,C,,,
corridor_policy,UAM-48,0.0,0.5,C,,,
corridor_policy,UAM-48,0.5,1.0,C,,,
corridor_policy,UAM-48,1.0,1.5,C,,,
corridor_policy,UAM-48,1.5,2.0,C,,,
corridor_policy,UAM-48,2.0,2.5,C,,,
corridor_policy,UAM-48,2.5,3.0,C,,,
corridor_policy,UAM-48,3.0,3.5,C,,,
corridor_policy,UAM-48,3.5,4.0,C,,,
corridor_policy,UAM-48,4.0,4.5,C,,,
corridor_policy,UAM-48,4.5,5.0,C,,,
corridor_policy,UAM-48,5.0,5.5,C,,,
corridor_policy,UAM-48,5.5,6.0,C,,,
corridor_policy,UAM-48,6.0,6.5,C,,,
corridor_policy,UAM-48,6.5,7.0,C,,,
corridor_policy,UAM-48,7.0,7.5,C,,,
corridor_policy,UAM-48,7.5,8.0,C,,,
corridor_policy,UAM-48,8.0,8.5,C,,,
corridor_policy,UAM-48,8.5,9.0,C,,,
corridor_policy,UAM-48,9.0,9.5,C,,,
corridor_policy,UAM-48,9.5,10.0,C,,,
corridor_policy,UAM-48,10.0,10.5,C,,,
corridor_policy,UAM-48,10.5,11.0,C,,,
corridor_policy,UAM-48,11.0,11.5,C,,,
corridor_policy,UAM-48,11.5,12.0,C,,,
corridor_policy,UAM-48,12.0,12.5,C,,,
corridor_policy,UAM-48,12.5,13.0,C,,,
corridor_policy,UAM-48,13.0,13.5,C,,,
corridor_policy,UAM-48,13.5,14.0,C,,,
corridor_policy,UAM-48,14.0,14.5,C,,,
corridor_policy,UAM-48,14.5,15.0,C,,,
corridor_policy,UAM-48,15.0,15.5,C,,,
corridor_policy,UAM-48,15.5,16.0,C,,,
corridor_policy,UAM-48,16.0,16.5,C,,,
corridor_policy,UAM-48,16.5,17.0,C,,,
corridor_policy,UAM-48,17.0,17.5,C,,,
corridor_policy,UAM-48,17.5,18.0,C,,,
corridor_policy,UAM-48,18.0,18.5,C,,,
corridor_policy,UAM-48,18.5,19.0,C,,,
corridor_policy,UAM-48,19.0,19.5,C,,,
corridor_policy,UAM-48,19.5,20.0,C,,,
corridor_policy,UAM-48,20.0,20.5,C,,,
corridor_policy,UAM-48,20.5,21.0,C,,,
corridor_policy,UAM-48,21.0,21.5,C,,,
corridor_policy,UAM-48,21.5,22.0,C,,,
corridor_policy,UAM-48,22.0,22.5,C,,,
corridor_policy,UAM-48,22.5,23.0,C,,,
corridor_policy,UAM-48,23.0,23.5,C,,,
corridor_policy,UAM-48,23.5,24.0,C,,,
corridor_policy,UAM-48,24.0,24.5,C,,,
corridor_policy,UAM-48,24.5,25.0,R,,,
corridor_policy,UAM-48,25.0,25.5,R,,,
corridor_policy,UAM-48,25.5,26.0,R,,,
corridor_policy,UAM-48,26.0,26.5,R,,,
corridor_policy,UAM-48,26.5,27.0,F,,,
corridor_policy,UAM-48,27.0,27.5,R,,,
corridor_policy,UAM-48,27.5,28.0,R,,,
corridor_policy,UAM-48,28.0,28.5,R,,,
corridor_policy,UAM-48,28.5,29.0,R,,,
corridor_policy,UAM-48,29.0,29.5,R,,,
corridor_policy,UAM-48,29.5,30.0,R,,,
corridor_policy,UAM-48,30.0,30.5,R,,,
corridor_policy,UAM-48,30.5,31.0,R,,,
corridor_policy,UAM-48,31.0,31.5,R,,,
corridor_policy,UAM-48,31.5,32.0,R,,,
corridor_policy,UAM-48,32.0,32.5,R,,,
corridor_policy,UAM-48,32.5,33.0,R,,,
corridor_policy,UAM-48,33.0,33.5,R,,,
corridor_policy,UAM-48,33.5,34.0,R,,,
corridor_policy,UAM-48,34.0,34.5,R,,,
corridor_policy,UAM-48,34.5,35.0,R,,,
corridor_policy,UAM-48,35.0,35.5,R,,,
corridor_policy,UAM-48,35.5,36.0,R,,,
corridor_policy,UAM-48,36.0,36.5,R,,,
corridor_policy,UAM-48,36.5,37.0,R,,,
corridor_policy,UAM-48,37.0,37.5,R,,,
corridor_policy,UAM-48,37.5,38.0,R,,,
corridor_policy,UAM-48,38.0,38.5,R,,,
corridor_policy,UAM-48,38.5,39.0,R,,,
corridor_policy,UAM-48,39.0,39.5,R,,,
corridor_policy,UAM-48,39.5,40.0,R,,,
corridor_policy,UAM-48,40.0,40.5,R,,,
corridor_policy,UAM-48,40.5,41.0,R,,,
corridor_policy,UAM-48,41.0,41.5,R,,,
corridor_policy,UAM-48,41.5,42.0,R,,,
corridor_policy,UAM-48,42.0,42.5,R,,,
corridor_policy,UAM-48,42.5,43.0,R,,,
corridor_policy,UAM-48,43.0,43.5,R,,,
corridor_policy,UAM-48,43.5,44.0,R,,,
corridor_policy,UAM-48,44.0,44.5,R,,,
corridor_policy,UAM-48,44.5,45.0,R,,,
corridor_policy,UAM-48,45.0,45.5,C,,,
corridor_policy,UAM-48,45.5,46.0,C,,,
corridor_policy,UAM-48,46.0,46.5,C,,,
corridor_policy,UAM-48,46.5,47.0,C,,,
corridor_policy,UAM-48,47.0,47.5,C,,,
corridor_policy,UAM-48,47.5,48.0,C,,,
corridor_policy,UAM-48,48.0,48.5,C,,,
corridor_policy,UAM-48,48.5,49.0,C,,,
corridor_policy,UAM-48,49.0,49.5,C,,,
corridor_policy,UAM-48,49.5,50.0,C,,,
corridor_policy,UAM-49,0.0,0.5,C,,,
corridor_policy,UAM-49,0.5,1.0,C,,,
corridor_policy,UAM-49,1.0,1.5,C,,,
corridor_policy,UAM-49,1.5,2.0,C,,,
corridor_policy,UAM-49,2.0,2.5,C,,,
corridor_policy,UAM-49,2.5,3.0,C,,,
corridor_policy,UAM-49,3.0,3.5,C,,,
corridor_policy,UAM-49,3.5,4.0,C,,,
corridor_policy,UAM-49,4.0,4.5,C,,,
corridor_policy,UAM-49,4.5,5.0,C,,,
corridor_policy,UAM-49,5.0,5.5,C,,,
corridor_policy,UAM-49,5.5,6.0,C,,,
corridor_policy,UAM-49,6.0,6.5,C,,,
corridor_policy,UAM-49,6.5,7.0,C,,,
corridor_policy,UAM-49,7.0,7.5,C,,,
corridor_policy,UAM-49,7.5,8.0,C,,,
corridor_policy,UAM-49,8.0,8.5,C,,,
corridor_policy,UAM-49,8.5,9.0,C,,,
corridor_policy,UAM-49,9.0,9.5,C,,,
corridor_policy,UAM-49,9.5,10.0,C,,,
corridor_policy,UAM-49,10.0,10.5,C,,,
corridor_policy,UAM-49,10.5,11.0,C,,,
corridor_policy,UAM-49,11.0,11.5,C,,,
corridor_policy,UAM-49,11.5,12.0,C,,,
corridor_policy,UAM-49,12.0,12.5,C,,,
corridor_policy,UAM-49,12.5,13.0,C,,,
corridor_policy,UAM-49,13.0,13.5,C,,,
corridor_policy,UAM-49,13.5,14.0,C,,,
corridor_policy,UAM-49,14.0,14.5,C,,,
corridor_policy,UAM-49,14.5,15.0,C,,,
corridor_policy,UAM-49,15.0,15.5,C,,,
corridor_policy,UAM-49,15.5,16.0,C,,,
corridor_policy,UAM-49,16.0,16.5,C,,,
corridor_policy,UAM-49,16.5,17.0,C,,,
corridor_policy,UAM-49,17.0,17.5,C,,,
corridor_policy,UAM-49,17.5,18.0,C,,,
corridor_policy,UAM-49,18.0,18.5,C,,,
corridor_policy,UAM-49,18.5,19.0,C,,,
corridor_policy,UAM-49,19.0,19.5,C,,,
corridor_policy,UAM-49,19.5,20.0,C,,,
corridor_policy,UAM-49,20.0,20.5,C,,,
corridor_policy,UAM-49,20.5,21.0,C,,,
corridor_policy,UAM-49,21.0,21.5,C,,,
corridor_policy,UAM-49,21.5,22.0,C,,,
corridor_policy,UAM-49,22.0,22.5,C,,,
corridor_policy,UAM-49,22.5,23.0,C,,,
corridor_policy,UAM-49,23.0,23.5,C,,,
corridor_policy,UAM-49,23.5,24.0,C,,,
corridor_policy,UAM-49,24.0,24.5,R,,,
corridor_policy,UAM-49,24.5,25.0,R,,,
corridor_policy,UAM-49,25.0,25.5,R,,,
corridor_policy,UAM-49,25.5,26.0,R,,,
corridor_policy,UAM-49,26.0,26.5,R,,,
corridor_policy,UAM-49,26.5,27.0,R,,,
corridor_policy,UAM-49,27.0,27.5,R,,,
corridor_policy,UAM-49,27.5,28.0,R,,,
corridor_policy,UAM-49,28.0,28.5,R,,,
corridor_policy,UAM-49,28.5,29.0,R,,,
corridor_policy,UAM-49,29.0,29.5,R,,,
corridor_policy,UAM-49,29.5,30.0,R,,,
corridor_policy,UAM-49,30.0,30.5,R,,,
corridor_policy,UAM-49,30.5,31.0,R,,,
corridor_policy,UAM-49,31.0,31.5,R,,,
corridor_policy,UAM-49,31.5,32.0,F,,,
corridor_policy,UAM-49,32.0,32.5,F,,,
corridor_policy,UAM-49,32.5,33.0,R,,,
corridor_policy,UAM-49,33.0,33.5,R,,,
corridor_policy,UAM-49,33.5,34.0,R,,,
corridor_policy,UAM-49,34.0,34.5,R,,,
corridor_policy,UAM-49,34.5,35.0,R,,,
corridor_policy,UAM-49,35.0,35.5,R,,,
corridor_policy,UAM-49,35.5,36.0,R,,,
corridor_policy,UAM-49,36.0,36.5,R,,,
corridor_policy,UAM-49,36.5,37.0,R,,,
corridor_policy,UAM-49,37.0,37.5,R,,,
corridor_policy,UAM-49,37.5,38.0,R,,,
corridor_policy,UAM-49,38.0,38.5,R,,,
corridor_policy,UAM-49,38.5,39.0,R,,,
corridor_policy,UAM-49,39.0,39.5,R,,,
corridor_policy,UAM-49,39.5,40.0,R,,,
corridor_policy,UAM-49,40.0,40.5,R,,,
corridor_policy,UAM-49,40.5,41.0,R,,,
corridor_policy,UAM-49,41.0,41.5,R,,,
corridor_policy,UAM-49,41.5,42.0,R,,,
corridor_policy,UAM-49,42.0,42.5,R,,,
corridor_policy,UAM-49,42.5,43.0,R,,,
corridor_policy,UAM-49,43.0,43.5,R,,,
corridor_policy,UAM-49,43.5,44.0,R,,,
corridor_policy,UAM-49,44.0,44.5,R,,,
corridor_policy,UAM-49,44.5,45.0,R,,,
corridor_policy,UAM-49,45.0,45.5,C,,,
corridor_policy,UAM-49,45.5,46.0,C,,,
corridor_policy,UAM-49,46.0,46.5,C,,,
corridor_policy,UAM-49,46.5,47.0,C,,,
corridor_policy,UAM-49,47.0,47.5,C,,,
corridor_policy,UAM-49,47.5,48.0,C,,,
corridor_policy,UAM-49,48.0,48.5,C,,,
corridor_policy,UAM-49,48.5,49.0,C,,,
corridor_policy,UAM-49,49.0,49.5,C,,,
corridor_policy,UAM-49,49.5,50.0,C,,,
corridor_policy,UAM-50,0.0,0.5,C,,,
corridor_policy,UAM-50,0.5,1.0,C,,,
corridor_policy,UAM-50,1.0,1.5,C,,,
corridor_policy,UAM-50,1.5,2.0,C,,,
corridor_policy,UAM-50,2.0,2.5,C,,,
corridor_policy,UAM-50,2.5,3.0,C,,,
corridor_policy,UAM-50,3.0,3.5,C,,,
corridor_policy,UAM-50,3.5,4.0,C,,,
corridor_policy,UAM-50,4.0,4.5,C,,,
corridor_policy,UAM-50,4.5,5.0,C,,,
corridor_policy,UAM-50,5.0,5.5,C,,,
corridor_policy,UAM-50,5.5,6.0,C,,,
corridor_policy,UAM-50,6.0,6.5,C,,,
corridor_policy,UAM-50,6.5,7.0,C,,,
corridor_policy,UAM-50,7.0,7.5,C,,,
corridor_policy,UAM-50,7.5,8.0,C,,,
corridor_policy,UAM-50,8.0,8.5,C,,,
corridor_policy,UAM-50,8.5,9.0,C,,,
corridor_policy,UAM-50,9.0,9.5,C,,,
corridor_policy,UAM-50,9.5,10.0,C,,,
corridor_policy,UAM-50,10.0,10.5,C,,,
corridor_policy,UAM-50,10.5,11.0,C,,,
corridor_policy,UAM-50,11.0,11.5,C,,,
corridor_policy,UAM-50,11.5,12.0,C,,,
corridor_policy,UAM-50,12.0,12.5,R,,,
corridor_policy,UAM-50,12.5,13.0,C,,,
corridor_policy,UAM-50,13.0,13.5,C,,,
corridor_policy,UAM-50,13.5,14.0,C,,,
corridor_policy,UAM-50,14.0,14.5,C,,,
corridor_policy,UAM-50,14.5,15.0,C,,,
corridor_policy,UAM-50,15.0,15.5,C,,,
corridor_policy,UAM-50,15.5,16.0,C,,,
corridor_policy,UAM-50,16.0,16.5,C,,,
corridor_policy,UAM-50,16.5,17.0,C,,,
corridor_policy,UAM-50,17.0,17.5,C,,,
corridor_policy,UAM-50,17.5,18.0,C,,,
corridor_policy,UAM-50,18.0,18.5,C,,,
corridor_policy,UAM-50,18.5,19.0,C,,,
corridor_policy,UAM-50,19.0,19.5,C,,,
corridor_policy,UAM-50,19.5,20.0,C,,,
corridor_policy,UAM-50,20.0,20.5,C,,,
corridor_policy,UAM-50,20.5,21.0,C,,,
corridor_policy,UAM-50,21.0,21.5,C,,,
corridor_policy,UAM-50,21.5,22.0,C,,,
corridor_policy,UAM-50,22.0,22.5,C,,,
corridor_policy,UAM-50,22.5,23.0,C,,,
corridor_policy,UAM-50,23.0,23.5,C,,,
corridor_policy,UAM-50,23.5,24.0,C,,,
corridor_policy,UAM-50,24.0,24.5,C,,,
corridor_policy,UAM-50,24.5,25.0,C,,,
corridor_policy,UAM-50,25.0,25.5,R,,,
corridor_policy,UAM-50,25.5,26.0,R,,,
corridor_policy,UAM-50,26.0,26.5,R,,,
corridor_policy,UAM-50,26.5,27.0,R,,,
corridor_policy,UAM-50,27.0,27.5,F,,,
corridor_policy,UAM-50,27.5,28.0,R,,,
corridor_policy,UAM-50,28.0,28.5,R,,,
corridor_policy,UAM-50,28.5,29.0,R,,,
corridor_policy,UAM-50,29.0,29.5,R,,,
corridor_policy,UAM-50,29.5,30.0,R,,,
corridor_policy,UAM-50,30.0,30.5,R,,,
corridor_policy,UAM-50,30.5,31.0,R,,,
corridor_policy,UAM-50,31.0,31.5,R,,,
corridor_policy,UAM-50,31.5,32.0,R,,,
corridor_policy,UAM-50,32.0,32.5,R,,,
corridor_policy,UAM-50,32.5,33.0,R,,,
corridor_policy,UAM-50,33.0,33.5,R,,,
corridor_policy,UAM-50,33.5,34.0,R,,,
corridor_policy,UAM-50,34.0,34.5,R,,,
corridor_policy,UAM-50,34.5,35.0,R,,,
corridor_policy,UAM-50,35.0,35.5,R,,,
corridor_policy,UAM-50,35.5,36.0,R,,,
corridor_policy,UAM-50,36.0,36.5,R,,,
corridor_policy,UAM-50,36.5,37.0,C,,,
corridor_policy,UAM-50,37.0,37.5,C,,,
corridor_policy,UAM-50,37.5,38.0,R,,,
corridor_policy,UAM-50,38.0,38.5,R,,,
corridor_policy,UAM-50,38.5,39.0,R,,,
corridor_policy,UAM-50,39.0,39.5,R,,,
corridor_policy,UAM-50,39.5,40.0,R,,,
corridor_policy,UAM-50,40.0,40.5,R,,,
corridor_policy,UAM-50,40.5,41.0,R,,,
corridor_policy,UAM-50,41.0,41.5,R,,,
corridor_policy,UAM-50,41.5,42.0,R,,,
corridor_policy,UAM-50,42.0,42.5,R,,,
corridor_policy,UAM-50,42.5,43.0,R,,,
corridor_policy,UAM-50,43.0,43.5,R,,,
corridor_policy,UAM-50,43.5,44.0,R,,,
corridor_policy,UAM-50,44.0,44.5,R,,,
corridor_policy,UAM-50,44.5,45.0,R,,,
corridor_policy,UAM-50,45.0,45.5,R,,,
corridor_policy,UAM-50,45.5,46.0,C,,,
corridor_policy,UAM-50,46.0,46.5,C,,,
corridor_policy,UAM-50,46.5,47.0,C,,,
corridor_policy,UAM-50,47.0,47.5,C,,,
corridor_policy,UAM-50,47.5,48.0,C,,,
corridor_policy,UAM-50,48.0,48.5,C,,,
corridor_policy,UAM-50,48.5,49.0,C,,,
corridor_policy,UAM-50,49.0,49.5,C,,,
corridor_policy,UAM-50,49.5,50.0,C,,,
corridor_policy,UAM-51,0.0,0.5,C,,,
corridor_policy,UAM-51,0.5,1.0,C,,,
corridor_policy,UAM-51,1.0,1.5,C,,,
corridor_policy,UAM-51,1.5,2.0,C,,,
corridor_policy,UAM-51,2.0,2.5,C,,,
corridor_policy,UAM-51,2.5,3.0,C,,,
corridor_policy,UAM-51,3.0,3.5,C,,,
corridor_policy,UAM-51,3.5,4.0,C,,,
corridor_policy,UAM-51,4.0,4.5,C,,,
corridor_policy,UAM-51,4.5,5.0,C,,,
corridor_policy,UAM-51,5.0,5.5,C,,,
corridor_policy,UAM-51,5.5,6.0,C,,,
corridor_policy,UAM-51,6.0,6.5,C,,,
corridor_policy,UAM-51,6.5,7.0,C,,,
corridor_policy,UAM-51,7.0,7.5,C,,,
corridor_policy,UAM-51,7.5,8.0,C,,,
corridor_policy,UAM-51,8.0,8.5,C,,,
corridor_policy,UAM-51,8.5,9.0,C,,,
corridor_policy,UAM-51,9.0,9.5,C,,,
corridor_policy,UAM-51,9.5,10.0,C,,,
corridor_policy,UAM-51,10.0,10.5,C,,,
corridor_policy,UAM-51,10.5,11.0,R,,,
corridor_policy,UAM-51,11.0,11.5,C,,,
corridor_policy,UAM-51,11.5,12.0,C,,,
corridor_policy,UAM-51,12.0,12.5,R,,,
corridor_policy,UAM-51,12.5,13.0,C,,,
corridor_policy,UAM-51,13.0,13.5,C,,,
corridor_policy,UAM-51,13.5,14.0,C,,,
corridor_policy,UAM-51,14.0,14.5,C,,,
corridor_policy,UAM-51,14.5,15.0,C,,,
corridor_policy,UAM-51,15.0,15.5,C,,,
corridor_policy,UAM-51,15.5,16.0,C,,,
corridor_policy,UAM-51,16.0,16.5,C,,,
corridor_policy,UAM-51,16.5,17.0,C,,,
corridor_policy,UAM-51,17.0,17.5,C,,,
corridor_policy,UAM-51,17.5,18.0,C,,,
corridor_policy,UAM-51,18.0,18.5,C,,,
corridor_policy,UAM-51,18.5,19.0,C,,,
corridor_policy,UAM-51,19.0,19.5,C,,,
corridor_policy,UAM-51,19.5,20.0,C,,,
corridor_policy,UAM-51,20.0,20.5,C,,,
corridor_policy,UAM-51,20.5,21.0,C,,,
corridor_policy,UAM-51,21.0,21.5,C,,,
corridor_policy,UAM-51,21.5,22.0,C,,,
corridor_policy,UAM-51,22.0,22.5,C,,,
corridor_policy,UAM-51,22.5,23.0,C,,,
corridor_policy,UAM-51,23.0,23.5,C,,,
corridor_policy,UAM-51,23.5,24.0,C,,,
corridor_policy,UAM-51,24.0,24.5,R,,,
corridor_policy,UAM-51,24.5,25.0,R,,,
corridor_policy,UAM-51,25.0,25.5,R,,,
corridor_policy,UAM-51,25.5,26.0,R,,,
corridor_policy,UAM-51,26.0,26.5,R,,,
corridor_policy,UAM-51,26.5,27.0,R,,,
corridor_policy,UAM-51,27.0,27.5,R,,,
corridor_policy,UAM-51,27.5,28.0,R,,,
corridor_policy,UAM-51,28.0,28.5,F,,,
corridor_policy,UAM-51,28.5,29.0,R,,,
corridor_policy,UAM-51,29.0,29.5,R,,,
corridor_policy,UAM-51,29.5,30.0,R,,,
corridor_policy,UAM-51,30.0,30.5,R,,,
corridor_policy,UAM-51,30.5,31.0,F,,,
corridor_policy,UAM-51,31.0,31.5,F,,,
corridor_policy,UAM-51,31.5,32.0,R,,,
corridor_policy,UAM-51,32.0,32.5,R,,,
corridor_policy,UAM-51,32.5,33.0,R,,,
corridor_policy,UAM-51,33.0,33.5,R,,,
corridor_policy,UAM-51,33.5,34.0,R,,,
corridor_policy,UAM-51,34.0,34.5,R,,,
corridor_policy,UAM-51,34.5,35.0,R,,,
corridor_policy,UAM-51,35.0,35.5,R,,,
corridor_policy,UAM-51,35.5,36.0,R,,,
corridor_policy,UAM-51,36.0,36.5,R,,,
corridor_policy,UAM-51,36.5,37.0,C,,,
corridor_policy,UAM-51,37.0,37.5,C,,,
corridor_policy,UAM-51,37.5,38.0,R,,,
corridor_policy,UAM-51,38.0,38.5,R,,,
corridor_policy,UAM-51,38.5,39.0,R,,,
corridor_policy,UAM-51,39.0,39.5,R,,,
corridor_policy,UAM-51,39.5,40.0,R,,,
corridor_policy,UAM-51,40.0,40.5,R,,,
corridor_policy,UAM-51,40.5,41.0,R,,,
corridor_policy,UAM-51,41.0,41.5,R,,,
corridor_policy,UAM-51,41.5,42.0,R,,,
corridor_policy,UAM-51,42.0,42.5,R,,,
corridor_policy,UAM-51,42.5,43.0,R,,,
corridor_policy,UAM-51,43.0,43.5,R,,,
corridor_policy,UAM-51,43.5,44.0,R,,,
corridor_policy,UAM-51,44.0,44.5,R,,,
corridor_policy,UAM-51,44.5,45.0,R,,,
corridor_policy,UAM-51,45.0,45.5,C,,,
corridor_policy,UAM-51,45.5,46.0,C,,,
corridor_policy,UAM-51,46.0,46.5,C,,,
corridor_policy,UAM-51,46.5,47.0,C,,,
corridor_policy,UAM-51,47.0,47.5,C,,,
corridor_policy,UAM-51,47.5,48.0,C,,,
corridor_policy,UAM-51,48.0,48.5,C,,,
corridor_policy,UAM-51,48.5,49.0,C,,,
corridor_policy,UAM-51,49.0,49.5,C,,,
corridor_policy,UAM-51,49.5,50.0,C,,,
corridor_policy,UAM-52,0.0,0.5,C,,,
corridor_policy,UAM-52,0.5,1.0,C,,,
corridor_policy,UAM-52,1.0,1.5,C,,,
corridor_policy,UAM-52,1.5,2.0,C,,,
corridor_policy,UAM-52,2.0,2.5,C,,,
corridor_policy,UAM-52,2.5,3.0,C,,,
corridor_policy,UAM-52,3.0,3.5,C,,,
corridor_policy,UAM-52,3.5,4.0,C,,,
corridor_policy,UAM-52,4.0,4.5,C,,,
corridor_policy,UAM-52,4.5,5.0,C,,,
corridor_policy,UAM-52,5.0,5.5,C,,,
corridor_policy,UAM-52,5.5,6.0,C,,,
corridor_policy,UAM-52,6.0,6.5,C,,,
corridor_policy,UAM-52,6.5,7.0,C,,,
corridor_policy,UAM-52,7.0,7.5,C,,,
corridor_policy,UAM-52,7.5,8.0,C,,,
corridor_policy,UAM-52,8.0,8.5,C,,,
corridor_policy,UAM-52,8.5,9.0,C,,,
corridor_policy,UAM-52,9.0,9.5,C,,,
corridor_policy,UAM-52,9.5,10.0,R,,,
corridor_policy,UAM-52,10.0,10.5,C,,,
corridor_policy,UAM-52,10.5,11.0,R,,,
corridor_policy,UAM-52,11.0,11.5,C,,,
corridor_policy,UAM-52,11.5,12.0,R,,,
corridor_policy,UAM-52,12.0,12.5,R,,,
corridor_policy,UAM-52,12.5,13.0,C,,,
corridor_policy,UAM-52,13.0,13.5,C,,,
corridor_policy,UAM-52,13.5,14.0,C,,,
corridor_policy,UAM-52,14.0,14.5,C,,,
corridor_policy,UAM-52,14.5,15.0,C,,,
corridor_policy,UAM-52,15.0,15.5,C,,,
corridor_policy,UAM-52,15.5,16.0,C,,,
corridor_policy,UAM-52,16.0,16.5,C,,,
corridor_policy,UAM-52,16.5,17.0,C,,,
corridor_policy,UAM-52,17.0,17.5,C,,,
corridor_policy,UAM-52,17.5,18.0,C,,,
corridor_policy,UAM-52,18.0,18.5,C,,,
corridor_policy,UAM-52,18.5,19.0,C,,,
corridor_policy,UAM-52,19.0,19.5,C,,,
corridor_policy,UAM-52,19.5,20.0,C,,,
corridor_policy,UAM-52,20.0,20.5,C,,,
corridor_policy,UAM-52,20.5,21.0,C,,,
corridor_policy,UAM-52,21.0,21.5,C,,,
corridor_policy,UAM-52,21.5,22.0,C,,,
corridor_policy,UAM-52,22.0,22.5,C,,,
corridor_policy,UAM-52,22.5,23.0,C,,,
corridor_policy,UAM-52,23.0,23.5,C,,,
corridor_policy,UAM-52,23.5,24.0,C,,,
corridor_policy,UAM-52,24.0,24.5,C,,,
corridor_policy,UAM-52,24.5,25.0,C,,,
corridor_policy,UAM-52,25.0,25.5,R,,,
corridor_policy,UAM-52,25.5,26.0,R,,,
corridor_policy,UAM-52,26.0,26.5,R,,,
corridor_policy,UAM-52,26.5,27.0,R,,,
corridor_policy,UAM-52,27.0,27.5,R,,,
corridor_policy,UAM-52,27.5,28.0,R,,,
corridor_policy,UAM-52,28.0,28.5,F,,,
corridor_policy,UAM-52,28.5,29.0,R,,,
corridor_policy,UAM-52,29.0,29.5,R,,,
corridor_policy,UAM-52,29.5,30.0,R,,,
corridor_policy,UAM-52,30.0,30.5,F,,,
corridor_policy,UAM-52,30.5,31.0,F,,,
corridor_policy,UAM-52,31.0,31.5,F,,,
corridor_policy,UAM-52,31.5,32.0,F,,,
corridor_policy,UAM-52,32.0,32.5,R,,,
corridor_policy,UAM-52,32.5,33.0,R,,,
corridor_policy,UAM-52,33.0,33.5,R,,,
corridor_policy,UAM-52,33.5,34.0,R,,,
corridor_policy,UAM-52,34.0,34.5,R,,,
corridor_policy,UAM-52,34.5,35.0,R,,,
corridor_policy,UAM-52,35.0,35.5,R,,,
corridor_policy,UAM-52,35.5,36.0,R,,,
corridor_policy,UAM-52,36.0,36.5,R,,,
corridor_policy,UAM-52,36.5,37.0,C,,,
corridor_policy,UAM-52,37.0,37.5,C,,,
corridor_policy,UAM-52,37.5,38.0,R,,,
corridor_policy,UAM-52,38.0,38.5,R,,,
corridor_policy,UAM-52,38.5,39.0,R,,,
corridor_policy,UAM-52,39.0,39.5,R,,,
corridor_policy,UAM-52,39.5,40.0,R,,,
corridor_policy,UAM-52,40.0,40.5,R,,,
corridor_policy,UAM-52,40.5,41.0,R,,,
corridor_policy,UAM-52,41.0,41.5,R,,,
corridor_policy,UAM-52,41.5,42.0,R,,,
corridor_policy,UAM-52,42.0,42.5,R,,,
corridor_policy,UAM-52,42.5,43.0,R,,,
corridor_policy,UAM-52,43.0,43.5,R,,,
corridor_policy,UAM-52,43.5,44.0,R,,,
corridor_policy,UAM-52,44.0,44.5,R,,,
corridor_policy,UAM-52,44.5,45.0,R,,,
corridor_policy,UAM-52,45.0,45.5,C,,,
corridor_policy,UAM-52,45.5,46.0,C,,,
corridor_policy,UAM-52,46.0,46.5,C,,,
corridor_policy,UAM-52,46.5,47.0,C,,,
corridor_policy,UAM-52,47.0,47.5,C,,,
corridor_policy,UAM-52,47.5,48.0,C,,,
corridor_policy,UAM-52,48.0,48.5,C,,,
corridor_policy,UAM-52,48.5,49.0,C,,,
corridor_policy,UAM-52,49.0,49.5,C,,,
corridor_policy,UAM-52,49.5,50.0,C,,,
corridor_policy,UAM-53,0.0,0.5,C,,,
corridor_policy,UAM-53,0.5,1.0,C,,,
corridor_policy,UAM-53,1.0,1.5,C,,,
corridor_policy,UAM-53,1.5,2.0,C,,,
corridor_policy,UAM-53,2.0,2.5,C,,,
corridor_policy,UAM-53,2.5,3.0,C,,,
corridor_policy,UAM-53,3.0,3.5,C,,,
corridor_policy,UAM-53,3.5,4.0,C,,,
corridor_policy,UAM-53,4.0,4.5,C,,,
corridor_policy,UAM-53,4.5,5.0,C,,,
corridor_policy,UAM-53,5.0,5.5,C,,,
corridor_policy,UAM-53,5.5,6.0,C,,,
corridor_policy,UAM-53,6.0,6.5,C,,,
corridor_policy,UAM-53,6.5,7.0,C,,,
corridor_policy,UAM-53,7.0,7.5,C,,,
corridor_policy,UAM-53,7.5,8.0,C,,,
corridor_policy,UAM-53,8.0,8.5,C,,,
corridor_policy,UAM-53,8.5,9.0,C,,,
corridor_policy,UAM-53,9.0,9.5,R,,,
corridor_policy,UAM-53,9.5,10.0,R,,,
corridor_policy,UAM-53,10.0,10.5,C,,,
corridor_policy,UAM-53,10.5,11.0,R,,,
corridor_policy,UAM-53,11.0,11.5,C,,,
corridor_policy,UAM-53,11.5,12.0,C,,,
corridor_policy,UAM-53,12.0,12.5,R,,,
corridor_policy,UAM-53,12.5,13.0,C,,,
corridor_policy,UAM-53,13.0,13.5,C,,,
corridor_policy,UAM-53,13.5,14.0,C,,,
corridor_policy,UAM-53,14.0,14.5,C,,,
corridor_policy,UAM-53,14.5,15.0,C,,,
corridor_policy,UAM-53,15.0,15.5,C,,,
corridor_policy,UAM-53,15.5,16.0,C,,,
corridor_policy,UAM-53,16.0,16.5,C,,,
corridor_policy,UAM-53,16.5,17.0,C,,,
corridor_policy,UAM-53,17.0,17.5,C,,,
corridor_policy,UAM-53,17.5,18.0,C,,,
corridor_policy,UAM-53,18.0,18.5,C,,,
corridor_policy,UAM-53,18.5,19.0,C,,,
corridor_policy,UAM-53,19.0,19.5,C,,,
corridor_policy,UAM-53,19.5,20.0,C,,,
corridor_policy,UAM-53,20.0,20.5,C,,,
corridor_policy,UAM-53,20.5,21.0,C,,,
corridor_policy,UAM-53,21.0,21.5,C,,,
corridor_policy,UAM-53,21.5,22.0,C,,,
corridor_policy,UAM-53,22.0,22.5,C,,,
corridor_policy,UAM-53,22.5,23.0,C,,,
corridor_policy,UAM-53,23.0,23.5,C,,,
corridor_policy,UAM-53,23.5,24.0,C,,,
corridor_policy,UAM-53,24.0,24.5,C,,,
corridor_policy,UAM-53,24.5,25.0,C,,,
corridor_policy,UAM-53,25.0,25.5,R,,,
corridor_policy,UAM-53,25.5,26.0,R,,,
corridor_policy,UAM-53,26.0,26.5,R,,,
corridor_policy,UAM-53,26.5,27.0,F,,,
corridor_policy,UAM-53,27.0,27.5,F,,,
corridor_policy,UAM-53,27.5,28.0,R,,,
corridor_policy,UAM-53,28.0,28.5,R,,,
corridor_policy,UAM-53,28.5,29.0,R,,,
corridor_policy,UAM-53,29.0,29.5,R,,,
corridor_policy,UAM-53,29.5,30.0,R,,,
corridor_policy,UAM-53,30.0,30.5,R,,,
corridor_policy,UAM-53,30.5,31.0,R,,,
corridor_policy,UAM-53,31.0,31.5,R,,,
corridor_policy,UAM-53,31.5,32.0,R,,,
corridor_policy,UAM-53,32.0,32.5,R,,,
corridor_policy,UAM-53,32.5,33.0,R,,,
corridor_policy,UAM-53,33.0,33.5,R,,,
corridor_policy,UAM-53,33.5,34.0,R,,,
corridor_policy,UAM-53,34.0,34.5,R,,,
corridor_policy,UAM-53,34.5,35.0,R,,,
corridor_policy,UAM-53,35.0,35.5,R,,,
corridor_policy,UAM-53,35.5,36.0,R,,,
corridor_policy,UAM-53,36.0,36.5,R,,,
corridor_policy,UAM-53,36.5,37.0,R,,,
corridor_policy,UAM-53,37.0,37.5,R,,,
corridor_policy,UAM-53,37.5,38.0,R,,,
corridor_policy,UAM-53,38.0,38.5,R,,,
corridor_policy,UAM-53,38.5,39.0,R,,,
corridor_policy,UAM-53,39.0,39.5,R,,,
corridor_policy,UAM-53,39.5,40.0,R,,,
corridor_policy,UAM-53,40.0,40.5,R,,,
corridor_policy,UAM-53,40.5,41.0,R,,,
corridor_policy,UAM-53,41.0,41.5,R,,,
corridor_policy,UAM-53,41.5,42.0,R,,,
corridor_policy,UAM-53,42.0,42.5,R,,,
corridor_policy,UAM-53,42.5,43.0,R,,,
corridor_policy,UAM-53,43.0,43.5,R,,,
corridor_policy,UAM-53,43.5,44.0,R,,,
corridor_policy,UAM-53,44.0,44.5,R,,,
corridor_policy,UAM-53,44.5,45.0,R,,,
corridor_policy,UAM-53,45.0,45.5,C,,,
corridor_policy,UAM-53,45.5,46.0,C,,,
corridor_policy,UAM-53,46.0,46.5,C,,,
corridor_policy,UAM-53,46.5,47.0,C,,,
corridor_policy,UAM-53,47.0,47.5,C,,,
corridor_policy,UAM-53,47.5,48.0,C,,,
corridor_policy,UAM-53,48.0,48.5,C,,,
corridor_policy,UAM-53,48.5,49.0,C,,,
corridor_policy,UAM-53,49.0,49.5,C,,,
corridor_policy,UAM-53,49.5,50.0,C,,,
corridor_policy,UAM-54,0.0,0.5,C,,,
corridor_policy,UAM-54,0.5,1.0,C,,,
corridor_policy,UAM-54,1.0,1.5,C,,,
corridor_policy,UAM-54,1.5,2.0,C,,,
corridor_policy,UAM-54,2.0,2.5,C,,,
corridor_policy,UAM-54,2.5,3.0,C,,,
corridor_policy,UAM-54,3.0,3.5,C,,,
corridor_policy,UAM-54,3.5,4.0,C,,,
corridor_policy,UAM-54,4.0,4.5,C,,,
corridor_policy,UAM-54,4.5,5.0,C,,,
corridor_policy,UAM-54,5.0,5.5,C,,,
corridor_policy,UAM-54,5.5,6.0,C,,,
corridor_policy,UAM-54,6.0,6.5,C,,,
corridor_policy,UAM-54,6.5,7.0,C,,,
corridor_policy,UAM-54,7.0,7.5,C,,,
corridor_policy,UAM-54,7.5,8.0,C,,,
corridor_policy,UAM-54,8.0,8.5,C,,,
corridor_policy,UAM-54,8.5,9.0,C,,,
corridor_policy,UAM-54,9.0,9.5,R,,,
corridor_policy,UAM-54,9.5,10.0,C,,,
corridor_policy,UAM-54,10.0,10.5,C,,,
corridor_policy,UAM-54,10.5,11.0,R,,,
corridor_policy,UAM-54,11.0,11.5,C,,,
corridor_policy,UAM-54,11.5,12.0,C,,,
corridor_policy,UAM-54,12.0,12.5,C,,,
corridor_policy,UAM-54,12.5,13.0,C,,,
corridor_policy,UAM-54,13.0,13.5,C,,,
corridor_policy,UAM-54,13.5,14.0,C,,,
corridor_policy,UAM-54,14.0,14.5,C,,,
corridor_policy,UAM-54,14.5,15.0,C,,,
corridor_policy,UAM-54,15.0,15.5,C,,,
corridor_policy,UAM-54,15.5,16.0,C,,,
corridor_policy,UAM-54,16.0,16.5,C,,,
corridor_policy,UAM-54,16.5,17.0,C,,,
corridor_policy,UAM-54,17.0,17.5,C,,,
corridor_policy,UAM-54,17.5,18.0,C,,,
corridor_policy,UAM-54,18.0,18.5,C,,,
corridor_policy,UAM-54,18.5,19.0,C,,,
corridor_policy,UAM-54,19.0,19.5,C,,,
corridor_policy,UAM-54,19.5,20.0,C,,,
corridor_policy,UAM-54,20.0,20.5,C,,,
corridor_policy,UAM-54,20.5,21.0,C,,,
corridor_policy,UAM-54,21.0,21.5,C,,,
corridor_policy,UAM-54,21.5,22.0,C,,,
corridor_policy,UAM-54,22.0,22.5,C,,,
corridor_policy,UAM-54,22.5,23.0,C,,,
corridor_policy,UAM-54,23.0,23.5,C,,,
corridor_policy,UAM-54,23.5,24.0,C,,,
corridor_policy,UAM-54,24.0,24.5,C,,,
corridor_policy,UAM-54,24.5,25.0,C,,,
corridor_policy,UAM-54,25.0,25.5,R,,,
corridor_policy,UAM-54,25.5,26.0,R,,,
corridor_policy,UAM-54,26.0,26.5,R,,,
corridor_policy,UAM-54,26.5,27.0,F,,,
corridor_policy,UAM-54,27.0,27.5,R,,,
corridor_policy,UAM-54,27.5,28.0,R,,,
corridor_policy,UAM-54,28.0,28.5,R,,,
corridor_policy,UAM-54,28.5,29.0,R,,,
corridor_policy,UAM-54,29.0,29.5,R,,,
corridor_policy,UAM-54,29.5,30.0,R,,,
corridor_policy,UAM-54,30.0,30.5,R,,,
corridor_policy,UAM-54,30.5,31.0,R,,,
corridor_policy,UAM-54,31.0,31.5,R,,,
corridor_policy,UAM-54,31.5,32.0,R,,,
corridor_policy,UAM-54,32.0,32.5,R,,,
corridor_policy,UAM-54,32.5,33.0,R,,,
corridor_policy,UAM-54,33.0,33.5,R,,,
corridor_policy,UAM-54,33.5,34.0,R,,,
corridor_policy,UAM-54,34.0,34.5,R,,,
corridor_policy,UAM-54,34.5,35.0,R,,,
corridor_policy,UAM-54,35.0,35.5,R,,,
corridor_policy,UAM-54,35.5,36.0,R,,,
corridor_policy,UAM-54,36.0,36.5,R,,,
corridor_policy,UAM-54,36.5,37.0,R,,,
corridor_policy,UAM-54,37.0,37.5,R,,,
corridor_policy,UAM-54,37.5,38.0,R,,,
corridor_policy,UAM-54,38.0,38.5,R,,,
corridor_policy,UAM-54,38.5,39.0,R,,,
corridor_policy,UAM-54,39.0,39.5,R,,,
corridor_policy,UAM-54,39.5,40.0,R,,,
corridor_policy,UAM-54,40.0,40.5,R,,,
corridor_policy,UAM-54,40.5,41.0,R,,,
corridor_policy,UAM-54,41.0,41.5,R,,,
corridor_policy,UAM-54,41.5,42.0,R,,,
corridor_policy,UAM-54,42.0,42.5,R,,,
corridor_policy,UAM-54,42.5,43.0,R,,,
corridor_policy,UAM-54,43.0,43.5,R,,,
corridor_policy,UAM-54,43.5,44.0,R,,,
corridor_policy,UAM-54,44.0,44.5,R,,,
corridor_policy,UAM-54,44.5,45.0,R,,,
corridor_policy,UAM-54,45.0,45.5,C,,,
corridor_policy,UAM-54,45.5,46.0,C,,,
corridor_policy,UAM-54,46.0,46.5,C,,,
corridor_policy,UAM-54,46.5,47.0,C,,,
corridor_policy,UAM-54,47.0,47.5,C,,,
corridor_policy,UAM-54,47.5,48.0,C,,,
corridor_policy,UAM-54,48.0,48.5,C,,,
corridor_policy,UAM-54,48.5,49.0,C,,,
corridor_policy,UAM-54,49.0,49.5,C,,,
corridor_policy,UAM-54,49.5,50.0,C,,,
corridor_policy,UAM-55,0.0,0.5,C,,,
corridor_policy,UAM-55,0.5,1.0,C,,,
corridor_policy,UAM-55,1.0,1.5,C,,,
corridor_policy,UAM-55,1.5,2.0,C,,,
corridor_policy,UAM-55,2.0,2.5,C,,,
corridor_policy,UAM-55,2.5,3.0,C,,,
corridor_policy,UAM-55,3.0,3.5,C,,,
corridor_policy,UAM-55,3.5,4.0,C,,,
corridor_policy,UAM-55,4.0,4.5,C,,,
corridor_policy,UAM-55,4.5,5.0,C,,,
corridor_policy,UAM-55,5.0,5.5,C,,,
corridor_policy,UAM-55,5.5,6.0,C,,,
corridor_policy,UAM-55,6.0,6.5,C,,,
corridor_policy,UAM-55,6.5,7.0,C,,,
corridor_policy,UAM-55,7.0,7.5,C,,,
corridor_policy,UAM-55,7.5,8.0,C,,,
corridor_policy,UAM-55,8.0,8.5,C,,,
corridor_policy,UAM-55,8.5,9.0,C,,,
corridor_policy,UAM-55,9.0,9.5,R,,,
corridor_policy,UAM-55,9.5,10.0,C,,,
corridor_policy,UAM-55,10.0,10.5,C,,,
corridor_policy,UAM-55,10.5,11.0,C,,,
corridor_policy,UAM-55,11.0,11.5,C,,,
corridor_policy,UAM-55,11.5,12.0,C,,,
corridor_policy,UAM-55,12.0,12.5,C,,,
corridor_policy,UAM-55,12.5,13.0,C,,,
corridor_policy,UAM-55,13.0,13.5,C,,,
corridor_policy,UAM-55,13.5,14.0,C,,,
corridor_policy,UAM-55,14.0,14.5,C,,,
corridor_policy,UAM-55,14.5,15.0,C,,,
corridor_policy,UAM-55,15.0,15.5,C,,,
corridor_policy,UAM-55,15.5,16.0,C,,,
corridor_policy,UAM-55,16.0,16.5,C,,,
corridor_policy,UAM-55,16.5,17.0,C,,,
corridor_policy,UAM-55,17.0,17.5,C,,,
corridor_policy,UAM-55,17.5,18.0,C,,,
corridor_policy,UAM-55,18.0,18.5,C,,,
corridor_policy,UAM-55,18.5,19.0,C,,,
corridor_policy,UAM-55,19.0,19.5,C,,,
corridor_policy,UAM-55,19.5,20.0,C,,,
corridor_policy,UAM-55,20.0,20.5,C,,,
corridor_policy,UAM-55,20.5,21.0,C,,,
corridor_policy,UAM-55,21.0,21.5,C,,,
corridor_policy,UAM-55,21.5,22.0,C,,,
corridor_policy,UAM-55,22.0,22.5,C,,,
corridor_policy,UAM-55,22.5,23.0,C,,,
corridor_policy,UAM-55,23.0,23.5,C,,,
corridor_policy,UAM-55,23.5,24.0,C,,,
corridor_policy,UAM-55,24.0,24.5,R,,,
corridor_policy,UAM-55,24.5,25.0,R,,,
corridor_policy,UAM-55,25.0,25.5,R,,,
corridor_policy,UAM-55,25.5,26.0,R,,,
corridor_policy,UAM-55,26.0,26.5,F,,,
corridor_policy,UAM-55,26.5,27.0,F,,,
corridor_policy,UAM-55,27.0,27.5,R,,,
corridor_policy,UAM-55,27.5,28.0,R,,,
corridor_policy,UAM-55,28.0,28.5,R,,,
corridor_policy,UAM-55,28.5,29.0,R,,,
corridor_policy,UAM-55,29.0,29.5,R,,,
corridor_policy,UAM-55,29.5,30.0,R,,,
corridor_policy,UAM-55,30.0,30.5,R,,,
corridor_policy,UAM-55,30.5,31.0,R,,,
corridor_policy,UAM-55,31.0,31.5,R,,,
corridor_policy,UAM-55,31.5,32.0,R,,,
corridor_policy,UAM-55,32.0,32.5,R,,,
corridor_policy,UAM-55,32.5,33.0,R,,,
corridor_policy,UAM-55,33.0,33.5,R,,,
corridor_policy,UAM-55,33.5,34.0,R,,,
corridor_policy,UAM-55,34.0,34.5,R,,,
corridor_policy,UAM-55,34.5,35.0,R,,,
corridor_policy,UAM-55,35.0,35.5,R,,,
corridor_policy,UAM-55,35.5,36.0,R,,,
corridor_policy,UAM-55,36.0,36.5,R,,,
corridor_policy,UAM-55,36.5,37.0,R,,,
corridor_policy,UAM-55,37.0,37.5,R,,,
corridor_policy,UAM-55,37.5,38.0,R,,,
corridor_policy,UAM-55,38.0,38.5,R,,,
corridor_policy,UAM-55,38.5,39.0,R,,,
corridor_policy,UAM-55,39.0,39.5,R,,,
corridor_policy,UAM-55,39.5,40.0,R,,,
corridor_policy,UAM-55,40.0,40.5,R,,,
corridor_policy,UAM-55,40.5,41.0,R,,,
corridor_policy,UAM-55,41.0,41.5,R,,,
corridor_policy,UAM-55,41.5,42.0,R,,,
corridor_policy,UAM-55,42.0,42.5,R,,,
corridor_policy,UAM-55,42.5,43.0,R,,,
corridor_policy,UAM-55,43.0,43.5,R,,,
corridor_policy,UAM-55,43.5,44.0,R,,,
corridor_policy,UAM-55,44.0,44.5,R,,,
corridor_policy,UAM-55,44.5,45.0,R,,,
corridor_policy,UAM-55,45.0,45.5,C,,,
corridor_policy,UAM-55,45.5,46.0,C,,,
corridor_policy,UAM-55,46.0,46.5,C,,,
corridor_policy,UAM-55,46.5,47.0,C,,,
corridor_policy,UAM-55,47.0,47.5,C,,,
corridor_policy,UAM-55,47.5,48.0,C,,,
corridor_policy,UAM-55,48.0,48.5,C,,,
corridor_policy,UAM-55,48.5,49.0,C,,,
corridor_policy,UAM-55,49.0,49.5,C,,,
corridor_policy,UAM-55,49.5,50.0,C,,,
corridor_policy,UAM-56,0.0,0.5,C,,,
corridor_policy,UAM-56,0.5,1.0,C,,,
corridor_policy,UAM-56,1.0,1.5,C,,,
corridor_policy,UAM-56,1.5,2.0,C,,,
corridor_policy,UAM-56,2.0,2.5,C,,,
corridor_policy,UAM-56,2.5,3.0,C,,,
corridor_policy,UAM-56,3.0,3.5,C,,,
corridor_policy,UAM-56,3.5,4.0,C,,,
corridor_policy,UAM-56,4.0,4.5,C,,,
corridor_policy,UAM-56,4.5,5.0,C,,,
corridor_policy,UAM-56,5.0,5.5,C,,,
corridor_policy,UAM-56,5.5,6.0,C,,,
corridor_policy,UAM-56,6.0,6.5,C,,,
corridor_policy,UAM-56,6.5,7.0,C,,,
corridor_policy,UAM-56,7.0,7.5,C,,,
corridor_policy,UAM-56,7.5,8.0,C,,,
corridor_policy,UAM-56,8.0,8.5,C,,,
corridor_policy,UAM-56,8.5,9.0,C,,,
corridor_policy,UAM-56,9.0,9.5,C,,,
corridor_policy,UAM-56,9.5,10.0,C,,,
corridor_policy,UAM-56,10.0,10.5,C,,,
corridor_policy,UAM-56,10.5,11.0,C,,,
corridor_policy,UAM-56,11.0,11.5,C,,,
corridor_policy,UAM-56,11.5,12.0,C,,,
corridor_policy,UAM-56,12.0,12.5,C,,,
corridor_policy,UAM-56,12.5,13.0,C,,,
corridor_policy,UAM-56,13.0,13.5,C,,,
corridor_policy,UAM-56,13.5,14.0,C,,,
corridor_policy,UAM-56,14.0,14.5,C,,,
corridor_policy,UAM-56,14.5,15.0,C,,,
corridor_policy,UAM-56,15.0,15.5,C,,,
corridor_policy,UAM-56,15.5,16.0,C,,,
corridor_policy,UAM-56,16.0,16.5,C,,,
corridor_policy,UAM-56,16.5,17.0,C,,,
corridor_policy,UAM-56,17.0,17.5,C,,,
corridor_policy,UAM-56,17.5,18.0,C,,,
corridor_policy,UAM-56,18.0,18.5,C,,,
corridor_policy,UAM-56,18.5,19.0,C,,,
corridor_policy,UAM-56,19.0,19.5,C,,,
corridor_policy,UAM-56,19.5,20.0,C,,,
corridor_policy,UAM-56,20.0,20.5,C,,,
corridor_policy,UAM-56,20.5,21.0,C,,,
corridor_policy,UAM-56,21.0,21.5,C,,,
corridor_policy,UAM-56,21.5,22.0,C,,,
corridor_policy,UAM-56,22.0,22.5,C,,,
corridor_policy,UAM-56,22.5,23.0,C,,,
corridor_policy,UAM-56,23.0,23.5,C,,,
corridor_policy,UAM-56,23.5,24.0,C,,,
corridor_policy,UAM-56,24.0,24.5,R,,,
corridor_policy,UAM-56,24.5,25.0,R,,,
corridor_policy,UAM-56,25.0,25.5,R,,,
corridor_policy,UAM-56,25.5,26.0,R,,,
corridor_policy,UAM-56,26.0,26.5,R,,,
corridor_policy,UAM-56,26.5,27.0,R,,,
corridor_policy,UAM-56,27.0,27.5,R,,,
corridor_policy,UAM-56,27.5,28.0,R,,,
corridor_policy,UAM-56,28.0,28.5,R,,,
corridor_policy,UAM-56,28.5,29.0,R,,,
corridor_policy,UAM-56,29.0,29.5,R,,,
corridor_policy,UAM-56,29.5,30.0,R,,,
corridor_policy,UAM-56,30.0,30.5,R,,,
corridor_policy,UAM-56,30.5,31.0,R,,,
corridor_policy,UAM-56,31.0,31.5,R,,,
corridor_policy,UAM-56,31.5,32.0,R,,,
corridor_policy,UAM-56,32.0,32.5,R,,,
corridor_policy,UAM-56,32.5,33.0,R,,,
corridor_policy,UAM-56,33.0,33.5,R,,,
corridor_policy,UAM-56,33.5,34.0,R,,,
corridor_policy,UAM-56,34.0,34.5,R,,,
corridor_policy,UAM-56,34.5,35.0,R,,,
corridor_policy,UAM-56,35.0,35.5,R,,,
corridor_policy,UAM-56,35.5,36.0,R,,,
corridor_policy,UAM-56,36.0,36.5,R,,,
corridor_policy,UAM-56,36.5,37.0,R,,,
corridor_policy,UAM-56,37.0,37.5,R,,,
corridor_policy,UAM-56,37.5,38.0,R,,,
corridor_policy,UAM-56,38.0,38.5,R,,,
corridor_policy,UAM-56,38.5,39.0,R,,,
corridor_policy,UAM-56,39.0,39.5,R,,,
corridor_policy,UAM-56,39.5,40.0,R,,,
corridor_policy,UAM-56,40.0,40.5,R,,,
corridor_policy,UAM-56,40.5,41.0,R,,,
corridor_policy,UAM-56,41.0,41.5,R,,,
corridor_policy,UAM-56,41.5,42.0,R,,,
corridor_policy,UAM-56,42.0,42.5,R,,,
corridor_policy,UAM-56,42.5,43.0,R,,,
corridor_policy,UAM-56,43.0,43.5,R,,,
corridor_policy,UAM-56,43.5,44.0,R,,,
corridor_policy,UAM-56,44.0,44.5,R,,,
corridor_policy,UAM-56,44.5,45.0,C,,,
corridor_policy,UAM-56,45.0,45.5,C,,,
corridor_policy,UAM-56,45.5,46.0,C,,,
corridor_policy,UAM-56,46.0,46.5,C,,,
corridor_policy,UAM-56,46.5,47.0,C,,,
corridor_policy,UAM-56,47.0,47.5,C,,,
corridor_policy,UAM-56,47.5,48.0,C,,,
corridor_policy,UAM-56,48.0,48.5,C,,,
corridor_policy,UAM-56,48.5,49.0,C,,,
corridor_policy,UAM-56,49.0,49.5,C,,,
corridor_policy,UAM-56,49.5,50.0,C,,,
corridor_policy,UAM-57,0.0,0.5,C,,,
corridor_policy,UAM-57,0.5,1.0,C,,,
corridor_policy,UAM-57,1.0,1.5,C,,,
corridor_policy,UAM-57,1.5,2.0,C,,,
corridor_policy,UAM-57,2.0,2.5,C,,,
corridor_policy,UAM-57,2.5,3.0,C,,,
corridor_policy,UAM-57,3.0,3.5,C,,,
corridor_policy,UAM-57,3.5,4.0,C,,,
corridor_policy,UAM-57,4.0,4.5,C,,,
corridor_policy,UAM-57,4.5,5.0,C,,,
corridor_policy,UAM-57,5.0,5.5,C,,,
corridor_policy,UAM-57,5.5,6.0,C,,,
corridor_policy,UAM-57,6.0,6.5,C,,,
corridor_policy,UAM-57,6.5,7.0,C,,,
corridor_policy,UAM-57,7.0,7.5,C,,,
corridor_policy,UAM-57,7.5,8.0,C,,,
corridor_policy,UAM-57,8.0,8.5,C,,,
corridor_policy,UAM-57,8.5,9.0,C,,,
corridor_policy,UAM-57,9.0,9.5,C,,,
corridor_policy,UAM-57,9.5,10.0,C,,,
corridor_policy,UAM-57,10.0,10.5,C,,,
corridor_policy,UAM-57,10.5,11.0,C,,,
corridor_policy,UAM-57,11.0,11.5,C,,,
corridor_policy,UAM-57,11.5,12.0,C,,,
corridor_policy,UAM-57,12.0,12.5,C,,,
corridor_policy,UAM-57,12.5,13.0,C,,,
corridor_policy,UAM-57,13.0,13.5,C,,,
corridor_policy,UAM-57,13.5,14.0,C,,,
corridor_policy,UAM-57,14.0,14.5,C,,,
corridor_policy,UAM-57,14.5,15.0,C,,,
corridor_policy,UAM-57,15.0,15.5,C,,,
corridor_policy,UAM-57,15.5,16.0,C,,,
corridor_policy,UAM-57,16.0,16.5,C,,,
corridor_policy,UAM-57,16.5,17.0,C,,,
corridor_policy,UAM-57,17.0,17.5,C,,,
corridor_policy,UAM-57,17.5,18.0,C,,,
corridor_policy,UAM-57,18.0,18.5,C,,,
corridor_policy,UAM-57,18.5,19.0,C,,,
corridor_policy,UAM-57,19.0,19.5,C,,,
corridor_policy,UAM-57,19.5,20.0,C,,,
corridor_policy,UAM-57,20.0,20.5,C,,,
corridor_policy,UAM-57,20.5,21.0,C,,,
corridor_policy,UAM-57,21.0,21.5,C,,,
corridor_policy,UAM-57,21.5,22.0,C,,,
corridor_policy,UAM-57,22.0,22.5,C,,,
corridor_policy,UAM-57,22.5,23.0,C,,,
corridor_policy,UAM-57,23.0,23.5,C,,,
corridor_policy,UAM-57,23.5,24.0,C,,,
corridor_policy,UAM-57,24.0,24.5,R,,,
corridor_policy,UAM-57,24.5,25.0,R,,,
corridor_policy,UAM-57,25.0,25.5,R,,,
corridor_policy,UAM-57,25.5,26.0,R,,,
corridor_policy,UAM-57,26.0,26.5,R,,,
corridor_policy,UAM-57,26.5,27.0,R,,,
corridor_policy,UAM-57,27.0,27.5,R,,,
corridor_policy,UAM-57,27.5,28.0,R,,,
corridor_policy,UAM-57,28.0,28.5,R,,,
corridor_policy,UAM-57,28.5,29.0,R,,,
corridor_policy,UAM-57,29.0,29.5,R,,,
corridor_policy,UAM-57,29.5,30.0,R,,,
corridor_policy,UAM-57,30.0,30.5,R,,,
corridor_policy,UAM-57,30.5,31.0,R,,,
corridor_policy,UAM-57,31.0,31.5,R,,,
corridor_policy,UAM-57,31.5,32.0,R,,,
corridor_policy,UAM-57,32.0,32.5,R,,,
corridor_policy,UAM-57,32.5,33.0,R,,,
corridor_policy,UAM-57,33.0,33.5,R,,,
corridor_policy,UAM-57,33.5,34.0,R,,,
corridor_policy,UAM-57,34.0,34.5,R,,,
corridor_policy,UAM-57,34.5,35.0,R,,,
corridor_policy,UAM-57,35.0,35.5,R,,,
corridor_policy,UAM-57,35.5,36.0,R,,,
corridor_policy,UAM-57,36.0,36.5,R,,,
corridor_policy,UAM-57,36.5,37.0,R,,,
corridor_policy,UAM-57,37.0,37.5,R,,,
corridor_policy,UAM-57,37.5,38.0,R,,,
corridor_policy,UAM-57,38.0,38.5,R,,,
corridor_policy,UAM-57,38.5,39.0,R,,,
corridor_policy,UAM-57,39.0,39.5,R,,,
corridor_policy,UAM-57,39.5,40.0,R,,,
corridor_policy,UAM-57,40.0,40.5,R,,,
corridor_policy,UAM-57,40.5,41.0,R,,,
corridor_policy,UAM-57,41.0,41.5,R,,,
corridor_policy,UAM-57,41.5,42.0,R,,,
corridor_policy,UAM-57,42.0,42.5,R,,,
corridor_policy,UAM-57,42.5,43.0,R,,,
corridor_policy,UAM-57,43.0,43.5,R,,,
corridor_policy,UAM-57,43.5,44.0,R,,,
corridor_policy,UAM-57,44.0,44.5,R,,,
corridor_policy,UAM-57,44.5,45.0,R,,,
corridor_policy,UAM-57,45.0,45.5,C,,,
corridor_policy,UAM-57,45.5,46.0,C,,,
corridor_policy,UAM-57,46.0,46.5,C,,,
corridor_policy,UAM-57,46.5,47.0,C,,,
corridor_policy,UAM-57,47.0,47.5,C,,,
corridor_policy,UAM-57,47.5,48.0,C,,,
corridor_policy,UAM-57,48.0,48.5,C,,,
corridor_policy,UAM-57,48.5,49.0,C,,,
corridor_policy,UAM-57,49.0,49.5,C,,,
corridor_policy,UAM-57,49.5,50.0,C,,,
corridor_policy,UAM-58,0.0,0.5,C,,,
corridor_policy,UAM-58,0.5,1.0,C,,,
corridor_policy,UAM-58,1.0,1.5,C,,,
corridor_policy,UAM-58,1.5,2.0,C,,,
corridor_policy,UAM-58,2.0,2.5,C,,,
corridor_policy,UAM-58,2.5,3.0,C,,,
corridor_policy,UAM-58,3.0,3.5,C,,,
corridor_policy,UAM-58,3.5,4.0,C,,,
corridor_policy,UAM-58,4.0,4.5,C,,,
corridor_policy,UAM-58,4.5,5.0,C,,,
corridor_policy,UAM-58,5.0,5.5,C,,,
corridor_policy,UAM-58,5.5,6.0,C,,,
corridor_policy,UAM-58,6.0,6.5,C,,,
corridor_policy,UAM-58,6.5,7.0,C,,,
corridor_policy,UAM-58,7.0,7.5,C,,,
corridor_policy,UAM-58,7.5,8.0,C,,,
corridor_policy,UAM-58,8.0,8.5,C,,,
corridor_policy,UAM-58,8.5,9.0,C,,,
corridor_policy,UAM-58,9.0,9.5,C,,,
corridor_policy,UAM-58,9.5,10.0,C,,,
corridor_policy,UAM-58,10.0,10.5,C,,,
corridor_policy,UAM-58,10.5,11.0,C,,,
corridor_policy,UAM-58,11.0,11.5,C,,,
corridor_policy,UAM-58,11.5,12.0,R,,,
corridor_policy,UAM-58,12.0,12.5,R,,,
corridor_policy,UAM-58,12.5,13.0,C,,,
corridor_policy,UAM-58,13.0,13.5,C,,,
corridor_policy,UAM-58,13.5,14.0,C,,,
corridor_policy,UAM-58,14.0,14.5,C,,,
corridor_policy,UAM-58,14.5,15.0,C,,,
corridor_policy,UAM-58,15.0,15.5,C,,,
corridor_policy,UAM-58,15.5,16.0,C,,,
corridor_policy,UAM-58,16.0,16.5,C,,,
corridor_policy,UAM-58,16.5,17.0,C,,,
corridor_policy,UAM-58,17.0,17.5,C,,,
corridor_policy,UAM-58,17.5,18.0,C,,,
corridor_policy,UAM-58,18.0,18.5,C,,,
corridor_policy,UAM-58,18.5,19.0,C,,,
corridor_policy,UAM-58,19.0,19.5,C,,,
corridor_policy,UAM-58,19.5,20.0,C,,,
corridor_policy,UAM-58,20.0,20.5,C,,,
corridor_policy,UAM-58,20.5,21.0,C,,,
corridor_policy,UAM-58,21.0,21.5,C,,,
corridor_policy,UAM-58,21.5,22.0,C,,,
corridor_policy,UAM-58,22.0,22.5,C,,,
corridor_policy,UAM-58,22.5,23.0,C,,,
corridor_policy,UAM-58,23.0,23.5,C,,,
corridor_policy,UAM-58,23.5,24.0,C,,,
corridor_policy,UAM-58,24.0,24.5,C,,,
corridor_policy,UAM-58,24.5,25.0,C,,,
corridor_policy,UAM-58,25.0,25.5,C,,,
corridor_policy,UAM-58,25.5,26.0,C,,,
corridor_policy,UAM-58,26.0,26.5,R,,,
corridor_policy,UAM-58,26.5,27.0,R,,,
corridor_policy,UAM-58,27.0,27.5,R,,,
corridor_policy,UAM-58,27.5,28.0,R,,,
corridor_policy,UAM-58,28.0,28.5,R,,,
corridor_policy,UAM-58,28.5,29.0,R,,,
corridor_policy,UAM-58,29.0,29.5,R,,,
corridor_policy,UAM-58,29.5,30.0,R,,,
corridor_policy,UAM-58,30.0,30.5,R,,,
corridor_policy,UAM-58,30.5,31.0,R,,,
corridor_policy,UAM-58,31.0,31.5,R,,,
corridor_policy,UAM-58,31.5,32.0,R,,,
corridor_policy,UAM-58,32.0,32.5,R,,,
corridor_policy,UAM-58,32.5,33.0,R,,,
corridor_policy,UAM-58,33.0,33.5,R,,,
corridor_policy,UAM-58,33.5,34.0,R,,,
corridor_policy,UAM-58,34.0,34.5,R,,,
corridor_policy,UAM-58,34.5,35.0,R,,,
corridor_policy,UAM-58,35.0,35.5,R,,,
corridor_policy,UAM-58,35.5,36.0,R,,,
corridor_policy,UAM-58,36.0,36.5,R,,,
corridor_policy,UAM-58,36.5,37.0,R,,,
corridor_policy,UAM-58,37.0,37.5,R,,,
corridor_policy,UAM-58,37.5,38.0,R,,,
corridor_policy,UAM-58,38.0,38.5,R,,,
corridor_policy,UAM-58,38.5,39.0,R,,,
corridor_policy,UAM-58,39.0,39.5,R,,,
corridor_policy,UAM-58,39.5,40.0,R,,,
corridor_policy,UAM-58,40.0,40.5,R,,,
corridor_policy,UAM-58,40.5,41.0,R,,,
corridor_policy,UAM-58,41.0,41.5,R,,,
corridor_policy,UAM-58,41.5,42.0,R,,,
corridor_policy,UAM-58,42.0,42.5,R,,,
corridor_policy,UAM-58,42.5,43.0,R,,,
corridor_policy,UAM-58,43.0,43.5,R,,,
corridor_policy,UAM-58,43.5,44.0,R,,,
corridor_policy,UAM-58,44.0,44.5,R,,,
corridor_policy,UAM-58,44.5,45.0,R,,,
corridor_policy,UAM-58,45.0,45.5,C,,,
corridor_policy,UAM-58,45.5,46.0,C,,,
corridor_policy,UAM-58,46.0,46.5,C,,,
corridor_policy,UAM-58,46.5,47.0,C,,,
corridor_policy,UAM-58,47.0,47.5,C,,,
corridor_policy,UAM-58,47.5,48.0,C,,,
corridor_policy,UAM-58,48.0,48.5,C,,,
corridor_policy,UAM-58,48.5,49.0,C,,,
corridor_policy,UAM-58,49.0,49.5,C,,,
corridor_policy,UAM-58,49.5,50.0,C,,,
corridor_policy,UAM-59,0.0,0.5,C,,,
corridor_policy,UAM-59,0.5,1.0,C,,,
corridor_policy,UAM-59,1.0,1.5,C,,,
corridor_policy,UAM-59,1.5,2.0,C,,,
corridor_policy,UAM-59,2.0,2.5,C,,,
corridor_policy,UAM-59,2.5,3.0,C,,,
corridor_policy,UAM-59,3.0,3.5,C,,,
corridor_policy,UAM-59,3.5,4.0,C,,,
corridor_policy,UAM-59,4.0,4.5,C,,,
corridor_policy,UAM-59,4.5,5.0,C,,,
corridor_policy,UAM-59,5.0,5.5,C,,,
corridor_policy,UAM-59,5.5,6.0,C,,,
corridor_policy,UAM-59,6.0,6.5,C,,,
corridor_policy,UAM-59,6.5,7.0,C,,,
corridor_policy,UAM-59,7.0,7.5,C,,,
corridor_policy,UAM-59,7.5,8.0,C,,,
corridor_policy,UAM-59,8.0,8.5,C,,,
corridor_policy,UAM-59,8.5,9.0,C,,,
corridor_policy,UAM-59,9.0,9.5,C,,,
corridor_policy,UAM-59,9.5,10.0,C,,,
corridor_policy,UAM-59,10.0,10.5,C,,,
corridor_policy,UAM-59,10.5,11.0,R,,,
corridor_policy,UAM-59,11.0,11.5,C,,,
corridor_policy,UAM-59,11.5,12.0,R,,,
corridor_policy,UAM-59,12.0,12.5,C,,,
corridor_policy,UAM-59,12.5,13.0,C,,,
corridor_policy,UAM-59,13.0,13.5,C,,,
corridor_policy,UAM-59,13.5,14.0,C,,,
corridor_policy,UAM-59,14.0,14.5,C,,,
corridor_policy,UAM-59,14.5,15.0,C,,,
corridor_policy,UAM-59,15.0,15.5,C,,,
corridor_policy,UAM-59,15.5,16.0,C,,,
corridor_policy,UAM-59,16.0,16.5,C,,,
corridor_policy,UAM-59,16.5,17.0,C,,,
corridor_policy,UAM-59,17.0,17.5,C,,,
corridor_policy,UAM-59,17.5,18.0,C,,,
corridor_policy,UAM-59,18.0,18.5,C,,,
corridor_policy,UAM-59,18.5,19.0,C,,,
corridor_policy,UAM-59,19.0,19.5,C,,,
corridor_policy,UAM-59,19.5,20.0,C,,,
corridor_policy,UAM-59,20.0,20.5,C,,,
corridor_policy,UAM-59,20.5,21.0,C,,,
corridor_policy,UAM-59,21.0,21.5,C,,,
corridor_policy,UAM-59,21.5,22.0,C,,,
corridor_policy,UAM-59,22.0,22.5,C,,,
corridor_policy,UAM-59,22.5,23.0,C,,,
corridor_policy,UAM-59,23.0,23.5,C,,,
corridor_policy,UAM-59,23.5,24.0,C,,,
corridor_policy,UAM-59,24.0,24.5,C,,,
corridor_policy,UAM-59,24.5,25.0,C,,,
corridor_policy,UAM-59,25.0,25.5,C,,,
corridor_policy,UAM-59,25.5,26.0,C,,,
corridor_policy,UAM-59,26.0,26.5,R,,,
corridor_policy,UAM-59,26.5,27.0,R,,,
corridor_policy,UAM-59,27.0,27.5,R,,,
corridor_policy,UAM-59,27.5,28.0,R,,,
corridor_policy,UAM-59,28.0,28.5,R,,,
corridor_policy,UAM-59,28.5,29.0,R,,,
corridor_policy,UAM-59,29.0,29.5,R,,,
corridor_policy,UAM-59,29.5,30.0,R,,,
corridor_policy,UAM-59,30.0,30.5,R,,,
corridor_policy,UAM-59,30.5,31.0,R,,,
corridor_policy,UAM-59,31.0,31.5,R,,,
corridor_policy,UAM-59,31.5,32.0,R,,,
corridor_policy,UAM-59,32.0,32.5,R,,,
corridor_policy,UAM-59,32.5,33.0,R,,,
corridor_policy,UAM-59,33.0,33.5,R,,,
corridor_policy,UAM-59,33.5,34.0,R,,,
corridor_policy,UAM-59,34.0,34.5,R,,,
corridor_policy,UAM-59,34.5,35.0,R,,,
corridor_policy,UAM-59,35.0,35.5,R,,,
corridor_policy,UAM-59,35.5,36.0,R,,,
corridor_policy,UAM-59,36.0,36.5,R,,,
corridor_policy,UAM-59,36.5,37.0,R,,,
corridor_policy,UAM-59,37.0,37.5,R,,,
corridor_policy,UAM-59,37.5,38.0,R,,,
corridor_policy,UAM-59,38.0,38.5,R,,,
corridor_policy,UAM-59,38.5,39.0,R,,,
corridor_policy,UAM-59,39.0,39.5,R,,,
corridor_policy,UAM-59,39.5,40.0,R,,,
corridor_policy,UAM-59,40.0,40.5,R,,,
corridor_policy,UAM-59,40.5,41.0,R,,,
corridor_policy,UAM-59,41.0,41.5,R,,,
corridor_policy,UAM-59,41.5,42.0,R,,,
corridor_policy,UAM-59,42.0,42.5,R,,,
corridor_policy,UAM-59,42.5,43.0,R,,,
corridor_policy,UAM-59,43.0,43.5,R,,,
corridor_policy,UAM-59,43.5,44.0,R,,,
corridor_policy,UAM-59,44.0,44.5,R,,,
corridor_policy,UAM-59,44.5,45.0,R,,,
corridor_policy,UAM-59,45.0,45.5,C,,,
corridor_policy,UAM-59,45.5,46.0,C,,,
corridor_policy,UAM-59,46.0,46.5,C,,,
corridor_policy,UAM-59,46.5,47.0,C,,,
corridor_policy,UAM-59,47.0,47.5,C,,,
corridor_policy,UAM-59,47.5,48.0,C,,,
corridor_policy,UAM-59,48.0,48.5,C,,,
corridor_policy,UAM-59,48.5,49.0,C,,,
corridor_policy,UAM-59,49.0,49.5,C,,,
corridor_policy,UAM-59,49.5,50.0,C,,,
corridor_policy,UAM-60,0.0,0.5,C,,,
corridor_policy,UAM-60,0.5,1.0,C,,,
corridor_policy,UAM-60,1.0,1.5,C,,,
corridor_policy,UAM-60,1.5,2.0,C,,,
corridor_policy,UAM-60,2.0,2.5,C,,,
corridor_policy,UAM-60,2.5,3.0,C,,,
corridor_policy,UAM-60,3.0,3.5,C,,,
corridor_policy,UAM-60,3.5,4.0,C,,,
corridor_policy,UAM-60,4.0,4.5,C,,,
corridor_policy,UAM-60,4.5,5.0,C,,,
corridor_policy,UAM-60,5.0,5.5,C,,,
corridor_policy,UAM-60,5.5,6.0,C,,,
corridor_policy,UAM-60,6.0,6.5,C,,,
corridor_policy,UAM-60,6.5,7.0,C,,,
corridor_policy,UAM-60,7.0,7.5,C,,,
corridor_policy,UAM-60,7.5,8.0,C,,,
corridor_policy,UAM-60,8.0,8.5,C,,,
corridor_policy,UAM-60,8.5,9.0,C,,,
corridor_policy,UAM-60,9.0,9.5,R,,,
corridor_policy,UAM-60,9.5,10.0,R,,,
corridor_policy,UAM-60,10.0,10.5,C,,,
corridor_policy,UAM-60,10.5,11.0,R,,,
corridor_policy,UAM-60,11.0,11.5,C,,,
corridor_policy,UAM-60,11.5,12.0,R,,,
corridor_policy,UAM-60,12.0,12.5,C,,,
corridor_policy,UAM-60,12.5,13.0,C,,,
corridor_policy,UAM-60,13.0,13.5,C,,,
corridor_policy,UAM-60,13.5,14.0,C,,,
corridor_policy,UAM-60,14.0,14.5,C,,,
corridor_policy,UAM-60,14.5,15.0,C,,,
corridor_policy,UAM-60,15.0,15.5,C,,,
corridor_policy,UAM-60,15.5,16.0,C,,,
corridor_policy,UAM-60,16.0,16.5,C,,,
corridor_policy,UAM-60,16.5,17.0,C,,,
corridor_policy,UAM-60,17.0,17.5,C,,,
corridor_policy,UAM-60,17.5,18.0,C,,,
corridor_policy,UAM-60,18.0,18.5,C,,,
corridor_policy,UAM-60,18.5,19.0,C,,,
corridor_policy,UAM-60,19.0,19.5,C,,,
corridor_policy,UAM-60,19.5,20.0,C,,,
corridor_policy,UAM-60,20.0,20.5,C,,,
corridor_policy,UAM-60,20.5,21.0,C,,,
corridor_policy,UAM-60,21.0,21.5,C,,,
corridor_policy,UAM-60,21.5,22.0,C,,,
corridor_policy,UAM-60,22.0,22.5,C,,,
corridor_policy,UAM-60,22.5,23.0,C,,,
corridor_policy,UAM-60,23.0,23.5,C,,,
corridor_policy,UAM-60,23.5,24.0,C,,,
corridor_policy,UAM-60,24.0,24.5,C,,,
corridor_policy,UAM-60,24.5,25.0,C,,,
corridor_policy,UAM-60,25.0,25.5,C,,,
corridor_policy,UAM-60,25.5,26.0,R,,,
corridor_policy,UAM-60,26.0,26.5,R,,,
corridor_policy,UAM-60,26.5,27.0,R,,,
corridor_policy,UAM-60,27.0,27.5,R,,,
corridor_policy,UAM-60,27.5,28.0,R,,,
corridor_policy,UAM-60,28.0,28.5,R,,,
corridor_policy,UAM-60,28.5,29.0,R,,,
corridor_policy,UAM-60,29.0,29.5,R,,,
corridor_policy,UAM-60,29.5,30.0,R,,,
corridor_policy,UAM-60,30.0,30.5,R,,,
corridor_policy,UAM-60,30.5,31.0,R,,,
corridor_policy,UAM-60,31.0,31.5,R,,,
corridor_policy,UAM-60,31.5,32.0,R,,,
corridor_policy,UAM-60,32.0,32.5,R,,,
corridor_policy,UAM-60,32.5,33.0,R,,,
corridor_policy,UAM-60,33.0,33.5,R,,,
corridor_policy,UAM-60,33.5,34.0,R,,,
corridor_policy,UAM-60,34.0,34.5,R,,,
corridor_policy,UAM-60,34.5,35.0,R,,,
corridor_policy,UAM-60,35.0,35.5,R,,,
corridor_policy,UAM-60,35.5,36.0,R,,,
corridor_policy,UAM-60,36.0,36.5,R,,,
corridor_policy,UAM-60,36.5,37.0,R,,,
corridor_policy,UAM-60,37.0,37.5,R,,,
corridor_policy,UAM-60,37.5,38.0,R,,,
corridor_policy,UAM-60,38.0,38.5,R,,,
corridor_policy,UAM-60,38.5,39.0,R,,,
corridor_policy,UAM-60,39.0,39.5,R,,,
corridor_policy,UAM-60,39.5,40.0,R,,,
corridor_policy,UAM-60,40.0,40.5,R,,,
corridor_policy,UAM-60,40.5,41.0,R,,,
corridor_policy,UAM-60,41.0,41.5,R,,,
corridor_policy,UAM-60,41.5,42.0,R,,,
corridor_policy,UAM-60,42.0,42.5,R,,,
corridor_policy,UAM-60,42.5,43.0,R,,,
corridor_policy,UAM-60,43.0,43.5,R,,,
corridor_policy,UAM-60,43.5,44.0,R,,,
corridor_policy,UAM-60,44.0,44.5,R,,,
corridor_policy,UAM-60,44.5,45.0,R,,,
corridor_policy,UAM-60,45.0,45.5,C,,,
corridor_policy,UAM-60,45.5,46.0,C,,,
corridor_policy,UAM-60,46.0,46.5,C,,,
corridor_policy,UAM-60,46.5,47.0,C,,,
corridor_policy,UAM-60,47.0,47.5,C,,,
corridor_policy,UAM-60,47.5,48.0,C,,,
corridor_policy,UAM-60,48.0,48.5,C,,,
corridor_policy,UAM-60,48.5,49.0,C,,,
corridor_policy,UAM-60,49.0,49.5,C,,,
corridor_policy,UAM-60,49.5,50.0,C,,,
corridor_policy,UAM-61,0.0,0.5,C,,,
corridor_policy,UAM-61,0.5,1.0,C,,,
corridor_policy,UAM-61,1.0,1.5,C,,,
corridor_policy,UAM-61,1.5,2.0,C,,,
corridor_policy,UAM-61,2.0,2.5,C,,,
corridor_policy,UAM-61,2.5,3.0,C,,,
corridor_policy,UAM-61,3.0,3.5,C,,,
corridor_policy,UAM-61,3.5,4.0,C,,,
corridor_policy,UAM-61,4.0,4.5,C,,,
corridor_policy,UAM-61,4.5,5.0,C,,,
corridor_policy,UAM-61,5.0,5.5,C,,,
corridor_policy,UAM-61,5.5,6.0,C,,,
corridor_policy,UAM-61,6.0,6.5,C,,,
corridor_policy,UAM-61,6.5,7.0,C,,,
corridor_policy,UAM-61,7.0,7.5,C,,,
corridor_policy,UAM-61,7.5,8.0,C,,,
corridor_policy,UAM-61,8.0,8.5,C,,,
corridor_policy,UAM-61,8.5,9.0,C,,,
corridor_policy,UAM-61,9.0,9.5,R,,,
corridor_policy,UAM-61,9.5,10.0,C,,,
corridor_policy,UAM-61,10.0,10.5,C,,,
corridor_policy,UAM-61,10.5,11.0,C,,,
corridor_policy,UAM-61,11.0,11.5,C,,,
corridor_policy,UAM-61,11.5,12.0,R,,,
corridor_policy,UAM-61,12.0,12.5,R,,,
corridor_policy,UAM-61,12.5,13.0,C,,,
corridor_policy,UAM-61,13.0,13.5,C,,,
corridor_policy,UAM-61,13.5,14.0,C,,,
corridor_policy,UAM-61,14.0,14.5,C,,,
corridor_policy,UAM-61,14.5,15.0,C,,,
corridor_policy,UAM-61,15.0,15.5,C,,,
corridor_policy,UAM-61,15.5,16.0,C,,,
corridor_policy,UAM-61,16.0,16.5,C,,,
corridor_policy,UAM-61,16.5,17.0,C,,,
corridor_policy,UAM-61,17.0,17.5,C,,,
corridor_policy,UAM-61,17.5,18.0,C,,,
corridor_policy,UAM-61,18.0,18.5,C,,,
corridor_policy,UAM-61,18.5,19.0,C,,,
corridor_policy,UAM-61,19.0,19.5,C,,,
corridor_policy,UAM-61,19.5,20.0,C,,,
corridor_policy,UAM-61,20.0,20.5,C,,,
corridor_policy,UAM-61,20.5,21.0,C,,,
corridor_policy,UAM-61,21.0,21.5,C,,,
corridor_policy,UAM-61,21.5,22.0,C,,,
corridor_policy,UAM-61,22.0,22.5,C,,,
corridor_policy,UAM-61,22.5,23.0,C,,,
corridor_policy,UAM-61,23.0,23.5,C,,,
corridor_policy,UAM-61,23.5,24.0,C,,,
corridor_policy,UAM-61,24.0,24.5,C,,,
corridor_policy,UAM-61,24.5,25.0,C,,,
corridor_policy,UAM-61,25.0,25.5,R,,,
corridor_policy,UAM-61,25.5,26.0,R,,,
corridor_policy,UAM-61,26.0,26.5,R,,,
corridor_policy,UAM-61,26.5,27.0,F,,,
corridor_policy,UAM-61,27.0,27.5,F,,,
corridor_policy,UAM-61,27.5,28.0,R,,,
corridor_policy,UAM-61,28.0,28.5,R,,,
corridor_policy,UAM-61,28.5,29.0,R,,,
corridor_policy,UAM-61,29.0,29.5,R,,,
corridor_policy,UAM-61,29.5,30.0,R,,,
corridor_policy,UAM-61,30.0,30.5,R,,,
corridor_policy,UAM-61,30.5,31.0,R,,,
corridor_policy,UAM-61,31.0,31.5,R,,,
corridor_policy,UAM-61,31.5,32.0,R,,,
corridor_policy,UAM-61,32.0,32.5,R,,,
corridor_policy,UAM-61,32.5,33.0,R,,,
corridor_policy,UAM-61,33.0,33.5,R,,,
corridor_policy,UAM-61,33.5,34.0,R,,,
corridor_policy,UAM-61,34.0,34.5,R,,,
corridor_policy,UAM-61,34.5,35.0,R,,,
corridor_policy,UAM-61,35.0,35.5,R,,,
corridor_policy,UAM-61,35.5,36.0,R,,,
corridor_policy,UAM-61,36.0,36.5,R,,,
corridor_policy,UAM-61,36.5,37.0,R,,,
corridor_policy,UAM-61,37.0,37.5,R,,,
corridor_policy,UAM-61,37.5,38.0,R,,,
corridor_policy,UAM-61,38.0,38.5,R,,,
corridor_policy,UAM-61,38.5,39.0,R,,,
corridor_policy,UAM-61,39.0,39.5,R,,,
corridor_policy,UAM-61,39.5,40.0,R,,,
corridor_policy,UAM-61,40.0,40.5,R,,,
corridor_policy,UAM-61,40.5,41.0,R,,,
corridor_policy,UAM-61,41.0,41.5,R,,,
corridor_policy,UAM-61,41.5,42.0,R,,,
corridor_policy,UAM-61,42.0,42.5,R,,,
corridor_policy,UAM-61,42.5,43.0,R,,,
corridor_policy,UAM-61,43.0,43.5,R,,,
corridor_policy,UAM-61,43.5,44.0,R,,,
corridor_policy,UAM-61,44.0,44.5,R,,,
corridor_policy,UAM-61,44.5,45.0,R,,,
corridor_policy,UAM-61,45.0,45.5,C,,,
corridor_policy,UAM-61,45.5,46.0,C,,,
corridor_policy,UAM-61,46.0,46.5,R,,,
corridor_policy,UAM-61,46.5,47.0,R,,,
corridor_policy,UAM-61,47.0,47.5,C,,,
corridor_policy,UAM-61,47.5,48.0,C,,,
corridor_policy,UAM-61,48.0,48.5,C,,,
corridor_policy,UAM-61,48.5,49.0,C,,,
corridor_policy,UAM-61,49.0,49.5,C,,,
corridor_policy,UAM-61,49.5,50.0,C,,,
corridor_policy,UAM-62,0.0,0.5,C,,,
corridor_policy,UAM-62,0.5,1.0,C,,,
corridor_policy,UAM-62,1.0,1.5,C,,,
corridor_policy,UAM-62,1.5,2.0,C,,,
corridor_policy,UAM-62,2.0,2.5,C,,,
corridor_policy,UAM-62,2.5,3.0,C,,,
corridor_policy,UAM-62,3.0,3.5,C,,,
corridor_policy,UAM-62,3.5,4.0,C,,,
corridor_policy,UAM-62,4.0,4.5,C,,,
corridor_policy,UAM-62,4.5,5.0,C,,,
corridor_policy,UAM-62,5.0,5.5,C,,,
corridor_policy,UAM-62,5.5,6.0,C,,,
corridor_policy,UAM-62,6.0,6.5,C,,,
corridor_policy,UAM-62,6.5,7.0,C,,,
corridor_policy,UAM-62,7.0,7.5,C,,,
corridor_policy,UAM-62,7.5,8.0,C,,,
corridor_policy,UAM-62,8.0,8.5,C,,,
corridor_policy,UAM-62,8.5,9.0,C,,,
corridor_policy,UAM-62,9.0,9.5,R,,,
corridor_policy,UAM-62,9.5,10.0,C,,,
corridor_policy,UAM-62,10.0,10.5,C,,,
corridor_policy,UAM-62,10.5,11.0,R,,,
corridor_policy,UAM-62,11.0,11.5,C,,,
corridor_policy,UAM-62,11.5,12.0,C,,,
corridor_policy,UAM-62,12.0,12.5,C,,,
corridor_policy,UAM-62,12.5,13.0,C,,,
corridor_policy,UAM-62,13.0,13.5,C,,,
corridor_policy,UAM-62,13.5,14.0,C,,,
corridor_policy,UAM-62,14.0,14.5,C,,,
corridor_policy,UAM-62,14.5,15.0,C,,,
corridor_policy,UAM-62,15.0,15.5,C,,,
corridor_policy,UAM-62,15.5,16.0,C,,,
corridor_policy,UAM-62,16.0,16.5,C,,,
corridor_policy,UAM-62,16.5,17.0,C,,,
corridor_policy,UAM-62,17.0,17.5,C,,,
corridor_policy,UAM-62,17.5,18.0,C,,,
corridor_policy,UAM-62,18.0,18.5,C,,,
corridor_policy,UAM-62,18.5,19.0,C,,,
corridor_policy,UAM-62,19.0,19.5,C,,,
corridor_policy,UAM-62,19.5,20.0,C,,,
corridor_policy,UAM-62,20.0,20.5,C,,,
corridor_policy,UAM-62,20.5,21.0,C,,,
corridor_policy,UAM-62,21.0,21.5,C,,,
corridor_policy,UAM-62,21.5,22.0,C,,,
corridor_policy,UAM-62,22.0,22.5,C,,,
corridor_policy,UAM-62,22.5,23.0,C,,,
corridor_policy,UAM-62,23.0,23.5,C,,,
corridor_policy,UAM-62,23.5,24.0,C,,,
corridor_policy,UAM-62,24.0,24.5,R,,,
corridor_policy,UAM-62,24.5,25.0,R,,,
corridor_policy,UAM-62,25.0,25.5,R,,,
corridor_policy,UAM-62,25.5,26.0,R,,,
corridor_policy,UAM-62,26.0,26.5,R,,,
corridor_policy,UAM-62,26.5,27.0,F,,,
corridor_policy,UAM-62,27.0,27.5,R,,,
corridor_policy,UAM-62,27.5,28.0,R,,,
corridor_policy,UAM-62,28.0,28.5,R,,,
corridor_policy,UAM-62,28.5,29.0,R,,,
corridor_policy,UAM-62,29.0,29.5,R,,,
corridor_policy,UAM-62,29.5,30.0,R,,,
corridor_policy,UAM-62,30.0,30.5,R,,,
corridor_policy,UAM-62,30.5,31.0,R,,,
corridor_policy,UAM-62,31.0,31.5,R,,,
corridor_policy,UAM-62,31.5,32.0,R,,,
corridor_policy,UAM-62,32.0,32.5,R,,,
corridor_policy,UAM-62,32.5,33.0,R,,,
corridor_policy,UAM-62,33.0,33.5,R,,,
corridor_policy,UAM-62,33.5,34.0,R,,,
corridor_policy,UAM-62,34.0,34.5,R,,,
corridor_policy,UAM-62,34.5,35.0,R,,,
corridor_policy,UAM-62,35.0,35.5,R,,,
corridor_policy,UAM-62,35.5,36.0,R,,,
corridor_policy,UAM-62,36.0,36.5,R,,,
corridor_policy,UAM-62,36.5,37.0,R,,,
corridor_policy,UAM-62,37.0,37.5,R,,,
corridor_policy,UAM-62,37.5,38.0,R,,,
corridor_policy,UAM-62,38.0,38.5,R,,,
corridor_policy,UAM-62,38.5,39.0,R,,,
corridor_policy,UAM-62,39.0,39.5,R,,,
corridor_policy,UAM-62,39.5,40.0,R,,,
corridor_policy,UAM-62,40.0,40.5,R,,,
corridor_policy,UAM-62,40.5,41.0,R,,,
corridor_policy,UAM-62,41.0,41.5,R,,,
corridor_policy,UAM-62,41.5,42.0,R,,,
corridor_policy,UAM-62,42.0,42.5,R,,,
corridor_policy,UAM-62,42.5,43.0,R,,,
corridor_policy,UAM-62,43.0,43.5,R,,,
corridor_policy,UAM-62,43.5,44.0,R,,,
corridor_policy,UAM-62,44.0,44.5,R,,,
corridor_policy,UAM-62,44.5,45.0,R,,,
corridor_policy,UAM-62,45.0,45.5,C,,,
corridor_policy,UAM-62,45.5,46.0,C,,,
corridor_policy,UAM-62,46.0,46.5,R,,,
corridor_policy,UAM-62,46.5,47.0,R,,,
corridor_policy,UAM-62,47.0,47.5,C,,,
corridor_policy,UAM-62,47.5,48.0,C,,,
corridor_policy,UAM-62,48.0,48.5,C,,,
corridor_policy,UAM-62,48.5,49.0,C,,,
corridor_policy,UAM-62,49.0,49.5,C,,,
corridor_policy,UAM-62,49.5,50.0,C,,,
corridor_policy,UAM-63,0.0,0.5,C,,,
corridor_policy,UAM-63,0.5,1.0,C,,,
corridor_policy,UAM-63,1.0,1.5,C,,,
corridor_policy,UAM-63,1.5,2.0,C,,,
corridor_policy,UAM-63,2.0,2.5,C,,,
corridor_policy,UAM-63,2.5,3.0,C,,,
corridor_policy,UAM-63,3.0,3.5,C,,,
corridor_policy,UAM-63,3.5,4.0,C,,,
corridor_policy,UAM-63,4.0,4.5,C,,,
corridor_policy,UAM-63,4.5,5.0,C,,,
corridor_policy,UAM-63,5.0,5.5,C,,,
corridor_policy,UAM-63,5.5,6.0,C,,,
corridor_policy,UAM-63,6.0,6.5,C,,,
corridor_policy,UAM-63,6.5,7.0,C,,,
corridor_policy,UAM-63,7.0,7.5,C,,,
corridor_policy,UAM-63,7.5,8.0,C,,,
corridor_policy,UAM-63,8.0,8.5,C,,,
corridor_policy,UAM-63,8.5,9.0,C,,,
corridor_policy,UAM-63,9.0,9.5,R,,,
corridor_policy,UAM-63,9.5,10.0,C,,,
corridor_policy,UAM-63,10.0,10.5,C,,,
corridor_policy,UAM-63,10.5,11.0,C,,,
corridor_policy,UAM-63,11.0,11.5,C,,,
corridor_policy,UAM-63,11.5,12.0,C,,,
corridor_policy,UAM-63,12.0,12.5,C,,,
corridor_policy,UAM-63,12.5,13.0,C,,,
corridor_policy,UAM-63,13.0,13.5,C,,,
corridor_policy,UAM-63,13.5,14.0,C,,,
corridor_policy,UAM-63,14.0,14.5,C,,,
corridor_policy,UAM-63,14.5,15.0,C,,,
corridor_policy,UAM-63,15.0,15.5,C,,,
corridor_policy,UAM-63,15.5,16.0,C,,,
corridor_policy,UAM-63,16.0,16.5,C,,,
corridor_policy,UAM-63,16.5,17.0,C,,,
corridor_policy,UAM-63,17.0,17.5,C,,,
corridor_policy,UAM-63,17.5,18.0,C,,,
corridor_policy,UAM-63,18.0,18.5,C,,,
corridor_policy,UAM-63,18.5,19.0,C,,,
corridor_policy,UAM-63,19.0,19.5,C,,,
corridor_policy,UAM-63,19.5,20.0,C,,,
corridor_policy,UAM-63,20.0,20.5,C,,,
corridor_policy,UAM-63,20.5,21.0,C,,,
corridor_policy,UAM-63,21.0,21.5,C,,,
corridor_policy,UAM-63,21.5,22.0,C,,,
corridor_policy,UAM-63,22.0,22.5,C,,,
corridor_policy,UAM-63,22.5,23.0,C,,,
corridor_policy,UAM-63,23.0,23.5,C,,,
corridor_policy,UAM-63,23.5,24.0,C,,,
corridor_policy,UAM-63,24.0,24.5,C,,,
corridor_policy,UAM-63,24.5,25.0,R,,,
corridor_policy,UAM-63,25.0,25.5,R,,,
corridor_policy,UAM-63,25.5,26.0,R,,,
corridor_policy,UAM-63,26.0,26.5,R,,,
corridor_policy,UAM-63,26.5,27.0,R,,,
corridor_policy,UAM-63,27.0,27.5,R,,,
corridor_policy,UAM-63,27.5,28.0,R,,,
corridor_policy,UAM-63,28.0,28.5,R,,,
corridor_policy,UAM-63,28.5,29.0,R,,,
corridor_policy,UAM-63,29.0,29.5,R,,,
corridor_policy,UAM-63,29.5,30.0,R,,,
corridor_policy,UAM-63,30.0,30.5,R,,,
corridor_policy,UAM-63,30.5,31.0,R,,,
corridor_policy,UAM-63,31.0,31.5,R,,,
corridor_policy,UAM-63,31.5,32.0,R,,,
corridor_policy,UAM-63,32.0,32.5,R,,,
corridor_policy,UAM-63,32.5,33.0,R,,,
corridor_policy,UAM-63,33.0,33.5,R,,,
corridor_policy,UAM-63,33.5,34.0,R,,,
corridor_policy,UAM-63,34.0,34.5,R,,,
corridor_policy,UAM-63,34.5,35.0,R,,,
corridor_policy,UAM-63,35.0,35.5,R,,,
corridor_policy,UAM-63,35.5,36.0,R,,,
corridor_policy,UAM-63,36.0,36.5,R,,,
corridor_policy,UAM-63,36.5,37.0,R,,,
corridor_policy,UAM-63,37.0,37.5,R,,,
corridor_policy,UAM-63,37.5,38.0,R,,,
corridor_policy,UAM-63,38.0,38.5,R,,,
corridor_policy,UAM-63,38.5,39.0,R,,,
corridor_policy,UAM-63,39.0,39.5,R,,,
corridor_policy,UAM-63,39.5,40.0,R,,,
corridor_policy,UAM-63,40.0,40.5,R,,,
corridor_policy,UAM-63,40.5,41.0,R,,,
corridor_policy,UAM-63,41.0,41.5,R,,,
corridor_policy,UAM-63,41.5,42.0,R,,,
corridor_policy,UAM-63,42.0,42.5,R,,,
corridor_policy,UAM-63,42.5,43.0,R,,,
corridor_policy,UAM-63,43.0,43.5,R,,,
corridor_policy,UAM-63,43.5,44.0,R,,,
corridor_policy,UAM-63,44.0,44.5,R,,,
corridor_policy,UAM-63,44.5,45.0,R,,,
corridor_policy,UAM-63,45.0,45.5,C,,,
corridor_policy,UAM-63,45.5,46.0,C,,,
corridor_policy,UAM-63,46.0,46.5,C,,,
corridor_policy,UAM-63,46.5,47.0,C,,,
corridor_policy,UAM-63,47.0,47.5,C,,,
corridor_policy,UAM-63,47.5,48.0,C,,,
corridor_policy,UAM-63,48.0,48.5,C,,,
corridor_policy,UAM-63,48.5,49.0,C,,,
corridor_policy,UAM-63,49.0,49.5,C,,,
corridor_policy,UAM-63,49.5,50.0,C,,,
corridor_policy,UAM-64,0.0,0.5,C,,,
corridor_policy,UAM-64,0.5,1.0,C,,,
corridor_policy,UAM-64,1.0,1.5,C,,,
corridor_policy,UAM-64,1.5,2.0,C,,,
corridor_policy,UAM-64,2.0,2.5,C,,,
corridor_policy,UAM-64,2.5,3.0,C,,,
corridor_policy,UAM-64,3.0,3.5,C,,,
corridor_policy,UAM-64,3.5,4.0,C,,,
corridor_policy,UAM-64,4.0,4.5,C,,,
corridor_policy,UAM-64,4.5,5.0,C,,,
corridor_policy,UAM-64,5.0,5.5,C,,,
corridor_policy,UAM-64,5.5,6.0,C,,,
corridor_policy,UAM-64,6.0,6.5,C,,,
corridor_policy,UAM-64,6.5,7.0,C,,,
corridor_policy,UAM-64,7.0,7.5,C,,,
corridor_policy,UAM-64,7.5,8.0,C,,,
corridor_policy,UAM-64,8.0,8.5,C,,,
corridor_policy,UAM-64,8.5,9.0,C,,,
corridor_policy,UAM-64,9.0,9.5,C,,,
corridor_policy,UAM-64,9.5,10.0,C,,,
corridor_policy,UAM-64,10.0,10.5,C,,,
corridor_policy,UAM-64,10.5,11.0,C,,,
corridor_policy,UAM-64,11.0,11.5,C,,,
corridor_policy,UAM-64,11.5,12.0,C,,,
corridor_policy,UAM-64,12.0,12.5,C,,,
corridor_policy,UAM-64,12.5,13.0,C,,,
corridor_policy,UAM-64,13.0,13.5,C,,,
corridor_policy,UAM-64,13.5,14.0,C,,,
corridor_policy,UAM-64,14.0,14.5,C,,,
corridor_policy,UAM-64,14.5,15.0,C,,,
corridor_policy,UAM-64,15.0,15.5,C,,,
corridor_policy,UAM-64,15.5,16.0,C,,,
corridor_policy,UAM-64,16.0,16.5,C,,,
corridor_policy,UAM-64,16.5,17.0,C,,,
corridor_policy,UAM-64,17.0,17.5,C,,,
corridor_policy,UAM-64,17.5,18.0,C,,,
corridor_policy,UAM-64,18.0,18.5,C,,,
corridor_policy,UAM-64,18.5,19.0,C,,,
corridor_policy,UAM-64,19.0,19.5,C,,,
corridor_policy,UAM-64,19.5,20.0,C,,,
corridor_policy,UAM-64,20.0,20.5,C,,,
corridor_policy,UAM-64,20.5,21.0,C,,,
corridor_policy,UAM-64,21.0,21.5,C,,,
corridor_policy,UAM-64,21.5,22.0,C,,,
corridor_policy,UAM-64,22.0,22.5,C,,,
corridor_policy,UAM-64,22.5,23.0,C,,,
corridor_policy,UAM-64,23.0,23.5,C,,,
corridor_policy,UAM-64,23.5,24.0,C,,,
corridor_policy,UAM-64,24.0,24.5,C,,,
corridor_policy,UAM-64,24.5,25.0,C,,,
corridor_policy,UAM-64,25.0,25.5,R,,,
corridor_policy,UAM-64,25.5,26.0,R,,,
corridor_policy,UAM-64,26.0,26.5,R,,,
corridor_policy,UAM-64,26.5,27.0,R,,,
corridor_policy,UAM-64,27.0,27.5,R,,,
corridor_policy,UAM-64,27.5,28.0,R,,,
corridor_policy,UAM-64,28.0,28.5,R,,,
corridor_policy,UAM-64,28.5,29.0,R,,,
corridor_policy,UAM-64,29.0,29.5,R,,,
corridor_policy,UAM-64,29.5,30.0,R,,,
corridor_policy,UAM-64,30.0,30.5,R,,,
corridor_policy,UAM-64,30.5,31.0,R,,,
corridor_policy,UAM-64,31.0,31.5,R,,,
corridor_policy,UAM-64,31.5,32.0,R,,,
corridor_policy,UAM-64,32.0,32.5,R,,,
corridor_policy,UAM-64,32.5,33.0,R,,,
corridor_policy,UAM-64,33.0,33.5,R,,,
corridor_policy,UAM-64,33.5,34.0,R,,,
corridor_policy,UAM-64,34.0,34.5,R,,,
corridor_policy,UAM-64,34.5,35.0,R,,,
corridor_policy,UAM-64,35.0,35.5,R,,,
corridor_policy,UAM-64,35.5,36.0,R,,,
corridor_policy,UAM-64,36.0,36.5,R,,,
corridor_policy,UAM-64,36.5,37.0,R,,,
corridor_policy,UAM-64,37.0,37.5,R,,,
corridor_policy,UAM-64,37.5,38.0,R,,,
corridor_policy,UAM-64,38.0,38.5,R,,,
corridor_policy,UAM-64,38.5,39.0,R,,,
corridor_policy,UAM-64,39.0,39.5,R,,,
corridor_policy,UAM-64,39.5,40.0,R,,,
corridor_policy,UAM-64,40.0,40.5,R,,,
corridor_policy,UAM-64,40.5,41.0,R,,,
corridor_policy,UAM-64,41.0,41.5,R,,,
corridor_policy,UAM-64,41.5,42.0,R,,,
corridor_policy,UAM-64,42.0,42.5,R,,,
corridor_policy,UAM-64,42.5,43.0,R,,,
corridor_policy,UAM-64,43.0,43.5,R,,,
corridor_policy,UAM-64,43.5,44.0,R,,,
corridor_policy,UAM-64,44.0,44.5,R,,,
corridor_policy,UAM-64,44.5,45.0,C,,,
corridor_policy,UAM-64,45.0,45.5,C,,,
corridor_policy,UAM-64,45.5,46.0,C,,,
corridor_policy,UAM-64,46.0,46.5,C,,,
corridor_policy,UAM-64,46.5,47.0,C,,,
corridor_policy,UAM-64,47.0,47.5,C,,,
corridor_policy,UAM-64,47.5,48.0,C,,,
corridor_policy,UAM-64,48.0,48.5,C,,,
corridor_policy,UAM-64,48.5,49.0,C,,,
corridor_policy,UAM-64,49.0,49.5,C,,,
corridor_policy,UAM-64,49.5,50.0,C,,,
corridor_policy,UAM-65,0.0,0.5,C,,,
corridor_policy,UAM-65,0.5,1.0,C,,,
corridor_policy,UAM-65,1.0,1.5,C,,,
corridor_policy,UAM-65,1.5,2.0,C,,,
corridor_policy,UAM-65,2.0,2.5,C,,,
corridor_policy,UAM-65,2.5,3.0,C,,,
corridor_policy,UAM-65,3.0,3.5,C,,,
corridor_policy,UAM-65,3.5,4.0,C,,,
corridor_policy,UAM-65,4.0,4.5,C,,,
corridor_policy,UAM-65,4.5,5.0,C,,,
corridor_policy,UAM-65,5.0,5.5,C,,,
corridor_policy,UAM-65,5.5,6.0,C,,,
corridor_policy,UAM-65,6.0,6.5,C,,,
corridor_policy,UAM-65,6.5,7.0,C,,,
corridor_policy,UAM-65,7.0,7.5,C,,,
corridor_policy,UAM-65,7.5,8.0,C,,,
corridor_policy,UAM-65,8.0,8.5,C,,,
corridor_policy,UAM-65,8.5,9.0,C,,,
corridor_policy,UAM-65,9.0,9.5,C,,,
corridor_policy,UAM-65,9.5,10.0,C,,,
corridor_policy,UAM-65,10.0,10.5,C,,,
corridor_policy,UAM-65,10.5,11.0,C,,,
corridor_policy,UAM-65,11.0,11.5,C,,,
corridor_policy,UAM-65,11.5,12.0,R,,,
corridor_policy,UAM-65,12.0,12.5,C,,,
corridor_policy,UAM-65,12.5,13.0,C,,,
corridor_policy,UAM-65,13.0,13.5,C,,,
corridor_policy,UAM-65,13.5,14.0,C,,,
corridor_policy,UAM-65,14.0,14.5,C,,,
corridor_policy,UAM-65,14.5,15.0,C,,,
corridor_policy,UAM-65,15.0,15.5,C,,,
corridor_policy,UAM-65,15.5,16.0,C,,,
corridor_policy,UAM-65,16.0,16.5,C,,,
corridor_policy,UAM-65,16.5,17.0,C,,,
corridor_policy,UAM-65,17.0,17.5,C,,,
corridor_policy,UAM-65,17.5,18.0,C,,,
corridor_policy,UAM-65,18.0,18.5,C,,,
corridor_policy,UAM-65,18.5,19.0,C,,,
corridor_policy,UAM-65,19.0,19.5,C,,,
corridor_policy,UAM-65,19.5,20.0,C,,,
corridor_policy,UAM-65,20.0,20.5,C,,,
corridor_policy,UAM-65,20.5,21.0,C,,,
corridor_policy,UAM-65,21.0,21.5,C,,,
corridor_policy,UAM-65,21.5,22.0,C,,,
corridor_policy,UAM-65,22.0,22.5,C,,,
corridor_policy,UAM-65,22.5,23.0,C,,,
corridor_policy,UAM-65,23.0,23.5,C,,,
corridor_policy,UAM-65,23.5,24.0,C,,,
corridor_policy,UAM-65,24.0,24.5,C,,,
corridor_policy,UAM-65,24.5,25.0,C,,,
corridor_policy,UAM-65,25.0,25.5,C,,,
corridor_policy,UAM-65,25.5,26.0,R,,,
corridor_policy,UAM-65,26.0,26.5,R,,,
corridor_policy,UAM-65,26.5,27.0,R,,,
corridor_policy,UAM-65,27.0,27.5,R,,,
corridor_policy,UAM-65,27.5,28.0,R,,,
corridor_policy,UAM-65,28.0,28.5,R,,,
corridor_policy,UAM-65,28.5,29.0,R,,,
corridor_policy,UAM-65,29.0,29.5,R,,,
corridor_policy,UAM-65,29.5,30.0,R,,,
corridor_policy,UAM-65,30.0,30.5,R,,,
corridor_policy,UAM-65,30.5,31.0,R,,,
corridor_policy,UAM-65,31.0,31.5,R,,,
corridor_policy,UAM-65,31.5,32.0,R,,,
corridor_policy,UAM-65,32.0,32.5,R,,,
corridor_policy,UAM-65,32.5,33.0,R,,,
corridor_policy,UAM-65,33.0,33.5,R,,,
corridor_policy,UAM-65,33.5,34.0,R,,,
corridor_policy,UAM-65,34.0,34.5,R,,,
corridor_policy,UAM-65,34.5,35.0,R,,,
corridor_policy,UAM-65,35.0,35.5,R,,,
corridor_policy,UAM-65,35.5,36.0,R,,,
corridor_policy,UAM-65,36.0,36.5,R,,,
corridor_policy,UAM-65,36.5,37.0,R,,,
corridor_policy,UAM-65,37.0,37.5,R,,,
corridor_policy,UAM-65,37.5,38.0,R,,,
corridor_policy,UAM-65,38.0,38.5,R,,,
corridor_policy,UAM-65,38.5,39.0,R,,,
corridor_policy,UAM-65,39.0,39.5,R,,,
corridor_policy,UAM-65,39.5,40.0,R,,,
corridor_policy,UAM-65,40.0,40.5,R,,,
corridor_policy,UAM-65,40.5,41.0,R,,,
corridor_policy,UAM-65,41.0,41.5,R,,,
corridor_policy,UAM-65,41.5,42.0,R,,,
corridor_policy,UAM-65,42.0,42.5,R,,,
corridor_policy,UAM-65,42.5,43.0,R,,,
corridor_policy,UAM-65,43.0,43.5,R,,,
corridor_policy,UAM-65,43.5,44.0,R,,,
corridor_policy,UAM-65,44.0,44.5,R,,,
corridor_policy,UAM-65,44.5,45.0,C,,,
corridor_policy,UAM-65,45.0,45.5,C,,,
corridor_policy,UAM-65,45.5,46.0,C,,,
corridor_policy,UAM-65,46.0,46.5,C,,,
corridor_policy,UAM-65,46.5,47.0,C,,,
corridor_policy,UAM-65,47.0,47.5,C,,,
corridor_policy,UAM-65,47.5,48.0,C,,,
corridor_policy,UAM-65,48.0,48.5,C,,,
corridor_policy,UAM-65,48.5,49.0,C,,,
corridor_policy,UAM-65,49.0,49.5,C,,,
corridor_policy,UAM-65,49.5,50.0,C,,,
corridor_policy,UAM-66,0.0,0.5,C,,,
corridor_policy,UAM-66,0.5,1.0,C,,,
corridor_policy,UAM-66,1.0,1.5,C,,,
corridor_policy,UAM-66,1.5,2.0,C,,,
corridor_policy,UAM-66,2.0,2.5,C,,,
corridor_policy,UAM-66,2.5,3.0,C,,,
corridor_policy,UAM-66,3.0,3.5,C,,,
corridor_policy,UAM-66,3.5,4.0,C,,,
corridor_policy,UAM-66,4.0,4.5,C,,,
corridor_policy,UAM-66,4.5,5.0,C,,,
corridor_policy,UAM-66,5.0,5.5,C,,,
corridor_policy,UAM-66,5.5,6.0,C,,,
corridor_policy,UAM-66,6.0,6.5,C,,,
corridor_policy,UAM-66,6.5,7.0,C,,,
corridor_policy,UAM-66,7.0,7.5,C,,,
corridor_policy,UAM-66,7.5,8.0,C,,,
corridor_policy,UAM-66,8.0,8.5,C,,,
corridor_policy,UAM-66,8.5,9.0,C,,,
corridor_policy,UAM-66,9.0,9.5,C,,,
corridor_policy,UAM-66,9.5,10.0,C,,,
corridor_policy,UAM-66,10.0,10.5,C,,,
corridor_policy,UAM-66,10.5,11.0,R,,,
corridor_policy,UAM-66,11.0,11.5,C,,,
corridor_policy,UAM-66,11.5,12.0,R,,,
corridor_policy,UAM-66,12.0,12.5,C,,,
corridor_policy,UAM-66,12.5,13.0,C,,,
corridor_policy,UAM-66,13.0,13.5,C,,,
corridor_policy,UAM-66,13.5,14.0,C,,,
corridor_policy,UAM-66,14.0,14.5,C,,,
corridor_policy,UAM-66,14.5,15.0,C,,,
corridor_policy,UAM-66,15.0,15.5,C,,,
corridor_policy,UAM-66,15.5,16.0,C,,,
corridor_policy,UAM-66,16.0,16.5,C,,,
corridor_policy,UAM-66,16.5,17.0,C,,,
corridor_policy,UAM-66,17.0,17.5,C,,,
corridor_policy,UAM-66,17.5,18.0,C,,,
corridor_policy,UAM-66,18.0,18.5,C,,,
corridor_policy,UAM-66,18.5,19.0,C,,,
corridor_policy,UAM-66,19.0,19.5,C,,,
corridor_policy,UAM-66,19.5,20.0,C,,,
corridor_policy,UAM-66,20.0,20.5,C,,,
corridor_policy,UAM-66,20.5,21.0,C,,,
corridor_policy,UAM-66,21.0,21.5,C,,,
corridor_policy,UAM-66,21.5,22.0,C,,,
corridor_policy,UAM-66,22.0,22.5,C,,,
corridor_policy,UAM-66,22.5,23.0,C,,,
corridor_policy,UAM-66,23.0,23.5,C,,,
corridor_policy,UAM-66,23.5,24.0,C,,,
corridor_policy,UAM-66,24.0,24.5,C,,,
corridor_policy,UAM-66,24.5,25.0,C,,,
corridor_policy,UAM-66,25.0,25.5,R,,,
corridor_policy,UAM-66,25.5,26.0,R,,,
corridor_policy,UAM-66,26.0,26.5,R,,,
corridor_policy,UAM-66,26.5,27.0,R,,,
corridor_policy,UAM-66,27.0,27.5,R,,,
corridor_policy,UAM-66,27.5,28.0,R,,,
corridor_policy,UAM-66,28.0,28.5,R,,,
corridor_policy,UAM-66,28.5,29.0,R,,,
corridor_policy,UAM-66,29.0,29.5,R,,,
corridor_policy,UAM-66,29.5,30.0,R,,,
corridor_policy,UAM-66,30.0,30.5,R,,,
corridor_policy,UAM-66,30.5,31.0,R,,,
corridor_policy,UAM-66,31.0,31.5,R,,,
corridor_policy,UAM-66,31.5,32.0,R,,,
corridor_policy,UAM-66,32.0,32.5,R,,,
corridor_policy,UAM-66,32.5,33.0,R,,,
corridor_policy,UAM-66,33.0,33.5,R,,,
corridor_policy,UAM-66,33.5,34.0,R,,,
corridor_policy,UAM-66,34.0,34.5,R,,,
corridor_policy,UAM-66,34.5,35.0,R,,,
corridor_policy,UAM-66,35.0,35.5,R,,,
corridor_policy,UAM-66,35.5,36.0,R,,,
corridor_policy,UAM-66,36.0,36.5,R,,,
corridor_policy,UAM-66,36.5,37.0,R,,,
corridor_policy,UAM-66,37.0,37.5,R,,,
corridor_policy,UAM-66,37.5,38.0,R,,,
corridor_policy,UAM-66,38.0,38.5,R,,,
corridor_policy,UAM-66,38.5,39.0,R,,,
corridor_policy,UAM-66,39.0,39.5,R,,,
corridor_policy,UAM-66,39.5,40.0,R,,,
corridor_policy,UAM-66,40.0,40.5,R,,,
corridor_policy,UAM-66,40.5,41.0,R,,,
corridor_policy,UAM-66,41.0,41.5,R,,,
corridor_policy,UAM-66,41.5,42.0,R,,,
corridor_policy,UAM-66,42.0,42.5,R,,,
corridor_policy,UAM-66,42.5,43.0,R,,,
corridor_policy,UAM-66,43.0,43.5,R,,,
corridor_policy,UAM-66,43.5,44.0,R,,,
corridor_policy,UAM-66,44.0,44.5,R,,,
corridor_policy,UAM-66,44.5,45.0,R,,,
corridor_policy,UAM-66,45.0,45.5,C,,,
corridor_policy,UAM-66,45.5,46.0,C,,,
corridor_policy,UAM-66,46.0,46.5,C,,,
corridor_policy,UAM-66,46.5,47.0,C,,,
corridor_policy,UAM-66,47.0,47.5,C,,,
corridor_policy,UAM-66,47.5,48.0,C,,,
corridor_policy,UAM-66,48.0,48.5,C,,,
corridor_policy,UAM-66,48.5,49.0,C,,,
corridor_policy,UAM-66,49.0,49.5,C,,,
corridor_policy,UAM-66,49.5,50.0,C,,,
corridor_policy,UAM-67,0.0,0.5,C,,,
corridor_policy,UAM-67,0.5,1.0,C,,,
corridor_policy,UAM-67,1.0,1.5,C,,,
corridor_policy,UAM-67,1.5,2.0,C,,,
corridor_policy,UAM-67,2.0,2.5,C,,,
corridor_policy,UAM-67,2.5,3.0,C,,,
corridor_policy,UAM-67,3.0,3.5,C,,,
corridor_policy,UAM-67,3.5,4.0,C,,,
corridor_policy,UAM-67,4.0,4.5,C,,,
corridor_policy,UAM-67,4.5,5.0,C,,,
corridor_policy,UAM-67,5.0,5.5,C,,,
corridor_policy,UAM-67,5.5,6.0,C,,,
corridor_policy,UAM-67,6.0,6.5,C,,,
corridor_policy,UAM-67,6.5,7.0,C,,,
corridor_policy,UAM-67,7.0,7.5,C,,,
corridor_policy,UAM-67,7.5,8.0,C,,,
corridor_policy,UAM-67,8.0,8.5,C,,,
corridor_policy,UAM-67,8.5,9.0,C,,,
corridor_policy,UAM-67,9.0,9.5,C,,,
corridor_policy,UAM-67,9.5,10.0,C,,,
corridor_policy,UAM-67,10.0,10.5,C,,,
corridor_policy,UAM-67,10.5,11.0,R,,,
corridor_policy,UAM-67,11.0,11.5,C,,,
corridor_policy,UAM-67,11.5,12.0,R,,,
corridor_policy,UAM-67,12.0,12.5,C,,,
corridor_policy,UAM-67,12.5,13.0,C,,,
corridor_policy,UAM-67,13.0,13.5,C,,,
corridor_policy,UAM-67,13.5,14.0,C,,,
corridor_policy,UAM-67,14.0,14.5,C,,,
corridor_policy,UAM-67,14.5,15.0,C,,,
corridor_policy,UAM-67,15.0,15.5,C,,,
corridor_policy,UAM-67,15.5,16.0,C,,,
corridor_policy,UAM-67,16.0,16.5,C,,,
corridor_policy,UAM-67,16.5,17.0,C,,,
corridor_policy,UAM-67,17.0,17.5,C,,,
corridor_policy,UAM-67,17.5,18.0,C,,,
corridor_policy,UAM-67,18.0,18.5,C,,,
corridor_policy,UAM-67,18.5,19.0,C,,,
corridor_policy,UAM-67,19.0,19.5,C,,,
corridor_policy,UAM-67,19.5,20.0,C,,,
corridor_policy,UAM-67,20.0,20.5,C,,,
corridor_policy,UAM-67,20.5,21.0,C,,,
corridor_policy,UAM-67,21.0,21.5,C,,,
corridor_policy,UAM-67,21.5,22.0,C,,,
corridor_policy,UAM-67,22.0,22.5,C,,,
corridor_policy,UAM-67,22.5,23.0,C,,,
corridor_policy,UAM-67,23.0,23.5,C,,,
corridor_policy,UAM-67,23.5,24.0,C,,,
corridor_policy,UAM-67,24.0,24.5,C,,,
corridor_policy,UAM-67,24.5,25.0,C,,,
corridor_policy,UAM-67,25.0,25.5,R,,,
corridor_policy,UAM-67,25.5,26.0,R,,,
corridor_policy,UAM-67,26.0,26.5,R,,,
corridor_policy,UAM-67,26.5,27.0,R,,,
corridor_policy,UAM-67,27.0,27.5,R,,,
corridor_policy,UAM-67,27.5,28.0,R,,,
corridor_policy,UAM-67,28.0,28.5,R,,,
corridor_policy,UAM-67,28.5,29.0,R,,,
corridor_policy,UAM-67,29.0,29.5,R,,,
corridor_policy,UAM-67,29.5,30.0,R,,,
corridor_policy,UAM-67,30.0,30.5,R,,,
corridor_policy,UAM-67,30.5,31.0,R,,,
corridor_policy,UAM-67,31.0,31.5,R,,,
corridor_policy,UAM-67,31.5,32.0,R,,,
corridor_policy,UAM-67,32.0,32.5,R,,,
corridor_policy,UAM-67,32.5,33.0,R,,,
corridor_policy,UAM-67,33.0,33.5,R,,,
corridor_policy,UAM-67,33.5,34.0,R,,,
corridor_policy,UAM-67,34.0,34.5,R,,,
corridor_policy,UAM-67,34.5,35.0,R,,,
corridor_policy,UAM-67,35.0,35.5,R,,,
corridor_policy,UAM-67,35.5,36.0,R,,,
corridor_policy,UAM-67,36.0,36.5,R,,,
corridor_policy,UAM-67,36.5,37.0,R,,,
corridor_policy,UAM-67,37.0,37.5,R,,,
corridor_policy,UAM-67,37.5,38.0,R,,,
corridor_policy,UAM-67,38.0,38.5,R,,,
corridor_policy,UAM-67,38.5,39.0,R,,,
corridor_policy,UAM-67,39.0,39.5,R,,,
corridor_policy,UAM-67,39.5,40.0,R,,,
corridor_policy,UAM-67,40.0,40.5,R,,,
corridor_policy,UAM-67,40.5,41.0,R,,,
corridor_policy,UAM-67,41.0,41.5,R,,,
corridor_policy,UAM-67,41.5,42.0,R,,,
corridor_policy,UAM-67,42.0,42.5,R,,,
corridor_policy,UAM-67,42.5,43.0,R,,,
corridor_policy,UAM-67,43.0,43.5,R,,,
corridor_policy,UAM-67,43.5,44.0,R,,,
corridor_policy,UAM-67,44.0,44.5,R,,,
corridor_policy,UAM-67,44.5,45.0,R,,,
corridor_policy,UAM-67,45.0,45.5,C,,,
corridor_policy,UAM-67,45.5,46.0,C,,,
corridor_policy,UAM-67,46.0,46.5,C,,,
corridor_policy,UAM-67,46.5,47.0,C,,,
corridor_policy,UAM-67,47.0,47.5,C,,,
corridor_policy,UAM-67,47.5,48.0,C,,,
corridor_policy,UAM-67,48.0,48.5,C,,,
corridor_policy,UAM-67,48.5,49.0,C,,,
corridor_policy,UAM-67,49.0,49.5,C,,,
corridor_policy,UAM-67,49.5,50.0,C,,,
corridor_policy,UAM-68,0.0,0.5,C,,,
corridor_policy,UAM-68,0.5,1.0,C,,,
corridor_policy,UAM-68,1.0,1.5,C,,,
corridor_policy,UAM-68,1.5,2.0,C,,,
corridor_policy,UAM-68,2.0,2.5,C,,,
corridor_policy,UAM-68,2.5,3.0,C,,,
corridor_policy,UAM-68,3.0,3.5,C,,,
corridor_policy,UAM-68,3.5,4.0,C,,,
corridor_policy,UAM-68,4.0,4.5,C,,,
corridor_policy,UAM-68,4.5,5.0,C,,,
corridor_policy,UAM-68,5.0,5.5,C,,,
corridor_policy,UAM-68,5.5,6.0,C,,,
corridor_policy,UAM-68,6.0,6.5,C,,,
corridor_policy,UAM-68,6.5,7.0,C,,,
corridor_policy,UAM-68,7.0,7.5,C,,,
corridor_policy,UAM-68,7.5,8.0,C,,,
corridor_policy,UAM-68,8.0,8.5,C,,,
corridor_policy,UAM-68,8.5,9.0,C,,,
corridor_policy,UAM-68,9.0,9.5,R,,,
corridor_policy,UAM-68,9.5,10.0,C,,,
corridor_policy,UAM-68,10.0,10.5,R,,,
corridor_policy,UAM-68,10.5,11.0,C,,,
corridor_policy,UAM-68,11.0,11.5,C,,,
corridor_policy,UAM-68,11.5,12.0,C,,,
corridor_policy,UAM-68,12.0,12.5,C,,,
corridor_policy,UAM-68,12.5,13.0,C,,,
corridor_policy,UAM-68,13.0,13.5,C,,,
corridor_policy,UAM-68,13.5,14.0,C,,,
corridor_policy,UAM-68,14.0,14.5,C,,,
corridor_policy,UAM-68,14.5,15.0,C,,,
corridor_policy,UAM-68,15.0,15.5,C,,,
corridor_policy,UAM-68,15.5,16.0,C,,,
corridor_policy,UAM-68,16.0,16.5,C,,,
corridor_policy,UAM-68,16.5,17.0,C,,,
corridor_policy,UAM-68,17.0,17.5,C,,,
corridor_policy,UAM-68,17.5,18.0,C,,,
corridor_policy,UAM-68,18.0,18.5,C,,,
corridor_policy,UAM-68,18.5,19.0,C,,,
corridor_policy,UAM-68,19.0,19.5,C,,,
corridor_policy,UAM-68,19.5,20.0,C,,,
corridor_policy,UAM-68,20.0,20.5,C,,,
corridor_policy,UAM-68,20.5,21.0,C,,,
corridor_policy,UAM-68,21.0,21.5,C,,,
corridor_policy,UAM-68,21.5,22.0,C,,,
corridor_policy,UAM-68,22.0,22.5,C,,,
corridor_policy,UAM-68,22.5,23.0,C,,,
corridor_policy,UAM-68,23.0,23.5,C,,,
corridor_policy,UAM-68,23.5,24.0,C,,,
corridor_policy,UAM-68,24.0,24.5,C,,,
corridor_policy,UAM-68,24.5,25.0,C,,,
corridor_policy,UAM-68,25.0,25.5,R,,,
corridor_policy,UAM-68,25.5,26.0,R,,,
corridor_policy,UAM-68,26.0,26.5,R,,,
corridor_policy,UAM-68,26.5,27.0,R,,,
corridor_policy,UAM-68,27.0,27.5,R,,,
corridor_policy,UAM-68,27.5,28.0,R,,,
corridor_policy,UAM-68,28.0,28.5,R,,,
corridor_policy,UAM-68,28.5,29.0,R,,,
corridor_policy,UAM-68,29.0,29.5,R,,,
corridor_policy,UAM-68,29.5,30.0,R,,,
corridor_policy,UAM-68,30.0,30.5,R,,,
corridor_policy,UAM-68,30.5,31.0,R,,,
corridor_policy,UAM-68,31.0,31.5,R,,,
corridor_policy,UAM-68,31.5,32.0,R,,,
corridor_policy,UAM-68,32.0,32.5,R,,,
corridor_policy,UAM-68,32.5,33.0,R,,,
corridor_policy,UAM-68,33.0,33.5,R,,,
corridor_policy,UAM-68,33.5,34.0,R,,,
corridor_policy,UAM-68,34.0,34.5,R,,,
corridor_policy,UAM-68,34.5,35.0,R,,,
corridor_policy,UAM-68,35.0,35.5,R,,,
corridor_policy,UAM-68,35.5,36.0,R,,,
corridor_policy,UAM-68,36.0,36.5,R,,,
corridor_policy,UAM-68,36.5,37.0,R,,,
corridor_policy,UAM-68,37.0,37.5,R,,,
corridor_policy,UAM-68,37.5,38.0,R,,,
corridor_policy,UAM-68,38.0,38.5,R,,,
corridor_policy,UAM-68,38.5,39.0,R,,,
corridor_policy,UAM-68,39.0,39.5,R,,,
corridor_policy,UAM-68,39.5,40.0,R,,,
corridor_policy,UAM-68,40.0,40.5,R,,,
corridor_policy,UAM-68,40.5,41.0,R,,,
corridor_policy,UAM-68,41.0,41.5,R,,,
corridor_policy,UAM-68,41.5,42.0,R,,,
corridor_policy,UAM-68,42.0,42.5,R,,,
corridor_policy,UAM-68,42.5,43.0,R,,,
corridor_policy,UAM-68,43.0,43.5,R,,,
corridor_policy,UAM-68,43.5,44.0,R,,,
corridor_policy,UAM-68,44.0,44.5,R,,,
corridor_policy,UAM-68,44.5,45.0,C,,,
corridor_policy,UAM-68,45.0,45.5,C,,,
corridor_policy,UAM-68,45.5,46.0,C,,,
corridor_policy,UAM-68,46.0,46.5,C,,,
corridor_policy,UAM-68,46.5,47.0,C,,,
corridor_policy,UAM-68,47.0,47.5,C,,,
corridor_policy,UAM-68,47.5,48.0,C,,,
corridor_policy,UAM-68,48.0,48.5,C,,,
corridor_policy,UAM-68,48.5,49.0,C,,,
corridor_policy,UAM-68,49.0,49.5,C,,,
corridor_policy,UAM-68,49.5,50.0,C,,,
corridor_policy,UAM-69,0.0,0.5,C,,,
corridor_policy,UAM-69,0.5,1.0,C,,,
corridor_policy,UAM-69,1.0,1.5,C,,,
corridor_policy,UAM-69,1.5,2.0,C,,,
corridor_policy,UAM-69,2.0,2.5,C,,,
corridor_policy,UAM-69,2.5,3.0,C,,,
corridor_policy,UAM-69,3.0,3.5,C,,,
corridor_policy,UAM-69,3.5,4.0,C,,,
corridor_policy,UAM-69,4.0,4.5,C,,,
corridor_policy,UAM-69,4.5,5.0,C,,,
corridor_policy,UAM-69,5.0,5.5,C,,,
corridor_policy,UAM-69,5.5,6.0,C,,,
corridor_policy,UAM-69,6.0,6.5,C,,,
corridor_policy,UAM-69,6.5,7.0,C,,,
corridor_policy,UAM-69,7.0,7.5,C,,,
corridor_policy,UAM-69,7.5,8.0,C,,,
corridor_policy,UAM-69,8.0,8.5,C,,,
corridor_policy,UAM-69,8.5,9.0,C,,,
corridor_policy,UAM-69,9.0,9.5,R,,,
corridor_policy,UAM-69,9.5,10.0,C,,,
corridor_policy,UAM-69,10.0,10.5,C,,,
corridor_policy,UAM-69,10.5,11.0,C,,,
corridor_policy,UAM-69,11.0,11.5,C,,,
corridor_policy,UAM-69,11.5,12.0,C,,,
corridor_policy,UAM-69,12.0,12.5,C,,,
corridor_policy,UAM-69,12.5,13.0,R,,,
corridor_policy,UAM-69,13.0,13.5,R,,,
corridor_policy,UAM-69,13.5,14.0,C,,,
corridor_policy,UAM-69,14.0,14.5,C,,,
corridor_policy,UAM-69,14.5,15.0,C,,,
corridor_policy,UAM-69,15.0,15.5,C,,,
corridor_policy,UAM-69,15.5,16.0,C,,,
corridor_policy,UAM-69,16.0,16.5,C,,,
corridor_policy,UAM-69,16.5,17.0,C,,,
corridor_policy,UAM-69,17.0,17.5,C,,,
corridor_policy,UAM-69,17.5,18.0,C,,,
corridor_policy,UAM-69,18.0,18.5,C,,,
corridor_policy,UAM-69,18.5,19.0,C,,,
corridor_policy,UAM-69,19.0,19.5,C,,,
corridor_policy,UAM-69,19.5,20.0,C,,,
corridor_policy,UAM-69,20.0,20.5,C,,,
corridor_policy,UAM-69,20.5,21.0,C,,,
corridor_policy,UAM-69,21.0,21.5,C,,,
corridor_policy,UAM-69,21.5,22.0,C,,,
corridor_policy,UAM-69,22.0,22.5,C,,,
corridor_policy,UAM-69,22.5,23.0,C,,,
corridor_policy,UAM-69,23.0,23.5,C,,,
corridor_policy,UAM-69,23.5,24.0,C,,,
corridor_policy,UAM-69,24.0,24.5,C,,,
corridor_policy,UAM-69,24.5,25.0,C,,,
corridor_policy,UAM-69,25.0,25.5,R,,,
corridor_policy,UAM-69,25.5,26.0,R,,,
corridor_policy,UAM-69,26.0,26.5,R,,,
corridor_policy,UAM-69,26.5,27.0,R,,,
corridor_policy,UAM-69,27.0,27.5,R,,,
corridor_policy,UAM-69,27.5,28.0,R,,,
corridor_policy,UAM-69,28.0,28.5,R,,,
corridor_policy,UAM-69,28.5,29.0,R,,,
corridor_policy,UAM-69,29.0,29.5,R,,,
corridor_policy,UAM-69,29.5,30.0,R,,,
corridor_policy,UAM-69,30.0,30.5,R,,,
corridor_policy,UAM-69,30.5,31.0,R,,,
corridor_policy,UAM-69,31.0,31.5,R,,,
corridor_policy,UAM-69,31.5,32.0,R,,,
corridor_policy,UAM-69,32.0,32.5,R,,,
corridor_policy,UAM-69,32.5,33.0,R,,,
corridor_policy,UAM-69,33.0,33.5,R,,,
corridor_policy,UAM-69,33.5,34.0,R,,,
corridor_policy,UAM-69,34.0,34.5,R,,,
corridor_policy,UAM-69,34.5,35.0,R,,,
corridor_policy,UAM-69,35.0,35.5,R,,,
corridor_policy,UAM-69,35.5,36.0,R,,,
corridor_policy,UAM-69,36.0,36.5,C,,,
corridor_policy,UAM-69,36.5,37.0,C,,,
corridor_policy,UAM-69,37.0,37.5,R,,,
corridor_policy,UAM-69,37.5,38.0,R,,,
corridor_policy,UAM-69,38.0,38.5,R,,,
corridor_policy,UAM-69,38.5,39.0,R,,,
corridor_policy,UAM-69,39.0,39.5,R,,,
corridor_policy,UAM-69,39.5,40.0,R,,,
corridor_policy,UAM-69,40.0,40.5,R,,,
corridor_policy,UAM-69,40.5,41.0,R,,,
corridor_policy,UAM-69,41.0,41.5,R,,,
corridor_policy,UAM-69,41.5,42.0,R,,,
corridor_policy,UAM-69,42.0,42.5,R,,,
corridor_policy,UAM-69,42.5,43.0,R,,,
corridor_policy,UAM-69,43.0,43.5,R,,,
corridor_policy,UAM-69,43.5,44.0,R,,,
corridor_policy,UAM-69,44.0,44.5,R,,,
corridor_policy,UAM-69,44.5,45.0,R,,,
corridor_policy,UAM-69,45.0,45.5,C,,,
corridor_policy,UAM-69,45.5,46.0,C,,,
corridor_policy,UAM-69,46.0,46.5,C,,,
corridor_policy,UAM-69,46.5,47.0,C,,,
corridor_policy,UAM-69,47.0,47.5,C,,,
corridor_policy,UAM-69,47.5,48.0,C,,,
corridor_policy,UAM-69,48.0,48.5,C,,,
corridor_policy,UAM-69,48.5,49.0,C,,,
corridor_policy,UAM-69,49.0,49.5,C,,,
corridor_policy,UAM-69,49.5,50.0,C,,,
corridor_policy,UAM-70,0.0,0.5,C,,,
corridor_policy,UAM-70,0.5,1.0,C,,,
corridor_policy,UAM-70,1.0,1.5,C,,,
corridor_policy,UAM-70,1.5,2.0,C,,,
corridor_policy,UAM-70,2.0,2.5,C,,,
corridor_policy,UAM-70,2.5,3.0,C,,,
corridor_policy,UAM-70,3.0,3.5,C,,,
corridor_policy,UAM-70,3.5,4.0,C,,,
corridor_policy,UAM-70,4.0,4.5,C,,,
corridor_policy,UAM-70,4.5,5.0,C,,,
corridor_policy,UAM-70,5.0,5.5,C,,,
corridor_policy,UAM-70,5.5,6.0,C,,,
corridor_policy,UAM-70,6.0,6.5,C,,,
corridor_policy,UAM-70,6.5,7.0,C,,,
corridor_policy,UAM-70,7.0,7.5,C,,,
corridor_policy,UAM-70,7.5,8.0,C,,,
corridor_policy,UAM-70,8.0,8.5,C,,,
corridor_policy,UAM-70,8.5,9.0,C,,,
corridor_policy,UAM-70,9.0,9.5,C,,,
corridor_policy,UAM-70,9.5,10.0,C,,,
corridor_policy,UAM-70,10.0,10.5,C,,,
corridor_policy,UAM-70,10.5,11.0,C,,,
corridor_policy,UAM-70,11.0,11.5,R,,,
corridor_policy,UAM-70,11.5,12.0,R,,,
corridor_policy,UAM-70,12.0,12.5,C,,,
corridor_policy,UAM-70,12.5,13.0,C,,,
corridor_policy,UAM-70,13.0,13.5,C,,,
corridor_policy,UAM-70,13.5,14.0,C,,,
corridor_policy,UAM-70,14.0,14.5,C,,,
corridor_policy,UAM-70,14.5,15.0,C,,,
corridor_policy,UAM-70,15.0,15.5,C,,,
corridor_policy,UAM-70,15.5,16.0,C,,,
corridor_policy,UAM-70,16.0,16.5,C,,,
corridor_policy,UAM-70,16.5,17.0,C,,,
corridor_policy,UAM-70,17.0,17.5,C,,,
corridor_policy,UAM-70,17.5,18.0,C,,,
corridor_policy,UAM-70,18.0,18.5,C,,,
corridor_policy,UAM-70,18.5,19.0,C,,,
corridor_policy,UAM-70,19.0,19.5,C,,,
corridor_policy,UAM-70,19.5,20.0,C,,,
corridor_policy,UAM-70,20.0,20.5,C,,,
corridor_policy,UAM-70,20.5,21.0,C,,,
corridor_policy,UAM-70,21.0,21.5,C,,,
corridor_policy,UAM-70,21.5,22.0,C,,,
corridor_policy,UAM-70,22.0,22.5,C,,,
corridor_policy,UAM-70,22.5,23.0,C,,,
corridor_policy,UAM-70,23.0,23.5,C,,,
corridor_policy,UAM-70,23.5,24.0,C,,,
corridor_policy,UAM-70,24.0,24.5,C,,,
corridor_policy,UAM-70,24.5,25.0,C,,,
corridor_policy,UAM-70,25.0,25.5,R,,,
corridor_policy,UAM-70,25.5,26.0,R,,,
corridor_policy,UAM-70,26.0,26.5,R,,,
corridor_policy,UAM-70,26.5,27.0,R,,,
corridor_policy,UAM-70,27.0,27.5,R,,,
corridor_policy,UAM-70,27.5,28.0,R,,,
corridor_policy,UAM-70,28.0,28.5,R,,,
corridor_policy,UAM-70,28.5,29.0,R,,,
corridor_policy,UAM-70,29.0,29.5,R,,,
corridor_policy,UAM-70,29.5,30.0,R,,,
corridor_policy,UAM-70,30.0,30.5,R,,,
corridor_policy,UAM-70,30.5,31.0,R,,,
corridor_policy,UAM-70,31.0,31.5,R,,,
corridor_policy,UAM-70,31.5,32.0,R,,,
corridor_policy,UAM-70,32.0,32.5,R,,,
corridor_policy,UAM-70,32.5,33.0,R,,,
corridor_policy,UAM-70,33.0,33.5,R,,,
corridor_policy,UAM-70,33.5,34.0,R,,,
corridor_policy,UAM-70,34.0,34.5,R,,,
corridor_policy,UAM-70,34.5,35.0,R,,,
corridor_policy,UAM-70,35.0,35.5,R,,,
corridor_policy,UAM-70,35.5,36.0,R,,,
corridor_policy,UAM-70,36.0,36.5,R,,,
corridor_policy,UAM-70,36.5,37.0,C,,,
corridor_policy,UAM-70,37.0,37.5,C,,,
corridor_policy,UAM-70,37.5,38.0,R,,,
corridor_policy,UAM-70,38.0,38.5,R,,,
corridor_policy,UAM-70,38.5,39.0,R,,,
corridor_policy,UAM-70,39.0,39.5,R,,,
corridor_policy,UAM-70,39.5,40.0,R,,,
corridor_policy,UAM-70,40.0,40.5,R,,,
corridor_policy,UAM-70,40.5,41.0,R,,,
corridor_policy,UAM-70,41.0,41.5,R,,,
corridor_policy,UAM-70,41.5,42.0,R,,,
corridor_policy,UAM-70,42.0,42.5,R,,,
corridor_policy,UAM-70,42.5,43.0,R,,,
corridor_policy,UAM-70,43.0,43.5,R,,,
corridor_policy,UAM-70,43.5,44.0,R,,,
corridor_policy,UAM-70,44.0,44.5,R,,,
corridor_policy,UAM-70,44.5,45.0,R,,,
corridor_policy,UAM-70,45.0,45.5,C,,,
corridor_policy,UAM-70,45.5,46.0,C,,,
corridor_policy,UAM-70,46.0,46.5,R,,,
corridor_policy,UAM-70,46.5,47.0,R,,,
corridor_policy,UAM-70,47.0,47.5,C,,,
corridor_policy,UAM-70,47.5,48.0,C,,,
corridor_policy,UAM-70,48.0,48.5,C,,,
corridor_policy,UAM-70,48.5,49.0,C,,,
corridor_policy,UAM-70,49.0,49.5,C,,,
corridor_policy,UAM-70,49.5,50.0,C,,,
corridor_policy,UAM-71,0.0,0.5,C,,,
corridor_policy,UAM-71,0.5,1.0,C,,,
corridor_policy,UAM-71,1.0,1.5,C,,,
corridor_policy,UAM-71,1.5,2.0,C,,,
corridor_policy,UAM-71,2.0,2.5,C,,,
corridor_policy,UAM-71,2.5,3.0,C,,,
corridor_policy,UAM-71,3.0,3.5,C,,,
corridor_policy,UAM-71,3.5,4.0,C,,,
corridor_policy,UAM-71,4.0,4.5,C,,,
corridor_policy,UAM-71,4.5,5.0,C,,,
corridor_policy,UAM-71,5.0,5.5,C,,,
corridor_policy,UAM-71,5.5,6.0,C,,,
corridor_policy,UAM-71,6.0,6.5,C,,,
corridor_policy,UAM-71,6.5,7.0,C,,,
corridor_policy,UAM-71,7.0,7.5,C,,,
corridor_policy,UAM-71,7.5,8.0,C,,,
corridor_policy,UAM-71,8.0,8.5,C,,,
corridor_policy,UAM-71,8.5,9.0,C,,,
corridor_policy,UAM-71,9.0,9.5,C,,,
corridor_policy,UAM-71,9.5,10.0,R,,,
corridor_policy,UAM-71,10.0,10.5,C,,,
corridor_policy,UAM-71,10.5,11.0,C,,,
corridor_policy,UAM-71,11.0,11.5,C,,,
corridor_policy,UAM-71,11.5,12.0,C,,,
corridor_policy,UAM-71,12.0,12.5,C,,,
corridor_policy,UAM-71,12.5,13.0,C,,,
corridor_policy,UAM-71,13.0,13.5,C,,,
corridor_policy,UAM-71,13.5,14.0,C,,,
corridor_policy,UAM-71,14.0,14.5,C,,,
corridor_policy,UAM-71,14.5,15.0,C,,,
corridor_policy,UAM-71,15.0,15.5,C,,,
corridor_policy,UAM-71,15.5,16.0,C,,,
corridor_policy,UAM-71,16.0,16.5,C,,,
corridor_policy,UAM-71,16.5,17.0,C,,,
corridor_policy,UAM-71,17.0,17.5,C,,,
corridor_policy,UAM-71,17.5,18.0,C,,,
corridor_policy,UAM-71,18.0,18.5,C,,,
corridor_policy,UAM-71,18.5,19.0,C,,,
corridor_policy,UAM-71,19.0,19.5,C,,,
corridor_policy,UAM-71,19.5,20.0,C,,,
corridor_policy,UAM-71,20.0,20.5,C,,,
corridor_policy,UAM-71,20.5,21.0,C,,,
corridor_policy,UAM-71,21.0,21.5,C,,,
corridor_policy,UAM-71,21.5,22.0,C,,,
corridor_policy,UAM-71,22.0,22.5,C,,,
corridor_policy,UAM-71,22.5,23.0,C,,,
corridor_policy,UAM-71,23.0,23.5,C,,,
corridor_policy,UAM-71,23.5,24.0,C,,,
corridor_policy,UAM-71,24.0,24.5,C,,,
corridor_policy,UAM-71,24.5,25.0,C,,,
corridor_policy,UAM-71,25.0,25.5,R,,,
corridor_policy,UAM-71,25.5,26.0,R,,,
corridor_policy,UAM-71,26.0,26.5,R,,,
corridor_policy,UAM-71,26.5,27.0,R,,,
corridor_policy,UAM-71,27.0,27.5,R,,,
corridor_policy,UAM-71,27.5,28.0,R,,,
corridor_policy,UAM-71,28.0,28.5,R,,,
corridor_policy,UAM-71,28.5,29.0,R,,,
corridor_policy,UAM-71,29.0,29.5,R,,,
corridor_policy,UAM-71,29.5,30.0,R,,,
corridor_policy,UAM-71,30.0,30.5,R,,,
corridor_policy,UAM-71,30.5,31.0,R,,,
corridor_policy,UAM-71,31.0,31.5,R,,,
corridor_policy,UAM-71,31.5,32.0,R,,,
corridor_policy,UAM-71,32.0,32.5,R,,,
corridor_policy,UAM-71,32.5,33.0,R,,,
corridor_policy,UAM-71,33.0,33.5,R,,,
corridor_policy,UAM-71,33.5,34.0,R,,,
corridor_policy,UAM-71,34.0,34.5,R,,,
corridor_policy,UAM-71,34.5,35.0,R,,,
corridor_policy,UAM-71,35.0,35.5,R,,,
corridor_policy,UAM-71,35.5,36.0,R,,,
corridor_policy,UAM-71,36.0,36.5,R,,,
corridor_policy,UAM-71,36.5,37.0,R,,,
corridor_policy,UAM-71,37.0,37.5,R,,,
corridor_policy,UAM-71,37.5,38.0,R,,,
corridor_policy,UAM-71,38.0,38.5,R,,,
corridor_policy,UAM-71,38.5,39.0,R,,,
corridor_policy,UAM-71,39.0,39.5,R,,,
corridor_policy,UAM-71,39.5,40.0,R,,,
corridor_policy,UAM-71,40.0,40.5,R,,,
corridor_policy,UAM-71,40.5,41.0,R,,,
corridor_policy,UAM-71,41.0,41.5,R,,,
corridor_policy,UAM-71,41.5,42.0,R,,,
corridor_policy,UAM-71,42.0,42.5,R,,,
corridor_policy,UAM-71,42.5,43.0,R,,,
corridor_policy,UAM-71,43.0,43.5,R,,,
corridor_policy,UAM-71,43.5,44.0,R,,,
corridor_policy,UAM-71,44.0,44.5,R,,,
corridor_policy,UAM-71,44.5,45.0,R,,,
corridor_policy,UAM-71,45.0,45.5,C,,,
corridor_policy,UAM-71,45.5,46.0,C,,,
corridor_policy,UAM-71,46.0,46.5,R,,,
corridor_policy,UAM-71,46.5,47.0,R,,,
corridor_policy,UAM-71,47.0,47.5,C,,,
corridor_policy,UAM-71,47.5,48.0,C,,,
corridor_policy,UAM-71,48.0,48.5,C,,,
corridor_policy,UAM-71,48.5,49.0,C,,,
corridor_policy,UAM-71,49.0,49.5,C,,,
corridor_policy,UAM-71,49.5,50.0,C,,,
corridor_policy,UAM-72,0.0,0.5,C,,,
corridor_policy,UAM-72,0.5,1.0,C,,,
corridor_policy,UAM-72,1.0,1.5,C,,,
corridor_policy,UAM-72,1.5,2.0,C,,,
corridor_policy,UAM-72,2.0,2.5,C,,,
corridor_policy,UAM-72,2.5,3.0,C,,,
corridor_policy,UAM-72,3.0,3.5,C,,,
corridor_policy,UAM-72,3.5,4.0,C,,,
corridor_policy,UAM-72,4.0,4.5,C,,,
corridor_policy,UAM-72,4.5,5.0,C,,,
corridor_policy,UAM-72,5.0,5.5,C,,,
corridor_policy,UAM-72,5.5,6.0,C,,,
corridor_policy,UAM-72,6.0,6.5,C,,,
corridor_policy,UAM-72,6.5,7.0,C,,,
corridor_policy,UAM-72,7.0,7.5,C,,,
corridor_policy,UAM-72,7.5,8.0,C,,,
corridor_policy,UAM-72,8.0,8.5,C,,,
corridor_policy,UAM-72,8.5,9.0,C,,,
corridor_policy,UAM-72,9.0,9.5,C,,,
corridor_policy,UAM-72,9.5,10.0,C,,,
corridor_policy,UAM-72,10.0,10.5,C,,,
corridor_policy,UAM-72,10.5,11.0,C,,,
corridor_policy,UAM-72,11.0,11.5,C,,,
corridor_policy,UAM-72,11.5,12.0,C,,,
corridor_policy,UAM-72,12.0,12.5,C,,,
corridor_policy,UAM-72,12.5,13.0,C,,,
corridor_policy,UAM-72,13.0,13.5,C,,,
corridor_policy,UAM-72,13.5,14.0,C,,,
corridor_policy,UAM-72,14.0,14.5,C,,,
corridor_policy,UAM-72,14.5,15.0,C,,,
corridor_policy,UAM-72,15.0,15.5,C,,,
corridor_policy,UAM-72,15.5,16.0,C,,,
corridor_policy,UAM-72,16.0,16.5,C,,,
corridor_policy,UAM-72,16.5,17.0,C,,,
corridor_policy,UAM-72,17.0,17.5,C,,,
corridor_policy,UAM-72,17.5,18.0,C,,,
corridor_policy,UAM-72,18.0,18.5,C,,,
corridor_policy,UAM-72,18.5,19.0,C,,,
corridor_policy,UAM-72,19.0,19.5,C,,,
corridor_policy,UAM-72,19.5,20.0,C,,,
corridor_policy,UAM-72,20.0,20.5,C,,,
corridor_policy,UAM-72,20.5,21.0,C,,,
corridor_policy,UAM-72,21.0,21.5,C,,,
corridor_policy,UAM-72,21.5,22.0,C,,,
corridor_policy,UAM-72,22.0,22.5,C,,,
corridor_policy,UAM-72,22.5,23.0,C,,,
corridor_policy,UAM-72,23.0,23.5,C,,,
corridor_policy,UAM-72,23.5,24.0,C,,,
corridor_policy,UAM-72,24.0,24.5,C,,,
corridor_policy,UAM-72,24.5,25.0,C,,,
corridor_policy,UAM-72,25.0,25.5,R,,,
corridor_policy,UAM-72,25.5,26.0,R,,,
corridor_policy,UAM-72,26.0,26.5,R,,,
corridor_policy,UAM-72,26.5,27.0,R,,,
corridor_policy,UAM-72,27.0,27.5,R,,,
corridor_policy,UAM-72,27.5,28.0,R,,,
corridor_policy,UAM-72,28.0,28.5,R,,,
corridor_policy,UAM-72,28.5,29.0,R,,,
corridor_policy,UAM-72,29.0,29.5,R,,,
corridor_policy,UAM-72,29.5,30.0,R,,,
corridor_policy,UAM-72,30.0,30.5,R,,,
corridor_policy,UAM-72,30.5,31.0,R,,,
corridor_policy,UAM-72,31.0,31.5,R,,,
corridor_policy,UAM-72,31.5,32.0,R,,,
corridor_policy,UAM-72,32.0,32.5,R,,,
corridor_policy,UAM-72,32.5,33.0,R,,,
corridor_policy,UAM-72,33.0,33.5,R,,,
corridor_policy,UAM-72,33.5,34.0,R,,,
corridor_policy,UAM-72,34.0,34.5,R,,,
corridor_policy,UAM-72,34.5,35.0,R,,,
corridor_policy,UAM-72,35.0,35.5,R,,,
corridor_policy,UAM-72,35.5,36.0,R,,,
corridor_policy,UAM-72,36.0,36.5,R,,,
corridor_policy,UAM-72,36.5,37.0,R,,,
corridor_policy,UAM-72,37.0,37.5,R,,,
corridor_policy,UAM-72,37.5,38.0,R,,,
corridor_policy,UAM-72,38.0,38.5,R,,,
corridor_policy,UAM-72,38.5,39.0,R,,,
corridor_policy,UAM-72,39.0,39.5,R,,,
corridor_policy,UAM-72,39.5,40.0,R,,,
corridor_policy,UAM-72,40.0,40.5,R,,,
corridor_policy,UAM-72,40.5,41.0,R,,,
corridor_policy,UAM-72,41.0,41.5,R,,,
corridor_policy,UAM-72,41.5,42.0,R,,,
corridor_policy,UAM-72,42.0,42.5,R,,,
corridor_policy,UAM-72,42.5,43.0,R,,,
corridor_policy,UAM-72,43.0,43.5,R,,,
corridor_policy,UAM-72,43.5,44.0,R,,,
corridor_policy,UAM-72,44.0,44.5,R,,,
corridor_policy,UAM-72,44.5,45.0,R,,,
corridor_policy,UAM-72,45.0,45.5,C,,,
corridor_policy,UAM-72,45.5,46.0,C,,,
corridor_policy,UAM-72,46.0,46.5,R,,,
corridor_policy,UAM-72,46.5,47.0,R,,,
corridor_policy,UAM-72,47.0,47.5,C,,,
corridor_policy,UAM-72,47.5,48.0,C,,,
corridor_policy,UAM-72,48.0,48.5,C,,,
corridor_policy,UAM-72,48.5,49.0,C,,,
corridor_policy,UAM-72,49.0,49.5,C,,,
corridor_policy,UAM-72,49.5,50.0,C,,,
corridor_policy,UAM-73,0.0,0.5,C,,,
corridor_policy,UAM-73,0.5,1.0,C,,,
corridor_policy,UAM-73,1.0,1.5,C,,,
corridor_policy,UAM-73,1.5,2.0,C,,,
corridor_policy,UAM-73,2.0,2.5,C,,,
corridor_policy,UAM-73,2.5,3.0,C,,,
corridor_policy,UAM-73,3.0,3.5,C,,,
corridor_policy,UAM-73,3.5,4.0,C,,,
corridor_policy,UAM-73,4.0,4.5,C,,,
corridor_policy,UAM-73,4.5,5.0,C,,,
corridor_policy,UAM-73,5.0,5.5,C,,,
corridor_policy,UAM-73,5.5,6.0,C,,,
corridor_policy,UAM-73,6.0,6.5,C,,,
corridor_policy,UAM-73,6.5,7.0,C,,,
corridor_policy,UAM-73,7.0,7.5,C,,,
corridor_policy,UAM-73,7.5,8.0,C,,,
corridor_policy,UAM-73,8.0,8.5,C,,,
corridor_policy,UAM-73,8.5,9.0,C,,,
corridor_policy,UAM-73,9.0,9.5,C,,,
corridor_policy,UAM-73,9.5,10.0,C,,,
corridor_policy,UAM-73,10.0,10.5,C,,,
corridor_policy,UAM-73,10.5,11.0,C,,,
corridor_policy,UAM-73,11.0,11.5,C,,,
corridor_policy,UAM-73,11.5,12.0,C,,,
corridor_policy,UAM-73,12.0,12.5,C,,,
corridor_policy,UAM-73,12.5,13.0,C,,,
corridor_policy,UAM-73,13.0,13.5,C,,,
corridor_policy,UAM-73,13.5,14.0,C,,,
corridor_policy,UAM-73,14.0,14.5,C,,,
corridor_policy,UAM-73,14.5,15.0,C,,,
corridor_policy,UAM-73,15.0,15.5,C,,,
corridor_policy,UAM-73,15.5,16.0,C,,,
corridor_policy,UAM-73,16.0,16.5,C,,,
corridor_policy,UAM-73,16.5,17.0,C,,,
corridor_policy,UAM-73,17.0,17.5,C,,,
corridor_policy,UAM-73,17.5,18.0,C,,,
corridor_policy,UAM-73,18.0,18.5,C,,,
corridor_policy,UAM-73,18.5,19.0,C,,,
corridor_policy,UAM-73,19.0,19.5,C,,,
corridor_policy,UAM-73,19.5,20.0,C,,,
corridor_policy,UAM-73,20.0,20.5,C,,,
corridor_policy,UAM-73,20.5,21.0,C,,,
corridor_policy,UAM-73,21.0,21.5,C,,,
corridor_policy,UAM-73,21.5,22.0,C,,,
corridor_policy,UAM-73,22.0,22.5,C,,,
corridor_policy,UAM-73,22.5,23.0,C,,,
corridor_policy,UAM-73,23.0,23.5,C,,,
corridor_policy,UAM-73,23.5,24.0,C,,,
corridor_policy,UAM-73,24.0,24.5,C,,,
corridor_policy,UAM-73,24.5,25.0,C,,,
corridor_policy,UAM-73,25.0,25.5,R,,,
corridor_policy,UAM-73,25.5,26.0,R,,,
corridor_policy,UAM-73,26.0,26.5,R,,,
corridor_policy,UAM-73,26.5,27.0,R,,,
corridor_policy,UAM-73,27.0,27.5,R,,,
corridor_policy,UAM-73,27.5,28.0,R,,,
corridor_policy,UAM-73,28.0,28.5,R,,,
corridor_policy,UAM-73,28.5,29.0,R,,,
corridor_policy,UAM-73,29.0,29.5,R,,,
corridor_policy,UAM-73,29.5,30.0,R,,,
corridor_policy,UAM-73,30.0,30.5,R,,,
corridor_policy,UAM-73,30.5,31.0,R,,,
corridor_policy,UAM-73,31.0,31.5,R,,,
corridor_policy,UAM-73,31.5,32.0,R,,,
corridor_policy,UAM-73,32.0,32.5,R,,,
corridor_policy,UAM-73,32.5,33.0,R,,,
corridor_policy,UAM-73,33.0,33.5,R,,,
corridor_policy,UAM-73,33.5,34.0,R,,,
corridor_policy,UAM-73,34.0,34.5,R,,,
corridor_policy,UAM-73,34.5,35.0,R,,,
corridor_policy,UAM-73,35.0,35.5,R,,,
corridor_policy,UAM-73,35.5,36.0,R,,,
corridor_policy,UAM-73,36.0,36.5,R,,,
corridor_policy,UAM-73,36.5,37.0,R,,,
corridor_policy,UAM-73,37.0,37.5,R,,,
corridor_policy,UAM-73,37.5,38.0,R,,,
corridor_policy,UAM-73,38.0,38.5,R,,,
corridor_policy,UAM-73,38.5,39.0,R,,,
corridor_policy,UAM-73,39.0,39.5,R,,,
corridor_policy,UAM-73,39.5,40.0,R,,,
corridor_policy,UAM-73,40.0,40.5,R,,,
corridor_policy,UAM-73,40.5,41.0,R,,,
corridor_policy,UAM-73,41.0,41.5,R,,,
corridor_policy,UAM-73,41.5,42.0,R,,,
corridor_policy,UAM-73,42.0,42.5,R,,,
corridor_policy,UAM-73,42.5,43.0,R,,,
corridor_policy,UAM-73,43.0,43.5,R,,,
corridor_policy,UAM-73,43.5,44.0,R,,,
corridor_policy,UAM-73,44.0,44.5,R,,,
corridor_policy,UAM-73,44.5,45.0,C,,,
corridor_policy,UAM-73,45.0,45.5,C,,,
corridor_policy,UAM-73,45.5,46.0,C,,,
corridor_policy,UAM-73,46.0,46.5,R,,,
corridor_policy,UAM-73,46.5,47.0,C,,,
corridor_policy,UAM-73,47.0,47.5,C,,,
corridor_policy,UAM-73,47.5,48.0,C,,,
corridor_policy,UAM-73,48.0,48.5,C,,,
corridor_policy,UAM-73,48.5,49.0,C,,,
corridor_policy,UAM-73,49.0,49.5,C,,,
corridor_policy,UAM-73,49.5,50.0,C,,,
corridor_policy,UAM-74,0.0,0.5,C,,,
corridor_policy,UAM-74,0.5,1.0,C,,,
corridor_policy,UAM-74,1.0,1.5,C,,,
corridor_policy,UAM-74,1.5,2.0,C,,,
corridor_policy,UAM-74,2.0,2.5,C,,,
corridor_policy,UAM-74,2.5,3.0,C,,,
corridor_policy,UAM-74,3.0,3.5,C,,,
corridor_policy,UAM-74,3.5,4.0,C,,,
corridor_policy,UAM-74,4.0,4.5,C,,,
corridor_policy,UAM-74,4.5,5.0,C,,,
corridor_policy,UAM-74,5.0,5.5,C,,,
corridor_policy,UAM-74,5.5,6.0,C,,,
corridor_policy,UAM-74,6.0,6.5,C,,,
corridor_policy,UAM-74,6.5,7.0,C,,,
corridor_policy,UAM-74,7.0,7.5,C,,,
corridor_policy,UAM-74,7.5,8.0,C,,,
corridor_policy,UAM-74,8.0,8.5,C,,,
corridor_policy,UAM-74,8.5,9.0,C,,,
corridor_policy,UAM-74,9.0,9.5,C,,,
corridor_policy,UAM-74,9.5,10.0,C,,,
corridor_policy,UAM-74,10.0,10.5,C,,,
corridor_policy,UAM-74,10.5,11.0,R,,,
corridor_policy,UAM-74,11.0,11.5,C,,,
corridor_policy,UAM-74,11.5,12.0,R,,,
corridor_policy,UAM-74,12.0,12.5,C,,,
corridor_policy,UAM-74,12.5,13.0,C,,,
corridor_policy,UAM-74,13.0,13.5,C,,,
corridor_policy,UAM-74,13.5,14.0,C,,,
corridor_policy,UAM-74,14.0,14.5,C,,,
corridor_policy,UAM-74,14.5,15.0,C,,,
corridor_policy,UAM-74,15.0,15.5,C,,,
corridor_policy,UAM-74,15.5,16.0,C,,,
corridor_policy,UAM-74,16.0,16.5,C,,,
corridor_policy,UAM-74,16.5,17.0,C,,,
corridor_policy,UAM-74,17.0,17.5,C,,,
corridor_policy,UAM-74,17.5,18.0,C,,,
corridor_policy,UAM-74,18.0,18.5,C,,,
corridor_policy,UAM-74,18.5,19.0,C,,,
corridor_policy,UAM-74,19.0,19.5,C,,,
corridor_policy,UAM-74,19.5,20.0,C,,,
corridor_policy,UAM-74,20.0,20.5,C,,,
corridor_policy,UAM-74,20.5,21.0,C,,,
corridor_policy,UAM-74,21.0,21.5,C,,,
corridor_policy,UAM-74,21.5,22.0,C,,,
corridor_policy,UAM-74,22.0,22.5,C,,,
corridor_policy,UAM-74,22.5,23.0,C,,,
corridor_policy,UAM-74,23.0,23.5,C,,,
corridor_policy,UAM-74,23.5,24.0,C,,,
corridor_policy,UAM-74,24.0,24.5,C,,,
corridor_policy,UAM-74,24.5,25.0,C,,,
corridor_policy,UAM-74,25.0,25.5,R,,,
corridor_policy,UAM-74,25.5,26.0,R,,,
corridor_policy,UAM-74,26.0,26.5,R,,,
corridor_policy,UAM-74,26.5,27.0,R,,,
corridor_policy,UAM-74,27.0,27.5,R,,,
corridor_policy,UAM-74,27.5,28.0,R,,,
corridor_policy,UAM-74,28.0,28.5,R,,,
corridor_policy,UAM-74,28.5,29.0,R,,,
corridor_policy,UAM-74,29.0,29.5,R,,,
corridor_policy,UAM-74,29.5,30.0,R,,,
corridor_policy,UAM-74,30.0,30.5,R,,,
corridor_policy,UAM-74,30.5,31.0,R,,,
corridor_policy,UAM-74,31.0,31.5,R,,,
corridor_policy,UAM-74,31.5,32.0,R,,,
corridor_policy,UAM-74,32.0,32.5,R,,,
corridor_policy,UAM-74,32.5,33.0,R,,,
corridor_policy,UAM-74,33.0,33.5,R,,,
corridor_policy,UAM-74,33.5,34.0,R,,,
corridor_policy,UAM-74,34.0,34.5,R,,,
corridor_policy,UAM-74,34.5,35.0,R,,,
corridor_policy,UAM-74,35.0,35.5,R,,,
corridor_policy,UAM-74,35.5,36.0,R,,,
corridor_policy,UAM-74,36.0,36.5,R,,,
corridor_policy,UAM-74,36.5,37.0,R,,,
corridor_policy,UAM-74,37.0,37.5,R,,,
corridor_policy,UAM-74,37.5,38.0,R,,,
corridor_policy,UAM-74,38.0,38.5,R,,,
corridor_policy,UAM-74,38.5,39.0,R,,,
corridor_policy,UAM-74,39.0,39.5,R,,,
corridor_policy,UAM-74,39.5,40.0,R,,,
corridor_policy,UAM-74,40.0,40.5,R,,,
corridor_policy,UAM-74,40.5,41.0,R,,,
corridor_policy,UAM-74,41.0,41.5,R,,,
corridor_policy,UAM-74,41.5,42.0,R,,,
corridor_policy,UAM-74,42.0,42.5,R,,,
corridor_policy,UAM-74,42.5,43.0,R,,,
corridor_policy,UAM-74,43.0,43.5,R,,,
corridor_policy,UAM-74,43.5,44.0,R,,,
corridor_policy,UAM-74,44.0,44.5,R,,,
corridor_policy,UAM-74,44.5,45.0,C,,,
corridor_policy,UAM-74,45.0,45.5,C,,,
corridor_policy,UAM-74,45.5,46.0,C,,,
corridor_policy,UAM-74,46.0,46.5,C,,,
corridor_policy,UAM-74,46.5,47.0,C,,,
corridor_policy,UAM-74,47.0,47.5,C,,,
corridor_policy,UAM-74,47.5,48.0,C,,,
corridor_policy,UAM-74,48.0,48.5,C,,,
corridor_policy,UAM-74,48.5,49.0,C,,,
corridor_policy,UAM-74,49.0,49.5,C,,,
corridor_policy,UAM-74,49.5,50.0,C,,,
corridor_policy,UAM-75,0.0,0.5,C,,,
corridor_policy,UAM-75,0.5,1.0,C,,,
corridor_policy,UAM-75,1.0,1.5,C,,,
corridor_policy,UAM-75,1.5,2.0,C,,,
corridor_policy,UAM-75,2.0,2.5,C,,,
corridor_policy,UAM-75,2.5,3.0,C,,,
corridor_policy,UAM-75,3.0,3.5,C,,,
corridor_policy,UAM-75,3.5,4.0,C,,,
corridor_policy,UAM-75,4.0,4.5,C,,,
corridor_policy,UAM-75,4.5,5.0,C,,,
corridor_policy,UAM-75,5.0,5.5,C,,,
corridor_policy,UAM-75,5.5,6.0,C,,,
corridor_policy,UAM-75,6.0,6.5,C,,,
corridor_policy,UAM-75,6.5,7.0,C,,,
corridor_policy,UAM-75,7.0,7.5,C,,,
corridor_policy,UAM-75,7.5,8.0,C,,,
corridor_policy,UAM-75,8.0,8.5,C,,,
corridor_policy,UAM-75,8.5,9.0,C,,,
corridor_policy,UAM-75,9.0,9.5,R,,,
corridor_policy,UAM-75,9.5,10.0,C,,,
corridor_policy,UAM-75,10.0,10.5,C,,,
corridor_policy,UAM-75,10.5,11.0,R,,,
corridor_policy,UAM-75,11.0,11.5,C,,,
corridor_policy,UAM-75,11.5,12.0,C,,,
corridor_policy,UAM-75,12.0,12.5,C,,,
corridor_policy,UAM-75,12.5,13.0,C,,,
corridor_policy,UAM-75,13.0,13.5,C,,,
corridor_policy,UAM-75,13.5,14.0,C,,,
corridor_policy,UAM-75,14.0,14.5,C,,,
corridor_policy,UAM-75,14.5,15.0,C,,,
corridor_policy,UAM-75,15.0,15.5,C,,,
corridor_policy,UAM-75,15.5,16.0,C,,,
corridor_policy,UAM-75,16.0,16.5,C,,,
corridor_policy,UAM-75,16.5,17.0,C,,,
corridor_policy,UAM-75,17.0,17.5,C,,,
corridor_policy,UAM-75,17.5,18.0,C,,,
corridor_policy,UAM-75,18.0,18.5,C,,,
corridor_policy,UAM-75,18.5,19.0,C,,,
corridor_policy,UAM-75,19.0,19.5,C,,,
corridor_policy,UAM-75,19.5,20.0,C,,,
corridor_policy,UAM-75,20.0,20.5,C,,,
corridor_policy,UAM-75,20.5,21.0,C,,,
corridor_policy,UAM-75,21.0,21.5,C,,,
corridor_policy,UAM-75,21.5,22.0,C,,,
corridor_policy,UAM-75,22.0,22.5,C,,,
corridor_policy,UAM-75,22.5,23.0,C,,,
corridor_policy,UAM-75,23.0,23.5,C,,,
corridor_policy,UAM-75,23.5,24.0,C,,,
corridor_policy,UAM-75,24.0,24.5,C,,,
corridor_policy,UAM-75,24.5,25.0,R,,,
corridor_policy,UAM-75,25.0,25.5,R,,,
corridor_policy,UAM-75,25.5,26.0,R,,,
corridor_policy,UAM-75,26.0,26.5,R,,,
corridor_policy,UAM-75,26.5,27.0,R,,,
corridor_policy,UAM-75,27.0,27.5,R,,,
corridor_policy,UAM-75,27.5,28.0,R,,,
corridor_policy,UAM-75,28.0,28.5,R,,,
corridor_policy,UAM-75,28.5,29.0,R,,,
corridor_policy,UAM-75,29.0,29.5,R,,,
corridor_policy,UAM-75,29.5,30.0,R,,,
corridor_policy,UAM-75,30.0,30.5,R,,,
corridor_policy,UAM-75,30.5,31.0,R,,,
corridor_policy,UAM-75,31.0,31.5,R,,,
corridor_policy,UAM-75,31.5,32.0,R,,,
corridor_policy,UAM-75,32.0,32.5,R,,,
corridor_policy,UAM-75,32.5,33.0,R,,,
corridor_policy,UAM-75,33.0,33.5,R,,,
corridor_policy,UAM-75,33.5,34.0,R,,,
corridor_policy,UAM-75,34.0,34.5,R,,,
corridor_policy,UAM-75,34.5,35.0,R,,,
corridor_policy,UAM-75,35.0,35.5,R,,,
corridor_policy,UAM-75,35.5,36.0,R,,,
corridor_policy,UAM-75,36.0,36.5,R,,,
corridor_policy,UAM-75,36.5,37.0,R,,,
corridor_policy,UAM-75,37.0,37.5,R,,,
corridor_policy,UAM-75,37.5,38.0,R,,,
corridor_policy,UAM-75,38.0,38.5,R,,,
corridor_policy,UAM-75,38.5,39.0,R,,,
corridor_policy,UAM-75,39.0,39.5,R,,,
corridor_policy,UAM-75,39.5,40.0,R,,,
corridor_policy,UAM-75,40.0,40.5,R,,,
corridor_policy,UAM-75,40.5,41.0,R,,,
corridor_policy,UAM-75,41.0,41.5,R,,,
corridor_policy,UAM-75,41.5,42.0,R,,,
corridor_policy,UAM-75,42.0,42.5,R,,,
corridor_policy,UAM-75,42.5,43.0,R,,,
corridor_policy,UAM-75,43.0,43.5,R,,,
corridor_policy,UAM-75,43.5,44.0,R,,,
corridor_policy,UAM-75,44.0,44.5,R,,,
corridor_policy,UAM-75,44.5,45.0,C,,,
corridor_policy,UAM-75,45.0,45.5,C,,,
corridor_policy,UAM-75,45.5,46.0,C,,,
corridor_policy,UAM-75,46.0,46.5,C,,,
corridor_policy,UAM-75,46.5,47.0,C,,,
corridor_policy,UAM-75,47.0,47.5,C,,,
corridor_policy,UAM-75,47.5,48.0,C,,,
corridor_policy,UAM-75,48.0,48.5,C,,,
corridor_policy,UAM-75,48.5,49.0,C,,,
corridor_policy,UAM-75,49.0,49.5,C,,,
corridor_policy,UAM-75,49.5,50.0,C,,,
corridor_policy,UAM-76,0.0,0.5,C,,,
corridor_policy,UAM-76,0.5,1.0,C,,,
corridor_policy,UAM-76,1.0,1.5,C,,,
corridor_policy,UAM-76,1.5,2.0,C,,,
corridor_policy,UAM-76,2.0,2.5,C,,,
corridor_policy,UAM-76,2.5,3.0,C,,,
corridor_policy,UAM-76,3.0,3.5,C,,,
corridor_policy,UAM-76,3.5,4.0,C,,,
corridor_policy,UAM-76,4.0,4.5,C,,,
corridor_policy,UAM-76,4.5,5.0,C,,,
corridor_policy,UAM-76,5.0,5.5,C,,,
corridor_policy,UAM-76,5.5,6.0,C,,,
corridor_policy,UAM-76,6.0,6.5,C,,,
corridor_policy,UAM-76,6.5,7.0,C,,,
corridor_policy,UAM-76,7.0,7.5,C,,,
corridor_policy,UAM-76,7.5,8.0,C,,,
corridor_policy,UAM-76,8.0,8.5,C,,,
corridor_policy,UAM-76,8.5,9.0,C,,,
corridor_policy,UAM-76,9.0,9.5,R,,,
corridor_policy,UAM-76,9.5,10.0,C,,,
corridor_policy,UAM-76,10.0,10.5,C,,,
corridor_policy,UAM-76,10.5,11.0,C,,,
corridor_policy,UAM-76,11.0,11.5,C,,,
corridor_policy,UAM-76,11.5,12.0,C,,,
corridor_policy,UAM-76,12.0,12.5,C,,,
corridor_policy,UAM-76,12.5,13.0,C,,,
corridor_policy,UAM-76,13.0,13.5,C,,,
corridor_policy,UAM-76,13.5,14.0,C,,,
corridor_policy,UAM-76,14.0,14.5,C,,,
corridor_policy,UAM-76,14.5,15.0,C,,,
corridor_policy,UAM-76,15.0,15.5,C,,,
corridor_policy,UAM-76,15.5,16.0,C,,,
corridor_policy,UAM-76,16.0,16.5,C,,,
corridor_policy,UAM-76,16.5,17.0,C,,,
corridor_policy,UAM-76,17.0,17.5,C,,,
corridor_policy,UAM-76,17.5,18.0,C,,,
corridor_policy,UAM-76,18.0,18.5,C,,,
corridor_policy,UAM-76,18.5,19.0,C,,,
corridor_policy,UAM-76,19.0,19.5,C,,,
corridor_policy,UAM-76,19.5,20.0,C,,,
corridor_policy,UAM-76,20.0,20.5,C,,,
corridor_policy,UAM-76,20.5,21.0,C,,,
corridor_policy,UAM-76,21.0,21.5,C,,,
corridor_policy,UAM-76,21.5,22.0,C,,,
corridor_policy,UAM-76,22.0,22.5,C,,,
corridor_policy,UAM-76,22.5,23.0,C,,,
corridor_policy,UAM-76,23.0,23.5,C,,,
corridor_policy,UAM-76,23.5,24.0,C,,,
corridor_policy,UAM-76,24.0,24.5,C,,,
corridor_policy,UAM-76,24.5,25.0,C,,,
corridor_policy,UAM-76,25.0,25.5,R,,,
corridor_policy,UAM-76,25.5,26.0,R,,,
corridor_policy,UAM-76,26.0,26.5,R,,,
corridor_policy,UAM-76,26.5,27.0,R,,,
corridor_policy,UAM-76,27.0,27.5,R,,,
corridor_policy,UAM-76,27.5,28.0,R,,,
corridor_policy,UAM-76,28.0,28.5,R,,,
corridor_policy,UAM-76,28.5,29.0,R,,,
corridor_policy,UAM-76,29.0,29.5,R,,,
corridor_policy,UAM-76,29.5,30.0,R,,,
corridor_policy,UAM-76,30.0,30.5,R,,,
corridor_policy,UAM-76,30.5,31.0,R,,,
corridor_policy,UAM-76,31.0,31.5,R,,,
corridor_policy,UAM-76,31.5,32.0,R,,,
corridor_policy,UAM-76,32.0,32.5,R,,,
corridor_policy,UAM-76,32.5,33.0,R,,,
corridor_policy,UAM-76,33.0,33.5,R,,,
corridor_policy,UAM-76,33.5,34.0,R,,,
corridor_policy,UAM-76,34.0,34.5,R,,,
corridor_policy,UAM-76,34.5,35.0,R,,,
corridor_policy,UAM-76,35.0,35.5,R,,,
corridor_policy,UAM-76,35.5,36.0,R,,,
corridor_policy,UAM-76,36.0,36.5,R,,,
corridor_policy,UAM-76,36.5,37.0,R,,,
corridor_policy,UAM-76,37.0,37.5,R,,,
corridor_policy,UAM-76,37.5,38.0,R,,,
corridor_policy,UAM-76,38.0,38.5,R,,,
corridor_policy,UAM-76,38.5,39.0,R,,,
corridor_policy,UAM-76,39.0,39.5,R,,,
corridor_policy,UAM-76,39.5,40.0,R,,,
corridor_policy,UAM-76,40.0,40.5,R,,,
corridor_policy,UAM-76,40.5,41.0,R,,,
corridor_policy,UAM-76,41.0,41.5,R,,,
corridor_policy,UAM-76,41.5,42.0,R,,,
corridor_policy,UAM-76,42.0,42.5,R,,,
corridor_policy,UAM-76,42.5,43.0,R,,,
corridor_policy,UAM-76,43.0,43.5,R,,,
corridor_policy,UAM-76,43.5,44.0,R,,,
corridor_policy,UAM-76,44.0,44.5,R,,,
corridor_policy,UAM-76,44.5,45.0,R,,,
corridor_policy,UAM-76,45.0,45.5,C,,,
corridor_policy,UAM-76,45.5,46.0,C,,,
corridor_policy,UAM-76,46.0,46.5,C,,,
corridor_policy,UAM-76,46.5,47.0,C,,,
corridor_policy,UAM-76,47.0,47.5,C,,,
corridor_policy,UAM-76,47.5,48.0,C,,,
corridor_policy,UAM-76,48.0,48.5,C,,,
corridor_policy,UAM-76,48.5,49.0,C,,,
corridor_policy,UAM-76,49.0,49.5,C,,,
corridor_policy,UAM-76,49.5,50.0,C,,,
corridor_policy,UAM-77,0.0,0.5,C,,,
corridor_policy,UAM-77,0.5,1.0,C,,,
corridor_policy,UAM-77,1.0,1.5,C,,,
corridor_policy,UAM-77,1.5,2.0,C,,,
corridor_policy,UAM-77,2.0,2.5,C,,,
corridor_policy,UAM-77,2.5,3.0,C,,,
corridor_policy,UAM-77,3.0,3.5,C,,,
corridor_policy,UAM-77,3.5,4.0,C,,,
corridor_policy,UAM-77,4.0,4.5,C,,,
corridor_policy,UAM-77,4.5,5.0,C,,,
corridor_policy,UAM-77,5.0,5.5,C,,,
corridor_policy,UAM-77,5.5,6.0,C,,,
corridor_policy,UAM-77,6.0,6.5,C,,,
corridor_policy,UAM-77,6.5,7.0,C,,,
corridor_policy,UAM-77,7.0,7.5,C,,,
corridor_policy,UAM-77,7.5,8.0,C,,,
corridor_policy,UAM-77,8.0,8.5,C,,,
corridor_policy,UAM-77,8.5,9.0,C,,,
corridor_policy,UAM-77,9.0,9.5,C,,,
corridor_policy,UAM-77,9.5,10.0,C,,,
corridor_policy,UAM-77,10.0,10.5,C,,,
corridor_policy,UAM-77,10.5,11.0,C,,,
corridor_policy,UAM-77,11.0,11.5,C,,,
corridor_policy,UAM-77,11.5,12.0,C,,,
corridor_policy,UAM-77,12.0,12.5,C,,,
corridor_policy,UAM-77,12.5,13.0,C,,,
corridor_policy,UAM-77,13.0,13.5,C,,,
corridor_policy,UAM-77,13.5,14.0,C,,,
corridor_policy,UAM-77,14.0,14.5,C,,,
corridor_policy,UAM-77,14.5,15.0,C,,,
corridor_policy,UAM-77,15.0,15.5,C,,,
corridor_policy,UAM-77,15.5,16.0,C,,,
corridor_policy,UAM-77,16.0,16.5,C,,,
corridor_policy,UAM-77,16.5,17.0,C,,,
corridor_policy,UAM-77,17.0,17.5,C,,,
corridor_policy,UAM-77,17.5,18.0,C,,,
corridor_policy,UAM-77,18.0,18.5,C,,,
corridor_policy,UAM-77,18.5,19.0,C,,,
corridor_policy,UAM-77,19.0,19.5,C,,,
corridor_policy,UAM-77,19.5,20.0,C,,,
corridor_policy,UAM-77,20.0,20.5,C,,,
corridor_policy,UAM-77,20.5,21.0,C,,,
corridor_policy,UAM-77,21.0,21.5,C,,,
corridor_policy,UAM-77,21.5,22.0,C,,,
corridor_policy,UAM-77,22.0,22.5,C,,,
corridor_policy,UAM-77,22.5,23.0,C,,,
corridor_policy,UAM-77,23.0,23.5,C,,,
corridor_policy,UAM-77,23.5,24.0,C,,,
corridor_policy,UAM-77,24.0,24.5,C,,,
corridor_policy,UAM-77,24.5,25.0,C,,,
corridor_policy,UAM-77,25.0,25.5,C,,,
corridor_policy,UAM-77,25.5,26.0,R,,,
corridor_policy,UAM-77,26.0,26.5,R,,,
corridor_policy,UAM-77,26.5,27.0,R,,,
corridor_policy,UAM-77,27.0,27.5,R,,,
corridor_policy,UAM-77,27.5,28.0,R,,,
corridor_policy,UAM-77,28.0,28.5,R,,,
corridor_policy,UAM-77,28.5,29.0,R,,,
corridor_policy,UAM-77,29.0,29.5,R,,,
corridor_policy,UAM-77,29.5,30.0,R,,,
corridor_policy,UAM-77,30.0,30.5,R,,,
corridor_policy,UAM-77,30.5,31.0,R,,,
corridor_policy,UAM-77,31.0,31.5,R,,,
corridor_policy,UAM-77,31.5,32.0,R,,,
corridor_policy,UAM-77,32.0,32.5,R,,,
corridor_policy,UAM-77,32.5,33.0,R,,,
corridor_policy,UAM-77,33.0,33.5,R,,,
corridor_policy,UAM-77,33.5,34.0,R,,,
corridor_policy,UAM-77,34.0,34.5,R,,,
corridor_policy,UAM-77,34.5,35.0,R,,,
corridor_policy,UAM-77,35.0,35.5,R,,,
corridor_policy,UAM-77,35.5,36.0,R,,,
corridor_policy,UAM-77,36.0,36.5,R,,,
corridor_policy,UAM-77,36.5,37.0,C,,,
corridor_policy,UAM-77,37.0,37.5,R,,,
corridor_policy,UAM-77,37.5,38.0,R,,,
corridor_policy,UAM-77,38.0,38.5,R,,,
corridor_policy,UAM-77,38.5,39.0,R,,,
corridor_policy,UAM-77,39.0,39.5,R,,,
corridor_policy,UAM-77,39.5,40.0,R,,,
corridor_policy,UAM-77,40.0,40.5,R,,,
corridor_policy,UAM-77,40.5,41.0,R,,,
corridor_policy,UAM-77,41.0,41.5,R,,,
corridor_policy,UAM-77,41.5,42.0,R,,,
corridor_policy,UAM-77,42.0,42.5,R,,,
corridor_policy,UAM-77,42.5,43.0,R,,,
corridor_policy,UAM-77,43.0,43.5,R,,,
corridor_policy,UAM-77,43.5,44.0,R,,,
corridor_policy,UAM-77,44.0,44.5,R,,,
corridor_policy,UAM-77,44.5,45.0,C,,,
corridor_policy,UAM-77,45.0,45.5,C,,,
corridor_policy,UAM-77,45.5,46.0,C,,,
corridor_policy,UAM-77,46.0,46.5,C,,,
corridor_policy,UAM-77,46.5,47.0,C,,,
corridor_policy,UAM-77,47.0,47.5,C,,,
corridor_policy,UAM-77,47.5,48.0,C,,,
corridor_policy,UAM-77,48.0,48.5,C,,,
corridor_policy,UAM-77,48.5,49.0,C,,,
corridor_policy,UAM-77,49.0,49.5,C,,,
corridor_policy,UAM-77,49.5,50.0,C,,,
corridor_policy,UAM-78,0.0,0.5,C,,,
corridor_policy,UAM-78,0.5,1.0,C,,,
corridor_policy,UAM-78,1.0,1.5,C,,,
corridor_policy,UAM-78,1.5,2.0,C,,,
corridor_policy,UAM-78,2.0,2.5,C,,,
corridor_policy,UAM-78,2.5,3.0,C,,,
corridor_policy,UAM-78,3.0,3.5,C,,,
corridor_policy,UAM-78,3.5,4.0,C,,,
corridor_policy,UAM-78,4.0,4.5,C,,,
corridor_policy,UAM-78,4.5,5.0,C,,,
corridor_policy,UAM-78,5.0,5.5,C,,,
corridor_policy,UAM-78,5.5,6.0,C,,,
corridor_policy,UAM-78,6.0,6.5,C,,,
corridor_policy,UAM-78,6.5,7.0,C,,,
corridor_policy,UAM-78,7.0,7.5,C,,,
corridor_policy,UAM-78,7.5,8.0,C,,,
corridor_policy,UAM-78,8.0,8.5,C,,,
corridor_policy,UAM-78,8.5,9.0,C,,,
corridor_policy,UAM-78,9.0,9.5,C,,,
corridor_policy,UAM-78,9.5,10.0,C,,,
corridor_policy,UAM-78,10.0,10.5,C,,,
corridor_policy,UAM-78,10.5,11.0,C,,,
corridor_policy,UAM-78,11.0,11.5,C,,,
corridor_policy,UAM-78,11.5,12.0,C,,,
corridor_policy,UAM-78,12.0,12.5,C,,,
corridor_policy,UAM-78,12.5,13.0,C,,,
corridor_policy,UAM-78,13.0,13.5,C,,,
corridor_policy,UAM-78,13.5,14.0,C,,,
corridor_policy,UAM-78,14.0,14.5,C,,,
corridor_policy,UAM-78,14.5,15.0,C,,,
corridor_policy,UAM-78,15.0,15.5,C,,,
corridor_policy,UAM-78,15.5,16.0,C,,,
corridor_policy,UAM-78,16.0,16.5,C,,,
corridor_policy,UAM-78,16.5,17.0,C,,,
corridor_policy,UAM-78,17.0,17.5,C,,,
corridor_policy,UAM-78,17.5,18.0,C,,,
corridor_policy,UAM-78,18.0,18.5,C,,,
corridor_policy,UAM-78,18.5,19.0,C,,,
corridor_policy,UAM-78,19.0,19.5,C,,,
corridor_policy,UAM-78,19.5,20.0,C,,,
corridor_policy,UAM-78,20.0,20.5,C,,,
corridor_policy,UAM-78,20.5,21.0,C,,,
corridor_policy,UAM-78,21.0,21.5,C,,,
corridor_policy,UAM-78,21.5,22.0,C,,,
corridor_policy,UAM-78,22.0,22.5,C,,,
corridor_policy,UAM-78,22.5,23.0,C,,,
corridor_policy,UAM-78,23.0,23.5,C,,,
corridor_policy,UAM-78,23.5,24.0,C,,,
corridor_policy,UAM-78,24.0,24.5,C,,,
corridor_policy,UAM-78,24.5,25.0,C,,,
corridor_policy,UAM-78,25.0,25.5,R,,,
corridor_policy,UAM-78,25.5,26.0,R,,,
corridor_policy,UAM-78,26.0,26.5,R,,,
corridor_policy,UAM-78,26.5,27.0,R,,,
corridor_policy,UAM-78,27.0,27.5,R,,,
corridor_policy,UAM-78,27.5,28.0,R,,,
corridor_policy,UAM-78,28.0,28.5,R,,,
corridor_policy,UAM-78,28.5,29.0,R,,,
corridor_policy,UAM-78,29.0,29.5,R,,,
corridor_policy,UAM-78,29.5,30.0,R,,,
corridor_policy,UAM-78,30.0,30.5,R,,,
corridor_policy,UAM-78,30.5,31.0,R,,,
corridor_policy,UAM-78,31.0,31.5,R,,,
corridor_policy,UAM-78,31.5,32.0,R,,,
corridor_policy,UAM-78,32.0,32.5,R,,,
corridor_policy,UAM-78,32.5,33.0,R,,,
corridor_policy,UAM-78,33.0,33.5,R,,,
corridor_policy,UAM-78,33.5,34.0,R,,,
corridor_policy,UAM-78,34.0,34.5,R,,,
corridor_policy,UAM-78,34.5,35.0,R,,,
corridor_policy,UAM-78,35.0,35.5,R,,,
corridor_policy,UAM-78,35.5,36.0,R,,,
corridor_policy,UAM-78,36.0,36.5,R,,,
corridor_policy,UAM-78,36.5,37.0,C,,,
corridor_policy,UAM-78,37.0,37.5,R,,,
corridor_policy,UAM-78,37.5,38.0,R,,,
corridor_policy,UAM-78,38.0,38.5,R,,,
corridor_policy,UAM-78,38.5,39.0,R,,,
corridor_policy,UAM-78,39.0,39.5,R,,,
corridor_policy,UAM-78,39.5,40.0,R,,,
corridor_policy,UAM-78,40.0,40.5,R,,,
corridor_policy,UAM-78,40.5,41.0,R,,,
corridor_policy,UAM-78,41.0,41.5,R,,,
corridor_policy,UAM-78,41.5,42.0,R,,,
corridor_policy,UAM-78,42.0,42.5,R,,,
corridor_policy,UAM-78,42.5,43.0,R,,,
corridor_policy,UAM-78,43.0,43.5,R,,,
corridor_policy,UAM-78,43.5,44.0,R,,,
corridor_policy,UAM-78,44.0,44.5,R,,,
corridor_policy,UAM-78,44.5,45.0,C,,,
corridor_policy,UAM-78,45.0,45.5,C,,,
corridor_policy,UAM-78,45.5,46.0,C,,,
corridor_policy,UAM-78,46.0,46.5,C,,,
corridor_policy,UAM-78,46.5,47.0,C,,,
corridor_policy,UAM-78,47.0,47.5,C,,,
corridor_policy,UAM-78,47.5,48.0,C,,,
corridor_policy,UAM-78,48.0,48.5,C,,,
corridor_policy,UAM-78,48.5,49.0,C,,,
corridor_policy,UAM-78,49.0,49.5,C,,,
corridor_policy,UAM-78,49.5,50.0,C,,,
corridor_policy,UAM-79,0.0,0.5,C,,,
corridor_policy,UAM-79,0.5,1.0,C,,,
corridor_policy,UAM-79,1.0,1.5,C,,,
corridor_policy,UAM-79,1.5,2.0,C,,,
corridor_policy,UAM-79,2.0,2.5,C,,,
corridor_policy,UAM-79,2.5,3.0,C,,,
corridor_policy,UAM-79,3.0,3.5,C,,,
corridor_policy,UAM-79,3.5,4.0,C,,,
corridor_policy,UAM-79,4.0,4.5,C,,,
corridor_policy,UAM-79,4.5,5.0,C,,,
corridor_policy,UAM-79,5.0,5.5,C,,,
corridor_policy,UAM-79,5.5,6.0,C,,,
corridor_policy,UAM-79,6.0,6.5,C,,,
corridor_policy,UAM-79,6.5,7.0,C,,,
corridor_policy,UAM-79,7.0,7.5,C,,,
corridor_policy,UAM-79,7.5,8.0,C,,,
corridor_policy,UAM-79,8.0,8.5,C,,,
corridor_policy,UAM-79,8.5,9.0,C,,,
corridor_policy,UAM-79,9.0,9.5,C,,,
corridor_policy,UAM-79,9.5,10.0,C,,,
corridor_policy,UAM-79,10.0,10.5,C,,,
corridor_policy,UAM-79,10.5,11.0,C,,,
corridor_policy,UAM-79,11.0,11.5,C,,,
corridor_policy,UAM-79,11.5,12.0,C,,,
corridor_policy,UAM-79,12.0,12.5,C,,,
corridor_policy,UAM-79,12.5,13.0,C,,,
corridor_policy,UAM-79,13.0,13.5,C,,,
corridor_policy,UAM-79,13.5,14.0,C,,,
corridor_policy,UAM-79,14.0,14.5,C,,,
corridor_policy,UAM-79,14.5,15.0,C,,,
corridor_policy,UAM-79,15.0,15.5,C,,,
corridor_policy,UAM-79,15.5,16.0,C,,,
corridor_policy,UAM-79,16.0,16.5,C,,,
corridor_policy,UAM-79,16.5,17.0,C,,,
corridor_policy,UAM-79,17.0,17.5,C,,,
corridor_policy,UAM-79,17.5,18.0,C,,,
corridor_policy,UAM-79,18.0,18.5,C,,,
corridor_policy,UAM-79,18.5,19.0,C,,,
corridor_policy,UAM-79,19.0,19.5,C,,,
corridor_policy,UAM-79,19.5,20.0,C,,,
corridor_policy,UAM-79,20.0,20.5,C,,,
corridor_policy,UAM-79,20.5,21.0,C,,,
corridor_policy,UAM-79,21.0,21.5,C,,,
corridor_policy,UAM-79,21.5,22.0,C,,,
corridor_policy,UAM-79,22.0,22.5,C,,,
corridor_policy,UAM-79,22.5,23.0,C,,,
corridor_policy,UAM-79,23.0,23.5,C,,,
corridor_policy,UAM-79,23.5,24.0,C,,,
corridor_policy,UAM-79,24.0,24.5,C,,,
corridor_policy,UAM-79,24.5,25.0,C,,,
corridor_policy,UAM-79,25.0,25.5,R,,,
corridor_policy,UAM-79,25.5,26.0,R,,,
corridor_policy,UAM-79,26.0,26.5,R,,,
corridor_policy,UAM-79,26.5,27.0,R,,,
corridor_policy,UAM-79,27.0,27.5,R,,,
corridor_policy,UAM-79,27.5,28.0,R,,,
corridor_policy,UAM-79,28.0,28.5,R,,,
corridor_policy,UAM-79,28.5,29.0,R,,,
corridor_policy,UAM-79,29.0,29.5,R,,,
corridor_policy,UAM-79,29.5,30.0,R,,,
corridor_policy,UAM-79,30.0,30.5,R,,,
corridor_policy,UAM-79,30.5,31.0,R,,,
corridor_policy,UAM-79,31.0,31.5,R,,,
corridor_policy,UAM-79,31.5,32.0,R,,,
corridor_policy,UAM-79,32.0,32.5,R,,,
corridor_policy,UAM-79,32.5,33.0,R,,,
corridor_policy,UAM-79,33.0,33.5,R,,,
corridor_policy,UAM-79,33.5,34.0,R,,,
corridor_policy,UAM-79,34.0,34.5,R,,,
corridor_policy,UAM-79,34.5,35.0,R,,,
corridor_policy,UAM-79,35.0,35.5,R,,,
corridor_policy,UAM-79,35.5,36.0,R,,,
corridor_policy,UAM-79,36.0,36.5,C,,,
corridor_policy,UAM-79,36.5,37.0,C,,,
corridor_policy,UAM-79,37.0,37.5,C,,,
corridor_policy,UAM-79,37.5,38.0,R,,,
corridor_policy,UAM-79,38.0,38.5,R,,,
corridor_policy,UAM-79,38.5,39.0,R,,,
corridor_policy,UAM-79,39.0,39.5,R,,,
corridor_policy,UAM-79,39.5,40.0,R,,,
corridor_policy,UAM-79,40.0,40.5,R,,,
corridor_policy,UAM-79,40.5,41.0,R,,,
corridor_policy,UAM-79,41.0,41.5,R,,,
corridor_policy,UAM-79,41.5,42.0,R,,,
corridor_policy,UAM-79,42.0,42.5,R,,,
corridor_policy,UAM-79,42.5,43.0,R,,,
corridor_policy,UAM-79,43.0,43.5,R,,,
corridor_policy,UAM-79,43.5,44.0,R,,,
corridor_policy,UAM-79,44.0,44.5,R,,,
corridor_policy,UAM-79,44.5,45.0,R,,,
corridor_policy,UAM-79,45.0,45.5,C,,,
corridor_policy,UAM-79,45.5,46.0,C,,,
corridor_policy,UAM-79,46.0,46.5,R,,,
corridor_policy,UAM-79,46.5,47.0,R,,,
corridor_policy,UAM-79,47.0,47.5,C,,,
corridor_policy,UAM-79,47.5,48.0,C,,,
corridor_policy,UAM-79,48.0,48.5,C,,,
corridor_policy,UAM-79,48.5,49.0,C,,,
corridor_policy,UAM-79,49.0,49.5,C,,,
corridor_policy,UAM-79,49.5,50.0,C,,,
corridor_policy,UAM-80,0.0,0.5,C,,,
corridor_policy,UAM-80,0.5,1.0,C,,,
corridor_policy,UAM-80,1.0,1.5,C,,,
corridor_policy,UAM-80,1.5,2.0,C,,,
corridor_policy,UAM-80,2.0,2.5,C,,,
corridor_policy,UAM-80,2.5,3.0,C,,,
corridor_policy,UAM-80,3.0,3.5,C,,,
corridor_policy,UAM-80,3.5,4.0,C,,,
corridor_policy,UAM-80,4.0,4.5,C,,,
corridor_policy,UAM-80,4.5,5.0,C,,,
corridor_policy,UAM-80,5.0,5.5,C,,,
corridor_policy,UAM-80,5.5,6.0,C,,,
corridor_policy,UAM-80,6.0,6.5,C,,,
corridor_policy,UAM-80,6.5,7.0,C,,,
corridor_policy,UAM-80,7.0,7.5,C,,,
corridor_policy,UAM-80,7.5,8.0,C,,,
corridor_policy,UAM-80,8.0,8.5,C,,,
corridor_policy,UAM-80,8.5,9.0,C,,,
corridor_policy,UAM-80,9.0,9.5,C,,,
corridor_policy,UAM-80,9.5,10.0,C,,,
corridor_policy,UAM-80,10.0,10.5,C,,,
corridor_policy,UAM-80,10.5,11.0,C,,,
corridor_policy,UAM-80,11.0,11.5,C,,,
corridor_policy,UAM-80,11.5,12.0,C,,,
corridor_policy,UAM-80,12.0,12.5,C,,,
corridor_policy,UAM-80,12.5,13.0,C,,,
corridor_policy,UAM-80,13.0,13.5,C,,,
corridor_policy,UAM-80,13.5,14.0,C,,,
corridor_policy,UAM-80,14.0,14.5,C,,,
corridor_policy,UAM-80,14.5,15.0,C,,,
corridor_policy,UAM-80,15.0,15.5,C,,,
corridor_policy,UAM-80,15.5,16.0,C,,,
corridor_policy,UAM-80,16.0,16.5,C,,,
corridor_policy,UAM-80,16.5,17.0,C,,,
corridor_policy,UAM-80,17.0,17.5,C,,,
corridor_policy,UAM-80,17.5,18.0,C,,,
corridor_policy,UAM-80,18.0,18.5,C,,,
corridor_policy,UAM-80,18.5,19.0,C,,,
corridor_policy,UAM-80,19.0,19.5,C,,,
corridor_policy,UAM-80,19.5,20.0,C,,,
corridor_policy,UAM-80,20.0,20.5,C,,,
corridor_policy,UAM-80,20.5,21.0,C,,,
corridor_policy,UAM-80,21.0,21.5,C,,,
corridor_policy,UAM-80,21.5,22.0,C,,,
corridor_policy,UAM-80,22.0,22.5,C,,,
corridor_policy,UAM-80,22.5,23.0,C,,,
corridor_policy,UAM-80,23.0,23.5,C,,,
corridor_policy,UAM-80,23.5,24.0,C,,,
corridor_policy,UAM-80,24.0,24.5,C,,,
corridor_policy,UAM-80,24.5,25.0,C,,,
corridor_policy,UAM-80,25.0,25.5,R,,,
corridor_policy,UAM-80,25.5,26.0,R,,,
corridor_policy,UAM-80,26.0,26.5,R,,,
corridor_policy,UAM-80,26.5,27.0,R,,,
corridor_policy,UAM-80,27.0,27.5,R,,,
corridor_policy,UAM-80,27.5,28.0,R,,,
corridor_policy,UAM-80,28.0,28.5,R,,,
corridor_policy,UAM-80,28.5,29.0,R,,,
corridor_policy,UAM-80,29.0,29.5,R,,,
corridor_policy,UAM-80,29.5,30.0,R,,,
corridor_policy,UAM-80,30.0,30.5,R,,,
corridor_policy,UAM-80,30.5,31.0,R,,,
corridor_policy,UAM-80,31.0,31.5,R,,,
corridor_policy,UAM-80,31.5,32.0,R,,,
corridor_policy,UAM-80,32.0,32.5,R,,,
corridor_policy,UAM-80,32.5,33.0,R,,,
corridor_policy,UAM-80,33.0,33.5,R,,,
corridor_policy,UAM-80,33.5,34.0,R,,,
corridor_policy,UAM-80,34.0,34.5,R,,,
corridor_policy,UAM-80,34.5,35.0,R,,,
corridor_policy,UAM-80,35.0,35.5,R,,,
corridor_policy,UAM-80,35.5,36.0,R,,,
corridor_policy,UAM-80,36.0,36.5,R,,,
corridor_policy,UAM-80,36.5,37.0,R,,,
corridor_policy,UAM-80,37.0,37.5,R,,,
corridor_policy,UAM-80,37.5,38.0,R,,,
corridor_policy,UAM-80,38.0,38.5,R,,,
corridor_policy,UAM-80,38.5,39.0,R,,,
corridor_policy,UAM-80,39.0,39.5,R,,,
corridor_policy,UAM-80,39.5,40.0,R,,,
corridor_policy,UAM-80,40.0,40.5,R,,,
corridor_policy,UAM-80,40.5,41.0,R,,,
corridor_policy,UAM-80,41.0,41.5,R,,,
corridor_policy,UAM-80,41.5,42.0,R,,,
corridor_policy,UAM-80,42.0,42.5,R,,,
corridor_policy,UAM-80,42.5,43.0,R,,,
corridor_policy,UAM-80,43.0,43.5,R,,,
corridor_policy,UAM-80,43.5,44.0,R,,,
corridor_policy,UAM-80,44.0,44.5,R,,,
corridor_policy,UAM-80,44.5,45.0,R,,,
corridor_policy,UAM-80,45.0,45.5,C,,,
corridor_policy,UAM-80,45.5,46.0,C,,,
corridor_policy,UAM-80,46.0,46.5,R,,,
corridor_policy,UAM-80,46.5,47.0,R,,,
corridor_policy,UAM-80,47.0,47.5,C,,,
corridor_policy,UAM-80,47.5,48.0,C,,,
corridor_policy,UAM-80,48.0,48.5,C,,,
corridor_policy,UAM-80,48.5,49.0,C,,,
corridor_policy,UAM-80,49.0,49.5,C,,,
corridor_policy,UAM-80,49.5,50.0,C,,,
corridor_policy,UAM-81,0.0,0.5,C,,,
corridor_policy,UAM-81,0.5,1.0,C,,,
corridor_policy,UAM-81,1.0,1.5,C,,,
corridor_policy,UAM-81,1.5,2.0,C,,,
corridor_policy,UAM-81,2.0,2.5,C,,,
corridor_policy,UAM-81,2.5,3.0,C,,,
corridor_policy,UAM-81,3.0,3.5,C,,,
corridor_policy,UAM-81,3.5,4.0,C,,,
corridor_policy,UAM-81,4.0,4.5,C,,,
corridor_policy,UAM-81,4.5,5.0,C,,,
corridor_policy,UAM-81,5.0,5.5,C,,,
corridor_policy,UAM-81,5.5,6.0,C,,,
corridor_policy,UAM-81,6.0,6.5,C,,,
corridor_policy,UAM-81,6.5,7.0,C,,,
corridor_policy,UAM-81,7.0,7.5,C,,,
corridor_policy,UAM-81,7.5,8.0,C,,,
corridor_policy,UAM-81,8.0,8.5,C,,,
corridor_policy,UAM-81,8.5,9.0,C,,,
corridor_policy,UAM-81,9.0,9.5,C,,,
corridor_policy,UAM-81,9.5,10.0,C,,,
corridor_policy,UAM-81,10.0,10.5,C,,,
corridor_policy,UAM-81,10.5,11.0,C,,,
corridor_policy,UAM-81,11.0,11.5,C,,,
corridor_policy,UAM-81,11.5,12.0,C,,,
corridor_policy,UAM-81,12.0,12.5,C,,,
corridor_policy,UAM-81,12.5,13.0,C,,,
corridor_policy,UAM-81,13.0,13.5,C,,,
corridor_policy,UAM-81,13.5,14.0,C,,,
corridor_policy,UAM-81,14.0,14.5,C,,,
corridor_policy,UAM-81,14.5,15.0,C,,,
corridor_policy,UAM-81,15.0,15.5,C,,,
corridor_policy,UAM-81,15.5,16.0,C,,,
corridor_policy,UAM-81,16.0,16.5,C,,,
corridor_policy,UAM-81,16.5,17.0,C,,,
corridor_policy,UAM-81,17.0,17.5,C,,,
corridor_policy,UAM-81,17.5,18.0,C,,,
corridor_policy,UAM-81,18.0,18.5,C,,,
corridor_policy,UAM-81,18.5,19.0,C,,,
corridor_policy,UAM-81,19.0,19.5,C,,,
corridor_policy,UAM-81,19.5,20.0,C,,,
corridor_policy,UAM-81,20.0,20.5,C,,,
corridor_policy,UAM-81,20.5,21.0,C,,,
corridor_policy,UAM-81,21.0,21.5,C,,,
corridor_policy,UAM-81,21.5,22.0,C,,,
corridor_policy,UAM-81,22.0,22.5,C,,,
corridor_policy,UAM-81,22.5,23.0,C,,,
corridor_policy,UAM-81,23.0,23.5,C,,,
corridor_policy,UAM-81,23.5,24.0,C,,,
corridor_policy,UAM-81,24.0,24.5,C,,,
corridor_policy,UAM-81,24.5,25.0,C,,,
corridor_policy,UAM-81,25.0,25.5,R,,,
corridor_policy,UAM-81,25.5,26.0,R,,,
corridor_policy,UAM-81,26.0,26.5,R,,,
corridor_policy,UAM-81,26.5,27.0,R,,,
corridor_policy,UAM-81,27.0,27.5,R,,,
corridor_policy,UAM-81,27.5,28.0,R,,,
corridor_policy,UAM-81,28.0,28.5,R,,,
corridor_policy,UAM-81,28.5,29.0,R,,,
corridor_policy,UAM-81,29.0,29.5,R,,,
corridor_policy,UAM-81,29.5,30.0,R,,,
corridor_policy,UAM-81,30.0,30.5,R,,,
corridor_policy,UAM-81,30.5,31.0,R,,,
corridor_policy,UAM-81,31.0,31.5,R,,,
corridor_policy,UAM-81,31.5,32.0,R,,,
corridor_policy,UAM-81,32.0,32.5,R,,,
corridor_policy,UAM-81,32.5,33.0,R,,,
corridor_policy,UAM-81,33.0,33.5,R,,,
corridor_policy,UAM-81,33.5,34.0,R,,,
corridor_policy,UAM-81,34.0,34.5,R,,,
corridor_policy,UAM-81,34.5,35.0,R,,,
corridor_policy,UAM-81,35.0,35.5,R,,,
corridor_policy,UAM-81,35.5,36.0,R,,,
corridor_policy,UAM-81,36.0,36.5,R,,,
corridor_policy,UAM-81,36.5,37.0,R,,,
corridor_policy,UAM-81,37.0,37.5,R,,,
corridor_policy,UAM-81,37.5,38.0,R,,,
corridor_policy,UAM-81,38.0,38.5,R,,,
corridor_policy,UAM-81,38.5,39.0,R,,,
corridor_policy,UAM-81,39.0,39.5,R,,,
corridor_policy,UAM-81,39.5,40.0,R,,,
corridor_policy,UAM-81,40.0,40.5,R,,,
corridor_policy,UAM-81,40.5,41.0,R,,,
corridor_policy,UAM-81,41.0,41.5,R,,,
corridor_policy,UAM-81,41.5,42.0,R,,,
corridor_policy,UAM-81,42.0,42.5,R,,,
corridor_policy,UAM-81,42.5,43.0,R,,,
corridor_policy,UAM-81,43.0,43.5,R,,,
corridor_policy,UAM-81,43.5,44.0,R,,,
corridor_policy,UAM-81,44.0,44.5,R,,,
corridor_policy,UAM-81,44.5,45.0,R,,,
corridor_policy,UAM-81,45.0,45.5,C,,,
corridor_policy,UAM-81,45.5,46.0,C,,,
corridor_policy,UAM-81,46.0,46.5,R,,,
corridor_policy,UAM-81,46.5,47.0,C,,,
corridor_policy,UAM-81,47.0,47.5,C,,,
corridor_policy,UAM-81,47.5,48.0,C,,,
corridor_policy,UAM-81,48.0,48.5,C,,,
corridor_policy,UAM-81,48.5,49.0,C,,,
corridor_policy,UAM-81,49.0,49.5,C,,,
corridor_policy,UAM-81,49.5,50.0,C,,,
corridor_policy,UAM-82,0.0,0.5,C,,,
corridor_policy,UAM-82,0.5,1.0,C,,,
corridor_policy,UAM-82,1.0,1.5,C,,,
corridor_policy,UAM-82,1.5,2.0,C,,,
corridor_policy,UAM-82,2.0,2.5,C,,,
corridor_policy,UAM-82,2.5,3.0,C,,,
corridor_policy,UAM-82,3.0,3.5,C,,,
corridor_policy,UAM-82,3.5,4.0,C,,,
corridor_policy,UAM-82,4.0,4.5,C,,,
corridor_policy,UAM-82,4.5,5.0,C,,,
corridor_policy,UAM-82,5.0,5.5,C,,,
corridor_policy,UAM-82,5.5,6.0,C,,,
corridor_policy,UAM-82,6.0,6.5,C,,,
corridor_policy,UAM-82,6.5,7.0,C,,,
corridor_policy,UAM-82,7.0,7.5,C,,,
corridor_policy,UAM-82,7.5,8.0,C,,,
corridor_policy,UAM-82,8.0,8.5,C,,,
corridor_policy,UAM-82,8.5,9.0,C,,,
corridor_policy,UAM-82,9.0,9.5,C,,,
corridor_policy,UAM-82,9.5,10.0,C,,,
corridor_policy,UAM-82,10.0,10.5,C,,,
corridor_policy,UAM-82,10.5,11.0,C,,,
corridor_policy,UAM-82,11.0,11.5,C,,,
corridor_policy,UAM-82,11.5,12.0,C,,,
corridor_policy,UAM-82,12.0,12.5,R,,,
corridor_policy,UAM-82,12.5,13.0,C,,,
corridor_policy,UAM-82,13.0,13.5,C,,,
corridor_policy,UAM-82,13.5,14.0,C,,,
corridor_policy,UAM-82,14.0,14.5,C,,,
corridor_policy,UAM-82,14.5,15.0,C,,,
corridor_policy,UAM-82,15.0,15.5,C,,,
corridor_policy,UAM-82,15.5,16.0,C,,,
corridor_policy,UAM-82,16.0,16.5,C,,,
corridor_policy,UAM-82,16.5,17.0,C,,,
corridor_policy,UAM-82,17.0,17.5,C,,,
corridor_policy,UAM-82,17.5,18.0,C,,,
corridor_policy,UAM-82,18.0,18.5,C,,,
corridor_policy,UAM-82,18.5,19.0,C,,,
corridor_policy,UAM-82,19.0,19.5,C,,,
corridor_policy,UAM-82,19.5,20.0,C,,,
corridor_policy,UAM-82,20.0,20.5,C,,,
corridor_policy,UAM-82,20.5,21.0,C,,,
corridor_policy,UAM-82,21.0,21.5,C,,,
corridor_policy,UAM-82,21.5,22.0,C,,,
corridor_policy,UAM-82,22.0,22.5,C,,,
corridor_policy,UAM-82,22.5,23.0,C,,,
corridor_policy,UAM-82,23.0,23.5,C,,,
corridor_policy,UAM-82,23.5,24.0,C,,,
corridor_policy,UAM-82,24.0,24.5,C,,,
corridor_policy,UAM-82,24.5,25.0,C,,,
corridor_policy,UAM-82,25.0,25.5,R,,,
corridor_policy,UAM-82,25.5,26.0,R,,,
corridor_policy,UAM-82,26.0,26.5,R,,,
corridor_policy,UAM-82,26.5,27.0,F,,,
corridor_policy,UAM-82,27.0,27.5,R,,,
corridor_policy,UAM-82,27.5,28.0,R,,,
corridor_policy,UAM-82,28.0,28.5,R,,,
corridor_policy,UAM-82,28.5,29.0,R,,,
corridor_policy,UAM-82,29.0,29.5,R,,,
corridor_policy,UAM-82,29.5,30.0,R,,,
corridor_policy,UAM-82,30.0,30.5,R,,,
corridor_policy,UAM-82,30.5,31.0,R,,,
corridor_policy,UAM-82,31.0,31.5,R,,,
corridor_policy,UAM-82,31.5,32.0,R,,,
corridor_policy,UAM-82,32.0,32.5,R,,,
corridor_policy,UAM-82,32.5,33.0,R,,,
corridor_policy,UAM-82,33.0,33.5,R,,,
corridor_policy,UAM-82,33.5,34.0,R,,,
corridor_policy,UAM-82,34.0,34.5,R,,,
corridor_policy,UAM-82,34.5,35.0,R,,,
corridor_policy,UAM-82,35.0,35.5,R,,,
corridor_policy,UAM-82,35.5,36.0,R,,,
corridor_policy,UAM-82,36.0,36.5,R,,,
corridor_policy,UAM-82,36.5,37.0,R,,,
corridor_policy,UAM-82,37.0,37.5,R,,,
corridor_policy,UAM-82,37.5,38.0,R,,,
corridor_policy,UAM-82,38.0,38.5,R,,,
corridor_policy,UAM-82,38.5,39.0,R,,,
corridor_policy,UAM-82,39.0,39.5,R,,,
corridor_policy,UAM-82,39.5,40.0,R,,,
corridor_policy,UAM-82,40.0,40.5,R,,,
corridor_policy,UAM-82,40.5,41.0,R,,,
corridor_policy,UAM-82,41.0,41.5,R,,,
corridor_policy,UAM-82,41.5,42.0,R,,,
corridor_policy,UAM-82,42.0,42.5,R,,,
corridor_policy,UAM-82,42.5,43.0,R,,,
corridor_policy,UAM-82,43.0,43.5,R,,,
corridor_policy,UAM-82,43.5,44.0,R,,,
corridor_policy,UAM-82,44.0,44.5,R,,,
corridor_policy,UAM-82,44.5,45.0,C,,,
corridor_policy,UAM-82,45.0,45.5,C,,,
corridor_policy,UAM-82,45.5,46.0,C,,,
corridor_policy,UAM-82,46.0,46.5,R,,,
corridor_policy,UAM-82,46.5,47.0,C,,,
corridor_policy,UAM-82,47.0,47.5,C,,,
corridor_policy,UAM-82,47.5,48.0,C,,,
corridor_policy,UAM-82,48.0,48.5,C,,,
corridor_policy,UAM-82,48.5,49.0,C,,,
corridor_policy,UAM-82,49.0,49.5,C,,,
corridor_policy,UAM-82,49.5,50.0,C,,,
corridor_policy,UAM-83,0.0,0.5,C,,,
corridor_policy,UAM-83,0.5,1.0,C,,,
corridor_policy,UAM-83,1.0,1.5,C,,,
corridor_policy,UAM-83,1.5,2.0,C,,,
corridor_policy,UAM-83,2.0,2.5,C,,,
corridor_policy,UAM-83,2.5,3.0,C,,,
corridor_policy,UAM-83,3.0,3.5,C,,,
corridor_policy,UAM-83,3.5,4.0,C,,,
corridor_policy,UAM-83,4.0,4.5,C,,,
corridor_policy,UAM-83,4.5,5.0,C,,,
corridor_policy,UAM-83,5.0,5.5,C,,,
corridor_policy,UAM-83,5.5,6.0,C,,,
corridor_policy,UAM-83,6.0,6.5,C,,,
corridor_policy,UAM-83,6.5,7.0,C,,,
corridor_policy,UAM-83,7.0,7.5,C,,,
corridor_policy,UAM-83,7.5,8.0,C,,,
corridor_policy,UAM-83,8.0,8.5,C,,,
corridor_policy,UAM-83,8.5,9.0,C,,,
corridor_policy,UAM-83,9.0,9.5,C,,,
corridor_policy,UAM-83,9.5,10.0,C,,,
corridor_policy,UAM-83,10.0,10.5,C,,,
corridor_policy,UAM-83,10.5,11.0,R,,,
corridor_policy,UAM-83,11.0,11.5,C,,,
corridor_policy,UAM-83,11.5,12.0,C,,,
corridor_policy,UAM-83,12.0,12.5,R,,,
corridor_policy,UAM-83,12.5,13.0,C,,,
corridor_policy,UAM-83,13.0,13.5,C,,,
corridor_policy,UAM-83,13.5,14.0,C,,,
corridor_policy,UAM-83,14.0,14.5,C,,,
corridor_policy,UAM-83,14.5,15.0,C,,,
corridor_policy,UAM-83,15.0,15.5,C,,,
corridor_policy,UAM-83,15.5,16.0,C,,,
corridor_policy,UAM-83,16.0,16.5,C,,,
corridor_policy,UAM-83,16.5,17.0,C,,,
corridor_policy,UAM-83,17.0,17.5,C,,,
corridor_policy,UAM-83,17.5,18.0,C,,,
corridor_policy,UAM-83,18.0,18.5,C,,,
corridor_policy,UAM-83,18.5,19.0,C,,,
corridor_policy,UAM-83,19.0,19.5,C,,,
corridor_policy,UAM-83,19.5,20.0,C,,,
corridor_policy,UAM-83,20.0,20.5,C,,,
corridor_policy,UAM-83,20.5,21.0,C,,,
corridor_policy,UAM-83,21.0,21.5,C,,,
corridor_policy,UAM-83,21.5,22.0,C,,,
corridor_policy,UAM-83,22.0,22.5,C,,,
corridor_policy,UAM-83,22.5,23.0,C,,,
corridor_policy,UAM-83,23.0,23.5,C,,,
corridor_policy,UAM-83,23.5,24.0,C,,,
corridor_policy,UAM-83,24.0,24.5,C,,,
corridor_policy,UAM-83,24.5,25.0,R,,,
corridor_policy,UAM-83,25.0,25.5,R,,,
corridor_policy,UAM-83,25.5,26.0,R,,,
corridor_policy,UAM-83,26.0,26.5,R,,,
corridor_policy,UAM-83,26.5,27.0,R,,,
corridor_policy,UAM-83,27.0,27.5,R,,,
corridor_policy,UAM-83,27.5,28.0,R,,,
corridor_policy,UAM-83,28.0,28.5,R,,,
corridor_policy,UAM-83,28.5,29.0,R,,,
corridor_policy,UAM-83,29.0,29.5,R,,,
corridor_policy,UAM-83,29.5,30.0,R,,,
corridor_policy,UAM-83,30.0,30.5,R,,,
corridor_policy,UAM-83,30.5,31.0,R,,,
corridor_policy,UAM-83,31.0,31.5,R,,,
corridor_policy,UAM-83,31.5,32.0,R,,,
corridor_policy,UAM-83,32.0,32.5,R,,,
corridor_policy,UAM-83,32.5,33.0,R,,,
corridor_policy,UAM-83,33.0,33.5,R,,,
corridor_policy,UAM-83,33.5,34.0,R,,,
corridor_policy,UAM-83,34.0,34.5,R,,,
corridor_policy,UAM-83,34.5,35.0,R,,,
corridor_policy,UAM-83,35.0,35.5,R,,,
corridor_policy,UAM-83,35.5,36.0,R,,,
corridor_policy,UAM-83,36.0,36.5,R,,,
corridor_policy,UAM-83,36.5,37.0,C,,,
corridor_policy,UAM-83,37.0,37.5,C,,,
corridor_policy,UAM-83,37.5,38.0,R,,,
corridor_policy,UAM-83,38.0,38.5,R,,,
corridor_policy,UAM-83,38.5,39.0,R,,,
corridor_policy,UAM-83,39.0,39.5,R,,,
corridor_policy,UAM-83,39.5,40.0,R,,,
corridor_policy,UAM-83,40.0,40.5,R,,,
corridor_policy,UAM-83,40.5,41.0,R,,,
corridor_policy,UAM-83,41.0,41.5,R,,,
corridor_policy,UAM-83,41.5,42.0,R,,,
corridor_policy,UAM-83,42.0,42.5,R,,,
corridor_policy,UAM-83,42.5,43.0,R,,,
corridor_policy,UAM-83,43.0,43.5,R,,,
corridor_policy,UAM-83,43.5,44.0,R,,,
corridor_policy,UAM-83,44.0,44.5,R,,,
corridor_policy,UAM-83,44.5,45.0,C,,,
corridor_policy,UAM-83,45.0,45.5,C,,,
corridor_policy,UAM-83,45.5,46.0,C,,,
corridor_policy,UAM-83,46.0,46.5,C,,,
corridor_policy,UAM-83,46.5,47.0,C,,,
corridor_policy,UAM-83,47.0,47.5,C,,,
corridor_policy,UAM-83,47.5,48.0,C,,,
corridor_policy,UAM-83,48.0,48.5,C,,,
corridor_policy,UAM-83,48.5,49.0,C,,,
corridor_policy,UAM-83,49.0,49.5,C,,,
corridor_policy,UAM-83,49.5,50.0,C,,,
corridor_policy,UAM-84,0.0,0.5,C,,,
corridor_policy,UAM-84,0.5,1.0,C,,,
corridor_policy,UAM-84,1.0,1.5,C,,,
corridor_policy,UAM-84,1.5,2.0,C,,,
corridor_policy,UAM-84,2.0,2.5,C,,,
corridor_policy,UAM-84,2.5,3.0,C,,,
corridor_policy,UAM-84,3.0,3.5,C,,,
corridor_policy,UAM-84,3.5,4.0,C,,,
corridor_policy,UAM-84,4.0,4.5,C,,,
corridor_policy,UAM-84,4.5,5.0,C,,,
corridor_policy,UAM-84,5.0,5.5,C,,,
corridor_policy,UAM-84,5.5,6.0,C,,,
corridor_policy,UAM-84,6.0,6.5,C,,,
corridor_policy,UAM-84,6.5,7.0,C,,,
corridor_policy,UAM-84,7.0,7.5,C,,,
corridor_policy,UAM-84,7.5,8.0,C,,,
corridor_policy,UAM-84,8.0,8.5,C,,,
corridor_policy,UAM-84,8.5,9.0,C,,,
corridor_policy,UAM-84,9.0,9.5,R,,,
corridor_policy,UAM-84,9.5,10.0,R,,,
corridor_policy,UAM-84,10.0,10.5,C,,,
corridor_policy,UAM-84,10.5,11.0,R,,,
corridor_policy,UAM-84,11.0,11.5,C,,,
corridor_policy,UAM-84,11.5,12.0,C,,,
corridor_policy,UAM-84,12.0,12.5,C,,,
corridor_policy,UAM-84,12.5,13.0,C,,,
corridor_policy,UAM-84,13.0,13.5,C,,,
corridor_policy,UAM-84,13.5,14.0,C,,,
corridor_policy,UAM-84,14.0,14.5,C,,,
corridor_policy,UAM-84,14.5,15.0,C,,,
corridor_policy,UAM-84,15.0,15.5,C,,,
corridor_policy,UAM-84,15.5,16.0,C,,,
corridor_policy,UAM-84,16.0,16.5,C,,,
corridor_policy,UAM-84,16.5,17.0,C,,,
corridor_policy,UAM-84,17.0,17.5,C,,,
corridor_policy,UAM-84,17.5,18.0,C,,,
corridor_policy,UAM-84,18.0,18.5,C,,,
corridor_policy,UAM-84,18.5,19.0,C,,,
corridor_policy,UAM-84,19.0,19.5,C,,,
corridor_policy,UAM-84,19.5,20.0,C,,,
corridor_policy,UAM-84,20.0,20.5,C,,,
corridor_policy,UAM-84,20.5,21.0,C,,,
corridor_policy,UAM-84,21.0,21.5,C,,,
corridor_policy,UAM-84,21.5,22.0,C,,,
corridor_policy,UAM-84,22.0,22.5,C,,,
corridor_policy,UAM-84,22.5,23.0,C,,,
corridor_policy,UAM-84,23.0,23.5,C,,,
corridor_policy,UAM-84,23.5,24.0,C,,,
corridor_policy,UAM-84,24.0,24.5,C,,,
corridor_policy,UAM-84,24.5,25.0,R,,,
corridor_policy,UAM-84,25.0,25.5,R,,,
corridor_policy,UAM-84,25.5,26.0,R,,,
corridor_policy,UAM-84,26.0,26.5,R,,,
corridor_policy,UAM-84,26.5,27.0,R,,,
corridor_policy,UAM-84,27.0,27.5,R,,,
corridor_policy,UAM-84,27.5,28.0,R,,,
corridor_policy,UAM-84,28.0,28.5,R,,,
corridor_policy,UAM-84,28.5,29.0,R,,,
corridor_policy,UAM-84,29.0,29.5,R,,,
corridor_policy,UAM-84,29.5,30.0,R,,,
corridor_policy,UAM-84,30.0,30.5,R,,,
corridor_policy,UAM-84,30.5,31.0,R,,,
corridor_policy,UAM-84,31.0,31.5,R,,,
corridor_policy,UAM-84,31.5,32.0,R,,,
corridor_policy,UAM-84,32.0,32.5,R,,,
corridor_policy,UAM-84,32.5,33.0,R,,,
corridor_policy,UAM-84,33.0,33.5,R,,,
corridor_policy,UAM-84,33.5,34.0,R,,,
corridor_policy,UAM-84,34.0,34.5,R,,,
corridor_policy,UAM-84,34.5,35.0,R,,,
corridor_policy,UAM-84,35.0,35.5,R,,,
corridor_policy,UAM-84,35.5,36.0,R,,,
corridor_policy,UAM-84,36.0,36.5,R,,,
corridor_policy,UAM-84,36.5,37.0,R,,,
corridor_policy,UAM-84,37.0,37.5,R,,,
corridor_policy,UAM-84,37.5,38.0,R,,,
corridor_policy,UAM-84,38.0,38.5,R,,,
corridor_policy,UAM-84,38.5,39.0,R,,,
corridor_policy,UAM-84,39.0,39.5,R,,,
corridor_policy,UAM-84,39.5,40.0,R,,,
corridor_policy,UAM-84,40.0,40.5,R,,,
corridor_policy,UAM-84,40.5,41.0,R,,,
corridor_policy,UAM-84,41.0,41.5,R,,,
corridor_policy,UAM-84,41.5,42.0,R,,,
corridor_policy,UAM-84,42.0,42.5,R,,,
corridor_policy,UAM-84,42.5,43.0,R,,,
corridor_policy,UAM-84,43.0,43.5,R,,,
corridor_policy,UAM-84,43.5,44.0,R,,,
corridor_policy,UAM-84,44.0,44.5,R,,,
corridor_policy,UAM-84,44.5,45.0,C,,,
corridor_policy,UAM-84,45.0,45.5,C,,,
corridor_policy,UAM-84,45.5,46.0,C,,,
corridor_policy,UAM-84,46.0,46.5,C,,,
corridor_policy,UAM-84,46.5,47.0,C,,,
corridor_policy,UAM-84,47.0,47.5,C,,,
corridor_policy,UAM-84,47.5,48.0,C,,,
corridor_policy,UAM-84,48.0,48.5,C,,,
corridor_policy,UAM-84,48.5,49.0,C,,,
corridor_policy,UAM-84,49.0,49.5,C,,,
corridor_policy,UAM-84,49.5,50.0,C,,,
corridor_policy,UAM-85,0.0,0.5,C,,,
corridor_policy,UAM-85,0.5,1.0,C,,,
corridor_policy,UAM-85,1.0,1.5,C,,,
corridor_policy,UAM-85,1.5,2.0,C,,,
corridor_policy,UAM-85,2.0,2.5,C,,,
corridor_policy,UAM-85,2.5,3.0,C,,,
corridor_policy,UAM-85,3.0,3.5,C,,,
corridor_policy,UAM-85,3.5,4.0,C,,,
corridor_policy,UAM-85,4.0,4.5,C,,,
corridor_policy,UAM-85,4.5,5.0,C,,,
corridor_policy,UAM-85,5.0,5.5,C,,,
corridor_policy,UAM-85,5.5,6.0,C,,,
corridor_policy,UAM-85,6.0,6.5,C,,,
corridor_policy,UAM-85,6.5,7.0,C,,,
corridor_policy,UAM-85,7.0,7.5,C,,,
corridor_policy,UAM-85,7.5,8.0,C,,,
corridor_policy,UAM-85,8.0,8.5,C,,,
corridor_policy,UAM-85,8.5,9.0,C,,,
corridor_policy,UAM-85,9.0,9.5,R,,,
corridor_policy,UAM-85,9.5,10.0,C,,,
corridor_policy,UAM-85,10.0,10.5,C,,,
corridor_policy,UAM-85,10.5,11.0,C,,,
corridor_policy,UAM-85,11.0,11.5,C,,,
corridor_policy,UAM-85,11.5,12.0,C,,,
corridor_policy,UAM-85,12.0,12.5,C,,,
corridor_policy,UAM-85,12.5,13.0,C,,,
corridor_policy,UAM-85,13.0,13.5,C,,,
corridor_policy,UAM-85,13.5,14.0,C,,,
corridor_policy,UAM-85,14.0,14.5,C,,,
corridor_policy,UAM-85,14.5,15.0,C,,,
corridor_policy,UAM-85,15.0,15.5,C,,,
corridor_policy,UAM-85,15.5,16.0,C,,,
corridor_policy,UAM-85,16.0,16.5,C,,,
corridor_policy,UAM-85,16.5,17.0,C,,,
corridor_policy,UAM-85,17.0,17.5,C,,,
corridor_policy,UAM-85,17.5,18.0,C,,,
corridor_policy,UAM-85,18.0,18.5,C,,,
corridor_policy,UAM-85,18.5,19.0,C,,,
corridor_policy,UAM-85,19.0,19.5,C,,,
corridor_policy,UAM-85,19.5,20.0,C,,,
corridor_policy,UAM-85,20.0,20.5,C,,,
corridor_policy,UAM-85,20.5,21.0,C,,,
corridor_policy,UAM-85,21.0,21.5,C,,,
corridor_policy,UAM-85,21.5,22.0,C,,,
corridor_policy,UAM-85,22.0,22.5,C,,,
corridor_policy,UAM-85,22.5,23.0,C,,,
corridor_policy,UAM-85,23.0,23.5,C,,,
corridor_policy,UAM-85,23.5,24.0,C,,,
corridor_policy,UAM-85,24.0,24.5,C,,,
corridor_policy,UAM-85,24.5,25.0,C,,,
corridor_policy,UAM-85,25.0,25.5,R,,,
corridor_policy,UAM-85,25.5,26.0,R,,,
corridor_policy,UAM-85,26.0,26.5,R,,,
corridor_policy,UAM-85,26.5,27.0,R,,,
corridor_policy,UAM-85,27.0,27.5,R,,,
corridor_policy,UAM-85,27.5,28.0,R,,,
corridor_policy,UAM-85,28.0,28.5,R,,,
corridor_policy,UAM-85,28.5,29.0,R,,,
corridor_policy,UAM-85,29.0,29.5,R,,,
corridor_policy,UAM-85,29.5,30.0,R,,,
corridor_policy,UAM-85,30.0,30.5,R,,,
corridor_policy,UAM-85,30.5,31.0,R,,,
corridor_policy,UAM-85,31.0,31.5,R,,,
corridor_policy,UAM-85,31.5,32.0,R,,,
corridor_policy,UAM-85,32.0,32.5,R,,,
corridor_policy,UAM-85,32.5,33.0,R,,,
corridor_policy,UAM-85,33.0,33.5,R,,,
corridor_policy,UAM-85,33.5,34.0,R,,,
corridor_policy,UAM-85,34.0,34.5,R,,,
corridor_policy,UAM-85,34.5,35.0,R,,,
corridor_policy,UAM-85,35.0,35.5,R,,,
corridor_policy,UAM-85,35.5,36.0,R,,,
corridor_policy,UAM-85,36.0,36.5,R,,,
corridor_policy,UAM-85,36.5,37.0,R,,,
corridor_policy,UAM-85,37.0,37.5,R,,,
corridor_policy,UAM-85,37.5,38.0,R,,,
corridor_policy,UAM-85,38.0,38.5,R,,,
corridor_policy,UAM-85,38.5,39.0,R,,,
corridor_policy,UAM-85,39.0,39.5,R,,,
corridor_policy,UAM-85,39.5,40.0,R,,,
corridor_policy,UAM-85,40.0,40.5,R,,,
corridor_policy,UAM-85,40.5,41.0,R,,,
corridor_policy,UAM-85,41.0,41.5,R,,,
corridor_policy,UAM-85,41.5,42.0,R,,,
corridor_policy,UAM-85,42.0,42.5,R,,,
corridor_policy,UAM-85,42.5,43.0,R,,,
corridor_policy,UAM-85,43.0,43.5,R,,,
corridor_policy,UAM-85,43.5,44.0,R,,,
corridor_policy,UAM-85,44.0,44.5,R,,,
corridor_policy,UAM-85,44.5,45.0,R,,,
corridor_policy,UAM-85,45.0,45.5,C,,,
corridor_policy,UAM-85,45.5,46.0,C,,,
corridor_policy,UAM-85,46.0,46.5,C,,,
corridor_policy,UAM-85,46.5,47.0,C,,,
corridor_policy,UAM-85,47.0,47.5,C,,,
corridor_policy,UAM-85,47.5,48.0,C,,,
corridor_policy,UAM-85,48.0,48.5,C,,,
corridor_policy,UAM-85,48.5,49.0,C,,,
corridor_policy,UAM-85,49.0,49.5,C,,,
corridor_policy,UAM-85,49.5,50.0,C,,,
corridor_policy,UAM-86,0.0,0.5,C,,,
corridor_policy,UAM-86,0.5,1.0,C,,,
corridor_policy,UAM-86,1.0,1.5,C,,,
corridor_policy,UAM-86,1.5,2.0,C,,,
corridor_policy,UAM-86,2.0,2.5,C,,,
corridor_policy,UAM-86,2.5,3.0,C,,,
corridor_policy,UAM-86,3.0,3.5,C,,,
corridor_policy,UAM-86,3.5,4.0,C,,,
corridor_policy,UAM-86,4.0,4.5,C,,,
corridor_policy,UAM-86,4.5,5.0,C,,,
corridor_policy,UAM-86,5.0,5.5,C,,,
corridor_policy,UAM-86,5.5,6.0,C,,,
corridor_policy,UAM-86,6.0,6.5,C,,,
corridor_policy,UAM-86,6.5,7.0,C,,,
corridor_policy,UAM-86,7.0,7.5,C,,,
corridor_policy,UAM-86,7.5,8.0,C,,,
corridor_policy,UAM-86,8.0,8.5,C,,,
corridor_policy,UAM-86,8.5,9.0,C,,,
corridor_policy,UAM-86,9.0,9.5,C,,,
corridor_policy,UAM-86,9.5,10.0,C,,,
corridor_policy,UAM-86,10.0,10.5,C,,,
corridor_policy,UAM-86,10.5,11.0,C,,,
corridor_policy,UAM-86,11.0,11.5,C,,,
corridor_policy,UAM-86,11.5,12.0,C,,,
corridor_policy,UAM-86,12.0,12.5,C,,,
corridor_policy,UAM-86,12.5,13.0,C,,,
corridor_policy,UAM-86,13.0,13.5,C,,,
corridor_policy,UAM-86,13.5,14.0,C,,,
corridor_policy,UAM-86,14.0,14.5,C,,,
corridor_policy,UAM-86,14.5,15.0,C,,,
corridor_policy,UAM-86,15.0,15.5,C,,,
corridor_policy,UAM-86,15.5,16.0,C,,,
corridor_policy,UAM-86,16.0,16.5,C,,,
corridor_policy,UAM-86,16.5,17.0,C,,,
corridor_policy,UAM-86,17.0,17.5,C,,,
corridor_policy,UAM-86,17.5,18.0,C,,,
corridor_policy,UAM-86,18.0,18.5,C,,,
corridor_policy,UAM-86,18.5,19.0,C,,,
corridor_policy,UAM-86,19.0,19.5,C,,,
corridor_policy,UAM-86,19.5,20.0,C,,,
corridor_policy,UAM-86,20.0,20.5,C,,,
corridor_policy,UAM-86,20.5,21.0,C,,,
corridor_policy,UAM-86,21.0,21.5,C,,,
corridor_policy,UAM-86,21.5,22.0,C,,,
corridor_policy,UAM-86,22.0,22.5,C,,,
corridor_policy,UAM-86,22.5,23.0,C,,,
corridor_policy,UAM-86,23.0,23.5,C,,,
corridor_policy,UAM-86,23.5,24.0,C,,,
corridor_policy,UAM-86,24.0,24.5,C,,,
corridor_policy,UAM-86,24.5,25.0,C,,,
corridor_policy,UAM-86,25.0,25.5,R,,,
corridor_policy,UAM-86,25.5,26.0,R,,,
corridor_policy,UAM-86,26.0,26.5,R,,,
corridor_policy,UAM-86,26.5,27.0,R,,,
corridor_policy,UAM-86,27.0,27.5,R,,,
corridor_policy,UAM-86,27.5,28.0,R,,,
corridor_policy,UAM-86,28.0,28.5,R,,,
corridor_policy,UAM-86,28.5,29.0,R,,,
corridor_policy,UAM-86,29.0,29.5,R,,,
corridor_policy,UAM-86,29.5,30.0,R,,,
corridor_policy,UAM-86,30.0,30.5,R,,,
corridor_policy,UAM-86,30.5,31.0,R,,,
corridor_policy,UAM-86,31.0,31.5,R,,,
corridor_policy,UAM-86,31.5,32.0,R,,,
corridor_policy,UAM-86,32.0,32.5,R,,,
corridor_policy,UAM-86,32.5,33.0,R,,,
corridor_policy,UAM-86,33.0,33.5,R,,,
corridor_policy,UAM-86,33.5,34.0,R,,,
corridor_policy,UAM-86,34.0,34.5,R,,,
corridor_policy,UAM-86,34.5,35.0,R,,,
corridor_policy,UAM-86,35.0,35.5,R,,,
corridor_policy,UAM-86,35.5,36.0,R,,,
corridor_policy,UAM-86,36.0,36.5,R,,,
corridor_policy,UAM-86,36.5,37.0,R,,,
corridor_policy,UAM-86,37.0,37.5,R,,,
corridor_policy,UAM-86,37.5,38.0,R,,,
corridor_policy,UAM-86,38.0,38.5,R,,,
corridor_policy,UAM-86,38.5,39.0,R,,,
corridor_policy,UAM-86,39.0,39.5,R,,,
corridor_policy,UAM-86,39.5,40.0,R,,,
corridor_policy,UAM-86,40.0,40.5,R,,,
corridor_policy,UAM-86,40.5,41.0,R,,,
corridor_policy,UAM-86,41.0,41.5,R,,,
corridor_policy,UAM-86,41.5,42.0,R,,,
corridor_policy,UAM-86,42.0,42.5,R,,,
corridor_policy,UAM-86,42.5,43.0,R,,,
corridor_policy,UAM-86,43.0,43.5,R,,,
corridor_policy,UAM-86,43.5,44.0,R,,,
corridor_policy,UAM-86,44.0,44.5,R,,,
corridor_policy,UAM-86,44.5,45.0,R,,,
corridor_policy,UAM-86,45.0,45.5,C,,,
corridor_policy,UAM-86,45.5,46.0,C,,,
corridor_policy,UAM-86,46.0,46.5,C,,,
corridor_policy,UAM-86,46.5,47.0,C,,,
corridor_policy,UAM-86,47.0,47.5,C,,,
corridor_policy,UAM-86,47.5,48.0,C,,,
corridor_policy,UAM-86,48.0,48.5,C,,,
corridor_policy,UAM-86,48.5,49.0,C,,,
corridor_policy,UAM-86,49.0,49.5,C,,,
corridor_policy,UAM-86,49.5,50.0,C,,,
corridor_policy,UAM-87,0.0,0.5,C,,,
corridor_policy,UAM-87,0.5,1.0,C,,,
corridor_policy,UAM-87,1.0,1.5,C,,,
corridor_policy,UAM-87,1.5,2.0,C,,,
corridor_policy,UAM-87,2.0,2.5,C,,,
corridor_policy,UAM-87,2.5,3.0,C,,,
corridor_policy,UAM-87,3.0,3.5,C,,,
corridor_policy,UAM-87,3.5,4.0,C,,,
corridor_policy,UAM-87,4.0,4.5,C,,,
corridor_policy,UAM-87,4.5,5.0,C,,,
corridor_policy,UAM-87,5.0,5.5,C,,,
corridor_policy,UAM-87,5.5,6.0,C,,,
corridor_policy,UAM-87,6.0,6.5,C,,,
corridor_policy,UAM-87,6.5,7.0,C,,,
corridor_policy,UAM-87,7.0,7.5,C,,,
corridor_policy,UAM-87,7.5,8.0,C,,,
corridor_policy,UAM-87,8.0,8.5,C,,,
corridor_policy,UAM-87,8.5,9.0,C,,,
corridor_policy,UAM-87,9.0,9.5,C,,,
corridor_policy,UAM-87,9.5,10.0,C,,,
corridor_policy,UAM-87,10.0,10.5,C,,,
corridor_policy,UAM-87,10.5,11.0,C,,,
corridor_policy,UAM-87,11.0,11.5,C,,,
corridor_policy,UAM-87,11.5,12.0,C,,,
corridor_policy,UAM-87,12.0,12.5,C,,,
corridor_policy,UAM-87,12.5,13.0,C,,,
corridor_policy,UAM-87,13.0,13.5,C,,,
corridor_policy,UAM-87,13.5,14.0,C,,,
corridor_policy,UAM-87,14.0,14.5,C,,,
corridor_policy,UAM-87,14.5,15.0,C,,,
corridor_policy,UAM-87,15.0,15.5,C,,,
corridor_policy,UAM-87,15.5,16.0,C,,,
corridor_policy,UAM-87,16.0,16.5,C,,,
corridor_policy,UAM-87,16.5,17.0,C,,,
corridor_policy,UAM-87,17.0,17.5,C,,,
corridor_policy,UAM-87,17.5,18.0,C,,,
corridor_policy,UAM-87,18.0,18.5,C,,,
corridor_policy,UAM-87,18.5,19.0,C,,,
corridor_policy,UAM-87,19.0,19.5,C,,,
corridor_policy,UAM-87,19.5,20.0,C,,,
corridor_policy,UAM-87,20.0,20.5,C,,,
corridor_policy,UAM-87,20.5,21.0,C,,,
corridor_policy,UAM-87,21.0,21.5,C,,,
corridor_policy,UAM-87,21.5,22.0,C,,,
corridor_policy,UAM-87,22.0,22.5,C,,,
corridor_policy,UAM-87,22.5,23.0,C,,,
corridor_policy,UAM-87,23.0,23.5,C,,,
corridor_policy,UAM-87,23.5,24.0,C,,,
corridor_policy,UAM-87,24.0,24.5,C,,,
corridor_policy,UAM-87,24.5,25.0,C,,,
corridor_policy,UAM-87,25.0,25.5,R,,,
corridor_policy,UAM-87,25.5,26.0,R,,,
corridor_policy,UAM-87,26.0,26.5,R,,,
corridor_policy,UAM-87,26.5,27.0,R,,,
corridor_policy,UAM-87,27.0,27.5,R,,,
corridor_policy,UAM-87,27.5,28.0,R,,,
corridor_policy,UAM-87,28.0,28.5,R,,,
corridor_policy,UAM-87,28.5,29.0,R,,,
corridor_policy,UAM-87,29.0,29.5,R,,,
corridor_policy,UAM-87,29.5,30.0,R,,,
corridor_policy,UAM-87,30.0,30.5,R,,,
corridor_policy,UAM-87,30.5,31.0,R,,,
corridor_policy,UAM-87,31.0,31.5,R,,,
corridor_policy,UAM-87,31.5,32.0,R,,,
corridor_policy,UAM-87,32.0,32.5,R,,,
corridor_policy,UAM-87,32.5,33.0,R,,,
corridor_policy,UAM-87,33.0,33.5,R,,,
corridor_policy,UAM-87,33.5,34.0,R,,,
corridor_policy,UAM-87,34.0,34.5,R,,,
corridor_policy,UAM-87,34.5,35.0,R,,,
corridor_policy,UAM-87,35.0,35.5,R,,,
corridor_policy,UAM-87,35.5,36.0,R,,,
corridor_policy,UAM-87,36.0,36.5,C,,,
corridor_policy,UAM-87,36.5,37.0,C,,,
corridor_policy,UAM-87,37.0,37.5,R,,,
corridor_policy,UAM-87,37.5,38.0,R,,,
corridor_policy,UAM-87,38.0,38.5,R,,,
corridor_policy,UAM-87,38.5,39.0,R,,,
corridor_policy,UAM-87,39.0,39.5,R,,,
corridor_policy,UAM-87,39.5,40.0,R,,,
corridor_policy,UAM-87,40.0,40.5,R,,,
corridor_policy,UAM-87,40.5,41.0,R,,,
corridor_policy,UAM-87,41.0,41.5,R,,,
corridor_policy,UAM-87,41.5,42.0,R,,,
corridor_policy,UAM-87,42.0,42.5,R,,,
corridor_policy,UAM-87,42.5,43.0,R,,,
corridor_policy,UAM-87,43.0,43.5,R,,,
corridor_policy,UAM-87,43.5,44.0,R,,,
corridor_policy,UAM-87,44.0,44.5,R,,,
corridor_policy,UAM-87,44.5,45.0,R,,,
corridor_policy,UAM-87,45.0,45.5,C,,,
corridor_policy,UAM-87,45.5,46.0,C,,,
corridor_policy,UAM-87,46.0,46.5,R,,,
corridor_policy,UAM-87,46.5,47.0,R,,,
corridor_policy,UAM-87,47.0,47.5,C,,,
corridor_policy,UAM-87,47.5,48.0,C,,,
corridor_policy,UAM-87,48.0,48.5,C,,,
corridor_policy,UAM-87,48.5,49.0,C,,,
corridor_policy,UAM-87,49.0,49.5,C,,,
corridor_policy,UAM-87,49.5,50.0,C,,,
corridor_policy,UAM-88,0.0,0.5,C,,,
corridor_policy,UAM-88,0.5,1.0,C,,,
corridor_policy,UAM-88,1.0,1.5,C,,,
corridor_policy,UAM-88,1.5,2.0,C,,,
corridor_policy,UAM-88,2.0,2.5,C,,,
corridor_policy,UAM-88,2.5,3.0,C,,,
corridor_policy,UAM-88,3.0,3.5,C,,,
corridor_policy,UAM-88,3.5,4.0,C,,,
corridor_policy,UAM-88,4.0,4.5,C,,,
corridor_policy,UAM-88,4.5,5.0,C,,,
corridor_policy,UAM-88,5.0,5.5,C,,,
corridor_policy,UAM-88,5.5,6.0,C,,,
corridor_policy,UAM-88,6.0,6.5,C,,,
corridor_policy,UAM-88,6.5,7.0,C,,,
corridor_policy,UAM-88,7.0,7.5,C,,,
corridor_policy,UAM-88,7.5,8.0,C,,,
corridor_policy,UAM-88,8.0,8.5,C,,,
corridor_policy,UAM-88,8.5,9.0,C,,,
corridor_policy,UAM-88,9.0,9.5,C,,,
corridor_policy,UAM-88,9.5,10.0,C,,,
corridor_policy,UAM-88,10.0,10.5,C,,,
corridor_policy,UAM-88,10.5,11.0,C,,,
corridor_policy,UAM-88,11.0,11.5,C,,,
corridor_policy,UAM-88,11.5,12.0,C,,,
corridor_policy,UAM-88,12.0,12.5,C,,,
corridor_policy,UAM-88,12.5,13.0,C,,,
corridor_policy,UAM-88,13.0,13.5,C,,,
corridor_policy,UAM-88,13.5,14.0,C,,,
corridor_policy,UAM-88,14.0,14.5,C,,,
corridor_policy,UAM-88,14.5,15.0,C,,,
corridor_policy,UAM-88,15.0,15.5,C,,,
corridor_policy,UAM-88,15.5,16.0,C,,,
corridor_policy,UAM-88,16.0,16.5,C,,,
corridor_policy,UAM-88,16.5,17.0,C,,,
corridor_policy,UAM-88,17.0,17.5,C,,,
corridor_policy,UAM-88,17.5,18.0,C,,,
corridor_policy,UAM-88,18.0,18.5,C,,,
corridor_policy,UAM-88,18.5,19.0,C,,,
corridor_policy,UAM-88,19.0,19.5,C,,,
corridor_policy,UAM-88,19.5,20.0,C,,,
corridor_policy,UAM-88,20.0,20.5,C,,,
corridor_policy,UAM-88,20.5,21.0,C,,,
corridor_policy,UAM-88,21.0,21.5,C,,,
corridor_policy,UAM-88,21.5,22.0,C,,,
corridor_policy,UAM-88,22.0,22.5,C,,,
corridor_policy,UAM-88,22.5,23.0,C,,,
corridor_policy,UAM-88,23.0,23.5,C,,,
corridor_policy,UAM-88,23.5,24.0,C,,,
corridor_policy,UAM-88,24.0,24.5,C,,,
corridor_policy,UAM-88,24.5,25.0,C,,,
corridor_policy,UAM-88,25.0,25.5,R,,,
corridor_policy,UAM-88,25.5,26.0,R,,,
corridor_policy,UAM-88,26.0,26.5,R,,,
corridor_policy,UAM-88,26.5,27.0,F,,,
corridor_policy,UAM-88,27.0,27.5,F,,,
corridor_policy,UAM-88,27.5,28.0,R,,,
corridor_policy,UAM-88,28.0,28.5,R,,,
corridor_policy,UAM-88,28.5,29.0,R,,,
corridor_policy,UAM-88,29.0,29.5,R,,,
corridor_policy,UAM-88,29.5,30.0,R,,,
corridor_policy,UAM-88,30.0,30.5,R,,,
corridor_policy,UAM-88,30.5,31.0,R,,,
corridor_policy,UAM-88,31.0,31.5,R,,,
corridor_policy,UAM-88,31.5,32.0,R,,,
corridor_policy,UAM-88,32.0,32.5,R,,,
corridor_policy,UAM-88,32.5,33.0,R,,,
corridor_policy,UAM-88,33.0,33.5,R,,,
corridor_policy,UAM-88,33.5,34.0,R,,,
corridor_policy,UAM-88,34.0,34.5,R,,,
corridor_policy,UAM-88,34.5,35.0,R,,,
corridor_policy,UAM-88,35.0,35.5,R,,,
corridor_policy,UAM-88,35.5,36.0,R,,,
corridor_policy,UAM-88,36.0,36.5,C,,,
corridor_policy,UAM-88,36.5,37.0,C,,,
corridor_policy,UAM-88,37.0,37.5,R,,,
corridor_policy,UAM-88,37.5,38.0,R,,,
corridor_policy,UAM-88,38.0,38.5,R,,,
corridor_policy,UAM-88,38.5,39.0,R,,,
corridor_policy,UAM-88,39.0,39.5,R,,,
corridor_policy,UAM-88,39.5,40.0,R,,,
corridor_policy,UAM-88,40.0,40.5,R,,,
corridor_policy,UAM-88,40.5,41.0,R,,,
corridor_policy,UAM-88,41.0,41.5,R,,,
corridor_policy,UAM-88,41.5,42.0,R,,,
corridor_policy,UAM-88,42.0,42.5,R,,,
corridor_policy,UAM-88,42.5,43.0,R,,,
corridor_policy,UAM-88,43.0,43.5,R,,,
corridor_policy,UAM-88,43.5,44.0,R,,,
corridor_policy,UAM-88,44.0,44.5,R,,,
corridor_policy,UAM-88,44.5,45.0,R,,,
corridor_policy,UAM-88,45.0,45.5,C,,,
corridor_policy,UAM-88,45.5,46.0,C,,,
corridor_policy,UAM-88,46.0,46.5,R,,,
corridor_policy,UAM-88,46.5,47.0,R,,,
corridor_policy,UAM-88,47.0,47.5,C,,,
corridor_policy,UAM-88,47.5,48.0,C,,,
corridor_policy,UAM-88,48.0,48.5,C,,,
corridor_policy,UAM-88,48.5,49.0,C,,,
corridor_policy,UAM-88,49.0,49.5,C,,,
corridor_policy,UAM-88,49.5,50.0,C,,,
corridor_policy,UAM-89,0.0,0.5,C,,,
corridor_policy,UAM-89,0.5,1.0,C,,,
corridor_policy,UAM-89,1.0,1.5,C,,,
corridor_policy,UAM-89,1.5,2.0,C,,,
corridor_policy,UAM-89,2.0,2.5,C,,,
corridor_policy,UAM-89,2.5,3.0,C,,,
corridor_policy,UAM-89,3.0,3.5,C,,,
corridor_policy,UAM-89,3.5,4.0,C,,,
corridor_policy,UAM-89,4.0,4.5,C,,,
corridor_policy,UAM-89,4.5,5.0,C,,,
corridor_policy,UAM-89,5.0,5.5,C,,,
corridor_policy,UAM-89,5.5,6.0,C,,,
corridor_policy,UAM-89,6.0,6.5,C,,,
corridor_policy,UAM-89,6.5,7.0,C,,,
corridor_policy,UAM-89,7.0,7.5,C,,,
corridor_policy,UAM-89,7.5,8.0,C,,,
corridor_policy,UAM-89,8.0,8.5,C,,,
corridor_policy,UAM-89,8.5,9.0,C,,,
corridor_policy,UAM-89,9.0,9.5,C,,,
corridor_policy,UAM-89,9.5,10.0,C,,,
corridor_policy,UAM-89,10.0,10.5,C,,,
corridor_policy,UAM-89,10.5,11.0,C,,,
corridor_policy,UAM-89,11.0,11.5,C,,,
corridor_policy,UAM-89,11.5,12.0,C,,,
corridor_policy,UAM-89,12.0,12.5,C,,,
corridor_policy,UAM-89,12.5,13.0,C,,,
corridor_policy,UAM-89,13.0,13.5,C,,,
corridor_policy,UAM-89,13.5,14.0,C,,,
corridor_policy,UAM-89,14.0,14.5,C,,,
corridor_policy,UAM-89,14.5,15.0,C,,,
corridor_policy,UAM-89,15.0,15.5,C,,,
corridor_policy,UAM-89,15.5,16.0,C,,,
corridor_policy,UAM-89,16.0,16.5,C,,,
corridor_policy,UAM-89,16.5,17.0,C,,,
corridor_policy,UAM-89,17.0,17.5,C,,,
corridor_policy,UAM-89,17.5,18.0,C,,,
corridor_policy,UAM-89,18.0,18.5,C,,,
corridor_policy,UAM-89,18.5,19.0,C,,,
corridor_policy,UAM-89,19.0,19.5,C,,,
corridor_policy,UAM-89,19.5,20.0,C,,,
corridor_policy,UAM-89,20.0,20.5,C,,,
corridor_policy,UAM-89,20.5,21.0,C,,,
corridor_policy,UAM-89,21.0,21.5,C,,,
corridor_policy,UAM-89,21.5,22.0,C,,,
corridor_policy,UAM-89,22.0,22.5,C,,,
corridor_policy,UAM-89,22.5,23.0,C,,,
corridor_policy,UAM-89,23.0,23.5,C,,,
corridor_policy,UAM-89,23.5,24.0,C,,,
corridor_policy,UAM-89,24.0,24.5,C,,,
corridor_policy,UAM-89,24.5,25.0,C,,,
corridor_policy,UAM-89,25.0,25.5,R,,,
corridor_policy,UAM-89,25.5,26.0,R,,,
corridor_policy,UAM-89,26.0,26.5,R,,,
corridor_policy,UAM-89,26.5,27.0,R,,,
corridor_policy,UAM-89,27.0,27.5,R,,,
corridor_policy,UAM-89,27.5,28.0,R,,,
corridor_policy,UAM-89,28.0,28.5,R,,,
corridor_policy,UAM-89,28.5,29.0,R,,,
corridor_policy,UAM-89,29.0,29.5,R,,,
corridor_policy,UAM-89,29.5,30.0,R,,,
corridor_policy,UAM-89,30.0,30.5,R,,,
corridor_policy,UAM-89,30.5,31.0,R,,,
corridor_policy,UAM-89,31.0,31.5,R,,,
corridor_policy,UAM-89,31.5,32.0,R,,,
corridor_policy,UAM-89,32.0,32.5,R,,,
corridor_policy,UAM-89,32.5,33.0,R,,,
corridor_policy,UAM-89,33.0,33.5,R,,,
corridor_policy,UAM-89,33.5,34.0,R,,,
corridor_policy,UAM-89,34.0,34.5,R,,,
corridor_policy,UAM-89,34.5,35.0,R,,,
corridor_policy,UAM-89,35.0,35.5,R,,,
corridor_policy,UAM-89,35.5,36.0,R,,,
corridor_policy,UAM-89,36.0,36.5,R,,,
corridor_policy,UAM-89,36.5,37.0,R,,,
corridor_policy,UAM-89,37.0,37.5,R,,,
corridor_policy,UAM-89,37.5,38.0,R,,,
corridor_policy,UAM-89,38.0,38.5,R,,,
corridor_policy,UAM-89,38.5,39.0,R,,,
corridor_policy,UAM-89,39.0,39.5,R,,,
corridor_policy,UAM-89,39.5,40.0,R,,,
corridor_policy,UAM-89,40.0,40.5,R,,,
corridor_policy,UAM-89,40.5,41.0,R,,,
corridor_policy,UAM-89,41.0,41.5,R,,,
corridor_policy,UAM-89,41.5,42.0,R,,,
corridor_policy,UAM-89,42.0,42.5,R,,,
corridor_policy,UAM-89,42.5,43.0,R,,,
corridor_policy,UAM-89,43.0,43.5,R,,,
corridor_policy,UAM-89,43.5,44.0,R,,,
corridor_policy,UAM-89,44.0,44.5,R,,,
corridor_policy,UAM-89,44.5,45.0,R,,,
corridor_policy,UAM-89,45.0,45.5,C,,,
corridor_policy,UAM-89,45.5,46.0,C,,,
corridor_policy,UAM-89,46.0,46.5,R,,,
corridor_policy,UAM-89,46.5,47.0,R,,,
corridor_policy,UAM-89,47.0,47.5,C,,,
corridor_policy,UAM-89,47.5,48.0,C,,,
corridor_policy,UAM-89,48.0,48.5,C,,,
corridor_policy,UAM-89,48.5,49.0,C,,,
corridor_policy,UAM-89,49.0,49.5,C,,,
corridor_policy,UAM-89,49.5,50.0,C,,,
corridor_policy,UAM-90,0.0,0.5,C,,,
corridor_policy,UAM-90,0.5,1.0,C,,,
corridor_policy,UAM-90,1.0,1.5,C,,,
corridor_policy,UAM-90,1.5,2.0,C,,,
corridor_policy,UAM-90,2.0,2.5,C,,,
corridor_policy,UAM-90,2.5,3.0,C,,,
corridor_policy,UAM-90,3.0,3.5,C,,,
corridor_policy,UAM-90,3.5,4.0,C,,,
corridor_policy,UAM-90,4.0,4.5,C,,,
corridor_policy,UAM-90,4.5,5.0,C,,,
corridor_policy,UAM-90,5.0,5.5,C,,,
corridor_policy,UAM-90,5.5,6.0,C,,,
corridor_policy,UAM-90,6.0,6.5,C,,,
corridor_policy,UAM-90,6.5,7.0,C,,,
corridor_policy,UAM-90,7.0,7.5,C,,,
corridor_policy,UAM-90,7.5,8.0,C,,,
corridor_policy,UAM-90,8.0,8.5,C,,,
corridor_policy,UAM-90,8.5,9.0,C,,,
corridor_policy,UAM-90,9.0,9.5,C,,,
corridor_policy,UAM-90,9.5,10.0,C,,,
corridor_policy,UAM-90,10.0,10.5,C,,,
corridor_policy,UAM-90,10.5,11.0,C,,,
corridor_policy,UAM-90,11.0,11.5,C,,,
corridor_policy,UAM-90,11.5,12.0,C,,,
corridor_policy,UAM-90,12.0,12.5,C,,,
corridor_policy,UAM-90,12.5,13.0,C,,,
corridor_policy,UAM-90,13.0,13.5,C,,,
corridor_policy,UAM-90,13.5,14.0,C,,,
corridor_policy,UAM-90,14.0,14.5,C,,,
corridor_policy,UAM-90,14.5,15.0,C,,,
corridor_policy,UAM-90,15.0,15.5,C,,,
corridor_policy,UAM-90,15.5,16.0,C,,,
corridor_policy,UAM-90,16.0,16.5,C,,,
corridor_policy,UAM-90,16.5,17.0,C,,,
corridor_policy,UAM-90,17.0,17.5,C,,,
corridor_policy,UAM-90,17.5,18.0,C,,,
corridor_policy,UAM-90,18.0,18.5,C,,,
corridor_policy,UAM-90,18.5,19.0,C,,,
corridor_policy,UAM-90,19.0,19.5,C,,,
corridor_policy,UAM-90,19.5,20.0,C,,,
corridor_policy,UAM-90,20.0,20.5,C,,,
corridor_policy,UAM-90,20.5,21.0,C,,,
corridor_policy,UAM-90,21.0,21.5,C,,,
corridor_policy,UAM-90,21.5,22.0,C,,,
corridor_policy,UAM-90,22.0,22.5,C,,,
corridor_policy,UAM-90,22.5,23.0,C,,,
corridor_policy,UAM-90,23.0,23.5,C,,,
corridor_policy,UAM-90,23.5,24.0,C,,,
corridor_policy,UAM-90,24.0,24.5,C,,,
corridor_policy,UAM-90,24.5,25.0,C,,,
corridor_policy,UAM-90,25.0,25.5,R,,,
corridor_policy,UAM-90,25.5,26.0,R,,,
corridor_policy,UAM-90,26.0,26.5,R,,,
corridor_policy,UAM-90,26.5,27.0,R,,,
corridor_policy,UAM-90,27.0,27.5,R,,,
corridor_policy,UAM-90,27.5,28.0,R,,,
corridor_policy,UAM-90,28.0,28.5,R,,,
corridor_policy,UAM-90,28.5,29.0,R,,,
corridor_policy,UAM-90,29.0,29.5,R,,,
corridor_policy,UAM-90,29.5,30.0,R,,,
corridor_policy,UAM-90,30.0,30.5,R,,,
corridor_policy,UAM-90,30.5,31.0,R,,,
corridor_policy,UAM-90,31.0,31.5,R,,,
corridor_policy,UAM-90,31.5,32.0,R,,,
corridor_policy,UAM-90,32.0,32.5,R,,,
corridor_policy,UAM-90,32.5,33.0,R,,,
corridor_policy,UAM-90,33.0,33.5,R,,,
corridor_policy,UAM-90,33.5,34.0,R,,,
corridor_policy,UAM-90,34.0,34.5,R,,,
corridor_policy,UAM-90,34.5,35.0,R,,,
corridor_policy,UAM-90,35.0,35.5,R,,,
corridor_policy,UAM-90,35.5,36.0,R,,,
corridor_policy,UAM-90,36.0,36.5,R,,,
corridor_policy,UAM-90,36.5,37.0,C,,,
corridor_policy,UAM-90,37.0,37.5,C,,,
corridor_policy,UAM-90,37.5,38.0,R,,,
corridor_policy,UAM-90,38.0,38.5,R,,,
corridor_policy,UAM-90,38.5,39.0,R,,,
corridor_policy,UAM-90,39.0,39.5,R,,,
corridor_policy,UAM-90,39.5,40.0,R,,,
corridor_policy,UAM-90,40.0,40.5,R,,,
corridor_policy,UAM-90,40.5,41.0,R,,,
corridor_policy,UAM-90,41.0,41.5,R,,,
corridor_policy,UAM-90,41.5,42.0,R,,,
corridor_policy,UAM-90,42.0,42.5,R,,,
corridor_policy,UAM-90,42.5,43.0,R,,,
corridor_policy,UAM-90,43.0,43.5,R,,,
corridor_policy,UAM-90,43.5,44.0,R,,,
corridor_policy,UAM-90,44.0,44.5,R,,,
corridor_policy,UAM-90,44.5,45.0,R,,,
corridor_policy,UAM-90,45.0,45.5,C,,,
corridor_policy,UAM-90,45.5,46.0,C,,,
corridor_policy,UAM-90,46.0,46.5,C,,,
corridor_policy,UAM-90,46.5,47.0,C,,,
corridor_policy,UAM-90,47.0,47.5,C,,,
corridor_policy,UAM-90,47.5,48.0,C,,,
corridor_policy,UAM-90,48.0,48.5,C,,,
corridor_policy,UAM-90,48.5,49.0,C,,,
corridor_policy,UAM-90,49.0,49.5,C,,,
corridor_policy,UAM-90,49.5,50.0,C,,,
corridor_policy,UAM-91,0.0,0.5,C,,,
corridor_policy,UAM-91,0.5,1.0,C,,,
corridor_policy,UAM-91,1.0,1.5,C,,,
corridor_policy,UAM-91,1.5,2.0,C,,,
corridor_policy,UAM-91,2.0,2.5,C,,,
corridor_policy,UAM-91,2.5,3.0,C,,,
corridor_policy,UAM-91,3.0,3.5,C,,,
corridor_policy,UAM-91,3.5,4.0,C,,,
corridor_policy,UAM-91,4.0,4.5,C,,,
corridor_policy,UAM-91,4.5,5.0,C,,,
corridor_policy,UAM-91,5.0,5.5,C,,,
corridor_policy,UAM-91,5.5,6.0,C,,,
corridor_policy,UAM-91,6.0,6.5,C,,,
corridor_policy,UAM-91,6.5,7.0,C,,,
corridor_policy,UAM-91,7.0,7.5,C,,,
corridor_policy,UAM-91,7.5,8.0,C,,,
corridor_policy,UAM-91,8.0,8.5,C,,,
corridor_policy,UAM-91,8.5,9.0,C,,,
corridor_policy,UAM-91,9.0,9.5,C,,,
corridor_policy,UAM-91,9.5,10.0,C,,,
corridor_policy,UAM-91,10.0,10.5,C,,,
corridor_policy,UAM-91,10.5,11.0,C,,,
corridor_policy,UAM-91,11.0,11.5,C,,,
corridor_policy,UAM-91,11.5,12.0,C,,,
corridor_policy,UAM-91,12.0,12.5,R,,,
corridor_policy,UAM-91,12.5,13.0,C,,,
corridor_policy,UAM-91,13.0,13.5,C,,,
corridor_policy,UAM-91,13.5,14.0,C,,,
corridor_policy,UAM-91,14.0,14.5,C,,,
corridor_policy,UAM-91,14.5,15.0,C,,,
corridor_policy,UAM-91,15.0,15.5,C,,,
corridor_policy,UAM-91,15.5,16.0,C,,,
corridor_policy,UAM-91,16.0,16.5,C,,,
corridor_policy,UAM-91,16.5,17.0,C,,,
corridor_policy,UAM-91,17.0,17.5,C,,,
corridor_policy,UAM-91,17.5,18.0,C,,,
corridor_policy,UAM-91,18.0,18.5,C,,,
corridor_policy,UAM-91,18.5,19.0,C,,,
corridor_policy,UAM-91,19.0,19.5,C,,,
corridor_policy,UAM-91,19.5,20.0,C,,,
corridor_policy,UAM-91,20.0,20.5,C,,,
corridor_policy,UAM-91,20.5,21.0,C,,,
corridor_policy,UAM-91,21.0,21.5,C,,,
corridor_policy,UAM-91,21.5,22.0,C,,,
corridor_policy,UAM-91,22.0,22.5,C,,,
corridor_policy,UAM-91,22.5,23.0,C,,,
corridor_policy,UAM-91,23.0,23.5,C,,,
corridor_policy,UAM-91,23.5,24.0,C,,,
corridor_policy,UAM-91,24.0,24.5,C,,,
corridor_policy,UAM-91,24.5,25.0,C,,,
corridor_policy,UAM-91,25.0,25.5,R,,,
corridor_policy,UAM-91,25.5,26.0,R,,,
corridor_policy,UAM-91,26.0,26.5,R,,,
corridor_policy,UAM-91,26.5,27.0,R,,,
corridor_policy,UAM-91,27.0,27.5,R,,,
corridor_policy,UAM-91,27.5,28.0,R,,,
corridor_policy,UAM-91,28.0,28.5,R,,,
corridor_policy,UAM-91,28.5,29.0,R,,,
corridor_policy,UAM-91,29.0,29.5,R,,,
corridor_policy,UAM-91,29.5,30.0,R,,,
corridor_policy,UAM-91,30.0,30.5,R,,,
corridor_policy,UAM-91,30.5,31.0,R,,,
corridor_policy,UAM-91,31.0,31.5,R,,,
corridor_policy,UAM-91,31.5,32.0,R,,,
corridor_policy,UAM-91,32.0,32.5,R,,,
corridor_policy,UAM-91,32.5,33.0,R,,,
corridor_policy,UAM-91,33.0,33.5,R,,,
corridor_policy,UAM-91,33.5,34.0,R,,,
corridor_policy,UAM-91,34.0,34.5,R,,,
corridor_policy,UAM-91,34.5,35.0,R,,,
corridor_policy,UAM-91,35.0,35.5,R,,,
corridor_policy,UAM-91,35.5,36.0,R,,,
corridor_policy,UAM-91,36.0,36.5,R,,,
corridor_policy,UAM-91,36.5,37.0,R,,,
corridor_policy,UAM-91,37.0,37.5,R,,,
corridor_policy,UAM-91,37.5,38.0,R,,,
corridor_policy,UAM-91,38.0,38.5,R,,,
corridor_policy,UAM-91,38.5,39.0,R,,,
corridor_policy,UAM-91,39.0,39.5,R,,,
corridor_policy,UAM-91,39.5,40.0,R,,,
corridor_policy,UAM-91,40.0,40.5,R,,,
corridor_policy,UAM-91,40.5,41.0,R,,,
corridor_policy,UAM-91,41.0,41.5,R,,,
corridor_policy,UAM-91,41.5,42.0,R,,,
corridor_policy,UAM-91,42.0,42.5,R,,,
corridor_policy,UAM-91,42.5,43.0,R,,,
corridor_policy,UAM-91,43.0,43.5,R,,,
corridor_policy,UAM-91,43.5,44.0,R,,,
corridor_policy,UAM-91,44.0,44.5,R,,,
corridor_policy,UAM-91,44.5,45.0,R,,,
corridor_policy,UAM-91,45.0,45.5,C,,,
corridor_policy,UAM-91,45.5,46.0,C,,,
corridor_policy,UAM-91,46.0,46.5,C,,,
corridor_policy,UAM-91,46.5,47.0,C,,,
corridor_policy,UAM-91,47.0,47.5,C,,,
corridor_policy,UAM-91,47.5,48.0,C,,,
corridor_policy,UAM-91,48.0,48.5,C,,,
corridor_policy,UAM-91,48.5,49.0,C,,,
corridor_policy,UAM-91,49.0,49.5,C,,,
corridor_policy,UAM-91,49.5,50.0,C,,,
corridor_policy,UAM-92,0.0,0.5,C,,,
corridor_policy,UAM-92,0.5,1.0,C,,,
corridor_policy,UAM-92,1.0,1.5,C,,,
corridor_policy,UAM-92,1.5,2.0,C,,,
corridor_policy,UAM-92,2.0,2.5,C,,,
corridor_policy,UAM-92,2.5,3.0,C,,,
corridor_policy,UAM-92,3.0,3.5,C,,,
corridor_policy,UAM-92,3.5,4.0,C,,,
corridor_policy,UAM-92,4.0,4.5,C,,,
corridor_policy,UAM-92,4.5,5.0,C,,,
corridor_policy,UAM-92,5.0,5.5,C,,,
corridor_policy,UAM-92,5.5,6.0,C,,,
corridor_policy,UAM-92,6.0,6.5,C,,,
corridor_policy,UAM-92,6.5,7.0,C,,,
corridor_policy,UAM-92,7.0,7.5,C,,,
corridor_policy,UAM-92,7.5,8.0,C,,,
corridor_policy,UAM-92,8.0,8.5,C,,,
corridor_policy,UAM-92,8.5,9.0,C,,,
corridor_policy,UAM-92,9.0,9.5,R,,,
corridor_policy,UAM-92,9.5,10.0,R,,,
corridor_policy,UAM-92,10.0,10.5,R,,,
corridor_policy,UAM-92,10.5,11.0,R,,,
corridor_policy,UAM-92,11.0,11.5,R,,,
corridor_policy,UAM-92,11.5,12.0,R,,,
corridor_policy,UAM-92,12.0,12.5,C,,,
corridor_policy,UAM-92,12.5,13.0,C,,,
corridor_policy,UAM-92,13.0,13.5,C,,,
corridor_policy,UAM-92,13.5,14.0,C,,,
corridor_policy,UAM-92,14.0,14.5,C,,,
corridor_policy,UAM-92,14.5,15.0,C,,,
corridor_policy,UAM-92,15.0,15.5,C,,,
corridor_policy,UAM-92,15.5,16.0,C,,,
corridor_policy,UAM-92,16.0,16.5,C,,,
corridor_policy,UAM-92,16.5,17.0,C,,,
corridor_policy,UAM-92,17.0,17.5,C,,,
corridor_policy,UAM-92,17.5,18.0,C,,,
corridor_policy,UAM-92,18.0,18.5,C,,,
corridor_policy,UAM-92,18.5,19.0,C,,,
corridor_policy,UAM-92,19.0,19.5,C,,,
corridor_policy,UAM-92,19.5,20.0,C,,,
corridor_policy,UAM-92,20.0,20.5,C,,,
corridor_policy,UAM-92,20.5,21.0,C,,,
corridor_policy,UAM-92,21.0,21.5,C,,,
corridor_policy,UAM-92,21.5,22.0,C,,,
corridor_policy,UAM-92,22.0,22.5,C,,,
corridor_policy,UAM-92,22.5,23.0,C,,,
corridor_policy,UAM-92,23.0,23.5,C,,,
corridor_policy,UAM-92,23.5,24.0,C,,,
corridor_policy,UAM-92,24.0,24.5,C,,,
corridor_policy,UAM-92,24.5,25.0,R,,,
corridor_policy,UAM-92,25.0,25.5,R,,,
corridor_policy,UAM-92,25.5,26.0,R,,,
corridor_policy,UAM-92,26.0,26.5,R,,,
corridor_policy,UAM-92,26.5,27.0,F,,,
corridor_policy,UAM-92,27.0,27.5,R,,,
corridor_policy,UAM-92,27.5,28.0,R,,,
corridor_policy,UAM-92,28.0,28.5,R,,,
corridor_policy,UAM-92,28.5,29.0,R,,,
corridor_policy,UAM-92,29.0,29.5,R,,,
corridor_policy,UAM-92,29.5,30.0,R,,,
corridor_policy,UAM-92,30.0,30.5,R,,,
corridor_policy,UAM-92,30.5,31.0,R,,,
corridor_policy,UAM-92,31.0,31.5,R,,,
corridor_policy,UAM-92,31.5,32.0,R,,,
corridor_policy,UAM-92,32.0,32.5,R,,,
corridor_policy,UAM-92,32.5,33.0,R,,,
corridor_policy,UAM-92,33.0,33.5,R,,,
corridor_policy,UAM-92,33.5,34.0,R,,,
corridor_policy,UAM-92,34.0,34.5,R,,,
corridor_policy,UAM-92,34.5,35.0,R,,,
corridor_policy,UAM-92,35.0,35.5,R,,,
corridor_policy,UAM-92,35.5,36.0,R,,,
corridor_policy,UAM-92,36.0,36.5,R,,,
corridor_policy,UAM-92,36.5,37.0,R,,,
corridor_policy,UAM-92,37.0,37.5,R,,,
corridor_policy,UAM-92,37.5,38.0,R,,,
corridor_policy,UAM-92,38.0,38.5,R,,,
corridor_policy,UAM-92,38.5,39.0,R,,,
corridor_policy,UAM-92,39.0,39.5,R,,,
corridor_policy,UAM-92,39.5,40.0,R,,,
corridor_policy,UAM-92,40.0,40.5,R,,,
corridor_policy,UAM-92,40.5,41.0,R,,,
corridor_policy,UAM-92,41.0,41.5,R,,,
corridor_policy,UAM-92,41.5,42.0,R,,,
corridor_policy,UAM-92,42.0,42.5,R,,,
corridor_policy,UAM-92,42.5,43.0,C,,,
corridor_policy,UAM-92,43.0,43.5,C,,,
corridor_policy,UAM-92,43.5,44.0,C,,,
corridor_policy,UAM-92,44.0,44.5,R,,,
corridor_policy,UAM-92,44.5,45.0,R,,,
corridor_policy,UAM-92,45.0,45.5,C,,,
corridor_policy,UAM-92,45.5,46.0,C,,,
corridor_policy,UAM-92,46.0,46.5,C,,,
corridor_policy,UAM-92,46.5,47.0,C,,,
corridor_policy,UAM-92,47.0,47.5,C,,,
corridor_policy,UAM-92,47.5,48.0,C,,,
corridor_policy,UAM-92,48.0,48.5,C,,,
corridor_policy,UAM-92,48.5,49.0,C,,,
corridor_policy,UAM-92,49.0,49.5,C,,,
corridor_policy,UAM-92,49.5,50.0,C,,,
corridor_policy,UAM-93,0.0,0.5,C,,,
corridor_policy,UAM-93,0.5,1.0,C,,,
corridor_policy,UAM-93,1.0,1.5,C,,,
corridor_policy,UAM-93,1.5,2.0,C,,,
corridor_policy,UAM-93,2.0,2.5,C,,,
corridor_policy,UAM-93,2.5,3.0,C,,,
corridor_policy,UAM-93,3.0,3.5,C,,,
corridor_policy,UAM-93,3.5,4.0,C,,,
corridor_policy,UAM-93,4.0,4.5,C,,,
corridor_policy,UAM-93,4.5,5.0,C,,,
corridor_policy,UAM-93,5.0,5.5,C,,,
corridor_policy,UAM-93,5.5,6.0,C,,,
corridor_policy,UAM-93,6.0,6.5,C,,,
corridor_policy,UAM-93,6.5,7.0,C,,,
corridor_policy,UAM-93,7.0,7.5,C,,,
corridor_policy,UAM-93,7.5,8.0,C,,,
corridor_policy,UAM-93,8.0,8.5,R,,,
corridor_policy,UAM-93,8.5,9.0,R,,,
corridor_policy,UAM-93,9.0,9.5,R,,,
corridor_policy,UAM-93,9.5,10.0,R,,,
corridor_policy,UAM-93,10.0,10.5,R,,,
corridor_policy,UAM-93,10.5,11.0,C,,,
corridor_policy,UAM-93,11.0,11.5,C,,,
corridor_policy,UAM-93,11.5,12.0,C,,,
corridor_policy,UAM-93,12.0,12.5,C,,,
corridor_policy,UAM-93,12.5,13.0,C,,,
corridor_policy,UAM-93,13.0,13.5,C,,,
corridor_policy,UAM-93,13.5,14.0,C,,,
corridor_policy,UAM-93,14.0,14.5,C,,,
corridor_policy,UAM-93,14.5,15.0,C,,,
corridor_policy,UAM-93,15.0,15.5,C,,,
corridor_policy,UAM-93,15.5,16.0,C,,,
corridor_policy,UAM-93,16.0,16.5,C,,,
corridor_policy,UAM-93,16.5,17.0,C,,,
corridor_policy,UAM-93,17.0,17.5,C,,,
corridor_policy,UAM-93,17.5,18.0,C,,,
corridor_policy,UAM-93,18.0,18.5,C,,,
corridor_policy,UAM-93,18.5,19.0,C,,,
corridor_policy,UAM-93,19.0,19.5,C,,,
corridor_policy,UAM-93,19.5,20.0,C,,,
corridor_policy,UAM-93,20.0,20.5,C,,,
corridor_policy,UAM-93,20.5,21.0,C,,,
corridor_policy,UAM-93,21.0,21.5,C,,,
corridor_policy,UAM-93,21.5,22.0,C,,,
corridor_policy,UAM-93,22.0,22.5,C,,,
corridor_policy,UAM-93,22.5,23.0,C,,,
corridor_policy,UAM-93,23.0,23.5,C,,,
corridor_policy,UAM-93,23.5,24.0,C,,,
corridor_policy,UAM-93,24.0,24.5,R,,,
corridor_policy,UAM-93,24.5,25.0,R,,,
corridor_policy,UAM-93,25.0,25.5,F,,,
corridor_policy,UAM-93,25.5,26.0,F,,,
corridor_policy,UAM-93,26.0,26.5,F,,,
corridor_policy,UAM-93,26.5,27.0,F,,,
corridor_policy,UAM-93,27.0,27.5,F,,,
corridor_policy,UAM-93,27.5,28.0,F,,,
corridor_policy,UAM-93,28.0,28.5,F,,,
corridor_policy,UAM-93,28.5,29.0,R,,,
corridor_policy,UAM-93,29.0,29.5,R,,,
corridor_policy,UAM-93,29.5,30.0,R,,,
corridor_policy,UAM-93,30.0,30.5,R,,,
corridor_policy,UAM-93,30.5,31.0,R,,,
corridor_policy,UAM-93,31.0,31.5,R,,,
corridor_policy,UAM-93,31.5,32.0,R,,,
corridor_policy,UAM-93,32.0,32.5,R,,,
corridor_policy,UAM-93,32.5,33.0,R,,,
corridor_policy,UAM-93,33.0,33.5,R,,,
corridor_policy,UAM-93,33.5,34.0,R,,,
corridor_policy,UAM-93,34.0,34.5,R,,,
corridor_policy,UAM-93,34.5,35.0,R,,,
corridor_policy,UAM-93,35.0,35.5,F,,,
corridor_policy,UAM-93,35.5,36.0,R,,,
corridor_policy,UAM-93,36.0,36.5,R,,,
corridor_policy,UAM-93,36.5,37.0,R,,,
corridor_policy,UAM-93,37.0,37.5,R,,,
corridor_policy,UAM-93,37.5,38.0,R,,,
corridor_policy,UAM-93,38.0,38.5,R,,,
corridor_policy,UAM-93,38.5,39.0,R,,,
corridor_policy,UAM-93,39.0,39.5,R,,,
corridor_policy,UAM-93,39.5,40.0,R,,,
corridor_policy,UAM-93,40.0,40.5,R,,,
corridor_policy,UAM-93,40.5,41.0,R,,,
corridor_policy,UAM-93,41.0,41.5,R,,,
corridor_policy,UAM-93,41.5,42.0,R,,,
corridor_policy,UAM-93,42.0,42.5,R,,,
corridor_policy,UAM-93,42.5,43.0,R,,,
corridor_policy,UAM-93,43.0,43.5,R,,,
corridor_policy,UAM-93,43.5,44.0,R,,,
corridor_policy,UAM-93,44.0,44.5,R,,,
corridor_policy,UAM-93,44.5,45.0,R,,,
corridor_policy,UAM-93,45.0,45.5,C,,,
corridor_policy,UAM-93,45.5,46.0,C,,,
corridor_policy,UAM-93,46.0,46.5,C,,,
corridor_policy,UAM-93,46.5,47.0,C,,,
corridor_policy,UAM-93,47.0,47.5,C,,,
corridor_policy,UAM-93,47.5,48.0,C,,,
corridor_policy,UAM-93,48.0,48.5,C,,,
corridor_policy,UAM-93,48.5,49.0,C,,,
corridor_policy,UAM-93,49.0,49.5,C,,,
corridor_policy,UAM-93,49.5,50.0,C,,,
metric,,,,,completed_requests,93,requests
metric,,,,,scheduled_requests,93,requests
metric,,,,,sampled_nmac,False,events
metric,,,,,minimum_sampled_horizontal_separation,1222.8632125738256,m
metric,,,,,mean_entry_delay,28.114882231726405,s
metric,,,,,operational_policy_switches_per_flight,6.021505376344086,per flight
metric,,,,,gap_error_improved_fraction,0.8713768115942029,fraction
metric,,,,,timing_compatible_fraction,0.483695652173913,fraction
metric,,,,,fully_settled_fraction,0.059782608695652176,fraction
metric,,,,,speed_direction_reversals_per_flight,49.376344086021504,per flight
metric,,,,,policy_C_share,0.6316944325524545,fraction
metric,,,,,policy_R_share,0.36012099928204455,fraction
metric,,,,,policy_F_share,0.008184568165500984,fraction
