dt_radio_s,group_size,window_s,persistence_k,policy_update_s,minimum_confirmation_delay_s,threshold_db,valid_observations,sequence_count,c_share,r_share,f_share,switches,mean_switches_per_sequence,switches_per_100_group_h,median_post_switch_dwell_s,aks_actionability_evaluable_transitions,aks_actionability_right_censored_transitions,aks_completion_before_next_switch_fraction
1.0,3,15.0,1,5.0,0.0,-4.0,15445,93,1.0,0.0,0.0,0,0.0,0.0,,0,0,
1.0,3,15.0,1,5.0,0.0,-3.9,15445,93,1.0,0.0,0.0,0,0.0,0.0,,0,0,
1.0,3,15.0,1,5.0,0.0,-3.8,15445,93,1.0,0.0,0.0,0,0.0,0.0,,0,0,
1.0,3,15.0,1,5.0,0.0,-3.7,15445,93,1.0,0.0,0.0,0,0.0,0.0,,0,0,
1.0,3,15.0,1,5.0,0.0,-3.6,15445,93,1.0,0.0,0.0,0,0.0,0.0,,0,0,
1.0,3,15.0,1,5.0,0.0,-3.5,15445,93,1.0,0.0,0.0,0,0.0,0.0,,0,0,
1.0,3,15.0,1,5.0,0.0,-3.4,15445,93,1.0,0.0,0.0,0,0.0,0.0,,0,0,
1.0,3,15.0,1,5.0,0.0,-3.3,15445,93,1.0,0.0,0.0,0,0.0,0.0,,0,0,
1.0,3,15.0,1,5.0,0.0,-3.2,15445,93,1.0,0.0,0.0,0,0.0,0.0,,0,0,
1.0,3,15.0,1,5.0,0.0,-3.1,15445,93,1.0,0.0,0.0,0,0.0,0.0,,0,0,
1.0,3,15.0,1,5.0,0.0,-3.0,15445,93,1.0,0.0,0.0,0,0.0,0.0,,0,0,
1.0,3,15.0,1,5.0,0.0,-2.9,15445,93,1.0,0.0,0.0,0,0.0,0.0,,0,0,
1.0,3,15.0,1,5.0,0.0,-2.8,15445,93,1.0,0.0,0.0,0,0.0,0.0,,0,0,
1.0,3,15.0,1,5.0,0.0,-2.7,15445,93,1.0,0.0,0.0,0,0.0,0.0,,0,0,
1.0,3,15.0,1,5.0,0.0,-2.6,15445,93,1.0,0.0,0.0,0,0.0,0.0,,0,0,
1.0,3,15.0,1,5.0,0.0,-2.5,15445,93,0.9992230495305924,0.0007769504694075753,0.0,8,0.08602150537634409,37.293622531563614,15.0,8,0,0.25
1.0,3,15.0,1,5.0,0.0,-2.4,15445,93,0.9189381676918097,0.08034962771123341,0.000712204596956944,832,8.946236559139784,3878.5367432826156,15.0,823,9,0.16038882138517618
1.0,3,15.0,1,5.0,0.0,-2.3,15445,93,0.9129815474263516,0.05037228876659113,0.0366461638070573,1006,10.817204301075268,4689.673033344125,15.0,997,9,0.0802407221664995
1.0,3,15.0,1,5.0,0.0,-2.2,15445,93,0.8102298478471998,0.08093234056328909,0.10883781158951117,2326,25.010752688172044,10843.12075105212,15.0,2270,56,0.06211453744493392
1.0,3,15.0,1,5.0,0.0,-2.1,15445,93,0.7834250566526384,0.0470055033991583,0.1695694399482033,2536,27.268817204301076,11822.078342505665,15.0,2479,57,0.056070996369503835
1.0,3,15.0,1,5.0,0.0,-2.0,15445,93,0.7583036581417935,0.04622855292975073,0.19546778892845582,2522,27.118279569892472,11756.814503075428,15.0,2464,58,0.056006493506493504
1.0,3,15.0,1,5.0,0.0,-1.9,15445,93,0.704305600517967,0.07627063774684364,0.21942376173518938,2835,30.483870967741936,13215.927484622855,15.0,2778,57,0.051115910727141826
1.0,3,15.0,1,5.0,0.0,-1.8,15445,93,0.67795403043056,0.05594043379734542,0.2661055357720945,2839,30.526881720430108,13234.574295888637,15.0,2780,59,0.050359712230215826
1.0,3,15.0,1,5.0,0.0,-1.7,15445,93,0.6489478795726772,0.04687601165425704,0.3041761087730657,2431,26.13978494623656,11332.599546778893,15.0,2372,59,0.05902192242833052
1.0,3,15.0,1,5.0,0.0,-1.6,15445,93,0.5801877630301069,0.09608287471673681,0.32372936225315635,2936,31.56989247311828,13686.759469083845,15.0,2873,63,0.03132613992342499
1.0,3,15.0,1,5.0,0.0,-1.5,15445,93,0.5620589187439301,0.0881838782777598,0.34975720297831014,2626,28.236559139784948,12241.631595985757,15.0,2563,63,0.034724931720639875
1.0,3,15.0,1,5.0,0.0,-1.4,15445,93,0.5382324376820977,0.08870184525736484,0.37306571706053737,2583,27.774193548387096,12041.178374878602,15.0,2520,63,0.03531746031746032
1.0,3,15.0,1,5.0,0.0,-1.3,15445,93,0.49744253803820004,0.06260925865976044,0.4399482033020395,2635,28.333333333333332,12283.586921333765,15.0,2571,64,0.023337222870478413
1.0,3,15.0,1,5.0,0.0,-1.2,15445,93,0.46908384590482355,0.04422143088378116,0.4866947232113953,2200,23.655913978494624,10255.746196179993,15.0,2136,64,0.02762172284644195
1.0,3,15.0,1,5.0,0.0,-1.1,15445,93,0.4491421171900291,0.04040142440919391,0.5104564584007769,1966,21.13978494623656,9164.907737131758,15.0,1903,63,0.07041513399894903
1.0,3,15.0,1,5.0,0.0,-1.0,15445,93,0.43263191971511816,0.038782777597928135,0.5285853026869537,1810,19.462365591397848,8437.682097766266,15.0,1747,63,0.031482541499713794
1.0,3,15.0,1,5.0,0.0,-0.9,15445,93,0.4246681774036905,0.02861767562317902,0.5467141469731305,1545,16.612903225806452,7202.330851408224,15.0,1482,63,0.037786774628879895
1.0,3,15.0,1,5.0,0.0,-0.8,15445,93,0.39941728714794433,0.040854645516348334,0.5597280673357073,1632,17.548387096774192,7607.898996438977,15.0,1544,88,0.03562176165803109
1.0,3,15.0,1,5.0,0.0,-0.7,15445,93,0.365231466494011,0.06481061832308191,0.5699579151829071,1886,20.27956989247312,8791.97151181612,15.0,1798,88,0.01835372636262514
1.0,3,15.0,1,5.0,0.0,-0.6,15445,93,0.35046940757526707,0.0565231466494011,0.5930074457753318,1925,20.698924731182796,8973.777921657495,15.0,1837,88,0.017964071856287425
1.0,3,15.0,1,5.0,0.0,-0.5,15445,93,0.3370022661055358,0.038782777597928135,0.6242149562965361,2032,21.849462365591396,9472.580123017158,15.0,1943,89,0.017498713329902212
1.0,3,15.0,1,5.0,0.0,-0.4,15445,93,0.3201683392683716,0.038588539980576236,0.6412431207510522,1957,21.043010752688172,9122.95241178375,15.0,1868,89,0.017665952890792293
1.0,3,15.0,1,5.0,0.0,-0.3,15445,93,0.30773713175785045,0.03483327937843962,0.65742958886371,1811,19.473118279569892,8442.343800582712,15.0,1727,84,0.044585987261146494
1.0,3,15.0,1,5.0,0.0,-0.2,15445,93,0.29025574619618,0.033538361929426996,0.6762058918743931,1789,19.236559139784948,8339.786338620912,15.0,1705,84,0.04340175953079179
1.0,3,15.0,1,5.0,0.0,-0.1,15445,93,0.2829394626092587,0.033797345419229526,0.6832631919715119,1793,19.27956989247312,8358.433149886694,15.0,1710,83,0.043859649122807015
1.0,3,15.0,1,5.0,0.0,0.0,15445,93,0.26370993849142116,0.03496277112334089,0.7013272903852379,1728,18.580645161290324,8055.422466817741,15.0,1645,83,0.044984802431610946
1.0,3,15.0,1,5.0,0.0,0.1,15445,93,0.2561346714146973,0.02738750404661703,0.7164778245386857,1491,16.032258064516128,6950.598899320169,20.0,1411,80,0.05315379163713678
1.0,3,15.0,1,5.0,0.0,0.2,15445,93,0.24642279054710262,0.02745224991906766,0.7261249595338297,1429,15.365591397849462,6661.573324700551,20.0,1349,80,0.05559673832468495
1.0,3,15.0,1,5.0,0.0,0.3,15445,93,0.24227905471026223,0.027128520556814504,0.7305924247329233,1428,15.35483870967742,6656.9116218841045,20.0,1347,81,0.05493689680772086
1.0,3,15.0,1,5.0,0.0,0.4,15445,93,0.2248624150210424,0.030624797669148593,0.744512787309809,1445,15.53763440860215,6736.160569763677,20.0,1365,80,0.054212454212454214
1.0,3,15.0,1,5.0,0.0,0.5,15445,93,0.21935901586273876,0.030754289414049854,0.7498866947232113,1447,15.559139784946236,6745.483975396569,20.0,1367,80,0.05413313825896123
1.0,3,15.0,1,5.0,0.0,0.6,15445,93,0.2086759469083846,0.020071220459695695,0.7712528326319197,1010,10.86021505376344,4708.319844609906,25.0,930,80,0.08172043010752689
1.0,3,15.0,1,5.0,0.0,0.7,15445,93,0.20323729362253157,0.016639689219812237,0.7801230171576562,821,8.827956989247312,3827.258012301716,25.0,742,79,0.21293800539083557
1.0,3,15.0,1,5.0,0.0,0.8,15445,93,0.19456134671414696,0.018970540628034962,0.786468112657818,791,8.505376344086022,3687.406927808352,25.0,713,78,0.22300140252454417
1.0,3,15.0,1,5.0,0.0,0.9,15445,93,0.19158303658141793,0.0157332470055034,0.7926837164130787,715,7.688172043010753,3333.117513758498,25.0,638,77,0.2476489028213166
1.0,3,15.0,1,5.0,0.0,1.0,15445,93,0.189640660407899,0.009970864357397215,0.8003884752347038,538,5.78494623655914,2507.9961152476526,25.0,460,78,0.34130434782608693
1.0,3,15.0,2,5.0,5.0,-4.0,15445,93,1.0,0.0,0.0,0,0.0,0.0,,0,0,
1.0,3,15.0,2,5.0,5.0,-3.9,15445,93,1.0,0.0,0.0,0,0.0,0.0,,0,0,
1.0,3,15.0,2,5.0,5.0,-3.8,15445,93,1.0,0.0,0.0,0,0.0,0.0,,0,0,
1.0,3,15.0,2,5.0,5.0,-3.7,15445,93,1.0,0.0,0.0,0,0.0,0.0,,0,0,
1.0,3,15.0,2,5.0,5.0,-3.6,15445,93,1.0,0.0,0.0,0,0.0,0.0,,0,0,
1.0,3,15.0,2,5.0,5.0,-3.5,15445,93,1.0,0.0,0.0,0,0.0,0.0,,0,0,
1.0,3,15.0,2,5.0,5.0,-3.4,15445,93,1.0,0.0,0.0,0,0.0,0.0,,0,0,
1.0,3,15.0,2,5.0,5.0,-3.3,15445,93,1.0,0.0,0.0,0,0.0,0.0,,0,0,
1.0,3,15.0,2,5.0,5.0,-3.2,15445,93,1.0,0.0,0.0,0,0.0,0.0,,0,0,
1.0,3,15.0,2,5.0,5.0,-3.1,15445,93,1.0,0.0,0.0,0,0.0,0.0,,0,0,
1.0,3,15.0,2,5.0,5.0,-3.0,15445,93,1.0,0.0,0.0,0,0.0,0.0,,0,0,
1.0,3,15.0,2,5.0,5.0,-2.9,15445,93,1.0,0.0,0.0,0,0.0,0.0,,0,0,
1.0,3,15.0,2,5.0,5.0,-2.8,15445,93,1.0,0.0,0.0,0,0.0,0.0,,0,0,
1.0,3,15.0,2,5.0,5.0,-2.7,15445,93,1.0,0.0,0.0,0,0.0,0.0,,0,0,
1.0,3,15.0,2,5.0,5.0,-2.6,15445,93,1.0,0.0,0.0,0,0.0,0.0,,0,0,
1.0,3,15.0,2,5.0,5.0,-2.5,15445,93,0.9992230495305924,0.0007769504694075753,0.0,8,0.08602150537634409,37.293622531563614,15.0,8,0,0.25
1.0,3,15.0,2,5.0,5.0,-2.4,15445,93,0.9193913887989641,0.07983166073162835,0.0007769504694075753,830,8.924731182795698,3869.2133376497245,15.0,820,10,0.1597560975609756
1.0,3,15.0,2,5.0,5.0,-2.3,15445,93,0.9189381676918097,0.03904176108773066,0.0420200712204597,834,8.96774193548387,3887.8601489155067,15.0,824,10,0.07766990291262135
1.0,3,15.0,2,5.0,5.0,-2.2,15445,93,0.8275817416639689,0.04752347037876335,0.12489478795726773,1807,19.43010752688172,8423.69698931693,15.0,1725,82,0.04927536231884058
1.0,3,15.0,2,5.0,5.0,-2.1,15445,93,0.8077047588216251,0.0,0.19229524117837488,1810,19.462365591397848,8437.682097766266,15.0,1725,85,0.04753623188405797
1.0,3,15.0,2,5.0,5.0,-2.0,15445,93,0.7698284234380058,0.00038847523470378765,0.22978310132729038,1632,17.548387096774192,7607.898996438977,15.0,1547,85,0.053005817711700064
1.0,3,15.0,2,5.0,5.0,-1.9,15445,93,0.7064422143088378,0.03049530592424733,0.2630624797669149,1710,18.387096774193548,7971.511816121722,15.0,1623,87,0.05052372150338879
1.0,3,15.0,2,5.0,5.0,-1.8,15445,93,0.6903852379410813,0.0,0.30961476205891875,1594,17.13978494623656,7430.75428941405,20.0,1507,87,0.054412740544127404
1.0,3,15.0,2,5.0,5.0,-1.7,15445,93,0.6598899320168339,0.007769504694075753,0.33234056328909034,1600,17.204301075268816,7458.724506312723,20.0,1513,87,0.054196959682749506
1.0,3,15.0,2,5.0,5.0,-1.6,15445,93,0.5833603107801878,0.04881838782777598,0.3678213013920363,1802,19.376344086021504,8400.388475234704,20.0,1713,89,0.0005837711617046118
1.0,3,15.0,2,5.0,5.0,-1.5,15445,93,0.5588863709938492,0.04998381353188734,0.3911298154742635,1594,17.13978494623656,7430.75428941405,20.0,1505,89,0.0
1.0,3,15.0,2,5.0,5.0,-1.4,15445,93,0.5270314017481386,0.048041437358368404,0.42492716089349303,1256,13.505376344086022,5855.098737455487,40.0,1167,89,0.0
1.0,3,15.0,2,5.0,5.0,-1.3,15445,93,0.49219812236969895,0.023114276464875363,0.4846876011654257,1390,14.946236559139784,6479.766914859178,25.0,1301,89,0.0
1.0,3,15.0,2,5.0,5.0,-1.2,15445,93,0.47342181935901584,0.00556814503075429,0.5210100356102298,1189,12.78494623655914,5542.764648753642,30.0,1100,89,0.012727272727272728
1.0,3,15.0,2,5.0,5.0,-1.1,15445,93,0.4593719650372289,0.006863062479766915,0.5337649724830043,1209,13.0,5635.998705082551,30.0,1120,89,0.0
1.0,3,15.0,2,5.0,5.0,-1.0,15445,93,0.4480414373583684,0.003366785367432826,0.5485917772741987,1152,12.387096774193548,5370.28164454516,30.0,1063,89,0.0
1.0,3,15.0,2,5.0,5.0,-0.9,15445,93,0.44014244091939136,0.0,0.5598575590806086,1100,11.827956989247312,5127.873098089996,30.0,1011,89,0.0
1.0,3,15.0,2,5.0,5.0,-0.8,15445,93,0.41709291032696666,0.009970864357397215,0.5729362253156361,1165,12.526881720430108,5430.883781158951,25.0,1076,89,0.0
1.0,3,15.0,2,5.0,5.0,-0.7,15445,93,0.38316607316283585,0.033667853674328264,0.5831660731628359,1417,15.236559139784946,6605.632890903205,20.0,1328,89,0.0
1.0,3,15.0,2,5.0,5.0,-0.6,15445,93,0.3691162188410489,0.024538685658789253,0.6063450955001619,1387,14.913978494623656,6465.781806409842,20.0,1299,88,0.01077752117013087
1.0,3,15.0,2,5.0,5.0,-0.5,15445,93,0.35435415992230496,0.0,0.6456458400776951,1270,13.655913978494624,5920.362576885723,20.0,1185,85,0.060759493670886074
1.0,3,15.0,2,5.0,5.0,-0.4,15445,93,0.3318225963094853,0.0036905147296859824,0.6644868889608287,1195,12.849462365591398,5570.7348656523145,20.0,1109,86,0.03967538322813345
1.0,3,15.0,2,5.0,5.0,-0.3,15445,93,0.32230495305924245,0.0,0.6776950469407576,1138,12.236559139784946,5305.017805114924,22.5,1053,85,0.06837606837606838
1.0,3,15.0,2,5.0,5.0,-0.2,15445,93,0.296924571058595,0.00012949174490126255,0.7029459371965038,956,10.279569892473118,4456.587892521852,30.0,872,84,0.08256880733944955
1.0,3,15.0,2,5.0,5.0,-0.1,15445,93,0.28701845257364844,0.00012949174490126255,0.7128520556814503,874,9.397849462365592,4074.3282615733247,30.0,792,82,0.09090909090909091
1.0,3,15.0,2,5.0,5.0,0.0,15445,93,0.2683716413078666,0.002136613790870832,0.7294917449012626,812,8.731182795698924,3785.3026869537066,30.0,729,83,0.09876543209876543
1.0,3,15.0,2,5.0,5.0,0.1,15445,93,0.26196179993525415,0.00459695694399482,0.7334412431207511,850,9.13978494623656,3962.447393978634,25.0,768,82,0.09375
1.0,3,15.0,2,5.0,5.0,0.2,15445,93,0.24868889608287473,0.00861120103593396,0.7426999028811914,812,8.731182795698924,3785.3026869537066,30.0,730,82,0.09863013698630137
1.0,3,15.0,2,5.0,5.0,0.3,15445,93,0.24454516024603432,0.008416963418582066,0.7470378763353837,812,8.731182795698924,3785.3026869537066,30.0,730,82,0.09863013698630137
1.0,3,15.0,2,5.0,5.0,0.4,15445,93,0.23036581417934607,0.0,0.7696341858206539,578,6.21505376344086,2694.464227905471,80.0,497,81,0.1488933601609658
1.0,3,15.0,2,5.0,5.0,0.5,15445,93,0.2205244415668501,0.0,0.7794755584331499,475,5.10752688172043,2214.3088378115895,80.0,395,80,0.31139240506329113
1.0,3,15.0,2,5.0,5.0,0.6,15445,93,0.21029459371965037,0.006992554224668177,0.7827128520556814,491,5.279569892473118,2288.8960828747167,50.0,411,80,0.3381995133819951
1.0,3,15.0,2,5.0,5.0,0.7,15445,93,0.20925865976044028,0.004791194561346714,0.785950145678213,457,4.913978494623656,2130.3981871155715,50.0,377,80,0.41114058355437666
1.0,3,15.0,2,5.0,5.0,0.8,15445,93,0.20628034962771125,0.0015539009388151506,0.7921657494334736,407,4.376344086021505,1897.3130462932986,80.0,327,80,0.4740061162079511
1.0,3,15.0,2,5.0,5.0,0.9,15445,93,0.20336678536743283,0.0,0.7966332146325672,383,4.118279569892473,1785.432178698608,85.0,303,80,0.5115511551155115
1.0,3,15.0,2,5.0,5.0,1.0,15445,93,0.20142440919391388,0.0,0.7985755908060861,383,4.118279569892473,1785.432178698608,85.0,303,80,0.5115511551155115
1.0,3,15.0,3,5.0,10.0,-4.0,15445,93,1.0,0.0,0.0,0,0.0,0.0,,0,0,
1.0,3,15.0,3,5.0,10.0,-3.9,15445,93,1.0,0.0,0.0,0,0.0,0.0,,0,0,
1.0,3,15.0,3,5.0,10.0,-3.8,15445,93,1.0,0.0,0.0,0,0.0,0.0,,0,0,
1.0,3,15.0,3,5.0,10.0,-3.7,15445,93,1.0,0.0,0.0,0,0.0,0.0,,0,0,
1.0,3,15.0,3,5.0,10.0,-3.6,15445,93,1.0,0.0,0.0,0,0.0,0.0,,0,0,
1.0,3,15.0,3,5.0,10.0,-3.5,15445,93,1.0,0.0,0.0,0,0.0,0.0,,0,0,
1.0,3,15.0,3,5.0,10.0,-3.4,15445,93,1.0,0.0,0.0,0,0.0,0.0,,0,0,
1.0,3,15.0,3,5.0,10.0,-3.3,15445,93,1.0,0.0,0.0,0,0.0,0.0,,0,0,
1.0,3,15.0,3,5.0,10.0,-3.2,15445,93,1.0,0.0,0.0,0,0.0,0.0,,0,0,
1.0,3,15.0,3,5.0,10.0,-3.1,15445,93,1.0,0.0,0.0,0,0.0,0.0,,0,0,
1.0,3,15.0,3,5.0,10.0,-3.0,15445,93,1.0,0.0,0.0,0,0.0,0.0,,0,0,
1.0,3,15.0,3,5.0,10.0,-2.9,15445,93,1.0,0.0,0.0,0,0.0,0.0,,0,0,
1.0,3,15.0,3,5.0,10.0,-2.8,15445,93,1.0,0.0,0.0,0,0.0,0.0,,0,0,
1.0,3,15.0,3,5.0,10.0,-2.7,15445,93,1.0,0.0,0.0,0,0.0,0.0,,0,0,
1.0,3,15.0,3,5.0,10.0,-2.6,15445,93,1.0,0.0,0.0,0,0.0,0.0,,0,0,
1.0,3,15.0,3,5.0,10.0,-2.5,15445,93,0.9992230495305924,0.0007769504694075753,0.0,8,0.08602150537634409,37.293622531563614,15.0,8,0,0.25
1.0,3,15.0,3,5.0,10.0,-2.4,15445,93,0.9199741016510198,0.07944318549692457,0.0005827128520556814,825,8.870967741935484,3845.9048235674977,15.0,816,9,0.16053921568627452
1.0,3,15.0,3,5.0,10.0,-2.3,15445,93,0.9358368404014245,0.038847523470378766,0.025315636128196827,661,7.10752688172043,3081.3855616704436,15.0,651,10,0.09831029185867896
1.0,3,15.0,3,5.0,10.0,-2.2,15445,93,0.8765943671090968,0.040466170281644544,0.08293946260925866,1131,12.161290322580646,5272.385885399805,15.0,1050,81,0.09523809523809523
1.0,3,15.0,3,5.0,10.0,-2.1,15445,93,0.8079637423114276,0.0,0.19203625768857235,1013,10.89247311827957,4722.3049530592425,20.0,930,83,0.09032258064516129
1.0,3,15.0,3,5.0,10.0,-2.0,15445,93,0.7650372288766591,0.00038847523470378765,0.2345742958886371,879,9.451612903225806,4097.636775655552,50.0,795,84,0.10440251572327044
1.0,3,15.0,3,5.0,10.0,-1.9,15445,93,0.669019100032373,0.03049530592424733,0.3004855940433797,1233,13.258064516129032,5747.879572677241,20.0,1146,87,0.07155322862129145
1.0,3,15.0,3,5.0,10.0,-1.8,15445,93,0.6685011330527679,0.0,0.33149886694723213,923,9.924731182795698,4302.751699579152,50.0,836,87,0.09688995215311005
1.0,3,15.0,3,5.0,10.0,-1.7,15445,93,0.6140498543217869,0.00038847523470378765,0.38556167044350925,735,7.903225806451613,3426.351570087407,85.0,648,87,0.125
1.0,3,15.0,3,5.0,10.0,-1.6,15445,93,0.5475558433149886,0.0387180317254775,0.4137261249595338,1034,11.118279569892474,4820.200712204597,65.0,945,89,0.01798941798941799
1.0,3,15.0,3,5.0,10.0,-1.5,15445,93,0.5284558109420524,0.04778245386856588,0.42376173518938165,1098,11.806451612903226,5118.549692457106,50.0,1009,89,0.0
1.0,3,15.0,3,5.0,10.0,-1.4,15445,93,0.5185496924571058,0.04778245386856588,0.43366785367432825,1099,11.817204301075268,5123.211395273552,50.0,1010,89,0.0
1.0,3,15.0,3,5.0,10.0,-1.3,15445,93,0.5041113629006151,0.01417934606668825,0.48170929103269666,992,10.666666666666666,4624.409193913888,50.0,903,89,0.0
1.0,3,15.0,3,5.0,10.0,-1.2,15445,93,0.49303981871155717,0.0,0.5069601812884429,904,9.720430107526882,4214.179346066689,60.0,815,89,0.0
1.0,3,15.0,3,5.0,10.0,-1.1,15445,93,0.46306247976691484,0.0,0.5369375202330852,936,10.064516129032258,4363.353836192942,55.0,847,89,0.0
1.0,3,15.0,3,5.0,10.0,-1.0,15445,93,0.43638718031725476,0.0,0.5636128196827452,968,10.408602150537634,4512.528326319198,50.0,879,89,0.0
1.0,3,15.0,3,5.0,10.0,-0.9,15445,93,0.42848818387827775,0.0,0.5715118161217222,966,10.387096774193548,4503.204920686307,50.0,877,89,0.0
1.0,3,15.0,3,5.0,10.0,-0.8,15445,93,0.4,0.005891874393007446,0.5941081256069926,910,9.78494623655914,4242.149562965361,50.0,822,88,0.0340632603406326
1.0,3,15.0,3,5.0,10.0,-0.7,15445,93,0.3614762058918744,0.026092586597604404,0.6124312075105212,986,10.602150537634408,4596.438977015215,40.0,900,86,0.06444444444444444
1.0,3,15.0,3,5.0,10.0,-0.6,15445,93,0.3422466817740369,0.02440919391388799,0.6333441243120751,917,9.86021505376344,4274.781482680479,40.0,832,85,0.08653846153846154
1.0,3,15.0,3,5.0,10.0,-0.5,15445,93,0.3482680479119456,0.0,0.6517319520880543,779,8.376344086021506,3631.466494011007,45.0,694,85,0.1037463976945245
1.0,3,15.0,3,5.0,10.0,-0.4,15445,93,0.3291680155390094,0.0,0.6708319844609906,788,8.473118279569892,3673.421819359016,40.0,704,84,0.10227272727272728
1.0,3,15.0,3,5.0,10.0,-0.3,15445,93,0.3049530592424733,0.0,0.6950469407575267,706,7.591397849462366,3291.1621884104893,40.0,624,82,0.11538461538461539
1.0,3,15.0,3,5.0,10.0,-0.2,15445,93,0.27808352217546134,0.0,0.7219164778245387,628,6.752688172043011,2927.5493687277435,40.0,546,82,0.13186813186813187
1.0,3,15.0,3,5.0,10.0,-0.1,15445,93,0.27348656523146647,0.0,0.7265134347685335,628,6.752688172043011,2927.5493687277435,40.0,546,82,0.13186813186813187
1.0,3,15.0,3,5.0,10.0,0.0,15445,93,0.25684687601165423,0.00019423761735189383,0.7429588863709938,556,5.978494623655914,2591.906765943671,75.0,474,82,0.1518987341772152
1.0,3,15.0,3,5.0,10.0,0.1,15445,93,0.25043703463904177,0.00019423761735189383,0.7493687277436063,556,5.978494623655914,2591.906765943671,75.0,474,82,0.1518987341772152
1.0,3,15.0,3,5.0,10.0,0.2,15445,93,0.24590482356749757,0.00019423761735189383,0.7539009388151505,554,5.956989247311828,2582.5833603107803,75.0,472,82,0.15466101694915255
1.0,3,15.0,3,5.0,10.0,0.3,15445,93,0.238459048235675,0.0,0.761540951764325,520,5.591397849462366,2424.0854645516347,75.0,439,81,0.20501138952164008
1.0,3,15.0,3,5.0,10.0,0.4,15445,93,0.22460343153123988,0.0,0.7753965684687602,419,4.505376344086022,1953.2534800906442,75.0,338,81,0.40828402366863903
1.0,3,15.0,3,5.0,10.0,0.5,15445,93,0.22033020394949823,0.0,0.7796697960505018,385,4.139784946236559,1794.7555843314988,75.0,304,81,0.506578947368421
1.0,3,15.0,3,5.0,10.0,0.6,15445,93,0.2157332470055034,0.0,0.7842667529944966,381,4.096774193548387,1776.1087730657168,75.0,300,81,0.5166666666666667
1.0,3,15.0,3,5.0,10.0,0.7,15445,93,0.2146973130462933,0.0,0.7853026869537068,381,4.096774193548387,1776.1087730657168,75.0,300,81,0.5166666666666667
1.0,3,15.0,3,5.0,10.0,0.8,15445,93,0.21178374878601489,0.0,0.7882162512139851,380,4.086021505376344,1771.4470702492715,75.0,300,80,0.5166666666666667
1.0,3,15.0,3,5.0,10.0,0.9,15445,93,0.2088701845257365,0.0,0.7911298154742635,380,4.086021505376344,1771.4470702492715,80.0,300,80,0.5166666666666667
1.0,3,15.0,3,5.0,10.0,1.0,15445,93,0.20692780835221755,0.0,0.7930721916477824,380,4.086021505376344,1771.4470702492715,80.0,300,80,0.5166666666666667
1.0,3,30.0,1,5.0,0.0,-4.0,15445,93,1.0,0.0,0.0,0,0.0,0.0,,0,0,
1.0,3,30.0,1,5.0,0.0,-3.9,15445,93,1.0,0.0,0.0,0,0.0,0.0,,0,0,
1.0,3,30.0,1,5.0,0.0,-3.8,15445,93,1.0,0.0,0.0,0,0.0,0.0,,0,0,
1.0,3,30.0,1,5.0,0.0,-3.7,15445,93,1.0,0.0,0.0,0,0.0,0.0,,0,0,
1.0,3,30.0,1,5.0,0.0,-3.6,15445,93,1.0,0.0,0.0,0,0.0,0.0,,0,0,
1.0,3,30.0,1,5.0,0.0,-3.5,15445,93,1.0,0.0,0.0,0,0.0,0.0,,0,0,
1.0,3,30.0,1,5.0,0.0,-3.4,15445,93,1.0,0.0,0.0,0,0.0,0.0,,0,0,
1.0,3,30.0,1,5.0,0.0,-3.3,15445,93,1.0,0.0,0.0,0,0.0,0.0,,0,0,
1.0,3,30.0,1,5.0,0.0,-3.2,15445,93,1.0,0.0,0.0,0,0.0,0.0,,0,0,
1.0,3,30.0,1,5.0,0.0,-3.1,15445,93,1.0,0.0,0.0,0,0.0,0.0,,0,0,
1.0,3,30.0,1,5.0,0.0,-3.0,15445,93,1.0,0.0,0.0,0,0.0,0.0,,0,0,
1.0,3,30.0,1,5.0,0.0,-2.9,15445,93,1.0,0.0,0.0,0,0.0,0.0,,0,0,
1.0,3,30.0,1,5.0,0.0,-2.8,15445,93,1.0,0.0,0.0,0,0.0,0.0,,0,0,
1.0,3,30.0,1,5.0,0.0,-2.7,15445,93,1.0,0.0,0.0,0,0.0,0.0,,0,0,
1.0,3,30.0,1,5.0,0.0,-2.6,15445,93,1.0,0.0,0.0,0,0.0,0.0,,0,0,
1.0,3,30.0,1,5.0,0.0,-2.5,15445,93,1.0,0.0,0.0,0,0.0,0.0,,0,0,
1.0,3,30.0,1,5.0,0.0,-2.4,15445,93,0.9985108449336355,0.0014891550663645192,0.0,6,0.06451612903225806,27.970216898672707,45.0,6,0,0.3333333333333333
1.0,3,30.0,1,5.0,0.0,-2.3,15445,93,0.9145354483651668,0.08546455163483328,0.0,147,1.5806451612903225,685.2703140174814,95.0,143,4,0.972027972027972
1.0,3,30.0,1,5.0,0.0,-2.2,15445,93,0.7544836516672062,0.24486888960828748,0.0006474587245063128,735,7.903225806451613,3426.351570087407,30.0,723,12,0.3775933609958506
1.0,3,30.0,1,5.0,0.0,-2.1,15445,93,0.6465522822920039,0.2910974425380382,0.06235027516995791,1380,14.838709677419354,6433.149886694723,25.0,1363,17,0.26559060895084374
1.0,3,30.0,1,5.0,0.0,-2.0,15445,93,0.6253156361281969,0.2031078018776303,0.17157656199417287,906,9.741935483870968,4223.50275169958,70.0,888,18,0.42004504504504503
1.0,3,30.0,1,5.0,0.0,-1.9,15445,93,0.615797992877954,0.20582712852055682,0.17837487860148915,889,9.559139784946236,4144.253803820006,75.0,871,18,0.425947187141217
1.0,3,30.0,1,5.0,0.0,-1.8,15445,93,0.5542246681774037,0.204920686306248,0.24085464551634833,1461,15.709677419354838,6810.747814826805,25.0,1440,21,0.2125
1.0,3,30.0,1,5.0,0.0,-1.7,15445,93,0.5384914211719003,0.09478795726772418,0.36672062156037555,1211,13.021505376344086,5645.322110715441,45.0,1189,22,0.18502943650126155
1.0,3,30.0,1,5.0,0.0,-1.6,15445,93,0.5314341210747815,0.04920686306247977,0.41935901586273877,1368,14.709677419354838,6377.209452897378,10.0,1346,22,0.16419019316493313
1.0,3,30.0,1,5.0,0.0,-1.5,15445,93,0.5239883457429589,0.03968921981223697,0.4363224344448041,1214,13.053763440860216,5659.307219164778,10.0,1192,22,0.19798657718120805
1.0,3,30.0,1,5.0,0.0,-1.4,15445,93,0.513952735513111,0.03994820330203949,0.4460990611848495,1218,13.096774193548388,5677.95403043056,7.5,1197,21,0.1871345029239766
1.0,3,30.0,1,5.0,0.0,-1.3,15445,93,0.4014891550663645,0.13868565878925218,0.4598251861443833,1377,14.806451612903226,6419.1647782453865,30.0,1355,22,0.17564575645756458
1.0,3,30.0,1,5.0,0.0,-1.2,15445,93,0.37261249595338297,0.13745548721269019,0.48993201683392684,1377,14.806451612903226,6419.1647782453865,20.0,1355,22,0.16383763837638377
1.0,3,30.0,1,5.0,0.0,-1.1,15445,93,0.36056976367756555,0.13784396244739397,0.5015862738750405,1378,14.817204301075268,6423.826481061832,15.0,1356,22,0.16371681415929204
1.0,3,30.0,1,5.0,0.0,-1.0,15445,93,0.3513758497895759,0.1389446422790547,0.5096795079313694,1377,14.806451612903226,6419.1647782453865,15.0,1355,22,0.16457564575645756
1.0,3,30.0,1,5.0,0.0,-0.9,15445,93,0.34360634509550014,0.1388798964066041,0.5175137584978957,1376,14.795698924731182,6414.503075428942,10.0,1354,22,0.16395864106351551
1.0,3,30.0,1,5.0,0.0,-0.8,15445,93,0.3310456458400777,0.14153447717707995,0.5274198769828423,1229,13.21505376344086,5729.232761411461,30.0,1207,22,0.18475559237779618
1.0,3,30.0,1,5.0,0.0,-0.7,15445,93,0.3248300420848171,0.07050825509873745,0.6046617028164455,1714,18.43010752688172,7990.158627387504,10.0,1691,23,0.08219988172678888
1.0,3,30.0,1,5.0,0.0,-0.6,15445,93,0.30314017481385563,0.053609582389122695,0.6432502427970217,1308,14.064516129032258,6097.5072839106515,5.0,1227,81,0.1132844335778321
1.0,3,30.0,1,5.0,0.0,-0.5,15445,93,0.24978957591453546,0.09996762706377468,0.6502427970216899,1484,15.956989247311828,6917.96697960505,5.0,1402,82,0.05349500713266762
1.0,3,30.0,1,5.0,0.0,-0.4,15445,93,0.23412107478148267,0.10734865652314665,0.6585302686953707,1171,12.591397849462366,5458.853998057623,20.0,1151,20,0.11989574283231973
1.0,3,30.0,1,5.0,0.0,-0.3,15445,93,0.2288119132405309,0.08520556814503076,0.6859825186144384,1102,11.849462365591398,5137.196503722887,15.0,1023,79,0.07429130009775171
1.0,3,30.0,1,5.0,0.0,-0.2,15445,93,0.22020071220459694,0.08229200388475234,0.6975072839106506,1106,11.89247311827957,5155.84331498867,20.0,1027,79,0.07400194741966894
1.0,3,30.0,1,5.0,0.0,-0.1,15445,93,0.21586273875040465,0.08203302039494982,0.7021042408546455,1102,11.849462365591398,5137.196503722887,15.0,1023,79,0.07429130009775171
1.0,3,30.0,1,5.0,0.0,0.0,15445,93,0.20647458724506312,0.035804467465199094,0.7577209452897378,1106,11.89247311827957,5155.84331498867,7.5,1027,79,0.07400194741966894
1.0,3,30.0,1,5.0,0.0,0.1,15445,93,0.19883457429588863,0.035739721592748463,0.7654257041113629,1105,11.881720430107526,5151.181612172224,5.0,1026,79,0.07309941520467836
1.0,3,30.0,1,5.0,0.0,0.2,15445,93,0.1946260925865976,0.03444480414373584,0.7709291032696666,1018,10.946236559139784,4745.61346714147,5.0,939,79,0.07987220447284345
1.0,3,30.0,1,5.0,0.0,0.3,15445,93,0.18892845581094206,0.03166073162835869,0.7794108125606992,934,10.043010752688172,4354.030430560052,10.0,855,79,0.08888888888888889
1.0,3,30.0,1,5.0,0.0,0.4,15445,93,0.18478471997410165,0.0250566526383943,0.7901586273875041,767,8.24731182795699,3575.5260602136614,5.0,692,75,0.23121387283236994
1.0,3,30.0,1,5.0,0.0,0.5,15445,93,0.18387827775979282,0.024732923276141145,0.791388798964066,764,8.21505376344086,3561.5409517643247,10.0,689,75,0.23222060957910015
1.0,3,30.0,1,5.0,0.0,0.6,15445,93,0.1797345419229524,0.024603431531239884,0.7956620265458078,761,8.182795698924732,3547.5558433149886,10.0,686,75,0.23469387755102042
1.0,3,30.0,1,5.0,0.0,0.7,15445,93,0.17869860796374232,0.024603431531239884,0.7966979605050178,761,8.182795698924732,3547.5558433149886,10.0,686,75,0.23469387755102042
1.0,3,30.0,1,5.0,0.0,0.8,15445,93,0.1757850437034639,0.024668177403690515,0.7995467788928455,762,8.193548387096774,3552.2175461314337,7.5,687,75,0.23435225618631733
1.0,3,30.0,1,5.0,0.0,0.9,15445,93,0.1728714794431855,0.024603431531239884,0.8025250890255746,761,8.182795698924732,3547.5558433149886,5.0,686,75,0.23469387755102042
1.0,3,30.0,1,5.0,0.0,1.0,15445,93,0.17086435739721592,0.024603431531239884,0.8045322110715442,760,8.172043010752688,3542.894140498543,5.0,685,75,0.23503649635036497
1.0,3,30.0,2,5.0,5.0,-4.0,15445,93,1.0,0.0,0.0,0,0.0,0.0,,0,0,
1.0,3,30.0,2,5.0,5.0,-3.9,15445,93,1.0,0.0,0.0,0,0.0,0.0,,0,0,
1.0,3,30.0,2,5.0,5.0,-3.8,15445,93,1.0,0.0,0.0,0,0.0,0.0,,0,0,
1.0,3,30.0,2,5.0,5.0,-3.7,15445,93,1.0,0.0,0.0,0,0.0,0.0,,0,0,
1.0,3,30.0,2,5.0,5.0,-3.6,15445,93,1.0,0.0,0.0,0,0.0,0.0,,0,0,
1.0,3,30.0,2,5.0,5.0,-3.5,15445,93,1.0,0.0,0.0,0,0.0,0.0,,0,0,
1.0,3,30.0,2,5.0,5.0,-3.4,15445,93,1.0,0.0,0.0,0,0.0,0.0,,0,0,
1.0,3,30.0,2,5.0,5.0,-3.3,15445,93,1.0,0.0,0.0,0,0.0,0.0,,0,0,
1.0,3,30.0,2,5.0,5.0,-3.2,15445,93,1.0,0.0,0.0,0,0.0,0.0,,0,0,
1.0,3,30.0,2,5.0,5.0,-3.1,15445,93,1.0,0.0,0.0,0,0.0,0.0,,0,0,
1.0,3,30.0,2,5.0,5.0,-3.0,15445,93,1.0,0.0,0.0,0,0.0,0.0,,0,0,
1.0,3,30.0,2,5.0,5.0,-2.9,15445,93,1.0,0.0,0.0,0,0.0,0.0,,0,0,
1.0,3,30.0,2,5.0,5.0,-2.8,15445,93,1.0,0.0,0.0,0,0.0,0.0,,0,0,
1.0,3,30.0,2,5.0,5.0,-2.7,15445,93,1.0,0.0,0.0,0,0.0,0.0,,0,0,
1.0,3,30.0,2,5.0,5.0,-2.6,15445,93,1.0,0.0,0.0,0,0.0,0.0,,0,0,
1.0,3,30.0,2,5.0,5.0,-2.5,15445,93,1.0,0.0,0.0,0,0.0,0.0,,0,0,
1.0,3,30.0,2,5.0,5.0,-2.4,15445,93,0.9984460990611849,0.0015539009388151506,0.0,4,0.043010752688172046,18.646811265781807,67.5,4,0,0.5
1.0,3,30.0,2,5.0,5.0,-2.3,15445,93,0.9146649401100679,0.08533505988993202,0.0,145,1.5591397849462365,675.9469083845905,95.0,140,5,0.9857142857142858
1.0,3,30.0,2,5.0,5.0,-2.2,15445,93,0.7452897377792166,0.25406280349627713,0.0006474587245063128,432,4.645161290322581,2013.8556167044353,90.0,419,13,0.8257756563245824
1.0,3,30.0,2,5.0,5.0,-2.1,15445,93,0.6408546455163483,0.2923276141146002,0.06681774036905147,888,9.548387096774194,4139.592101003561,75.0,870,18,0.5114942528735632
1.0,3,30.0,2,5.0,5.0,-2.0,15445,93,0.6359339592101003,0.18336031078018777,0.18070573000971188,606,6.516129032258065,2824.9919067659434,95.0,587,19,0.5076660988074957
1.0,3,30.0,2,5.0,5.0,-1.9,15445,93,0.6253156361281969,0.1873745548721269,0.18730980899967628,607,6.526881720430108,2829.653609582389,95.0,588,19,0.5068027210884354
1.0,3,30.0,2,5.0,5.0,-1.8,15445,93,0.5593395921010036,0.1867918420200712,0.2538685658789252,949,10.204301075268818,4423.955972806733,65.0,865,84,0.19653179190751446
1.0,3,30.0,2,5.0,5.0,-1.7,15445,93,0.5542894140498543,0.060666882486241504,0.38504370346390415,684,7.354838709677419,3188.604726448689,95.0,596,88,0.13590604026845637
1.0,3,30.0,2,5.0,5.0,-1.6,15445,93,0.5523470378763354,0.010100356102298478,0.43755260602136614,763,8.204301075268818,3556.8792489478797,95.0,675,88,0.12
1.0,3,30.0,2,5.0,5.0,-1.5,15445,93,0.5447717707996115,0.0007769504694075753,0.4544512787309809,607,6.526881720430108,2829.653609582389,95.0,519,88,0.15606936416184972
1.0,3,30.0,2,5.0,5.0,-1.4,15445,93,0.534865652314665,0.0007769504694075753,0.4643573972159275,608,6.537634408602151,2834.3153123988345,100.0,520,88,0.15576923076923077
1.0,3,30.0,2,5.0,5.0,-1.3,15445,93,0.42272580123017156,0.10035610229847847,0.47691809647135,787,8.46236559139785,3668.76011654257,90.0,699,88,0.11731044349070101
1.0,3,30.0,2,5.0,5.0,-1.2,15445,93,0.39384914211719,0.09808999676270638,0.5080608611201036,768,8.258064516129032,3580.1877630301065,95.0,680,88,0.12058823529411765
1.0,3,30.0,2,5.0,5.0,-1.1,15445,93,0.38200064745872453,0.0983489802525089,0.5196503722887665,768,8.258064516129032,3580.1877630301065,95.0,680,88,0.11911764705882352
1.0,3,30.0,2,5.0,5.0,-1.0,15445,93,0.3692457105859501,0.09938491421171901,0.5313693752023309,712,7.655913978494624,3319.132405309161,95.0,625,87,0.1744
1.0,3,30.0,2,5.0,5.0,-0.9,15445,93,0.3575914535448365,0.09938491421171901,0.5430236322434445,652,7.010752688172043,3039.4302363224347,95.0,567,85,0.24514991181657847
1.0,3,30.0,2,5.0,5.0,-0.8,15445,93,0.34787957267724184,0.11155713823243768,0.5405632890903205,768,8.258064516129032,3580.1877630301065,95.0,680,88,0.11911764705882352
1.0,3,30.0,2,5.0,5.0,-0.7,15445,93,0.346973130462933,0.030430560051796698,0.6225963094852703,1094,11.763440860215054,5099.902881191324,30.0,1005,89,0.0
1.0,3,30.0,2,5.0,5.0,-0.6,15445,93,0.32398834574295887,0.009388151505341535,0.6666235027516996,605,6.505376344086022,2820.3302039494984,85.0,523,82,0.13766730401529637
1.0,3,30.0,2,5.0,5.0,-0.5,15445,93,0.26157332470055034,0.06144383295564908,0.6769828423438006,553,5.946236559139785,2577.921657494335,75.0,534,19,0.250936329588015
1.0,3,30.0,2,5.0,5.0,-0.4,15445,93,0.25594043379734543,0.07199741016510197,0.6720621560375526,689,7.408602150537634,3211.913240530916,75.0,666,23,0.2012012012012012
1.0,3,30.0,2,5.0,5.0,-0.3,15445,93,0.25076076400129493,0.053739074134023956,0.6955001618646811,617,6.634408602150538,2876.270637746844,65.0,536,81,0.13432835820895522
1.0,3,30.0,2,5.0,5.0,-0.2,15445,93,0.24234380058271285,0.05043703463904176,0.7072191647782454,615,6.612903225806452,2866.947232113953,60.0,534,81,0.1348314606741573
1.0,3,30.0,2,5.0,5.0,-0.1,15445,93,0.23794108125606991,0.05043703463904176,0.7116218841048884,615,6.612903225806452,2866.947232113953,60.0,534,81,0.1348314606741573
1.0,3,30.0,2,5.0,5.0,0.0,15445,93,0.2327614114600194,0.0,0.7672385885399806,553,5.946236559139785,2577.921657494335,75.0,472,81,0.15254237288135594
1.0,3,30.0,2,5.0,5.0,0.1,15445,93,0.21417934606668826,0.0,0.7858206539333118,384,4.129032258064516,1790.0938815150532,75.0,304,80,0.506578947368421
1.0,3,30.0,2,5.0,5.0,0.2,15445,93,0.21210747814826805,0.004273227581741664,0.7836192942699903,450,4.838709677419355,2097.766267400453,75.0,370,80,0.32972972972972975
1.0,3,30.0,2,5.0,5.0,0.3,15445,93,0.20971188086759468,0.0027193266429265135,0.7875687924894788,418,4.494623655913978,1948.5917772741986,75.0,338,80,0.40828402366863903
1.0,3,30.0,2,5.0,5.0,0.4,15445,93,0.20543865328585303,0.00038847523470378765,0.7941728714794432,382,4.10752688172043,1780.7704758821624,75.0,302,80,0.5099337748344371
1.0,3,30.0,2,5.0,5.0,0.5,15445,93,0.20459695694399482,0.00012949174490126255,0.7952735513111039,382,4.10752688172043,1780.7704758821624,75.0,302,80,0.5132450331125827
1.0,3,30.0,2,5.0,5.0,0.6,15445,93,0.20058271285205567,0.0,0.7994172871479444,380,4.086021505376344,1771.4470702492715,75.0,300,80,0.5166666666666667
1.0,3,30.0,2,5.0,5.0,0.7,15445,93,0.19954677889284558,0.0,0.8004532211071544,380,4.086021505376344,1771.4470702492715,75.0,300,80,0.5166666666666667
1.0,3,30.0,2,5.0,5.0,0.8,15445,93,0.1966979605050178,0.0,0.8033020394949822,380,4.086021505376344,1771.4470702492715,75.0,300,80,0.5166666666666667
1.0,3,30.0,2,5.0,5.0,0.9,15445,93,0.19203625768857235,0.0,0.8079637423114276,354,3.806451612903226,1650.2427970216897,80.0,287,67,0.5400696864111498
1.0,3,30.0,2,5.0,5.0,1.0,15445,93,0.18834574295888637,0.0,0.8116542570411136,328,3.5268817204301075,1529.038523794108,90.0,274,54,0.5656934306569343
1.0,3,30.0,3,5.0,10.0,-4.0,15445,93,1.0,0.0,0.0,0,0.0,0.0,,0,0,
1.0,3,30.0,3,5.0,10.0,-3.9,15445,93,1.0,0.0,0.0,0,0.0,0.0,,0,0,
1.0,3,30.0,3,5.0,10.0,-3.8,15445,93,1.0,0.0,0.0,0,0.0,0.0,,0,0,
1.0,3,30.0,3,5.0,10.0,-3.7,15445,93,1.0,0.0,0.0,0,0.0,0.0,,0,0,
1.0,3,30.0,3,5.0,10.0,-3.6,15445,93,1.0,0.0,0.0,0,0.0,0.0,,0,0,
1.0,3,30.0,3,5.0,10.0,-3.5,15445,93,1.0,0.0,0.0,0,0.0,0.0,,0,0,
1.0,3,30.0,3,5.0,10.0,-3.4,15445,93,1.0,0.0,0.0,0,0.0,0.0,,0,0,
1.0,3,30.0,3,5.0,10.0,-3.3,15445,93,1.0,0.0,0.0,0,0.0,0.0,,0,0,
1.0,3,30.0,3,5.0,10.0,-3.2,15445,93,1.0,0.0,0.0,0,0.0,0.0,,0,0,
1.0,3,30.0,3,5.0,10.0,-3.1,15445,93,1.0,0.0,0.0,0,0.0,0.0,,0,0,
1.0,3,30.0,3,5.0,10.0,-3.0,15445,93,1.0,0.0,0.0,0,0.0,0.0,,0,0,
1.0,3,30.0,3,5.0,10.0,-2.9,15445,93,1.0,0.0,0.0,0,0.0,0.0,,0,0,
1.0,3,30.0,3,5.0,10.0,-2.8,15445,93,1.0,0.0,0.0,0,0.0,0.0,,0,0,
1.0,3,30.0,3,5.0,10.0,-2.7,15445,93,1.0,0.0,0.0,0,0.0,0.0,,0,0,
1.0,3,30.0,3,5.0,10.0,-2.6,15445,93,1.0,0.0,0.0,0,0.0,0.0,,0,0,
1.0,3,30.0,3,5.0,10.0,-2.5,15445,93,1.0,0.0,0.0,0,0.0,0.0,,0,0,
1.0,3,30.0,3,5.0,10.0,-2.4,15445,93,0.9984460990611849,0.0015539009388151506,0.0,4,0.043010752688172046,18.646811265781807,67.5,4,0,0.5
1.0,3,30.0,3,5.0,10.0,-2.3,15445,93,0.9148591777274199,0.08514082227258012,0.0,145,1.5591397849462365,675.9469083845905,95.0,140,5,0.9857142857142858
1.0,3,30.0,3,5.0,10.0,-2.2,15445,93,0.7458077047588216,0.2534153447717708,0.0007769504694075753,429,4.612903225806452,1999.870508255099,90.0,416,13,0.8293269230769231
1.0,3,30.0,3,5.0,10.0,-2.1,15445,93,0.6416315959857559,0.27348656523146647,0.0848818387827776,603,6.483870967741935,2811.0067983166073,90.0,586,17,0.757679180887372
1.0,3,30.0,3,5.0,10.0,-2.0,15445,93,0.6367109096795079,0.18297183554548396,0.1803172547750081,603,6.483870967741935,2811.0067983166073,95.0,584,19,0.5085616438356164
1.0,3,30.0,3,5.0,10.0,-1.9,15445,93,0.6260925865976044,0.1869860796374231,0.18692133376497247,603,6.483870967741935,2811.0067983166073,95.0,584,19,0.5085616438356164
1.0,3,30.0,3,5.0,10.0,-1.8,15445,93,0.5601812884428617,0.16924571058595014,0.2705730009711881,682,7.333333333333333,3179.281320815798,95.0,597,85,0.2830820770519263
1.0,3,30.0,3,5.0,10.0,-1.7,15445,93,0.5551311103917125,0.06053739074134024,0.38433149886694723,679,7.301075268817204,3165.296212366462,95.0,592,87,0.13682432432432431
1.0,3,30.0,3,5.0,10.0,-1.6,15445,93,0.5531887342181936,0.0,0.4468112657818064,602,6.473118279569892,2806.3450955001617,95.0,515,87,0.15728155339805824
1.0,3,30.0,3,5.0,10.0,-1.5,15445,93,0.545742958886371,0.0007769504694075753,0.45348009064422146,605,6.505376344086022,2820.3302039494984,95.0,518,87,0.15637065637065636
1.0,3,30.0,3,5.0,10.0,-1.4,15445,93,0.5359015862738751,0.0007769504694075753,0.46332146325671736,605,6.505376344086022,2820.3302039494984,95.0,517,88,0.15667311411992263
1.0,3,30.0,3,5.0,10.0,-1.3,15445,93,0.4239559728067336,0.09821948850760764,0.4778245386856588,769,8.268817204301076,3584.8494658465524,95.0,681,88,0.12041116005873716
1.0,3,30.0,3,5.0,10.0,-1.2,15445,93,0.3925542246681774,0.09789575914535448,0.5095500161864681,739,7.946236559139785,3444.9983813531885,95.0,652,87,0.147239263803681
1.0,3,30.0,3,5.0,10.0,-1.1,15445,93,0.36943994820330206,0.09815474263515701,0.5324053091615409,623,6.698924731182796,2904.2408546455167,95.0,539,84,0.28385899814471244
1.0,3,30.0,3,5.0,10.0,-1.0,15445,93,0.3621236646163807,0.0991906765943671,0.5386856587892522,623,6.698924731182796,2904.2408546455167,95.0,539,84,0.28385899814471244
1.0,3,30.0,3,5.0,10.0,-0.9,15445,93,0.35377144707024927,0.0991906765943671,0.5470378763353836,597,6.419354838709677,2783.0365814179345,95.0,514,83,0.29766536964980544
1.0,3,30.0,3,5.0,10.0,-0.8,15445,93,0.33881515053415345,0.10566526383943024,0.5555195856264163,572,6.150537634408602,2666.4940110067982,95.0,489,83,0.30879345603271985
1.0,3,30.0,3,5.0,10.0,-0.7,15445,93,0.3351893816769181,0.0,0.6648106183230819,488,5.247311827956989,2274.91097442538,90.0,407,81,0.1769041769041769
1.0,3,30.0,3,5.0,10.0,-0.6,15445,93,0.3242473292327614,0.005309161540951764,0.6704435092262868,551,5.924731182795699,2568.5982518614437,85.0,470,81,0.15319148936170213
1.0,3,30.0,3,5.0,10.0,-0.5,15445,93,0.26720621560375524,0.05723535124635804,0.6755584331498867,553,5.946236559139785,2577.921657494335,70.0,472,81,0.15254237288135594
1.0,3,30.0,3,5.0,10.0,-0.4,15445,93,0.26157332470055034,0.06247976691485918,0.6759469083845905,607,6.526881720430108,2829.653609582389,70.0,524,83,0.13740458015267176
1.0,3,30.0,3,5.0,10.0,-0.3,15445,93,0.25639365490449983,0.053480090644221434,0.6901262544512787,615,6.612903225806452,2866.947232113953,65.0,534,81,0.1348314606741573
1.0,3,30.0,3,5.0,10.0,-0.2,15445,93,0.24797669148591778,0.0503075428941405,0.7017157656199418,615,6.612903225806452,2866.947232113953,60.0,534,81,0.1348314606741573
1.0,3,30.0,3,5.0,10.0,-0.1,15445,93,0.24357397215927484,0.0503075428941405,0.7061184849465847,614,6.602150537634409,2862.2855292975073,60.0,533,81,0.1350844277673546
1.0,3,30.0,3,5.0,10.0,0.0,15445,93,0.2221430883781159,0.0,0.7778569116218841,383,4.118279569892473,1785.432178698608,70.0,303,80,0.5082508250825083
1.0,3,30.0,3,5.0,10.0,0.1,15445,93,0.2198769828423438,0.0,0.7801230171576562,383,4.118279569892473,1785.432178698608,70.0,303,80,0.5082508250825083
1.0,3,30.0,3,5.0,10.0,0.2,15445,93,0.2178051149239236,0.0,0.7821948850760764,384,4.129032258064516,1790.0938815150532,70.0,304,80,0.506578947368421
1.0,3,30.0,3,5.0,10.0,0.3,15445,93,0.21521528002589835,0.0005179669796050502,0.7842667529944966,382,4.10752688172043,1780.7704758821624,70.0,302,80,0.5099337748344371
1.0,3,30.0,3,5.0,10.0,0.4,15445,93,0.20861120103593395,0.00038847523470378765,0.7910003237293622,356,3.827956989247312,1659.5662026545806,70.0,289,67,0.532871972318339
1.0,3,30.0,3,5.0,10.0,0.5,15445,93,0.20524441566850113,0.0,0.7947555843314988,328,3.5268817204301075,1529.038523794108,80.0,274,54,0.5656934306569343
1.0,3,30.0,3,5.0,10.0,0.6,15445,93,0.19889932016833928,0.0,0.8011006798316608,304,3.2688172043010755,1417.1576561994173,250.0,262,42,0.5916030534351145
1.0,3,30.0,3,5.0,10.0,0.7,15445,93,0.19475558433149887,0.0,0.8052444156685011,272,2.924731182795699,1267.9831660731627,255.0,232,40,0.6077586206896551
1.0,3,30.0,3,5.0,10.0,0.8,15445,93,0.18685658789252185,0.0,0.8131434121074782,220,2.3655913978494625,1025.5746196179994,260.0,206,14,0.6844660194174758
1.0,3,30.0,3,5.0,10.0,0.9,15445,93,0.1785043703463904,0.0,0.8214956296536096,156,1.6774193548387097,727.2256393654905,260.0,144,12,0.7708333333333334
1.0,3,30.0,3,5.0,10.0,1.0,15445,93,0.17733894464227906,0.0,0.8226610553577209,156,1.6774193548387097,727.2256393654905,260.0,144,12,0.7708333333333334
1.0,3,60.0,1,5.0,0.0,-4.0,15445,93,1.0,0.0,0.0,0,0.0,0.0,,0,0,
1.0,3,60.0,1,5.0,0.0,-3.9,15445,93,1.0,0.0,0.0,0,0.0,0.0,,0,0,
1.0,3,60.0,1,5.0,0.0,-3.8,15445,93,1.0,0.0,0.0,0,0.0,0.0,,0,0,
1.0,3,60.0,1,5.0,0.0,-3.7,15445,93,1.0,0.0,0.0,0,0.0,0.0,,0,0,
1.0,3,60.0,1,5.0,0.0,-3.6,15445,93,1.0,0.0,0.0,0,0.0,0.0,,0,0,
1.0,3,60.0,1,5.0,0.0,-3.5,15445,93,1.0,0.0,0.0,0,0.0,0.0,,0,0,
1.0,3,60.0,1,5.0,0.0,-3.4,15445,93,1.0,0.0,0.0,0,0.0,0.0,,0,0,
1.0,3,60.0,1,5.0,0.0,-3.3,15445,93,1.0,0.0,0.0,0,0.0,0.0,,0,0,
1.0,3,60.0,1,5.0,0.0,-3.2,15445,93,1.0,0.0,0.0,0,0.0,0.0,,0,0,
1.0,3,60.0,1,5.0,0.0,-3.1,15445,93,1.0,0.0,0.0,0,0.0,0.0,,0,0,
1.0,3,60.0,1,5.0,0.0,-3.0,15445,93,1.0,0.0,0.0,0,0.0,0.0,,0,0,
1.0,3,60.0,1,5.0,0.0,-2.9,15445,93,1.0,0.0,0.0,0,0.0,0.0,,0,0,
1.0,3,60.0,1,5.0,0.0,-2.8,15445,93,1.0,0.0,0.0,0,0.0,0.0,,0,0,
1.0,3,60.0,1,5.0,0.0,-2.7,15445,93,1.0,0.0,0.0,0,0.0,0.0,,0,0,
1.0,3,60.0,1,5.0,0.0,-2.6,15445,93,1.0,0.0,0.0,0,0.0,0.0,,0,0,
1.0,3,60.0,1,5.0,0.0,-2.5,15445,93,1.0,0.0,0.0,0,0.0,0.0,,0,0,
1.0,3,60.0,1,5.0,0.0,-2.4,15445,93,0.9992230495305924,0.0007769504694075753,0.0,4,0.043010752688172046,18.646811265781807,67.5,4,0,0.5
1.0,3,60.0,1,5.0,0.0,-2.3,15445,93,0.9484622855292975,0.051537714470702496,0.0,256,2.752688172043011,1193.3959210100356,30.0,252,4,0.27380952380952384
1.0,3,60.0,1,5.0,0.0,-2.2,15445,93,0.8443509226286824,0.15532534800906442,0.0003237293622531564,684,7.354838709677419,3188.604726448689,30.0,673,11,0.3060921248142645
1.0,3,60.0,1,5.0,0.0,-2.1,15445,93,0.7174490126254451,0.24150210424085464,0.041048883133700226,1060,11.397849462365592,4941.404985432179,30.0,1044,16,0.21264367816091953
1.0,3,60.0,1,5.0,0.0,-2.0,15445,93,0.6533505988993201,0.2271285205568145,0.11952088054386532,1036,11.13978494623656,4829.524117837488,40.0,1018,18,0.14636542239685657
1.0,3,60.0,1,5.0,0.0,-1.9,15445,93,0.6300420848170929,0.21605697636775656,0.15390093881515055,903,9.709677419354838,4209.517643250243,45.0,885,18,0.16836158192090395
1.0,3,60.0,1,5.0,0.0,-1.8,15445,93,0.5526707672385885,0.22907089673033343,0.21825833603107803,1165,12.526881720430108,5430.883781158951,30.0,1145,20,0.12925764192139738
1.0,3,60.0,1,5.0,0.0,-1.7,15445,93,0.48831337002266106,0.20271932664292652,0.3089673033344124,1205,12.956989247311828,5617.351893816769,30.0,1184,21,0.125
1.0,3,60.0,1,5.0,0.0,-1.6,15445,93,0.4479766914859178,0.17746843638718032,0.3745548721269019,1071,11.516129032258064,4992.683716413078,35.0,1049,22,0.21067683508102955
1.0,3,60.0,1,5.0,0.0,-1.5,15445,93,0.44260278407251535,0.1706053739074134,0.3867918420200712,1073,11.53763440860215,5002.0071220459695,30.0,1051,22,0.21122740247383445
1.0,3,60.0,1,5.0,0.0,-1.4,15445,93,0.43470378763353834,0.15869213337649724,0.40660407898996437,1073,11.53763440860215,5002.0071220459695,30.0,1051,22,0.21217887725975262
1.0,3,60.0,1,5.0,0.0,-1.3,15445,93,0.35998705082550986,0.20213661379087083,0.4378763353836193,1364,14.666666666666666,6358.562641631596,30.0,1339,25,0.16579536967886482
1.0,3,60.0,1,5.0,0.0,-1.2,15445,93,0.3414049854321787,0.16743282615733246,0.4911621884104888,1219,13.10752688172043,5682.615733247006,30.0,1195,24,0.1723849372384937
1.0,3,60.0,1,5.0,0.0,-1.1,15445,93,0.3288442861767562,0.12644868889608288,0.5447070249271609,947,10.182795698924732,4414.632567173842,40.0,928,19,0.14870689655172414
1.0,3,60.0,1,5.0,0.0,-1.0,15445,93,0.32139851084493365,0.10747814826804791,0.5711233408870184,812,8.731182795698924,3785.3026869537066,35.0,796,16,0.17336683417085427
1.0,3,60.0,1,5.0,0.0,-0.9,15445,93,0.3163483327937844,0.1082550987374555,0.5753965684687601,812,8.731182795698924,3785.3026869537066,35.0,796,16,0.17336683417085427
1.0,3,60.0,1,5.0,0.0,-0.8,15445,93,0.3089673033344124,0.11226934282939463,0.5787633538361929,812,8.731182795698924,3785.3026869537066,35.0,796,16,0.17336683417085427
1.0,3,60.0,1,5.0,0.0,-0.7,15445,93,0.2449336354807381,0.12560699255422467,0.6294593719650372,975,10.483870967741936,4545.160246034316,20.0,959,16,0.14389989572471323
1.0,3,60.0,1,5.0,0.0,-0.6,15445,93,0.22654580770475882,0.1260602136613791,0.647393978633862,876,9.419354838709678,4083.6516672062153,30.0,797,79,0.17314930991217065
1.0,3,60.0,1,5.0,0.0,-0.5,15445,93,0.19106506960181288,0.1559080608611201,0.653026869537067,833,8.956989247311828,3883.1984460990616,30.0,754,79,0.10079575596816977
1.0,3,60.0,1,5.0,0.0,-0.4,15445,93,0.1849142117190029,0.15169957915182908,0.663386209129168,733,7.881720430107527,3417.028164454516,45.0,654,79,0.1162079510703364
1.0,3,60.0,1,5.0,0.0,-0.3,15445,93,0.18122369698931692,0.1507283910650696,0.6680479119456134,707,7.602150537634409,3295.8238912269344,40.0,628,79,0.11942675159235669
1.0,3,60.0,1,5.0,0.0,-0.2,15445,93,0.17507283910650695,0.10903204920686306,0.71589511168663,768,8.258064516129032,3580.1877630301065,35.0,689,79,0.22931785195936139
1.0,3,60.0,1,5.0,0.0,-0.1,15445,93,0.17500809323405633,0.10346390417610878,0.7215280025898348,766,8.236559139784946,3570.864357397216,35.0,687,79,0.22998544395924309
1.0,3,60.0,1,5.0,0.0,0.0,15445,93,0.16315959857559081,0.07186791842020071,0.7649724830042085,575,6.182795698924731,2680.479119456135,40.0,497,78,0.317907444668008
1.0,3,60.0,1,5.0,0.0,0.1,15445,93,0.16303010683068955,0.048106183230819034,0.7888637099384914,477,5.129032258064516,2223.6322434444805,25.0,402,75,0.39552238805970147
1.0,3,60.0,1,5.0,0.0,0.2,15445,93,0.16179993525412756,0.04176108773065717,0.7964389770152153,477,5.129032258064516,2223.6322434444805,20.0,402,75,0.39552238805970147
1.0,3,60.0,1,5.0,0.0,0.3,15445,93,0.1617351893816769,0.03988345742958886,0.7983813531887343,475,5.10752688172043,2214.3088378115895,20.0,400,75,0.3975
1.0,3,60.0,1,5.0,0.0,0.4,15445,93,0.16056976367756556,0.022143088378115895,0.8172871479443186,314,3.3763440860215055,1463.7746843638718,15.0,245,69,0.34285714285714286
1.0,3,60.0,1,5.0,0.0,0.5,15445,93,0.16050501780511492,0.02130139203625769,0.8181935901586274,312,3.3548387096774195,1454.451278730981,15.0,243,69,0.3497942386831276
1.0,3,60.0,1,5.0,0.0,0.6,15445,93,0.15927484622855292,0.01722240207186792,0.8235027516995792,312,3.3548387096774195,1454.451278730981,12.5,243,69,0.3497942386831276
1.0,3,60.0,1,5.0,0.0,0.7,15445,93,0.15927484622855292,0.01722240207186792,0.8235027516995792,312,3.3548387096774195,1454.451278730981,12.5,243,69,0.3497942386831276
1.0,3,60.0,1,5.0,0.0,0.8,15445,93,0.15810942052444157,0.01068306895435416,0.8312075105212042,186,2.0,867.076723858854,12.5,180,6,0.4722222222222222
1.0,3,60.0,1,5.0,0.0,0.9,15445,93,0.15804467465199093,0.01068306895435416,0.8312722563936549,186,2.0,867.076723858854,12.5,180,6,0.4722222222222222
1.0,3,60.0,1,5.0,0.0,1.0,15445,93,0.1569439948203302,0.010618323081903528,0.8324376820977663,186,2.0,867.076723858854,12.5,180,6,0.4722222222222222
1.0,3,60.0,2,5.0,5.0,-4.0,15445,93,1.0,0.0,0.0,0,0.0,0.0,,0,0,
1.0,3,60.0,2,5.0,5.0,-3.9,15445,93,1.0,0.0,0.0,0,0.0,0.0,,0,0,
1.0,3,60.0,2,5.0,5.0,-3.8,15445,93,1.0,0.0,0.0,0,0.0,0.0,,0,0,
1.0,3,60.0,2,5.0,5.0,-3.7,15445,93,1.0,0.0,0.0,0,0.0,0.0,,0,0,
1.0,3,60.0,2,5.0,5.0,-3.6,15445,93,1.0,0.0,0.0,0,0.0,0.0,,0,0,
1.0,3,60.0,2,5.0,5.0,-3.5,15445,93,1.0,0.0,0.0,0,0.0,0.0,,0,0,
1.0,3,60.0,2,5.0,5.0,-3.4,15445,93,1.0,0.0,0.0,0,0.0,0.0,,0,0,
1.0,3,60.0,2,5.0,5.0,-3.3,15445,93,1.0,0.0,0.0,0,0.0,0.0,,0,0,
1.0,3,60.0,2,5.0,5.0,-3.2,15445,93,1.0,0.0,0.0,0,0.0,0.0,,0,0,
1.0,3,60.0,2,5.0,5.0,-3.1,15445,93,1.0,0.0,0.0,0,0.0,0.0,,0,0,
1.0,3,60.0,2,5.0,5.0,-3.0,15445,93,1.0,0.0,0.0,0,0.0,0.0,,0,0,
1.0,3,60.0,2,5.0,5.0,-2.9,15445,93,1.0,0.0,0.0,0,0.0,0.0,,0,0,
1.0,3,60.0,2,5.0,5.0,-2.8,15445,93,1.0,0.0,0.0,0,0.0,0.0,,0,0,
1.0,3,60.0,2,5.0,5.0,-2.7,15445,93,1.0,0.0,0.0,0,0.0,0.0,,0,0,
1.0,3,60.0,2,5.0,5.0,-2.6,15445,93,1.0,0.0,0.0,0,0.0,0.0,,0,0,
1.0,3,60.0,2,5.0,5.0,-2.5,15445,93,1.0,0.0,0.0,0,0.0,0.0,,0,0,
1.0,3,60.0,2,5.0,5.0,-2.4,15445,93,0.9992230495305924,0.0007769504694075753,0.0,4,0.043010752688172046,18.646811265781807,67.5,4,0,0.5
1.0,3,60.0,2,5.0,5.0,-2.3,15445,93,0.9449660084169634,0.05503399158303658,0.0,144,1.5483870967741935,671.285205568145,60.0,140,4,0.4928571428571429
1.0,3,60.0,2,5.0,5.0,-2.2,15445,93,0.838459048235675,0.16121722240207187,0.0003237293622531564,490,5.268817204301075,2284.234380058271,65.0,478,12,0.42887029288702927
1.0,3,60.0,2,5.0,5.0,-2.1,15445,93,0.7147296859825186,0.2443509226286824,0.040919391388798965,956,10.279569892473118,4456.587892521852,40.0,939,17,0.23535676251331203
1.0,3,60.0,2,5.0,5.0,-2.0,15445,93,0.6496600841696342,0.23101327290385237,0.11932664292651343,897,9.64516129032258,4181.54742635157,50.0,879,18,0.16837315130830488
1.0,3,60.0,2,5.0,5.0,-1.9,15445,93,0.6337973454192295,0.21256069925542248,0.153641955325348,853,9.172043010752688,3976.43250242797,60.0,835,18,0.17724550898203592
1.0,3,60.0,2,5.0,5.0,-1.8,15445,93,0.5537067011977986,0.22745224991906765,0.2188410488831337,1144,12.301075268817204,5332.9880220135965,30.0,1124,20,0.1307829181494662
1.0,3,60.0,2,5.0,5.0,-1.7,15445,93,0.48947879572677244,0.20110067983166074,0.30942052444156687,1185,12.741935483870968,5524.11783748786,30.0,1163,22,0.12553740326741186
1.0,3,60.0,2,5.0,5.0,-1.6,15445,93,0.45024279702168984,0.1749433473616057,0.37481385561670444,1036,11.13978494623656,4829.524117837488,40.0,1013,23,0.21618953603158933
1.0,3,60.0,2,5.0,5.0,-1.5,15445,93,0.44486888960828747,0.16801553900938815,0.3871155713823244,1037,11.150537634408602,4834.185820653934,40.0,1013,24,0.21520236920039487
1.0,3,60.0,2,5.0,5.0,-1.4,15445,93,0.4370346390417611,0.15603755260602137,0.40692780835221753,1036,11.13978494623656,4829.524117837488,40.0,1012,24,0.21640316205533597
1.0,3,60.0,2,5.0,5.0,-1.3,15445,93,0.3583684040142441,0.19974101651019746,0.44189057947555843,1139,12.24731182795699,5309.67950793137,40.0,1114,25,0.19748653500897667
1.0,3,60.0,2,5.0,5.0,-1.2,15445,93,0.3399158303658142,0.16866299773389445,0.49142117190029133,1046,11.24731182795699,4876.141146001943,50.0,1021,25,0.1821743388834476
1.0,3,60.0,2,5.0,5.0,-1.1,15445,93,0.33259954677889286,0.12249919067659437,0.5449012625445128,887,9.53763440860215,4134.930398187116,45.0,867,20,0.1568627450980392
1.0,3,60.0,2,5.0,5.0,-1.0,15445,93,0.32515377144707025,0.10275169957915183,0.5720945289737779,740,7.956989247311828,3449.660084169634,45.0,709,31,0.17207334273624825
1.0,3,60.0,2,5.0,5.0,-0.9,15445,93,0.3201683392683716,0.10430560051796697,0.5755260602136614,751,8.075268817204302,3500.938815150534,40.0,733,18,0.18417462482946795
1.0,3,60.0,2,5.0,5.0,-0.8,15445,93,0.3126578180640984,0.10844933635480739,0.5788928455810942,752,8.086021505376344,3505.6005179669796,40.0,735,17,0.18503401360544217
1.0,3,60.0,2,5.0,5.0,-0.7,15445,93,0.24771770799611526,0.12301715765619942,0.6292651343476854,937,10.075268817204302,4368.015539009389,20.0,921,16,0.1487513572204126
1.0,3,60.0,2,5.0,5.0,-0.6,15445,93,0.2333441243120751,0.11939138879896406,0.6472644868889609,838,9.010752688172044,3906.5069601812884,30.0,759,79,0.18181818181818182
1.0,3,60.0,2,5.0,5.0,-0.5,15445,93,0.19410812560699256,0.15409517643250242,0.651796697960505,684,7.354838709677419,3188.604726448689,45.0,605,79,0.12396694214876033
1.0,3,60.0,2,5.0,5.0,-0.4,15445,93,0.19112981547426353,0.14651990935577858,0.6623502751699579,681,7.32258064516129,3174.619617999352,45.0,602,79,0.12458471760797342
1.0,3,60.0,2,5.0,5.0,-0.3,15445,93,0.18828099708643575,0.14503075428941406,0.6666882486241502,683,7.344086021505376,3183.9430236322432,45.0,604,79,0.12417218543046357
1.0,3,60.0,2,5.0,5.0,-0.2,15445,93,0.18213013920362578,0.10644221430883781,0.7114276464875364,732,7.870967741935484,3412.3664616380706,35.0,653,79,0.21745788667687596
1.0,3,60.0,2,5.0,5.0,-0.1,15445,93,0.18206539333117513,0.10087406927808353,0.7170605373907414,730,7.849462365591398,3403.0430560051796,35.0,651,79,0.21812596006144394
1.0,3,60.0,2,5.0,5.0,0.0,15445,93,0.17021689867270962,0.06707672385885399,0.7627063774684364,453,4.870967741935484,2111.75137584979,40.0,377,76,0.41644562334217505
1.0,3,60.0,2,5.0,5.0,0.1,15445,93,0.1699579151829071,0.04674651990935578,0.7832955649077371,452,4.860215053763441,2107.0896730333443,40.0,377,75,0.41909814323607425
1.0,3,60.0,2,5.0,5.0,0.2,15445,93,0.16866299773389445,0.04027193266429265,0.7910650696018129,451,4.849462365591398,2102.4279702168988,45.0,377,74,0.4244031830238727
1.0,3,60.0,2,5.0,5.0,0.3,15445,93,0.1687277436063451,0.038459048235674975,0.79281320815798,452,4.860215053763441,2107.0896730333443,45.0,378,74,0.42063492063492064
1.0,3,60.0,2,5.0,5.0,0.4,15445,93,0.16762706377468437,0.020653933311751378,0.8117190029135642,290,3.118279569892473,1351.893816769181,45.0,220,70,0.38181818181818183
1.0,3,60.0,2,5.0,5.0,0.5,15445,93,0.16756231790223372,0.01994172871479443,0.8124959533829719,291,3.129032258064516,1356.5555195856264,45.0,221,70,0.38009049773755654
1.0,3,60.0,2,5.0,5.0,0.6,15445,93,0.16639689219812237,0.01424409193913888,0.8193590158627387,241,2.5913978494623655,1123.470378763354,50.0,197,44,0.43147208121827413
1.0,3,60.0,2,5.0,5.0,0.7,15445,93,0.16639689219812237,0.01424409193913888,0.8193590158627387,241,2.5913978494623655,1123.470378763354,50.0,197,44,0.43147208121827413
1.0,3,60.0,2,5.0,5.0,0.8,15445,93,0.16516672062156038,0.009323405632890903,0.8255098737455487,165,1.7741935483870968,769.1809647134994,235.0,159,6,0.5345911949685535
1.0,3,60.0,2,5.0,5.0,0.9,15445,93,0.16503722887665911,0.009323405632890903,0.82563936549045,165,1.7741935483870968,769.1809647134994,235.0,159,6,0.5345911949685535
1.0,3,60.0,2,5.0,5.0,1.0,15445,93,0.16400129491744903,0.00919391388798964,0.8268047911945613,164,1.7634408602150538,764.519261897054,245.0,157,7,0.535031847133758
1.0,3,60.0,3,5.0,10.0,-4.0,15445,93,1.0,0.0,0.0,0,0.0,0.0,,0,0,
1.0,3,60.0,3,5.0,10.0,-3.9,15445,93,1.0,0.0,0.0,0,0.0,0.0,,0,0,
1.0,3,60.0,3,5.0,10.0,-3.8,15445,93,1.0,0.0,0.0,0,0.0,0.0,,0,0,
1.0,3,60.0,3,5.0,10.0,-3.7,15445,93,1.0,0.0,0.0,0,0.0,0.0,,0,0,
1.0,3,60.0,3,5.0,10.0,-3.6,15445,93,1.0,0.0,0.0,0,0.0,0.0,,0,0,
1.0,3,60.0,3,5.0,10.0,-3.5,15445,93,1.0,0.0,0.0,0,0.0,0.0,,0,0,
1.0,3,60.0,3,5.0,10.0,-3.4,15445,93,1.0,0.0,0.0,0,0.0,0.0,,0,0,
1.0,3,60.0,3,5.0,10.0,-3.3,15445,93,1.0,0.0,0.0,0,0.0,0.0,,0,0,
1.0,3,60.0,3,5.0,10.0,-3.2,15445,93,1.0,0.0,0.0,0,0.0,0.0,,0,0,
1.0,3,60.0,3,5.0,10.0,-3.1,15445,93,1.0,0.0,0.0,0,0.0,0.0,,0,0,
1.0,3,60.0,3,5.0,10.0,-3.0,15445,93,1.0,0.0,0.0,0,0.0,0.0,,0,0,
1.0,3,60.0,3,5.0,10.0,-2.9,15445,93,1.0,0.0,0.0,0,0.0,0.0,,0,0,
1.0,3,60.0,3,5.0,10.0,-2.8,15445,93,1.0,0.0,0.0,0,0.0,0.0,,0,0,
1.0,3,60.0,3,5.0,10.0,-2.7,15445,93,1.0,0.0,0.0,0,0.0,0.0,,0,0,
1.0,3,60.0,3,5.0,10.0,-2.6,15445,93,1.0,0.0,0.0,0,0.0,0.0,,0,0,
1.0,3,60.0,3,5.0,10.0,-2.5,15445,93,1.0,0.0,0.0,0,0.0,0.0,,0,0,
1.0,3,60.0,3,5.0,10.0,-2.4,15445,93,0.9992230495305924,0.0007769504694075753,0.0,4,0.043010752688172046,18.646811265781807,65.0,4,0,0.5
1.0,3,60.0,3,5.0,10.0,-2.3,15445,93,0.9450955001618647,0.05490449983813532,0.0,144,1.5483870967741935,671.285205568145,60.0,140,4,0.4928571428571429
1.0,3,60.0,3,5.0,10.0,-2.2,15445,93,0.8349627711233409,0.16471349951440595,0.0003237293622531564,428,4.602150537634409,1995.2088054386534,65.0,417,11,0.49160671462829736
1.0,3,60.0,3,5.0,10.0,-2.1,15445,93,0.710974425380382,0.2391712528326319,0.04985432178698608,744,8.0,3468.306895435416,60.0,728,16,0.30357142857142855
1.0,3,60.0,3,5.0,10.0,-2.0,15445,93,0.6505665263839431,0.23036581417934607,0.11906765943671091,893,9.602150537634408,4162.900615085788,50.0,875,18,0.16914285714285715
1.0,3,60.0,3,5.0,10.0,-1.9,15445,93,0.6385885399805762,0.20796374231142764,0.15344771770799612,819,8.806451612903226,3817.934606668825,65.0,801,18,0.18476903870162298
1.0,3,60.0,3,5.0,10.0,-1.8,15445,93,0.5511168662997734,0.21443832955649078,0.23444480414373584,899,9.666666666666666,4190.870831984461,55.0,879,20,0.16723549488054607
1.0,3,60.0,3,5.0,10.0,-1.7,15445,93,0.4817740369051473,0.20200712204596957,0.31621884104888315,989,10.634408602150538,4610.424085464552,55.0,968,21,0.15082644628099173
1.0,3,60.0,3,5.0,10.0,-1.6,15445,93,0.45872450631272255,0.1595985755908061,0.38167691809647136,918,9.870967741935484,4279.443185496924,50.0,896,22,0.24441964285714285
1.0,3,60.0,3,5.0,10.0,-1.5,15445,93,0.45348009064422146,0.1525412754936873,0.3939786338620913,917,9.86021505376344,4274.781482680479,45.0,894,23,0.24384787472035793
1.0,3,60.0,3,5.0,10.0,-1.4,15445,93,0.44564584007769503,0.14056328909032048,0.41379087083198446,916,9.849462365591398,4270.119779864034,40.0,893,23,0.24412094064949608
1.0,3,60.0,3,5.0,10.0,-1.3,15445,93,0.36348332793784394,0.19177727419876983,0.44473939786338623,1050,11.290322580645162,4894.787957267724,40.0,1024,26,0.212890625
1.0,3,60.0,3,5.0,10.0,-1.2,15445,93,0.3504046617028164,0.14859177727419878,0.5010035610229848,878,9.440860215053764,4092.9750728391064,55.0,854,24,0.1592505854800937
1.0,3,60.0,3,5.0,10.0,-1.1,15445,93,0.35124635804467463,0.09116218841048883,0.5575914535448365,604,6.494623655913978,2815.6685011330524,65.0,585,19,0.22905982905982905
1.0,3,60.0,3,5.0,10.0,-1.0,15445,93,0.3438005827128521,0.06999028811913241,0.5862091291680155,487,5.236559139784946,2270.2492716089346,70.0,407,80,0.1769041769041769
1.0,3,60.0,3,5.0,10.0,-0.9,15445,93,0.3387504046617028,0.06999028811913241,0.5912593072191648,486,5.225806451612903,2265.5875687924895,65.0,407,79,0.1769041769041769
1.0,3,60.0,3,5.0,10.0,-0.8,15445,93,0.3312398834574296,0.0755584331498867,0.5932016833926838,497,5.344086021505376,2316.8662997733895,70.0,431,66,0.19953596287703015
1.0,3,60.0,3,5.0,10.0,-0.7,15445,93,0.2564584007769505,0.08915506636451927,0.6543865328585303,578,6.21505376344086,2694.464227905471,55.0,525,53,0.18666666666666668
1.0,3,60.0,3,5.0,10.0,-0.6,15445,93,0.23761735189381678,0.09362253156361282,0.6687601165425704,587,6.311827956989247,2736.4195532534804,55.0,510,77,0.21764705882352942
1.0,3,60.0,3,5.0,10.0,-0.5,15445,93,0.2089349303981871,0.1388798964066041,0.6521851731952089,599,6.440860215053763,2792.3599870508256,45.0,521,78,0.14395393474088292
1.0,3,60.0,3,5.0,10.0,-0.4,15445,93,0.20595662026545808,0.13298802201359664,0.6610553577209453,608,6.537634408602151,2834.3153123988345,45.0,530,78,0.14150943396226415
1.0,3,60.0,3,5.0,10.0,-0.3,15445,93,0.2031078018776303,0.13156361281968273,0.6653285853026869,611,6.56989247311828,2848.300420848171,40.0,533,78,0.14071294559099437
1.0,3,60.0,3,5.0,10.0,-0.2,15445,93,0.19384914211719004,0.09051472968598252,0.7156361281968274,584,6.279569892473118,2722.434444804144,40.0,507,77,0.14792899408284024
1.0,3,60.0,3,5.0,10.0,-0.1,15445,93,0.1937843962447394,0.08287471673680803,0.7233408870184526,549,5.903225806451613,2559.274846228553,40.0,472,77,0.19279661016949154
1.0,3,60.0,3,5.0,10.0,0.0,15445,93,0.1849142117190029,0.05768857235351246,0.7573972159274847,378,4.064516129032258,1762.123664616381,40.0,302,76,0.5198675496688742
1.0,3,60.0,3,5.0,10.0,0.1,15445,93,0.1849142117190029,0.03722887665911298,0.7778569116218841,378,4.064516129032258,1762.123664616381,40.0,303,75,0.5214521452145214
1.0,3,60.0,3,5.0,10.0,0.2,15445,93,0.18387827775979282,0.028682421495629655,0.7874393007445776,345,3.7096774193548385,1608.2874716736808,40.0,271,74,0.5276752767527675
1.0,3,60.0,3,5.0,10.0,0.3,15445,93,0.18381353188734217,0.024797669148591776,0.791388798964066,313,3.3655913978494625,1459.1129815474264,40.0,240,73,0.5333333333333333
1.0,3,60.0,3,5.0,10.0,0.4,15445,93,0.18258336031078018,0.009906118484946585,0.8075105212042732,195,2.096774193548387,909.032049206863,45.0,136,59,0.6102941176470589
1.0,3,60.0,3,5.0,10.0,0.5,15445,93,0.18251861443832956,0.007381029459371965,0.8101003561022985,169,1.8172043010752688,787.8277759792813,165.0,123,46,0.6747967479674797
1.0,3,60.0,3,5.0,10.0,0.6,15445,93,0.18122369698931692,0.0,0.818776303010683,93,1.0,433.538361929427,835.0,85,8,0.9764705882352941
1.0,3,60.0,3,5.0,10.0,0.7,15445,93,0.18122369698931692,0.0,0.818776303010683,93,1.0,433.538361929427,835.0,85,8,0.9764705882352941
1.0,3,60.0,3,5.0,10.0,0.8,15445,93,0.1801230171576562,0.0,0.8198769828423438,93,1.0,433.538361929427,840.0,85,8,0.9764705882352941
1.0,3,60.0,3,5.0,10.0,0.9,15445,93,0.1801230171576562,0.0,0.8198769828423438,93,1.0,433.538361929427,840.0,85,8,0.9764705882352941
1.0,3,60.0,3,5.0,10.0,1.0,15445,93,0.17895759145354484,0.0,0.8210424085464552,93,1.0,433.538361929427,840.0,85,8,0.9764705882352941
1.0,3,120.0,1,5.0,0.0,-4.0,15445,93,1.0,0.0,0.0,0,0.0,0.0,,0,0,
1.0,3,120.0,1,5.0,0.0,-3.9,15445,93,1.0,0.0,0.0,0,0.0,0.0,,0,0,
1.0,3,120.0,1,5.0,0.0,-3.8,15445,93,1.0,0.0,0.0,0,0.0,0.0,,0,0,
1.0,3,120.0,1,5.0,0.0,-3.7,15445,93,1.0,0.0,0.0,0,0.0,0.0,,0,0,
1.0,3,120.0,1,5.0,0.0,-3.6,15445,93,1.0,0.0,0.0,0,0.0,0.0,,0,0,
1.0,3,120.0,1,5.0,0.0,-3.5,15445,93,1.0,0.0,0.0,0,0.0,0.0,,0,0,
1.0,3,120.0,1,5.0,0.0,-3.4,15445,93,1.0,0.0,0.0,0,0.0,0.0,,0,0,
1.0,3,120.0,1,5.0,0.0,-3.3,15445,93,1.0,0.0,0.0,0,0.0,0.0,,0,0,
1.0,3,120.0,1,5.0,0.0,-3.2,15445,93,1.0,0.0,0.0,0,0.0,0.0,,0,0,
1.0,3,120.0,1,5.0,0.0,-3.1,15445,93,1.0,0.0,0.0,0,0.0,0.0,,0,0,
1.0,3,120.0,1,5.0,0.0,-3.0,15445,93,1.0,0.0,0.0,0,0.0,0.0,,0,0,
1.0,3,120.0,1,5.0,0.0,-2.9,15445,93,1.0,0.0,0.0,0,0.0,0.0,,0,0,
1.0,3,120.0,1,5.0,0.0,-2.8,15445,93,1.0,0.0,0.0,0,0.0,0.0,,0,0,
1.0,3,120.0,1,5.0,0.0,-2.7,15445,93,1.0,0.0,0.0,0,0.0,0.0,,0,0,
1.0,3,120.0,1,5.0,0.0,-2.6,15445,93,1.0,0.0,0.0,0,0.0,0.0,,0,0,
1.0,3,120.0,1,5.0,0.0,-2.5,15445,93,1.0,0.0,0.0,0,0.0,0.0,,0,0,
1.0,3,120.0,1,5.0,0.0,-2.4,15445,93,1.0,0.0,0.0,0,0.0,0.0,,0,0,
1.0,3,120.0,1,5.0,0.0,-2.3,15445,93,1.0,0.0,0.0,0,0.0,0.0,,0,0,
1.0,3,120.0,1,5.0,0.0,-2.2,15445,93,0.9235351246358044,0.07646487536419554,0.0,410,4.408602150537634,1911.298154742635,15.0,405,5,0.1654320987654321
1.0,3,120.0,1,5.0,0.0,-2.1,15445,93,0.7645192618970541,0.23548073810294592,0.0,557,5.989247311827957,2596.5684687601165,60.0,547,10,0.3802559414990859
1.0,3,120.0,1,5.0,0.0,-2.0,15445,93,0.6509550016186468,0.296924571058595,0.05212042732275817,717,7.709677419354839,3342.440919391389,40.0,705,12,0.1900709219858156
1.0,3,120.0,1,5.0,0.0,-1.9,15445,93,0.5525412754936873,0.31246358044674655,0.1349951440595662,864,9.290322580645162,4027.7112334088706,50.0,846,18,0.2364066193853428
1.0,3,120.0,1,5.0,0.0,-1.8,15445,93,0.512010359339592,0.29996762706377467,0.1880220135966332,743,7.989247311827957,3463.64519261897,65.0,711,32,0.27848101265822783
1.0,3,120.0,1,5.0,0.0,-1.7,15445,93,0.44661702816445453,0.2925218517319521,0.2608611201035934,884,9.505376344086022,4120.945289737779,50.0,815,69,0.3717791411042945
1.0,3,120.0,1,5.0,0.0,-1.6,15445,93,0.409841372612496,0.2269342829394626,0.3632243444480414,780,8.387096774193548,3636.128196827452,50.0,709,71,0.32722143864598024
1.0,3,120.0,1,5.0,0.0,-1.5,15445,93,0.3858206539333118,0.17733894464227906,0.4368404014244092,925,9.946236559139784,4312.075105212043,40.0,846,79,0.18439716312056736
1.0,3,120.0,1,5.0,0.0,-1.4,15445,93,0.35351246358044675,0.17882809970864358,0.4676594367109097,758,8.150537634408602,3533.5707348656524,45.0,681,77,0.2305433186490455
1.0,3,120.0,1,5.0,0.0,-1.3,15445,93,0.33046293298802204,0.1685335059889932,0.5010035610229848,631,6.78494623655914,2941.5344771770797,55.0,553,78,0.28028933092224234
1.0,3,120.0,1,5.0,0.0,-1.2,15445,93,0.3086435739721593,0.1360310780187763,0.5553253480090644,632,6.795698924731183,2946.1961799935257,40.0,553,79,0.28028933092224234
1.0,3,120.0,1,5.0,0.0,-1.1,15445,93,0.24104888313370024,0.1855616704435092,0.5733894464227905,796,8.559139784946236,3710.7154418905798,35.0,717,79,0.10599721059972106
1.0,3,120.0,1,5.0,0.0,-1.0,15445,93,0.21489155066364518,0.17500809323405633,0.6101003561022985,791,8.505376344086022,3687.406927808352,30.0,713,78,0.21739130434782608
1.0,3,120.0,1,5.0,0.0,-0.9,15445,93,0.2093234056328909,0.16218841048883134,0.6284881838782778,790,8.494623655913978,3682.745224991907,25.0,712,78,0.33286516853932585
1.0,3,120.0,1,5.0,0.0,-0.8,15445,93,0.2,0.14664940110067984,0.6533505988993201,533,5.731182795698925,2484.687601165426,30.0,456,77,0.5219298245614035
1.0,3,120.0,1,5.0,0.0,-0.7,15445,93,0.19359015862738752,0.13946260925865975,0.6669472321139527,469,5.043010752688172,2186.3386209129167,90.0,392,77,0.40816326530612246
1.0,3,120.0,1,5.0,0.0,-0.6,15445,93,0.18789252185173194,0.13421819359015863,0.6778892845581094,467,5.021505376344086,2177.015215280026,85.0,390,77,0.41025641025641024
1.0,3,120.0,1,5.0,0.0,-0.5,15445,93,0.18258336031078018,0.1312398834574296,0.6861767562317902,467,5.021505376344086,2177.015215280026,80.0,391,76,0.4117647058823529
1.0,3,120.0,1,5.0,0.0,-0.4,15445,93,0.17500809323405633,0.06850113305276788,0.7564907737131757,566,6.086021505376344,2638.5237941081255,30.0,492,74,0.3252032520325203
1.0,3,120.0,1,5.0,0.0,-0.3,15445,93,0.17487860148915507,0.05432178698607964,0.7707996115247653,401,4.311827956989247,1869.3428293946263,30.0,328,73,0.4878048780487805
1.0,3,120.0,1,5.0,0.0,-0.2,15445,93,0.17377792165749434,0.032890903204920684,0.793331175137585,364,3.913978494623656,1696.8598251861445,15.0,296,68,0.28378378378378377
1.0,3,120.0,1,5.0,0.0,-0.1,15445,93,0.17377792165749434,0.032890903204920684,0.793331175137585,364,3.913978494623656,1696.8598251861445,15.0,296,68,0.28378378378378377
1.0,3,120.0,1,5.0,0.0,0.0,15445,93,0.17261249595338296,0.018452573648429914,0.8089349303981871,178,1.913978494623656,829.7831013272903,20.0,172,6,0.4883720930232558
1.0,3,120.0,1,5.0,0.0,0.1,15445,93,0.17261249595338296,0.018452573648429914,0.8089349303981871,178,1.913978494623656,829.7831013272903,20.0,172,6,0.4883720930232558
1.0,3,120.0,1,5.0,0.0,0.2,15445,93,0.17151181612172223,0.01825833603107802,0.8102298478471998,177,1.903225806451613,825.1213985108449,20.0,172,5,0.4883720930232558
1.0,3,120.0,1,5.0,0.0,0.3,15445,93,0.17151181612172223,0.01825833603107802,0.8102298478471998,177,1.903225806451613,825.1213985108449,20.0,172,5,0.4883720930232558
1.0,3,120.0,1,5.0,0.0,0.4,15445,93,0.17028164454516023,0.01838782777597928,0.8113305276788605,177,1.903225806451613,825.1213985108449,20.0,172,5,0.4883720930232558
1.0,3,120.0,1,5.0,0.0,0.5,15445,93,0.17028164454516023,0.01838782777597928,0.8113305276788605,177,1.903225806451613,825.1213985108449,20.0,172,5,0.4883720930232558
1.0,3,120.0,1,5.0,0.0,0.6,15445,93,0.16911621884104888,0.018452573648429914,0.8124312075105212,177,1.903225806451613,825.1213985108449,20.0,172,5,0.4883720930232558
1.0,3,120.0,1,5.0,0.0,0.7,15445,93,0.16911621884104888,0.018452573648429914,0.8124312075105212,177,1.903225806451613,825.1213985108449,20.0,172,5,0.4883720930232558
1.0,3,120.0,1,5.0,0.0,0.8,15445,93,0.16801553900938815,0.01832308190352865,0.8136613790870832,177,1.903225806451613,825.1213985108449,20.0,172,5,0.4883720930232558
1.0,3,120.0,1,5.0,0.0,0.9,15445,93,0.16801553900938815,0.01832308190352865,0.8136613790870832,177,1.903225806451613,825.1213985108449,20.0,172,5,0.4883720930232558
1.0,3,120.0,1,5.0,0.0,1.0,15445,93,0.1668501133052768,0.01838782777597928,0.814762058918744,177,1.903225806451613,825.1213985108449,20.0,172,5,0.4883720930232558
1.0,3,120.0,2,5.0,5.0,-4.0,15445,93,1.0,0.0,0.0,0,0.0,0.0,,0,0,
1.0,3,120.0,2,5.0,5.0,-3.9,15445,93,1.0,0.0,0.0,0,0.0,0.0,,0,0,
1.0,3,120.0,2,5.0,5.0,-3.8,15445,93,1.0,0.0,0.0,0,0.0,0.0,,0,0,
1.0,3,120.0,2,5.0,5.0,-3.7,15445,93,1.0,0.0,0.0,0,0.0,0.0,,0,0,
1.0,3,120.0,2,5.0,5.0,-3.6,15445,93,1.0,0.0,0.0,0,0.0,0.0,,0,0,
1.0,3,120.0,2,5.0,5.0,-3.5,15445,93,1.0,0.0,0.0,0,0.0,0.0,,0,0,
1.0,3,120.0,2,5.0,5.0,-3.4,15445,93,1.0,0.0,0.0,0,0.0,0.0,,0,0,
1.0,3,120.0,2,5.0,5.0,-3.3,15445,93,1.0,0.0,0.0,0,0.0,0.0,,0,0,
1.0,3,120.0,2,5.0,5.0,-3.2,15445,93,1.0,0.0,0.0,0,0.0,0.0,,0,0,
1.0,3,120.0,2,5.0,5.0,-3.1,15445,93,1.0,0.0,0.0,0,0.0,0.0,,0,0,
1.0,3,120.0,2,5.0,5.0,-3.0,15445,93,1.0,0.0,0.0,0,0.0,0.0,,0,0,
1.0,3,120.0,2,5.0,5.0,-2.9,15445,93,1.0,0.0,0.0,0,0.0,0.0,,0,0,
1.0,3,120.0,2,5.0,5.0,-2.8,15445,93,1.0,0.0,0.0,0,0.0,0.0,,0,0,
1.0,3,120.0,2,5.0,5.0,-2.7,15445,93,1.0,0.0,0.0,0,0.0,0.0,,0,0,
1.0,3,120.0,2,5.0,5.0,-2.6,15445,93,1.0,0.0,0.0,0,0.0,0.0,,0,0,
1.0,3,120.0,2,5.0,5.0,-2.5,15445,93,1.0,0.0,0.0,0,0.0,0.0,,0,0,
1.0,3,120.0,2,5.0,5.0,-2.4,15445,93,1.0,0.0,0.0,0,0.0,0.0,,0,0,
1.0,3,120.0,2,5.0,5.0,-2.3,15445,93,1.0,0.0,0.0,0,0.0,0.0,,0,0,
1.0,3,120.0,2,5.0,5.0,-2.2,15445,93,0.923794108125607,0.07620589187439301,0.0,408,4.387096774193548,1901.9747491097442,15.0,402,6,0.16417910447761194
1.0,3,120.0,2,5.0,5.0,-2.1,15445,93,0.761540951764325,0.238459048235675,0.0,447,4.806451612903226,2083.781158951117,60.0,435,12,0.47126436781609193
1.0,3,120.0,2,5.0,5.0,-2.0,15445,93,0.6517319520880543,0.2962771123340887,0.05199093557785691,715,7.688172043010753,3333.117513758498,40.0,701,14,0.18830242510699002
1.0,3,120.0,2,5.0,5.0,-1.9,15445,93,0.5489802525089026,0.3163483327937844,0.13467141469731306,724,7.78494623655914,3375.0728391065068,60.0,705,19,0.32056737588652484
1.0,3,120.0,2,5.0,5.0,-1.8,15445,93,0.5130462932988022,0.299384914211719,0.1875687924894788,743,7.989247311827957,3463.64519261897,65.0,662,81,0.22507552870090636
1.0,3,120.0,2,5.0,5.0,-1.7,15445,93,0.44778245386856586,0.29019100032372935,0.26202654580770474,828,8.903225806451612,3859.889932016834,45.0,745,83,0.38791946308724834
1.0,3,120.0,2,5.0,5.0,-1.6,15445,93,0.4110067983166073,0.22661055357720944,0.36238264810618326,777,8.35483870967742,3622.1430883781163,45.0,693,84,0.31601731601731603
1.0,3,120.0,2,5.0,5.0,-1.5,15445,93,0.38601489155066365,0.17811589511168663,0.4358692133376497,890,9.56989247311828,4148.915506636452,40.0,810,80,0.19135802469135801
1.0,3,120.0,2,5.0,5.0,-1.4,15445,93,0.35079313693752023,0.18251861443832956,0.4666882486241502,632,6.795698924731183,2946.1961799935257,55.0,555,77,0.2828828828828829
1.0,3,120.0,2,5.0,5.0,-1.3,15445,93,0.3318225963094853,0.16820977662674005,0.4999676270637747,631,6.78494623655914,2941.5344771770797,55.0,553,78,0.28028933092224234
1.0,3,120.0,2,5.0,5.0,-1.2,15445,93,0.31006798316607315,0.1357720945289738,0.554159922304953,631,6.78494623655914,2941.5344771770797,40.0,553,78,0.28028933092224234
1.0,3,120.0,2,5.0,5.0,-1.1,15445,93,0.23955972806733572,0.18815150534153446,0.5722887665911298,699,7.516129032258065,3258.5302686953705,35.0,620,79,0.1967741935483871
1.0,3,120.0,2,5.0,5.0,-1.0,15445,93,0.21644545160246034,0.17481385561670443,0.6087406927808352,724,7.78494623655914,3375.0728391065068,30.0,647,77,0.23956723338485317
1.0,3,120.0,2,5.0,5.0,-0.9,15445,93,0.20984137261249594,0.1579799287795403,0.6321786986079637,598,6.43010752688172,2787.69828423438,30.0,521,77,0.45489443378119004
1.0,3,120.0,2,5.0,5.0,-0.8,15445,93,0.19954677889284558,0.1484622855292975,0.6519909355778569,466,5.010752688172043,2172.3535124635805,95.0,389,77,0.5681233933161953
1.0,3,120.0,2,5.0,5.0,-0.7,15445,93,0.1952088054386533,0.13920362576885723,0.6655875687924895,466,5.010752688172043,2172.3535124635805,90.0,389,77,0.4087403598971722
1.0,3,120.0,2,5.0,5.0,-0.6,15445,93,0.18957591453544836,0.13389446422790546,0.6765296212366462,466,5.010752688172043,2172.3535124635805,85.0,389,77,0.4087403598971722
1.0,3,120.0,2,5.0,5.0,-0.5,15445,93,0.1842667529944966,0.13091615409517643,0.684817092910327,440,4.731182795698925,2051.1492392359987,80.0,364,76,0.4368131868131868
1.0,3,120.0,2,5.0,5.0,-0.4,15445,93,0.18070573000971188,0.06435739721592748,0.7549368727743606,565,6.075268817204301,2633.86209129168,25.0,490,75,0.32448979591836735
1.0,3,120.0,2,5.0,5.0,-0.3,15445,93,0.18064098413726126,0.0501133052767886,0.7692457105859501,400,4.301075268817204,1864.6811265781807,25.0,328,72,0.4878048780487805
1.0,3,120.0,2,5.0,5.0,-0.2,15445,93,0.17954030430560053,0.02797021689867271,0.7924894787957267,240,2.5806451612903225,1118.8086759469084,20.0,172,68,0.4883720930232558
1.0,3,120.0,2,5.0,5.0,-0.1,15445,93,0.17954030430560053,0.02797021689867271,0.7924894787957267,240,2.5806451612903225,1118.8086759469084,20.0,172,68,0.4883720930232558
1.0,3,120.0,2,5.0,5.0,0.0,15445,93,0.17837487860148915,0.01832308190352865,0.8033020394949822,178,1.913978494623656,829.7831013272903,20.0,172,6,0.4883720930232558
1.0,3,120.0,2,5.0,5.0,0.1,15445,93,0.17837487860148915,0.01832308190352865,0.8033020394949822,178,1.913978494623656,829.7831013272903,20.0,172,6,0.4883720930232558
1.0,3,120.0,2,5.0,5.0,0.2,15445,93,0.17727419876982842,0.018193590158627388,0.8045322110715442,177,1.903225806451613,825.1213985108449,20.0,172,5,0.4883720930232558
1.0,3,120.0,2,5.0,5.0,0.3,15445,93,0.17727419876982842,0.018193590158627388,0.8045322110715442,177,1.903225806451613,825.1213985108449,20.0,172,5,0.4883720930232558
1.0,3,120.0,2,5.0,5.0,0.4,15445,93,0.17604402719326642,0.01832308190352865,0.8056328909032049,177,1.903225806451613,825.1213985108449,20.0,172,5,0.4883720930232558
1.0,3,120.0,2,5.0,5.0,0.5,15445,93,0.17604402719326642,0.01832308190352865,0.8056328909032049,177,1.903225806451613,825.1213985108449,20.0,172,5,0.4883720930232558
1.0,3,120.0,2,5.0,5.0,0.6,15445,93,0.17487860148915507,0.01838782777597928,0.8067335707348656,177,1.903225806451613,825.1213985108449,20.0,172,5,0.4883720930232558
1.0,3,120.0,2,5.0,5.0,0.7,15445,93,0.17487860148915507,0.01838782777597928,0.8067335707348656,177,1.903225806451613,825.1213985108449,20.0,172,5,0.4883720930232558
1.0,3,120.0,2,5.0,5.0,0.8,15445,93,0.17377792165749434,0.01825833603107802,0.8079637423114276,177,1.903225806451613,825.1213985108449,20.0,172,5,0.4883720930232558
1.0,3,120.0,2,5.0,5.0,0.9,15445,93,0.17377792165749434,0.01825833603107802,0.8079637423114276,177,1.903225806451613,825.1213985108449,20.0,172,5,0.4883720930232558
1.0,3,120.0,2,5.0,5.0,1.0,15445,93,0.17261249595338296,0.01832308190352865,0.8090644221430884,177,1.903225806451613,825.1213985108449,20.0,172,5,0.4883720930232558
1.0,3,120.0,3,5.0,10.0,-4.0,15445,93,1.0,0.0,0.0,0,0.0,0.0,,0,0,
1.0,3,120.0,3,5.0,10.0,-3.9,15445,93,1.0,0.0,0.0,0,0.0,0.0,,0,0,
1.0,3,120.0,3,5.0,10.0,-3.8,15445,93,1.0,0.0,0.0,0,0.0,0.0,,0,0,
1.0,3,120.0,3,5.0,10.0,-3.7,15445,93,1.0,0.0,0.0,0,0.0,0.0,,0,0,
1.0,3,120.0,3,5.0,10.0,-3.6,15445,93,1.0,0.0,0.0,0,0.0,0.0,,0,0,
1.0,3,120.0,3,5.0,10.0,-3.5,15445,93,1.0,0.0,0.0,0,0.0,0.0,,0,0,
1.0,3,120.0,3,5.0,10.0,-3.4,15445,93,1.0,0.0,0.0,0,0.0,0.0,,0,0,
1.0,3,120.0,3,5.0,10.0,-3.3,15445,93,1.0,0.0,0.0,0,0.0,0.0,,0,0,
1.0,3,120.0,3,5.0,10.0,-3.2,15445,93,1.0,0.0,0.0,0,0.0,0.0,,0,0,
1.0,3,120.0,3,5.0,10.0,-3.1,15445,93,1.0,0.0,0.0,0,0.0,0.0,,0,0,
1.0,3,120.0,3,5.0,10.0,-3.0,15445,93,1.0,0.0,0.0,0,0.0,0.0,,0,0,
1.0,3,120.0,3,5.0,10.0,-2.9,15445,93,1.0,0.0,0.0,0,0.0,0.0,,0,0,
1.0,3,120.0,3,5.0,10.0,-2.8,15445,93,1.0,0.0,0.0,0,0.0,0.0,,0,0,
1.0,3,120.0,3,5.0,10.0,-2.7,15445,93,1.0,0.0,0.0,0,0.0,0.0,,0,0,
1.0,3,120.0,3,5.0,10.0,-2.6,15445,93,1.0,0.0,0.0,0,0.0,0.0,,0,0,
1.0,3,120.0,3,5.0,10.0,-2.5,15445,93,1.0,0.0,0.0,0,0.0,0.0,,0,0,
1.0,3,120.0,3,5.0,10.0,-2.4,15445,93,1.0,0.0,0.0,0,0.0,0.0,,0,0,
1.0,3,120.0,3,5.0,10.0,-2.3,15445,93,1.0,0.0,0.0,0,0.0,0.0,,0,0,
1.0,3,120.0,3,5.0,10.0,-2.2,15445,93,0.9256069925542246,0.07439300744577533,0.0,382,4.10752688172043,1780.7704758821624,15.0,376,6,0.17553191489361702
1.0,3,120.0,3,5.0,10.0,-2.1,15445,93,0.7552606021366138,0.24473939786338622,0.0,340,3.6559139784946235,1584.9789575914535,75.0,331,9,0.6193353474320241
1.0,3,120.0,3,5.0,10.0,-2.0,15445,93,0.6343153123988345,0.3138232437682098,0.05186144383295565,433,4.655913978494624,2018.5173195208804,60.0,421,12,0.31116389548693585
1.0,3,120.0,3,5.0,10.0,-1.9,15445,93,0.5424409193913888,0.3232113952735513,0.1343476853350599,606,6.516129032258065,2824.9919067659434,70.0,589,17,0.47877758913412566
1.0,3,120.0,3,5.0,10.0,-1.8,15445,93,0.5140822272580123,0.2919391388798964,0.1939786338620913,633,6.806451612903226,2950.8578828099708,80.0,552,81,0.26992753623188404
1.0,3,120.0,3,5.0,10.0,-1.7,15445,93,0.4549044998381353,0.28773065717060536,0.25736484299125933,559,6.010752688172043,2605.8918743930076,120.0,476,83,0.5168067226890757
1.0,3,120.0,3,5.0,10.0,-1.6,15445,93,0.4122369698931693,0.22602784072515378,0.3617351893816769,775,8.333333333333334,3612.8196827452252,45.0,691,84,0.31693198263386396
1.0,3,120.0,3,5.0,10.0,-1.5,15445,93,0.379281320815798,0.1823891226934283,0.4383295564907737,714,7.67741935483871,3328.4558109420523,45.0,635,79,0.2440944881889764
1.0,3,120.0,3,5.0,10.0,-1.4,15445,93,0.3521528002589835,0.18213013920362578,0.46571706053739076,632,6.795698924731183,2946.1961799935257,55.0,553,79,0.28028933092224234
1.0,3,120.0,3,5.0,10.0,-1.3,15445,93,0.33318225963094855,0.1678860472644869,0.4989316931045646,629,6.763440860215054,2932.2110715441886,55.0,551,78,0.2813067150635209
1.0,3,120.0,3,5.0,10.0,-1.2,15445,93,0.3114276464875364,0.13557785691162189,0.5529944966008417,628,6.752688172043011,2927.5493687277435,35.0,551,77,0.2813067150635209
1.0,3,120.0,3,5.0,10.0,-1.1,15445,93,0.23690514729685982,0.1919715118161217,0.5711233408870184,627,6.741935483870968,2922.8876659112984,35.0,550,77,0.28
1.0,3,120.0,3,5.0,10.0,-1.0,15445,93,0.2119779864033668,0.189640660407899,0.5983813531887342,532,5.720430107526882,2480.0258983489803,30.0,455,77,0.3384615384615385
1.0,3,120.0,3,5.0,10.0,-0.9,15445,93,0.20317254775008092,0.17792165749433472,0.6189057947555844,465,5.0,2167.691809647135,110.0,388,77,0.6082474226804123
1.0,3,120.0,3,5.0,10.0,-0.8,15445,93,0.20129491744901262,0.1480738102945937,0.6506312722563936,465,5.0,2167.691809647135,95.0,388,77,0.5695876288659794
1.0,3,120.0,3,5.0,10.0,-0.7,15445,93,0.19695694399482033,0.13862091291680156,0.6644221430883781,465,5.0,2167.691809647135,90.0,388,77,0.4072164948453608
1.0,3,120.0,3,5.0,10.0,-0.6,15445,93,0.1913240530916154,0.13350598899320168,0.6751699579151829,438,4.709677419354839,2041.8258336031076,85.0,363,75,0.43526170798898073
1.0,3,120.0,3,5.0,10.0,-0.5,15445,93,0.1875687924894788,0.12910326966655875,0.6833279378439624,401,4.311827956989247,1869.3428293946263,80.0,326,75,0.48773006134969327
1.0,3,120.0,3,5.0,10.0,-0.4,15445,93,0.18640336678536742,0.045645840077695045,0.7679507931369375,337,3.6236559139784945,1570.9938491421171,20.0,267,70,0.4232209737827715
1.0,3,120.0,3,5.0,10.0,-0.3,15445,93,0.18640336678536742,0.03781158951116866,0.7757850437034639,273,2.935483870967742,1272.6448688896082,20.0,204,69,0.4852941176470588
1.0,3,120.0,3,5.0,10.0,-0.2,15445,93,0.18543217869860795,0.0188410488831337,0.7957267724182583,188,2.021505376344086,876.4001294917449,20.0,170,18,0.48823529411764705
1.0,3,120.0,3,5.0,10.0,-0.1,15445,93,0.18543217869860795,0.0188410488831337,0.7957267724182583,188,2.021505376344086,876.4001294917449,20.0,170,18,0.48823529411764705
1.0,3,120.0,3,5.0,10.0,0.0,15445,93,0.1842667529944966,0.018064098413726123,0.7976691485917773,175,1.881720430107527,815.7979928779541,20.0,170,5,0.48823529411764705
1.0,3,120.0,3,5.0,10.0,0.1,15445,93,0.1842667529944966,0.018064098413726123,0.7976691485917773,175,1.881720430107527,815.7979928779541,20.0,170,5,0.48823529411764705
1.0,3,120.0,3,5.0,10.0,0.2,15445,93,0.18316607316283587,0.017999352541275493,0.7988345742958887,175,1.881720430107527,815.7979928779541,20.0,170,5,0.48823529411764705
1.0,3,120.0,3,5.0,10.0,0.3,15445,93,0.18316607316283587,0.017999352541275493,0.7988345742958887,175,1.881720430107527,815.7979928779541,20.0,170,5,0.48823529411764705
1.0,3,120.0,3,5.0,10.0,0.4,15445,93,0.1818064098413726,0.01825833603107802,0.7999352541275494,177,1.903225806451613,825.1213985108449,20.0,171,6,0.4853801169590643
1.0,3,120.0,3,5.0,10.0,0.5,15445,93,0.1818064098413726,0.01825833603107802,0.7999352541275494,177,1.903225806451613,825.1213985108449,20.0,171,6,0.4853801169590643
1.0,3,120.0,3,5.0,10.0,0.6,15445,93,0.18064098413726126,0.01832308190352865,0.8010359339592101,177,1.903225806451613,825.1213985108449,20.0,172,5,0.4883720930232558
1.0,3,120.0,3,5.0,10.0,0.7,15445,93,0.18064098413726126,0.01832308190352865,0.8010359339592101,177,1.903225806451613,825.1213985108449,20.0,172,5,0.4883720930232558
1.0,3,120.0,3,5.0,10.0,0.8,15445,93,0.1796697960505018,0.018064098413726123,0.802266105535772,176,1.89247311827957,820.4596956943996,20.0,171,5,0.49122807017543857
1.0,3,120.0,3,5.0,10.0,0.9,15445,93,0.1796697960505018,0.018064098413726123,0.802266105535772,176,1.89247311827957,820.4596956943996,20.0,171,5,0.49122807017543857
1.0,3,120.0,3,5.0,10.0,1.0,15445,93,0.1785043703463904,0.018128844286176757,0.8033667853674328,176,1.89247311827957,820.4596956943996,20.0,171,5,0.49122807017543857
1.0,5,15.0,1,5.0,0.0,-4.0,15445,93,1.0,0.0,0.0,0,0.0,0.0,,0,0,
1.0,5,15.0,1,5.0,0.0,-3.9,15445,93,1.0,0.0,0.0,0,0.0,0.0,,0,0,
1.0,5,15.0,1,5.0,0.0,-3.8,15445,93,1.0,0.0,0.0,0,0.0,0.0,,0,0,
1.0,5,15.0,1,5.0,0.0,-3.7,15445,93,1.0,0.0,0.0,0,0.0,0.0,,0,0,
1.0,5,15.0,1,5.0,0.0,-3.6,15445,93,1.0,0.0,0.0,0,0.0,0.0,,0,0,
1.0,5,15.0,1,5.0,0.0,-3.5,15445,93,1.0,0.0,0.0,0,0.0,0.0,,0,0,
1.0,5,15.0,1,5.0,0.0,-3.4,15445,93,1.0,0.0,0.0,0,0.0,0.0,,0,0,
1.0,5,15.0,1,5.0,0.0,-3.3,15445,93,1.0,0.0,0.0,0,0.0,0.0,,0,0,
1.0,5,15.0,1,5.0,0.0,-3.2,15445,93,1.0,0.0,0.0,0,0.0,0.0,,0,0,
1.0,5,15.0,1,5.0,0.0,-3.1,15445,93,1.0,0.0,0.0,0,0.0,0.0,,0,0,
1.0,5,15.0,1,5.0,0.0,-3.0,15445,93,1.0,0.0,0.0,0,0.0,0.0,,0,0,
1.0,5,15.0,1,5.0,0.0,-2.9,15445,93,1.0,0.0,0.0,0,0.0,0.0,,0,0,
1.0,5,15.0,1,5.0,0.0,-2.8,15445,93,1.0,0.0,0.0,0,0.0,0.0,,0,0,
1.0,5,15.0,1,5.0,0.0,-2.7,15445,93,1.0,0.0,0.0,0,0.0,0.0,,0,0,
1.0,5,15.0,1,5.0,0.0,-2.6,15445,93,1.0,0.0,0.0,0,0.0,0.0,,0,0,
1.0,5,15.0,1,5.0,0.0,-2.5,15445,93,1.0,0.0,0.0,0,0.0,0.0,,0,0,
1.0,5,15.0,1,5.0,0.0,-2.4,15445,93,0.9860796374231143,0.013920362576885724,0.0,163,1.7526881720430108,759.8575590806087,15.0,161,2,0.42857142857142855
1.0,5,15.0,1,5.0,0.0,-2.3,15445,93,0.9348656523146649,0.0575590806086112,0.007575267076723859,846,9.096774193548388,3943.8005827128522,15.0,840,6,0.08214285714285714
1.0,5,15.0,1,5.0,0.0,-2.2,15445,93,0.8252508902557462,0.16134671414697313,0.013402395597280674,2107,22.655913978494624,9822.207834250567,15.0,2092,15,0.03202676864244742
1.0,5,15.0,1,5.0,0.0,-2.1,15445,93,0.726254451278731,0.2227905471026222,0.050955001618646814,3417,36.74193548387097,15929.038523794108,15.0,3396,21,0.043580683156654886
1.0,5,15.0,1,5.0,0.0,-2.0,15445,93,0.6816445451602461,0.19436710909679508,0.12398834574295889,4012,43.13978494623656,18702.751699579152,10.0,3991,21,0.03733400150338261
1.0,5,15.0,1,5.0,0.0,-1.9,15445,93,0.6435739721592748,0.17947555843314988,0.17695046940757528,4350,46.774193548387096,20278.407251537716,10.0,4317,33,0.031503358813991196
1.0,5,15.0,1,5.0,0.0,-1.8,15445,93,0.5821301392036258,0.16652638394302363,0.2513434768533506,5285,56.82795698924731,24637.09938491421,10.0,5249,36,0.022670984949514195
1.0,5,15.0,1,5.0,0.0,-1.7,15445,93,0.5257364842991259,0.1571382324376821,0.31712528326319195,4945,53.17204301075269,23052.12042732276,10.0,4907,38,0.023843488893417565
1.0,5,15.0,1,5.0,0.0,-1.6,15445,93,0.5003561022984785,0.12450631272256393,0.3751375849789576,4503,48.41935483870968,20991.64778245387,10.0,4464,39,0.032482078853046596
1.0,5,15.0,1,5.0,0.0,-1.5,15445,93,0.45788280997086434,0.13978633862091291,0.4023308514082227,3989,42.89247311827957,18595.532534800906,10.0,3951,38,0.03998987598076437
1.0,5,15.0,1,5.0,0.0,-1.4,15445,93,0.4331498866947232,0.12314664940110068,0.4437034639041761,3840,41.29032258064516,17900.938815150534,10.0,3803,37,0.04233499868524849
1.0,5,15.0,1,5.0,0.0,-1.3,15445,93,0.3505341534477177,0.15189381676918096,0.49757202978310133,3696,39.74193548387097,17229.653609582387,10.0,3662,34,0.034134352812670674
1.0,5,15.0,1,5.0,0.0,-1.2,15445,93,0.30877306571706054,0.14975720297831013,0.5414697313046293,2902,31.204301075268816,13528.2615733247,15.0,2869,33,0.043569187870338096
1.0,5,15.0,1,5.0,0.0,-1.1,15445,93,0.2986079637423114,0.09621236646163807,0.6051796697960505,2209,23.752688172043012,10297.701521528003,15.0,2177,32,0.0891134588883785
1.0,5,15.0,1,5.0,0.0,-1.0,15445,93,0.2844933635480738,0.0940110067983166,0.6214956296536096,1931,20.763440860215052,9001.748138556166,15.0,1900,31,0.10105263157894737
1.0,5,15.0,1,5.0,0.0,-0.9,15445,93,0.2681126578180641,0.09893169310456458,0.6329556490773713,1577,16.956989247311828,7351.505341534477,15.0,1546,31,0.12419146183699871
1.0,5,15.0,1,5.0,0.0,-0.8,15445,93,0.26267400453221107,0.06539333117513758,0.6719326642926513,1811,19.473118279569892,8442.343800582712,10.0,1779,32,0.10736368746486791
1.0,5,15.0,1,5.0,0.0,-0.7,15445,93,0.24467465199093558,0.07342181935901586,0.6819035286500486,1908,20.516129032258064,8894.528973777922,10.0,1825,83,0.10465753424657534
1.0,5,15.0,1,5.0,0.0,-0.6,15445,93,0.22661055357720944,0.08222725801230171,0.6911621884104888,2017,21.688172043010752,9402.654580770475,10.0,1934,83,0.07290589451913133
1.0,5,15.0,1,5.0,0.0,-0.5,15445,93,0.21184849465846553,0.06267400453221107,0.7254775008093234,1802,19.376344086021504,8400.388475234704,10.0,1722,80,0.08188153310104529
1.0,5,15.0,1,5.0,0.0,-0.4,15445,93,0.19954677889284558,0.06403366785367433,0.7364195532534801,1786,19.204301075268816,8325.801230171575,10.0,1707,79,0.08318687756297598
1.0,5,15.0,1,5.0,0.0,-0.3,15445,93,0.19015862738750405,0.06215603755260602,0.7476853350598899,1769,19.021505376344088,8246.552282292003,10.0,1690,79,0.08402366863905325
1.0,5,15.0,1,5.0,0.0,-0.2,15445,93,0.17319520880543865,0.058400776950469406,0.768404014244092,1747,18.78494623655914,8143.994820330204,10.0,1668,79,0.08573141486810551
1.0,5,15.0,1,5.0,0.0,-0.1,15445,93,0.17209452897377792,0.04765296212366461,0.7802525089025575,1581,17.0,7370.152152800259,10.0,1502,79,0.0952063914780293
1.0,5,15.0,1,5.0,0.0,0.0,15445,93,0.16322434444804143,0.038912269342829396,0.7978633862091292,1443,15.516129032258064,6726.837164130787,5.0,1366,77,0.1054172767203514
1.0,5,15.0,1,5.0,0.0,0.1,15445,93,0.15474263515700873,0.0418258336031078,0.8034315312398834,1342,14.43010752688172,6256.005179669796,10.0,1266,76,0.11453396524486571
1.0,5,15.0,1,5.0,0.0,0.2,15445,93,0.1480738102945937,0.040919391388798965,0.8110067983166073,1294,13.913978494623656,6032.243444480414,10.0,1219,75,0.11894995898277276
1.0,5,15.0,1,5.0,0.0,0.3,15445,93,0.1467788928455811,0.03904176108773066,0.8141793460666883,1247,13.408602150537634,5813.143412107478,10.0,1172,75,0.12372013651877133
1.0,5,15.0,1,5.0,0.0,0.4,15445,93,0.1368727743606345,0.030883781158951115,0.8322434444804143,1037,11.150537634408602,4834.185820653934,5.0,962,75,0.15072765072765074
1.0,5,15.0,1,5.0,0.0,0.5,15445,93,0.13680802848818388,0.029847847199741016,0.833344124312075,1036,11.13978494623656,4829.524117837488,5.0,961,75,0.15088449531737774
1.0,5,15.0,1,5.0,0.0,0.6,15445,93,0.12703140174813857,0.026157332470055035,0.8468112657818064,738,7.935483870967742,3440.3366785367434,10.0,665,73,0.24511278195488723
1.0,5,15.0,1,5.0,0.0,0.7,15445,93,0.12696665587568792,0.026157332470055035,0.8468760116542571,736,7.913978494623656,3431.0132729038523,10.0,663,73,0.2473604826546003
1.0,5,15.0,1,5.0,0.0,0.8,15445,93,0.12094528973777921,0.026545807704758822,0.8525089025574619,669,7.193548387096774,3118.6791842020075,10.0,595,74,0.2722689075630252
1.0,5,15.0,1,5.0,0.0,0.9,15445,93,0.11680155390093881,0.02797021689867271,0.8552282292003884,591,6.354838709677419,2755.0663645192617,20.0,517,74,0.31334622823984526
1.0,5,15.0,1,5.0,0.0,1.0,15445,93,0.11492392359987051,0.017546131434121075,0.8675299449660084,415,4.462365591397849,1934.6066688248623,20.0,346,69,0.24855491329479767
1.0,5,15.0,2,5.0,5.0,-4.0,15445,93,1.0,0.0,0.0,0,0.0,0.0,,0,0,
1.0,5,15.0,2,5.0,5.0,-3.9,15445,93,1.0,0.0,0.0,0,0.0,0.0,,0,0,
1.0,5,15.0,2,5.0,5.0,-3.8,15445,93,1.0,0.0,0.0,0,0.0,0.0,,0,0,
1.0,5,15.0,2,5.0,5.0,-3.7,15445,93,1.0,0.0,0.0,0,0.0,0.0,,0,0,
1.0,5,15.0,2,5.0,5.0,-3.6,15445,93,1.0,0.0,0.0,0,0.0,0.0,,0,0,
1.0,5,15.0,2,5.0,5.0,-3.5,15445,93,1.0,0.0,0.0,0,0.0,0.0,,0,0,
1.0,5,15.0,2,5.0,5.0,-3.4,15445,93,1.0,0.0,0.0,0,0.0,0.0,,0,0,
1.0,5,15.0,2,5.0,5.0,-3.3,15445,93,1.0,0.0,0.0,0,0.0,0.0,,0,0,
1.0,5,15.0,2,5.0,5.0,-3.2,15445,93,1.0,0.0,0.0,0,0.0,0.0,,0,0,
1.0,5,15.0,2,5.0,5.0,-3.1,15445,93,1.0,0.0,0.0,0,0.0,0.0,,0,0,
1.0,5,15.0,2,5.0,5.0,-3.0,15445,93,1.0,0.0,0.0,0,0.0,0.0,,0,0,
1.0,5,15.0,2,5.0,5.0,-2.9,15445,93,1.0,0.0,0.0,0,0.0,0.0,,0,0,
1.0,5,15.0,2,5.0,5.0,-2.8,15445,93,1.0,0.0,0.0,0,0.0,0.0,,0,0,
1.0,5,15.0,2,5.0,5.0,-2.7,15445,93,1.0,0.0,0.0,0,0.0,0.0,,0,0,
1.0,5,15.0,2,5.0,5.0,-2.6,15445,93,1.0,0.0,0.0,0,0.0,0.0,,0,0,
1.0,5,15.0,2,5.0,5.0,-2.5,15445,93,1.0,0.0,0.0,0,0.0,0.0,,0,0,
1.0,5,15.0,2,5.0,5.0,-2.4,15445,93,0.9861443832955649,0.013855616704435093,0.0,163,1.7526881720430108,759.8575590806087,15.0,161,2,0.42857142857142855
1.0,5,15.0,2,5.0,5.0,-2.3,15445,93,0.9431531239883457,0.04933635480738103,0.007510521204273228,669,7.193548387096774,3118.6791842020075,15.0,662,7,0.10120845921450151
1.0,5,15.0,2,5.0,5.0,-2.2,15445,93,0.8288766591129816,0.15474263515700873,0.01638070573000971,2004,21.548387096774192,9342.052444156685,15.0,1988,16,0.032696177062374245
1.0,5,15.0,2,5.0,5.0,-2.1,15445,93,0.7526707672385885,0.18718031725477502,0.06014891550663645,2757,29.64516129032258,12852.31466494011,15.0,2734,23,0.05888807607900512
1.0,5,15.0,2,5.0,5.0,-2.0,15445,93,0.7200388475234704,0.11990935577856912,0.16005179669796052,2867,30.827956989247312,13365.10197474911,15.0,2844,23,0.051336146272855133
1.0,5,15.0,2,5.0,5.0,-1.9,15445,93,0.6896730333441243,0.08391065069601814,0.22641631595985756,2417,25.989247311827956,11267.335707348657,15.0,2332,85,0.036020583190394515
1.0,5,15.0,2,5.0,5.0,-1.8,15445,93,0.6503722887665911,0.030819035286500485,0.31880867594690837,2194,23.591397849462364,10227.775979281321,15.0,2105,89,0.016152019002375298
1.0,5,15.0,2,5.0,5.0,-1.7,15445,93,0.5632243444480415,0.029394626092586598,0.407381029459372,2449,26.333333333333332,11416.51019747491,15.0,2359,90,0.000847816871555744
1.0,5,15.0,2,5.0,5.0,-1.6,15445,93,0.5296859825186144,0.0007769504694075753,0.469537067011978,1991,21.408602150537636,9281.450307542895,15.0,1901,90,0.022619673855865333
1.0,5,15.0,2,5.0,5.0,-1.5,15445,93,0.49841372612495954,0.04953059242473292,0.45205568145030756,2497,26.849462365591396,11640.271932664293,15.0,2407,90,0.0
1.0,5,15.0,2,5.0,5.0,-1.4,15445,93,0.45697636775655553,0.02842343800582713,0.5146001942376174,1917,20.612903225806452,8936.48429912593,15.0,1827,90,0.007662835249042145
1.0,5,15.0,2,5.0,5.0,-1.3,15445,93,0.3517643250242797,0.07070249271608935,0.5775331822596309,1749,18.806451612903224,8153.318225963096,15.0,1666,83,0.043817527010804325
1.0,5,15.0,2,5.0,5.0,-1.2,15445,93,0.3165425704111363,0.11045645840077695,0.5730009711880868,2062,22.172043010752688,9612.43120751052,20.0,1976,86,0.035931174089068825
1.0,5,15.0,2,5.0,5.0,-1.1,15445,93,0.29679507931369375,0.04991906765943671,0.6532858530268696,1054,11.333333333333334,4913.434768533506,17.5,970,84,0.07525773195876288
1.0,5,15.0,2,5.0,5.0,-1.0,15445,93,0.2826157332470055,0.058336031078018775,0.6590482356749757,1059,11.387096774193548,4936.743282615733,15.0,979,80,0.0755873340143003
1.0,5,15.0,2,5.0,5.0,-0.9,15445,93,0.27652962123664615,0.0848818387827776,0.6385885399805762,1343,14.440860215053764,6260.666882486242,15.0,1259,84,0.05798252581413821
1.0,5,15.0,2,5.0,5.0,-0.8,15445,93,0.29634185820653935,0.027063774684363873,0.6765943671090968,1021,10.978494623655914,4759.598575590806,20.0,937,84,0.07790821771611527
1.0,5,15.0,2,5.0,5.0,-0.7,15445,93,0.2735513111039171,0.03198446099061185,0.694464227905471,1133,12.182795698924732,5281.7092910326965,15.0,1049,84,0.06959008579599618
1.0,5,15.0,2,5.0,5.0,-0.6,15445,93,0.24991906765943672,0.0376820977662674,0.7123988345742959,1277,13.731182795698924,5952.994496600842,15.0,1193,84,0.06119027661357921
1.0,5,15.0,2,5.0,5.0,-0.5,15445,93,0.2327614114600194,0.02136613790870832,0.7458724506312723,1075,11.559139784946236,5011.330527678861,15.0,994,81,0.0744466800804829
1.0,5,15.0,2,5.0,5.0,-0.4,15445,93,0.212819682745225,0.022984784719974102,0.7641955325348009,942,10.129032258064516,4391.3240530916155,15.0,862,80,0.08700696055684455
1.0,5,15.0,2,5.0,5.0,-0.3,15445,93,0.204920686306248,0.017999352541275493,0.7770799611524766,841,9.043010752688172,3920.4920686306245,15.0,761,80,0.09855453350854139
1.0,5,15.0,2,5.0,5.0,-0.2,15445,93,0.19164778245386857,0.022078342505665264,0.7862738750404662,972,10.451612903225806,4531.175137584979,15.0,892,80,0.08408071748878924
1.0,5,15.0,2,5.0,5.0,-0.1,15445,93,0.18841048883133701,0.011460019423761736,0.8001294917449012,776,8.344086021505376,3617.4813855616703,15.0,696,80,0.1307471264367816
1.0,5,15.0,2,5.0,5.0,0.0,15445,93,0.17222402071867918,0.00012949174490126255,0.8276464875364196,544,5.849462365591398,2535.9663321463254,15.0,465,79,0.26666666666666666
1.0,5,15.0,2,5.0,5.0,0.1,15445,93,0.16367756555519586,0.008352217546131434,0.8279702168986727,573,6.161290322580645,2671.155713823244,15.0,497,76,0.317907444668008
1.0,5,15.0,2,5.0,5.0,0.2,15445,93,0.15435415992230495,0.010553577209452897,0.8350922628682421,549,5.903225806451613,2559.274846228553,15.0,473,76,0.30021141649048627
1.0,5,15.0,2,5.0,5.0,0.3,15445,93,0.15422466817740368,0.010553577209452897,0.8352217546131434,549,5.903225806451613,2559.274846228553,15.0,472,77,0.2648305084745763
1.0,5,15.0,2,5.0,5.0,0.4,15445,93,0.14043379734541922,0.004467465199093558,0.8550987374554873,315,3.3870967741935485,1468.4363871803173,45.0,244,71,0.3360655737704918
1.0,5,15.0,2,5.0,5.0,0.5,15445,93,0.14030430560051796,0.002395597280673357,0.8573000971188087,281,3.021505376344086,1309.9384914211719,45.0,211,70,0.3981042654028436
1.0,5,15.0,2,5.0,5.0,0.6,15445,93,0.13098089996762707,0.011395273551311104,0.8576238264810618,304,3.2688172043010755,1417.1576561994173,240.0,267,37,0.599250936329588
1.0,5,15.0,2,5.0,5.0,0.7,15445,93,0.13098089996762707,0.011395273551311104,0.8576238264810618,304,3.2688172043010755,1417.1576561994173,240.0,267,37,0.599250936329588
1.0,5,15.0,2,5.0,5.0,0.8,15445,93,0.12657818064098414,0.015150534153447718,0.8582712852055682,328,3.5268817204301075,1529.038523794108,117.5,279,49,0.5734767025089605
1.0,5,15.0,2,5.0,5.0,0.9,15445,93,0.1265134347685335,0.018970540628034962,0.8545160246034316,374,4.021505376344086,1743.476853350599,50.0,300,74,0.48333333333333334
1.0,5,15.0,2,5.0,5.0,1.0,15445,93,0.12534800906442214,0.009711880867594691,0.8649401100679832,244,2.6236559139784945,1137.45548721269,50.0,174,70,0.4827586206896552
1.0,5,15.0,3,5.0,10.0,-4.0,15445,93,1.0,0.0,0.0,0,0.0,0.0,,0,0,
1.0,5,15.0,3,5.0,10.0,-3.9,15445,93,1.0,0.0,0.0,0,0.0,0.0,,0,0,
1.0,5,15.0,3,5.0,10.0,-3.8,15445,93,1.0,0.0,0.0,0,0.0,0.0,,0,0,
1.0,5,15.0,3,5.0,10.0,-3.7,15445,93,1.0,0.0,0.0,0,0.0,0.0,,0,0,
1.0,5,15.0,3,5.0,10.0,-3.6,15445,93,1.0,0.0,0.0,0,0.0,0.0,,0,0,
1.0,5,15.0,3,5.0,10.0,-3.5,15445,93,1.0,0.0,0.0,0,0.0,0.0,,0,0,
1.0,5,15.0,3,5.0,10.0,-3.4,15445,93,1.0,0.0,0.0,0,0.0,0.0,,0,0,
1.0,5,15.0,3,5.0,10.0,-3.3,15445,93,1.0,0.0,0.0,0,0.0,0.0,,0,0,
1.0,5,15.0,3,5.0,10.0,-3.2,15445,93,1.0,0.0,0.0,0,0.0,0.0,,0,0,
1.0,5,15.0,3,5.0,10.0,-3.1,15445,93,1.0,0.0,0.0,0,0.0,0.0,,0,0,
1.0,5,15.0,3,5.0,10.0,-3.0,15445,93,1.0,0.0,0.0,0,0.0,0.0,,0,0,
1.0,5,15.0,3,5.0,10.0,-2.9,15445,93,1.0,0.0,0.0,0,0.0,0.0,,0,0,
1.0,5,15.0,3,5.0,10.0,-2.8,15445,93,1.0,0.0,0.0,0,0.0,0.0,,0,0,
1.0,5,15.0,3,5.0,10.0,-2.7,15445,93,1.0,0.0,0.0,0,0.0,0.0,,0,0,
1.0,5,15.0,3,5.0,10.0,-2.6,15445,93,1.0,0.0,0.0,0,0.0,0.0,,0,0,
1.0,5,15.0,3,5.0,10.0,-2.5,15445,93,1.0,0.0,0.0,0,0.0,0.0,,0,0,
1.0,5,15.0,3,5.0,10.0,-2.4,15445,93,0.9900938815150534,0.009906118484946585,0.0,102,1.096774193548387,475.49368727743604,15.0,101,1,0.42574257425742573
1.0,5,15.0,3,5.0,10.0,-2.3,15445,93,0.9651667206215604,0.03444480414373584,0.00038847523470378765,360,3.870967741935484,1678.2130139203625,15.0,355,5,0.19718309859154928
1.0,5,15.0,3,5.0,10.0,-2.2,15445,93,0.8857235351246358,0.10443509226286825,0.009841372612495953,1163,12.505376344086022,5421.56037552606,15.0,1148,15,0.156794425087108
1.0,5,15.0,3,5.0,10.0,-2.1,15445,93,0.8345095500161864,0.14626092586597605,0.019229524117837488,1662,17.870967741935484,7747.750080932341,15.0,1645,17,0.15379939209726443
1.0,5,15.0,3,5.0,10.0,-2.0,15445,93,0.7654257041113629,0.09044998381353189,0.1441243120751052,1408,15.13978494623656,6563.677565555196,15.0,1387,21,0.136986301369863
1.0,5,15.0,3,5.0,10.0,-1.9,15445,93,0.6940110067983166,0.08345742958886371,0.22253156361281967,1278,13.741935483870968,5957.656199417287,15.0,1255,23,0.11633466135458168
1.0,5,15.0,3,5.0,10.0,-1.8,15445,93,0.6806733570734865,0.018646811265781806,0.30067983166073164,443,4.763440860215054,2065.134347685335,50.0,426,17,0.215962441314554
1.0,5,15.0,3,5.0,10.0,-1.7,15445,93,0.6327614114600194,0.015150534153447718,0.35208805438653284,373,4.010752688172043,1738.8151505341534,15.0,311,62,0.2733118971061093
1.0,5,15.0,3,5.0,10.0,-1.6,15445,93,0.5557138232437682,0.00038847523470378765,0.443897701521528,606,6.516129032258065,2824.9919067659434,80.0,532,74,0.24436090225563908
1.0,5,15.0,3,5.0,10.0,-1.5,15445,93,0.4550339915830366,0.00912916801553901,0.5358368404014244,762,8.193548387096774,3552.2175461314337,65.0,673,89,0.08469539375928678
1.0,5,15.0,3,5.0,10.0,-1.4,15445,93,0.3646487536419553,0.0009711880867594691,0.6343800582712852,399,4.290322580645161,1860.0194237617352,130.0,317,82,0.22712933753943218
1.0,5,15.0,3,5.0,10.0,-1.3,15445,93,0.3046293298802201,0.04998381353188734,0.6453868565878925,712,7.655913978494624,3319.132405309161,20.0,631,81,0.11568938193343899
1.0,5,15.0,3,5.0,10.0,-1.2,15445,93,0.3022337325995468,0.04273227581741664,0.6550339915830365,765,8.225806451612904,3566.2026545807707,35.0,684,81,0.1067251461988304
1.0,5,15.0,3,5.0,10.0,-1.1,15445,93,0.29219812236969894,0.03787633538361929,0.6699255422466818,715,7.688172043010753,3333.117513758498,20.0,634,81,0.1167192429022082
1.0,5,15.0,3,5.0,10.0,-1.0,15445,93,0.27322758174166395,0.0565231466494011,0.6702492716089349,811,8.720430107526882,3780.640984137261,15.0,731,80,0.10259917920656635
1.0,5,15.0,3,5.0,10.0,-0.9,15445,93,0.27219164778245386,0.065846552282292,0.6619617999352542,907,9.75268817204301,4228.164454516024,15.0,826,81,0.09079903147699758
1.0,5,15.0,3,5.0,10.0,-0.8,15445,93,0.32314664940110066,0.005050178051149239,0.6718031725477501,382,4.10752688172043,1780.7704758821624,110.0,301,81,0.2425249169435216
1.0,5,15.0,3,5.0,10.0,-0.7,15445,93,0.30773713175785045,0.005050178051149239,0.6872126901910003,380,4.086021505376344,1771.4470702492715,110.0,299,81,0.24749163879598662
1.0,5,15.0,3,5.0,10.0,-0.6,15445,93,0.27076723858853996,0.013337649724830042,0.71589511168663,464,4.989247311827957,2163.0301068306894,72.5,383,81,0.2349869451697128
1.0,5,15.0,3,5.0,10.0,-0.5,15445,93,0.24972483004208482,0.01476205891874393,0.7355131110391713,474,5.096774193548387,2209.647134995144,50.0,393,81,0.22900763358778625
1.0,5,15.0,3,5.0,10.0,-0.4,15445,93,0.20265458077047588,0.019617999352541274,0.7777274198769828,494,5.311827956989247,2302.881191324053,20.0,414,80,0.2584541062801932
1.0,5,15.0,3,5.0,10.0,-0.3,15445,93,0.21294917449012626,0.0178051149239236,0.7692457105859501,403,4.333333333333333,1878.6662350275171,50.0,335,68,0.35522388059701493
1.0,5,15.0,3,5.0,10.0,-0.2,15445,93,0.17300097118808677,0.0,0.8269990288119132,274,2.946236559139785,1277.3065717060538,15.0,203,71,0.4088669950738916
1.0,5,15.0,3,5.0,10.0,-0.1,15445,93,0.1728714794431855,0.0,0.8271285205568145,274,2.946236559139785,1277.3065717060538,15.0,203,71,0.4088669950738916
1.0,5,15.0,3,5.0,10.0,0.0,15445,93,0.1531887342181936,0.0,0.8468112657818064,196,2.10752688172043,913.6937520233085,50.0,138,58,0.6014492753623188
1.0,5,15.0,3,5.0,10.0,0.1,15445,93,0.15312398834574295,0.0,0.8468760116542571,196,2.10752688172043,913.6937520233085,50.0,138,58,0.6014492753623188
1.0,5,15.0,3,5.0,10.0,0.2,15445,93,0.13868565878925218,0.0,0.8613143412107478,120,1.2903225806451613,559.4043379734542,820.0,100,20,0.83
1.0,5,15.0,3,5.0,10.0,0.3,15445,93,0.13836192942699904,0.0,0.861638070573001,118,1.2688172043010753,550.0809323405633,820.0,98,20,0.8571428571428571
1.0,5,15.0,3,5.0,10.0,0.4,15445,93,0.13480090644221432,0.0,0.8651990935577857,94,1.010752688172043,438.20006474587245,880.0,86,8,0.9767441860465116
1.0,5,15.0,3,5.0,10.0,0.5,15445,93,0.13480090644221432,0.0,0.8651990935577857,94,1.010752688172043,438.20006474587245,880.0,86,8,0.9767441860465116
1.0,5,15.0,3,5.0,10.0,0.6,15445,93,0.13357073486565232,0.003107801877630301,0.8633214632567174,126,1.3548387096774193,587.374554872127,625.0,117,9,0.8461538461538461
1.0,5,15.0,3,5.0,10.0,0.7,15445,93,0.13357073486565232,0.003107801877630301,0.8633214632567174,126,1.3548387096774193,587.374554872127,625.0,117,9,0.8461538461538461
1.0,5,15.0,3,5.0,10.0,0.8,15445,93,0.13240530916154095,0.0,0.8675946908384591,94,1.010752688172043,438.20006474587245,880.0,86,8,0.9767441860465116
1.0,5,15.0,3,5.0,10.0,0.9,15445,93,0.13234056328909033,0.0025250890255746196,0.865134347685335,120,1.2903225806451613,559.4043379734542,825.0,99,21,0.8484848484848485
1.0,5,15.0,3,5.0,10.0,1.0,15445,93,0.13117513758497895,0.0,0.868824862415021,94,1.010752688172043,438.20006474587245,880.0,86,8,0.9767441860465116
1.0,5,30.0,1,5.0,0.0,-4.0,15445,93,1.0,0.0,0.0,0,0.0,0.0,,0,0,
1.0,5,30.0,1,5.0,0.0,-3.9,15445,93,1.0,0.0,0.0,0,0.0,0.0,,0,0,
1.0,5,30.0,1,5.0,0.0,-3.8,15445,93,1.0,0.0,0.0,0,0.0,0.0,,0,0,
1.0,5,30.0,1,5.0,0.0,-3.7,15445,93,1.0,0.0,0.0,0,0.0,0.0,,0,0,
1.0,5,30.0,1,5.0,0.0,-3.6,15445,93,1.0,0.0,0.0,0,0.0,0.0,,0,0,
1.0,5,30.0,1,5.0,0.0,-3.5,15445,93,1.0,0.0,0.0,0,0.0,0.0,,0,0,
1.0,5,30.0,1,5.0,0.0,-3.4,15445,93,1.0,0.0,0.0,0,0.0,0.0,,0,0,
1.0,5,30.0,1,5.0,0.0,-3.3,15445,93,1.0,0.0,0.0,0,0.0,0.0,,0,0,
1.0,5,30.0,1,5.0,0.0,-3.2,15445,93,1.0,0.0,0.0,0,0.0,0.0,,0,0,
1.0,5,30.0,1,5.0,0.0,-3.1,15445,93,1.0,0.0,0.0,0,0.0,0.0,,0,0,
1.0,5,30.0,1,5.0,0.0,-3.0,15445,93,1.0,0.0,0.0,0,0.0,0.0,,0,0,
1.0,5,30.0,1,5.0,0.0,-2.9,15445,93,1.0,0.0,0.0,0,0.0,0.0,,0,0,
1.0,5,30.0,1,5.0,0.0,-2.8,15445,93,1.0,0.0,0.0,0,0.0,0.0,,0,0,
1.0,5,30.0,1,5.0,0.0,-2.7,15445,93,1.0,0.0,0.0,0,0.0,0.0,,0,0,
1.0,5,30.0,1,5.0,0.0,-2.6,15445,93,1.0,0.0,0.0,0,0.0,0.0,,0,0,
1.0,5,30.0,1,5.0,0.0,-2.5,15445,93,1.0,0.0,0.0,0,0.0,0.0,,0,0,
1.0,5,30.0,1,5.0,0.0,-2.4,15445,93,0.9808352217546131,0.019164778245386857,0.0,135,1.4516129032258065,629.3298802201359,25.0,132,3,0.49242424242424243
1.0,5,30.0,1,5.0,0.0,-2.3,15445,93,0.9770152152800259,0.022984784719974102,0.0,137,1.4731182795698925,638.6532858530269,25.0,134,3,0.5
1.0,5,30.0,1,5.0,0.0,-2.2,15445,93,0.9691162188410489,0.030883781158951115,0.0,153,1.6451612903225807,713.2405309161541,30.0,150,3,0.4666666666666667
1.0,5,30.0,1,5.0,0.0,-2.1,15445,93,0.7311103917125283,0.24978957591453546,0.019100032372936226,1049,11.279569892473118,4890.126254451278,20.0,1039,10,0.13763233878729547
1.0,5,30.0,1,5.0,0.0,-2.0,15445,93,0.6913564260278408,0.2850760764001295,0.023567497572029784,453,4.870967741935484,2111.75137584979,25.0,446,7,0.48654708520179374
1.0,5,30.0,1,5.0,0.0,-1.9,15445,93,0.44111362900615086,0.41307866623502754,0.14580770475882163,1602,17.225806451612904,7468.047911945613,20.0,1581,21,0.17963314358001264
1.0,5,30.0,1,5.0,0.0,-1.8,15445,93,0.39954677889284557,0.4179993525412755,0.18245386856587892,625,6.720430107526882,2913.5642602784073,130.0,607,18,0.7265238879736409
1.0,5,30.0,1,5.0,0.0,-1.7,15445,93,0.362771123340887,0.3355778569116219,0.3016510197474911,784,8.43010752688172,3654.775008093234,80.0,764,20,0.574607329842932
1.0,5,30.0,1,5.0,0.0,-1.6,15445,93,0.3279378439624474,0.3468436387180317,0.3252185173195209,527,5.666666666666667,2456.717384266753,120.0,512,15,0.724609375
1.0,5,30.0,1,5.0,0.0,-1.5,15445,93,0.32554224668177406,0.3371965037228877,0.3372612495953383,657,7.064516129032258,3062.738750404662,80.0,642,15,0.5778816199376947
1.0,5,30.0,1,5.0,0.0,-1.4,15445,93,0.3214632567173843,0.22292003884752348,0.4556167044350923,1498,16.107526881720432,6983.230819035286,15.0,1481,17,0.19311276164753544
1.0,5,30.0,1,5.0,0.0,-1.3,15445,93,0.3123988345742959,0.08313370022661055,0.6044674651990936,1202,12.924731182795698,5603.366785367432,15.0,1184,18,0.25844594594594594
1.0,5,30.0,1,5.0,0.0,-1.2,15445,93,0.30670119779864036,0.033408870184525735,0.6598899320168339,652,7.010752688172043,3039.4302363224347,10.0,639,13,0.4788732394366197
1.0,5,30.0,1,5.0,0.0,-1.1,15445,93,0.2977015215280026,0.035869213337649725,0.6664292651343476,657,7.064516129032258,3062.738750404662,10.0,644,13,0.47360248447204967
1.0,5,30.0,1,5.0,0.0,-1.0,15445,93,0.21871155713823243,0.10929103269666558,0.671997410165102,976,10.494623655913978,4549.82194885076,10.0,961,15,0.23413111342351717
1.0,5,30.0,1,5.0,0.0,-0.9,15445,93,0.21476205891874392,0.10903204920686306,0.6762058918743931,975,10.483870967741936,4545.160246034316,10.0,961,14,0.23413111342351717
1.0,5,30.0,1,5.0,0.0,-0.8,15445,93,0.19074134023955971,0.12696665587568792,0.6822920038847523,487,5.236559139784946,2270.2492716089346,100.0,473,14,0.642706131078224
1.0,5,30.0,1,5.0,0.0,-0.7,15445,93,0.18769828423438006,0.12230495305924248,0.6899967627063774,491,5.279569892473118,2288.8960828747167,95.0,477,14,0.6016771488469602
1.0,5,30.0,1,5.0,0.0,-0.6,15445,93,0.1867918420200712,0.11524765296212366,0.6979605050178052,485,5.21505376344086,2260.925865976044,90.0,471,14,0.47558386411889597
1.0,5,30.0,1,5.0,0.0,-0.5,15445,93,0.17041113629006152,0.1254775008093234,0.704111362900615,549,5.903225806451613,2559.274846228553,55.0,472,77,0.3940677966101695
1.0,5,30.0,1,5.0,0.0,-0.4,15445,93,0.1674975720297831,0.11796697960505018,0.7145354483651667,549,5.903225806451613,2559.274846228553,50.0,472,77,0.3411016949152542
1.0,5,30.0,1,5.0,0.0,-0.3,15445,93,0.14302363224344447,0.13616056976367757,0.720815797992878,572,6.150537634408602,2666.4940110067982,45.0,495,77,0.32525252525252524
1.0,5,30.0,1,5.0,0.0,-0.2,15445,93,0.12554224668177405,0.14198769828423438,0.7324700550339915,417,4.483870967741935,1943.9300744577533,70.0,340,77,0.47058823529411764
1.0,5,30.0,1,5.0,0.0,-0.1,15445,93,0.1254775008093234,0.11673680802848818,0.7577856911621884,579,6.225806451612903,2699.1259307219166,30.0,502,77,0.3187250996015936
1.0,5,30.0,1,5.0,0.0,0.0,15445,93,0.12424732923276141,0.06830689543541599,0.8074457753318226,477,5.129032258064516,2223.6322434444805,20.0,403,74,0.3970223325062035
1.0,5,30.0,1,5.0,0.0,0.1,15445,93,0.12418258336031078,0.05173195208805439,0.8240854645516348,317,3.4086021505376345,1477.7597928132082,20.0,248,69,0.34274193548387094
1.0,5,30.0,1,5.0,0.0,0.2,15445,93,0.12295241178374879,0.029135642602784072,0.8479119456134672,368,3.956989247311828,1715.5066364519262,20.0,299,69,0.2842809364548495
1.0,5,30.0,1,5.0,0.0,0.3,15445,93,0.12288766591129816,0.028293946260925865,0.848818387827776,366,3.935483870967742,1706.1832308190353,20.0,297,69,0.28619528619528617
1.0,5,30.0,1,5.0,0.0,0.4,15445,93,0.12172224020718679,0.019164778245386857,0.8591129815474263,312,3.3548387096774195,1454.451278730981,15.0,244,68,0.3524590163934426
1.0,5,30.0,1,5.0,0.0,0.5,15445,93,0.12172224020718679,0.01838782777597928,0.859889932016834,312,3.3548387096774195,1454.451278730981,15.0,244,68,0.3524590163934426
1.0,5,30.0,1,5.0,0.0,0.6,15445,93,0.12055681450307543,0.009517643250242796,0.8699255422466817,188,2.021505376344086,876.4001294917449,12.5,182,6,0.4725274725274725
1.0,5,30.0,1,5.0,0.0,0.7,15445,93,0.12055681450307543,0.009517643250242796,0.8699255422466817,188,2.021505376344086,876.4001294917449,12.5,182,6,0.4725274725274725
1.0,5,30.0,1,5.0,0.0,0.8,15445,93,0.1192618970540628,0.009517643250242796,0.8712204596956944,188,2.021505376344086,876.4001294917449,10.0,182,6,0.4725274725274725
1.0,5,30.0,1,5.0,0.0,0.9,15445,93,0.11913240530916154,0.009517643250242796,0.8713499514405957,188,2.021505376344086,876.4001294917449,10.0,182,6,0.4725274725274725
1.0,5,30.0,1,5.0,0.0,1.0,15445,93,0.1180317254775008,0.009452897377792166,0.8725153771447071,188,2.021505376344086,876.4001294917449,10.0,182,6,0.4725274725274725
1.0,5,30.0,2,5.0,5.0,-4.0,15445,93,1.0,0.0,0.0,0,0.0,0.0,,0,0,
1.0,5,30.0,2,5.0,5.0,-3.9,15445,93,1.0,0.0,0.0,0,0.0,0.0,,0,0,
1.0,5,30.0,2,5.0,5.0,-3.8,15445,93,1.0,0.0,0.0,0,0.0,0.0,,0,0,
1.0,5,30.0,2,5.0,5.0,-3.7,15445,93,1.0,0.0,0.0,0,0.0,0.0,,0,0,
1.0,5,30.0,2,5.0,5.0,-3.6,15445,93,1.0,0.0,0.0,0,0.0,0.0,,0,0,
1.0,5,30.0,2,5.0,5.0,-3.5,15445,93,1.0,0.0,0.0,0,0.0,0.0,,0,0,
1.0,5,30.0,2,5.0,5.0,-3.4,15445,93,1.0,0.0,0.0,0,0.0,0.0,,0,0,
1.0,5,30.0,2,5.0,5.0,-3.3,15445,93,1.0,0.0,0.0,0,0.0,0.0,,0,0,
1.0,5,30.0,2,5.0,5.0,-3.2,15445,93,1.0,0.0,0.0,0,0.0,0.0,,0,0,
1.0,5,30.0,2,5.0,5.0,-3.1,15445,93,1.0,0.0,0.0,0,0.0,0.0,,0,0,
1.0,5,30.0,2,5.0,5.0,-3.0,15445,93,1.0,0.0,0.0,0,0.0,0.0,,0,0,
1.0,5,30.0,2,5.0,5.0,-2.9,15445,93,1.0,0.0,0.0,0,0.0,0.0,,0,0,
1.0,5,30.0,2,5.0,5.0,-2.8,15445,93,1.0,0.0,0.0,0,0.0,0.0,,0,0,
1.0,5,30.0,2,5.0,5.0,-2.7,15445,93,1.0,0.0,0.0,0,0.0,0.0,,0,0,
1.0,5,30.0,2,5.0,5.0,-2.6,15445,93,1.0,0.0,0.0,0,0.0,0.0,,0,0,
1.0,5,30.0,2,5.0,5.0,-2.5,15445,93,1.0,0.0,0.0,0,0.0,0.0,,0,0,
1.0,5,30.0,2,5.0,5.0,-2.4,15445,93,0.9808999676270638,0.019100032372936226,0.0,134,1.4408602150537635,624.6681774036906,25.0,132,2,0.49242424242424243
1.0,5,30.0,2,5.0,5.0,-2.3,15445,93,0.9770799611524765,0.022920038847523472,0.0,137,1.4731182795698925,638.6532858530269,25.0,134,3,0.5
1.0,5,30.0,2,5.0,5.0,-2.2,15445,93,0.9689867270961476,0.03101327290385238,0.0,147,1.5806451612903225,685.2703140174814,40.0,144,3,0.4930555555555556
1.0,5,30.0,2,5.0,5.0,-2.1,15445,93,0.7239235998705082,0.25438653285853025,0.021689867270961477,762,8.193548387096774,3552.2175461314337,20.0,750,12,0.188
1.0,5,30.0,2,5.0,5.0,-2.0,15445,93,0.6910974425380382,0.2826157332470055,0.026286824214956296,376,4.043010752688172,1752.8002589834898,130.0,366,10,0.5437158469945356
1.0,5,30.0,2,5.0,5.0,-1.9,15445,93,0.4366461638070573,0.417740369051473,0.14561346714146972,1276,13.720430107526882,5948.332793784396,25.0,1255,21,0.2254980079681275
1.0,5,30.0,2,5.0,5.0,-1.8,15445,93,0.40401424409193915,0.4136613790870832,0.18232437682097766,568,6.10752688172043,2647.8471997410165,140.0,548,20,0.718978102189781
1.0,5,30.0,2,5.0,5.0,-1.7,15445,93,0.365231466494011,0.33350598899320166,0.30126254451278733,758,8.150537634408602,3533.5707348656524,97.5,735,23,0.5727891156462585
1.0,5,30.0,2,5.0,5.0,-1.6,15445,93,0.3296859825186144,0.3465199093557786,0.323794108125607,482,5.182795698924731,2246.940757526708,120.0,466,16,0.7918454935622318
1.0,5,30.0,2,5.0,5.0,-1.5,15445,93,0.3272903852379411,0.34114600194237615,0.3315636128196827,479,5.150537634408602,2232.9556490773716,120.0,463,16,0.7926565874730022
1.0,5,30.0,2,5.0,5.0,-1.4,15445,93,0.3285205568145031,0.21437358368404014,0.45710585950145677,1365,14.67741935483871,6363.224344448041,15.0,1345,20,0.18587360594795538
1.0,5,30.0,2,5.0,5.0,-1.3,15445,93,0.3193266429265134,0.07238588539980577,0.6082874716736808,1012,10.881720430107526,4717.643250242797,15.0,967,45,0.21923474663908996
1.0,5,30.0,2,5.0,5.0,-1.2,15445,93,0.3136937520233085,0.023567497572029784,0.6627387504046617,499,5.365591397849462,2326.18970540628,80.0,456,43,0.4583333333333333
1.0,5,30.0,2,5.0,5.0,-1.1,15445,93,0.3036581417934607,0.027193266429265135,0.6691485917772741,518,5.56989247311828,2414.762058918744,75.0,475,43,0.44
1.0,5,30.0,2,5.0,5.0,-1.0,15445,93,0.21670443509226286,0.10851408222725802,0.6747814826804791,676,7.268817204301075,3151.3111039171254,30.0,633,43,0.2559241706161137
1.0,5,30.0,2,5.0,5.0,-0.9,15445,93,0.21048883133700227,0.10812560699255422,0.6813855616704435,638,6.860215053763441,2974.166396892198,30.0,608,30,0.2894736842105263
1.0,5,30.0,2,5.0,5.0,-0.8,15445,93,0.19494982194885077,0.12314664940110068,0.6819035286500486,430,4.623655913978495,2004.5322110715442,100.0,402,28,0.6368159203980099
1.0,5,30.0,2,5.0,5.0,-0.7,15445,93,0.19184202007122045,0.11764325024279702,0.6905147296859825,421,4.526881720430108,1962.576885723535,100.0,380,41,0.5947368421052631
1.0,5,30.0,2,5.0,5.0,-0.6,15445,93,0.19080608611201036,0.11052120427322758,0.698672709614762,412,4.43010752688172,1920.621560375526,95.0,372,40,0.44086021505376344
1.0,5,30.0,2,5.0,5.0,-0.5,15445,93,0.17856911621884106,0.11673680802848818,0.7046940757526707,476,5.118279569892473,2218.970540628035,90.0,399,77,0.3208020050125313
1.0,5,30.0,2,5.0,5.0,-0.4,15445,93,0.1757850437034639,0.10922628682421495,0.7149886694723211,481,5.172043010752688,2242.2790547102622,80.0,404,77,0.31435643564356436
1.0,5,30.0,2,5.0,5.0,-0.3,15445,93,0.15059889932016834,0.12819682745224992,0.7212042732275817,481,5.172043010752688,2242.2790547102622,75.0,404,77,0.31435643564356436
1.0,5,30.0,2,5.0,5.0,-0.2,15445,93,0.13389446422790546,0.13493039818711558,0.731175137584979,373,4.010752688172043,1738.8151505341534,70.0,296,77,0.42905405405405406
1.0,5,30.0,2,5.0,5.0,-0.1,15445,93,0.13382971835545485,0.10967950793136938,0.7564907737131757,533,5.731182795698925,2484.687601165426,30.0,457,76,0.2778993435448578
1.0,5,30.0,2,5.0,5.0,0.0,15445,93,0.1327290385237941,0.06539333117513758,0.8018776303010683,433,4.655913978494624,2018.5173195208804,50.0,358,75,0.4441340782122905
1.0,5,30.0,2,5.0,5.0,0.1,15445,93,0.1325348009064422,0.04881838782777598,0.8186468112657818,271,2.913978494623656,1263.3214632567174,50.0,201,70,0.4228855721393035
1.0,5,30.0,2,5.0,5.0,0.2,15445,93,0.13117513758497895,0.024797669148591776,0.8440271932664293,274,2.946236559139785,1277.3065717060538,40.0,205,69,0.4195121951219512
1.0,5,30.0,2,5.0,5.0,0.3,15445,93,0.13117513758497895,0.024020718679184202,0.8448041437358368,274,2.946236559139785,1277.3065717060538,40.0,205,69,0.4195121951219512
1.0,5,30.0,2,5.0,5.0,0.4,15445,93,0.13007445775331822,0.016510197474910976,0.8534153447717708,271,2.913978494623656,1263.3214632567174,45.0,202,69,0.4207920792079208
1.0,5,30.0,2,5.0,5.0,0.5,15445,93,0.13007445775331822,0.0157332470055034,0.8541922952411783,271,2.913978494623656,1263.3214632567174,45.0,202,69,0.4207920792079208
1.0,5,30.0,2,5.0,5.0,0.6,15445,93,0.12890903204920687,0.006863062479766915,0.8642279054710262,147,1.5806451612903225,685.2703140174814,490.0,140,7,0.6071428571428571
1.0,5,30.0,2,5.0,5.0,0.7,15445,93,0.12890903204920687,0.006863062479766915,0.8642279054710262,147,1.5806451612903225,685.2703140174814,490.0,140,7,0.6071428571428571
1.0,5,30.0,2,5.0,5.0,0.8,15445,93,0.12761411460019423,0.006863062479766915,0.8655228229200388,147,1.5806451612903225,685.2703140174814,495.0,140,7,0.6071428571428571
1.0,5,30.0,2,5.0,5.0,0.9,15445,93,0.1273551311103917,0.006863062479766915,0.8657818064098414,145,1.5591397849462365,675.9469083845905,545.0,139,6,0.6115107913669064
1.0,5,30.0,2,5.0,5.0,1.0,15445,93,0.12631919715118162,0.006733570734865652,0.8669472321139527,144,1.5483870967741935,671.285205568145,552.5,138,6,0.6159420289855072
1.0,5,30.0,3,5.0,10.0,-4.0,15445,93,1.0,0.0,0.0,0,0.0,0.0,,0,0,
1.0,5,30.0,3,5.0,10.0,-3.9,15445,93,1.0,0.0,0.0,0,0.0,0.0,,0,0,
1.0,5,30.0,3,5.0,10.0,-3.8,15445,93,1.0,0.0,0.0,0,0.0,0.0,,0,0,
1.0,5,30.0,3,5.0,10.0,-3.7,15445,93,1.0,0.0,0.0,0,0.0,0.0,,0,0,
1.0,5,30.0,3,5.0,10.0,-3.6,15445,93,1.0,0.0,0.0,0,0.0,0.0,,0,0,
1.0,5,30.0,3,5.0,10.0,-3.5,15445,93,1.0,0.0,0.0,0,0.0,0.0,,0,0,
1.0,5,30.0,3,5.0,10.0,-3.4,15445,93,1.0,0.0,0.0,0,0.0,0.0,,0,0,
1.0,5,30.0,3,5.0,10.0,-3.3,15445,93,1.0,0.0,0.0,0,0.0,0.0,,0,0,
1.0,5,30.0,3,5.0,10.0,-3.2,15445,93,1.0,0.0,0.0,0,0.0,0.0,,0,0,
1.0,5,30.0,3,5.0,10.0,-3.1,15445,93,1.0,0.0,0.0,0,0.0,0.0,,0,0,
1.0,5,30.0,3,5.0,10.0,-3.0,15445,93,1.0,0.0,0.0,0,0.0,0.0,,0,0,
1.0,5,30.0,3,5.0,10.0,-2.9,15445,93,1.0,0.0,0.0,0,0.0,0.0,,0,0,
1.0,5,30.0,3,5.0,10.0,-2.8,15445,93,1.0,0.0,0.0,0,0.0,0.0,,0,0,
1.0,5,30.0,3,5.0,10.0,-2.7,15445,93,1.0,0.0,0.0,0,0.0,0.0,,0,0,
1.0,5,30.0,3,5.0,10.0,-2.6,15445,93,1.0,0.0,0.0,0,0.0,0.0,,0,0,
1.0,5,30.0,3,5.0,10.0,-2.5,15445,93,1.0,0.0,0.0,0,0.0,0.0,,0,0,
1.0,5,30.0,3,5.0,10.0,-2.4,15445,93,0.9808999676270638,0.019100032372936226,0.0,134,1.4408602150537635,624.6681774036906,25.0,132,2,0.49242424242424243
1.0,5,30.0,3,5.0,10.0,-2.3,15445,93,0.9771447070249272,0.022855292975072838,0.0,136,1.4623655913978495,633.9915830365813,32.5,134,2,0.5
1.0,5,30.0,3,5.0,10.0,-2.2,15445,93,0.9687924894787957,0.03120751052120427,0.0,142,1.5268817204301075,661.9617999352541,67.5,140,2,0.5142857142857142
1.0,5,30.0,3,5.0,10.0,-2.1,15445,93,0.6972483004208482,0.2773065717060537,0.02544512787309809,307,3.3010752688172045,1431.1427646487537,130.0,297,10,0.6262626262626263
1.0,5,30.0,3,5.0,10.0,-2.0,15445,93,0.68410488831337,0.2859177727419877,0.02997733894464228,222,2.3870967741935485,1034.8980252508902,195.0,215,7,0.6651162790697674
1.0,5,30.0,3,5.0,10.0,-1.9,15445,93,0.41521528002589836,0.4334736160569764,0.1513111039171253,739,7.946236559139785,3444.9983813531885,85.0,722,17,0.5096952908587258
1.0,5,30.0,3,5.0,10.0,-1.8,15445,93,0.409129168015539,0.4086759469083846,0.1821948850760764,533,5.731182795698925,2484.687601165426,140.0,514,19,0.7120622568093385
1.0,5,30.0,3,5.0,10.0,-1.7,15445,93,0.3745548721269019,0.3246358044674652,0.3008093234056329,693,7.451612903225806,3230.5600517966977,120.0,671,22,0.5394932935916542
1.0,5,30.0,3,5.0,10.0,-1.6,15445,93,0.3310456458400777,0.34541922952411785,0.32353512463580447,475,5.10752688172043,2214.3088378115895,120.0,458,17,0.7991266375545851
1.0,5,30.0,3,5.0,10.0,-1.5,15445,93,0.32865004855940433,0.34011006798316606,0.3312398834574296,473,5.086021505376344,2204.985432178699,120.0,456,17,0.8004385964912281
1.0,5,30.0,3,5.0,10.0,-1.4,15445,93,0.3409517643250243,0.19624473939786338,0.4628034962771123,1227,13.193548387096774,5719.909355778569,20.0,1207,20,0.16652858326429162
1.0,5,30.0,3,5.0,10.0,-1.3,15445,93,0.3318225963094853,0.041372612495953386,0.6268047911945613,711,7.645161290322581,3314.470702492716,25.0,628,83,0.11942675159235669
1.0,5,30.0,3,5.0,10.0,-1.2,15445,93,0.326254451278731,0.0011654257041113628,0.6725801230171576,324,3.4838709677419355,1510.3917125283265,127.5,245,79,0.30612244897959184
1.0,5,30.0,3,5.0,10.0,-1.1,15445,93,0.31770799611524764,0.0029135642602784073,0.679378439624474,323,3.4731182795698925,1505.730009711881,130.0,244,79,0.3114754098360656
1.0,5,30.0,3,5.0,10.0,-1.0,15445,93,0.20595662026545808,0.10074457753318226,0.6932988022013596,323,3.4731182795698925,1505.730009711881,130.0,246,77,0.3170731707317073
1.0,5,30.0,3,5.0,10.0,-0.9,15445,93,0.20407898996438978,0.10074457753318226,0.695176432502428,322,3.4623655913978495,1501.0683068954354,135.0,245,77,0.3183673469387755
1.0,5,30.0,3,5.0,10.0,-0.8,15445,93,0.20323729362253157,0.10935577856911621,0.6874069278083522,322,3.4623655913978495,1501.0683068954354,137.5,245,77,0.6408163265306123
1.0,5,30.0,3,5.0,10.0,-0.7,15445,93,0.20032372936225315,0.10514729685982518,0.6945289737779217,320,3.4408602150537635,1491.7449012625445,145.0,243,77,0.5761316872427984
1.0,5,30.0,3,5.0,10.0,-0.6,15445,93,0.19948203302039494,0.0985432178698608,0.7019747491097442,320,3.4408602150537635,1491.7449012625445,142.5,243,77,0.3168724279835391
1.0,5,30.0,3,5.0,10.0,-0.5,15445,93,0.19119456134671414,0.100615085788281,0.7081903528650049,383,4.118279569892473,1785.432178698608,90.0,306,77,0.25163398692810457
1.0,5,30.0,3,5.0,10.0,-0.4,15445,93,0.18841048883133701,0.09297507283910651,0.7186144383295565,385,4.139784946236559,1794.7555843314988,85.0,309,76,0.24919093851132687
1.0,5,30.0,3,5.0,10.0,-0.3,15445,93,0.16315959857559081,0.11213985108449337,0.7247005503399159,385,4.139784946236559,1794.7555843314988,80.0,309,76,0.24919093851132687
1.0,5,30.0,3,5.0,10.0,-0.2,15445,93,0.1465846552282292,0.12372936225315637,0.7296859825186144,319,3.4301075268817205,1487.083198446099,155.0,242,77,0.3181818181818182
1.0,5,30.0,3,5.0,10.0,-0.1,15445,93,0.14651990935577858,0.09860796374231143,0.75487212690191,480,5.161290322580645,2237.6173518938167,35.0,403,77,0.19106699751861042
1.0,5,30.0,3,5.0,10.0,0.0,15445,93,0.14509550016186468,0.058595014567821305,0.796309485270314,379,4.075268817204301,1766.7853674328262,55.0,303,76,0.5247524752475248
1.0,5,30.0,3,5.0,10.0,0.1,15445,93,0.14509550016186468,0.0420200712204597,0.8128844286176756,219,2.3548387096774195,1020.9129168015538,55.0,148,71,0.5675675675675675
1.0,5,30.0,3,5.0,10.0,0.2,15445,93,0.14399482033020394,0.017675623179022337,0.8383295564907737,217,2.3333333333333335,1011.589511168663,35.0,147,70,0.5714285714285714
1.0,5,30.0,3,5.0,10.0,0.3,15445,93,0.14399482033020394,0.016898672709614763,0.8391065069601813,217,2.3333333333333335,1011.589511168663,35.0,147,70,0.5714285714285714
1.0,5,30.0,3,5.0,10.0,0.4,15445,93,0.14276464875364195,0.004855940433797346,0.8523794108125607,144,1.5483870967741935,671.285205568145,535.0,111,33,0.7567567567567568
1.0,5,30.0,3,5.0,10.0,0.5,15445,93,0.14276464875364195,0.0025250890255746196,0.8547102622207834,120,1.2903225806451613,559.4043379734542,820.0,99,21,0.8484848484848485
1.0,5,30.0,3,5.0,10.0,0.6,15445,93,0.1415992230495306,0.0,0.8584007769504695,94,1.010752688172043,438.20006474587245,870.0,86,8,0.9767441860465116
1.0,5,30.0,3,5.0,10.0,0.7,15445,93,0.1415992230495306,0.0,0.8584007769504695,94,1.010752688172043,438.20006474587245,870.0,86,8,0.9767441860465116
1.0,5,30.0,3,5.0,10.0,0.8,15445,93,0.14011006798316608,0.0,0.859889932016834,92,0.989247311827957,428.87665911298154,875.0,85,7,0.9882352941176471
1.0,5,30.0,3,5.0,10.0,0.9,15445,93,0.13985108449336356,0.0,0.8601489155066364,90,0.967741935483871,419.55325348009063,875.0,83,7,1.0
1.0,5,30.0,3,5.0,10.0,1.0,15445,93,0.13868565878925218,0.0,0.8613143412107478,90,0.967741935483871,419.55325348009063,875.0,83,7,1.0
1.0,5,60.0,1,5.0,0.0,-4.0,15445,93,1.0,0.0,0.0,0,0.0,0.0,,0,0,
1.0,5,60.0,1,5.0,0.0,-3.9,15445,93,1.0,0.0,0.0,0,0.0,0.0,,0,0,
1.0,5,60.0,1,5.0,0.0,-3.8,15445,93,1.0,0.0,0.0,0,0.0,0.0,,0,0,
1.0,5,60.0,1,5.0,0.0,-3.7,15445,93,1.0,0.0,0.0,0,0.0,0.0,,0,0,
1.0,5,60.0,1,5.0,0.0,-3.6,15445,93,1.0,0.0,0.0,0,0.0,0.0,,0,0,
1.0,5,60.0,1,5.0,0.0,-3.5,15445,93,1.0,0.0,0.0,0,0.0,0.0,,0,0,
1.0,5,60.0,1,5.0,0.0,-3.4,15445,93,1.0,0.0,0.0,0,0.0,0.0,,0,0,
1.0,5,60.0,1,5.0,0.0,-3.3,15445,93,1.0,0.0,0.0,0,0.0,0.0,,0,0,
1.0,5,60.0,1,5.0,0.0,-3.2,15445,93,1.0,0.0,0.0,0,0.0,0.0,,0,0,
1.0,5,60.0,1,5.0,0.0,-3.1,15445,93,1.0,0.0,0.0,0,0.0,0.0,,0,0,
1.0,5,60.0,1,5.0,0.0,-3.0,15445,93,1.0,0.0,0.0,0,0.0,0.0,,0,0,
1.0,5,60.0,1,5.0,0.0,-2.9,15445,93,1.0,0.0,0.0,0,0.0,0.0,,0,0,
1.0,5,60.0,1,5.0,0.0,-2.8,15445,93,1.0,0.0,0.0,0,0.0,0.0,,0,0,
1.0,5,60.0,1,5.0,0.0,-2.7,15445,93,1.0,0.0,0.0,0,0.0,0.0,,0,0,
1.0,5,60.0,1,5.0,0.0,-2.6,15445,93,1.0,0.0,0.0,0,0.0,0.0,,0,0,
1.0,5,60.0,1,5.0,0.0,-2.5,15445,93,1.0,0.0,0.0,0,0.0,0.0,,0,0,
1.0,5,60.0,1,5.0,0.0,-2.4,15445,93,1.0,0.0,0.0,0,0.0,0.0,,0,0,
1.0,5,60.0,1,5.0,0.0,-2.3,15445,93,0.9827128520556815,0.01728714794431855,0.0,139,1.4946236559139785,647.9766914859177,20.0,136,3,0.4852941176470588
1.0,5,60.0,1,5.0,0.0,-2.2,15445,93,0.9531887342181936,0.04681126578180641,0.0,284,3.053763440860215,1323.9235998705083,25.0,280,4,0.24285714285714285
1.0,5,60.0,1,5.0,0.0,-2.1,15445,93,0.7494334736160569,0.24998381353188734,0.0005827128520556814,898,9.655913978494624,4186.209129168015,20.0,889,9,0.15748031496062992
1.0,5,60.0,1,5.0,0.0,-2.0,15445,93,0.6662350275169958,0.31712528326319195,0.016639689219812237,336,3.6129032258064515,1566.3321463256716,40.0,329,7,0.4316109422492401
1.0,5,60.0,1,5.0,0.0,-1.9,15445,93,0.4953059242473292,0.36633214632567174,0.13836192942699904,1746,18.774193548387096,8139.333117513759,20.0,1726,20,0.12630359212050984
1.0,5,60.0,1,5.0,0.0,-1.8,15445,93,0.46157332470055035,0.3441243120751052,0.19430236322434444,1273,13.688172043010752,5934.347685335059,25.0,1251,22,0.22302158273381295
1.0,5,60.0,1,5.0,0.0,-1.7,15445,93,0.3997410165101975,0.26986079637423116,0.3303981871155714,574,6.172043010752688,2675.8174166396893,100.0,558,16,0.6577060931899642
1.0,5,60.0,1,5.0,0.0,-1.6,15445,93,0.33654904499838134,0.3243768209776627,0.339074134023956,576,6.193548387096774,2685.14082227258,100.0,560,16,0.6571428571428571
1.0,5,60.0,1,5.0,0.0,-1.5,15445,93,0.3261249595338297,0.32748462285529295,0.3463904176108773,482,5.182795698924731,2246.940757526708,95.0,466,16,0.7618025751072961
1.0,5,60.0,1,5.0,0.0,-1.4,15445,93,0.2999028811913241,0.2607316283586921,0.4393654904499838,1160,12.473118279569892,5407.575267076724,20.0,1139,21,0.21422300263388938
1.0,5,60.0,1,5.0,0.0,-1.3,15445,93,0.2757526707672386,0.16160569763677565,0.5626416315959858,906,9.741935483870968,4223.50275169958,35.0,887,19,0.24689966178128522
1.0,5,60.0,1,5.0,0.0,-1.2,15445,93,0.2701845257364843,0.12405309161540952,0.6057623826481062,646,6.946236559139785,3011.460019423762,35.0,616,30,0.3344155844155844
1.0,5,60.0,1,5.0,0.0,-1.1,15445,93,0.26157332470055034,0.08002589834898026,0.6584007769504694,646,6.946236559139785,3011.460019423762,30.0,616,30,0.4642857142857143
1.0,5,60.0,1,5.0,0.0,-1.0,15445,93,0.204920686306248,0.12366461638070574,0.6714146973130463,801,8.612903225806452,3734.0239559728066,25.0,771,30,0.2697795071335927
1.0,5,60.0,1,5.0,0.0,-0.9,15445,93,0.20220135966332145,0.11440595662026545,0.683392683716413,801,8.612903225806452,3734.0239559728066,25.0,747,54,0.24765729585006693
1.0,5,60.0,1,5.0,0.0,-0.8,15445,93,0.19184202007122045,0.11492392359987051,0.693234056328909,765,8.225806451612904,3566.2026545807707,25.0,700,65,0.24857142857142858
1.0,5,60.0,1,5.0,0.0,-0.7,15445,93,0.17461961799935255,0.12165749433473616,0.7037228876659113,479,5.150537634408602,2232.9556490773716,75.0,402,77,0.40298507462686567
1.0,5,60.0,1,5.0,0.0,-0.6,15445,93,0.1728714794431855,0.1099384914211719,0.7171900291356426,475,5.10752688172043,2214.3088378115895,70.0,400,75,0.405
1.0,5,60.0,1,5.0,0.0,-0.5,15445,93,0.16879248947879572,0.10831984460990612,0.7228876659112982,474,5.096774193548387,2209.647134995144,70.0,399,75,0.40601503759398494
1.0,5,60.0,1,5.0,0.0,-0.4,15445,93,0.15241178374878603,0.1111686629977339,0.7364195532534801,538,5.78494623655914,2507.9961152476526,20.0,463,75,0.34773218142548595
1.0,5,60.0,1,5.0,0.0,-0.3,15445,93,0.14030430560051796,0.11796697960505018,0.7417287147944318,537,5.774193548387097,2503.3344124312075,30.0,462,75,0.3484848484848485
1.0,5,60.0,1,5.0,0.0,-0.2,15445,93,0.13415344771770799,0.09815474263515701,0.767691809647135,410,4.408602150537634,1911.298154742635,45.0,335,75,0.48059701492537316
1.0,5,60.0,1,5.0,0.0,-0.1,15445,93,0.13415344771770799,0.07413402395597281,0.7917125283263192,442,4.752688172043011,2060.4726448688893,45.0,367,75,0.43869209809264303
1.0,5,60.0,1,5.0,0.0,0.0,15445,93,0.13285853026869537,0.03904176108773066,0.828099708643574,310,3.3333333333333335,1445.12787309809,20.0,241,69,0.35684647302904565
1.0,5,60.0,1,5.0,0.0,0.1,15445,93,0.13285853026869537,0.0387180317254775,0.8284234380058271,308,3.3118279569892475,1435.804467465199,17.5,239,69,0.3598326359832636
1.0,5,60.0,1,5.0,0.0,0.2,15445,93,0.13175785043703464,0.031337002266105536,0.8369051472968598,307,3.3010752688172045,1431.1427646487537,20.0,239,68,0.3598326359832636
1.0,5,60.0,1,5.0,0.0,0.3,15445,93,0.13175785043703464,0.03049530592424733,0.837746843638718,307,3.3010752688172045,1431.1427646487537,15.0,239,68,0.3598326359832636
1.0,5,60.0,1,5.0,0.0,0.4,15445,93,0.13052767886047265,0.017610877306571706,0.8518614438329557,181,1.946236559139785,843.7682097766267,15.0,175,6,0.4857142857142857
1.0,5,60.0,1,5.0,0.0,0.5,15445,93,0.13052767886047265,0.017546131434121075,0.8519261897054062,181,1.946236559139785,843.7682097766267,15.0,175,6,0.4857142857142857
1.0,5,60.0,1,5.0,0.0,0.6,15445,93,0.1294269990288119,0.017481385561670445,0.8530916154095176,181,1.946236559139785,843.7682097766267,15.0,175,6,0.4857142857142857
1.0,5,60.0,1,5.0,0.0,0.7,15445,93,0.1294269990288119,0.017481385561670445,0.8530916154095176,181,1.946236559139785,843.7682097766267,15.0,175,6,0.4857142857142857
1.0,5,60.0,1,5.0,0.0,0.8,15445,93,0.12819682745224992,0.01735189381676918,0.8544512787309809,180,1.935483870967742,839.1065069601813,15.0,175,5,0.4857142857142857
1.0,5,60.0,1,5.0,0.0,0.9,15445,93,0.12819682745224992,0.01735189381676918,0.8544512787309809,180,1.935483870967742,839.1065069601813,15.0,175,5,0.4857142857142857
1.0,5,60.0,1,5.0,0.0,1.0,15445,93,0.12703140174813857,0.01735189381676918,0.8556167044350923,180,1.935483870967742,839.1065069601813,15.0,175,5,0.4857142857142857
1.0,5,60.0,2,5.0,5.0,-4.0,15445,93,1.0,0.0,0.0,0,0.0,0.0,,0,0,
1.0,5,60.0,2,5.0,5.0,-3.9,15445,93,1.0,0.0,0.0,0,0.0,0.0,,0,0,
1.0,5,60.0,2,5.0,5.0,-3.8,15445,93,1.0,0.0,0.0,0,0.0,0.0,,0,0,
1.0,5,60.0,2,5.0,5.0,-3.7,15445,93,1.0,0.0,0.0,0,0.0,0.0,,0,0,
1.0,5,60.0,2,5.0,5.0,-3.6,15445,93,1.0,0.0,0.0,0,0.0,0.0,,0,0,
1.0,5,60.0,2,5.0,5.0,-3.5,15445,93,1.0,0.0,0.0,0,0.0,0.0,,0,0,
1.0,5,60.0,2,5.0,5.0,-3.4,15445,93,1.0,0.0,0.0,0,0.0,0.0,,0,0,
1.0,5,60.0,2,5.0,5.0,-3.3,15445,93,1.0,0.0,0.0,0,0.0,0.0,,0,0,
1.0,5,60.0,2,5.0,5.0,-3.2,15445,93,1.0,0.0,0.0,0,0.0,0.0,,0,0,
1.0,5,60.0,2,5.0,5.0,-3.1,15445,93,1.0,0.0,0.0,0,0.0,0.0,,0,0,
1.0,5,60.0,2,5.0,5.0,-3.0,15445,93,1.0,0.0,0.0,0,0.0,0.0,,0,0,
1.0,5,60.0,2,5.0,5.0,-2.9,15445,93,1.0,0.0,0.0,0,0.0,0.0,,0,0,
1.0,5,60.0,2,5.0,5.0,-2.8,15445,93,1.0,0.0,0.0,0,0.0,0.0,,0,0,
1.0,5,60.0,2,5.0,5.0,-2.7,15445,93,1.0,0.0,0.0,0,0.0,0.0,,0,0,
1.0,5,60.0,2,5.0,5.0,-2.6,15445,93,1.0,0.0,0.0,0,0.0,0.0,,0,0,
1.0,5,60.0,2,5.0,5.0,-2.5,15445,93,1.0,0.0,0.0,0,0.0,0.0,,0,0,
1.0,5,60.0,2,5.0,5.0,-2.4,15445,93,1.0,0.0,0.0,0,0.0,0.0,,0,0,
1.0,5,60.0,2,5.0,5.0,-2.3,15445,93,0.9827128520556815,0.01728714794431855,0.0,136,1.4623655913978495,633.9915830365813,32.5,134,2,0.4925373134328358
1.0,5,60.0,2,5.0,5.0,-2.2,15445,93,0.9505988993201684,0.04940110067983166,0.0,200,2.150537634408602,932.3405632890904,55.0,196,4,0.3520408163265306
1.0,5,60.0,2,5.0,5.0,-2.1,15445,93,0.7498866947232113,0.2495305924247329,0.0005827128520556814,892,9.591397849462366,4158.238912269343,20.0,882,10,0.15759637188208617
1.0,5,60.0,2,5.0,5.0,-2.0,15445,93,0.6658465522822921,0.3175785043703464,0.016574943347361606,301,3.236559139784946,1403.1725477500809,45.0,296,5,0.4831081081081081
1.0,5,60.0,2,5.0,5.0,-1.9,15445,93,0.48896082874716734,0.37306571706053737,0.13797345419229523,1508,16.21505376344086,7029.847847199741,20.0,1487,21,0.1546738399462004
1.0,5,60.0,2,5.0,5.0,-1.8,15445,93,0.4527678860472645,0.35338297183554546,0.19384914211719004,965,10.376344086021506,4498.543217869861,55.0,942,23,0.32908704883227174
1.0,5,60.0,2,5.0,5.0,-1.7,15445,93,0.39799287795403043,0.27232113952735515,0.3296859825186144,478,5.139784946236559,2228.293946260926,125.0,462,16,0.7943722943722944
1.0,5,60.0,2,5.0,5.0,-1.6,15445,93,0.3348656523146649,0.32677241825833603,0.33836192942699905,482,5.182795698924731,2246.940757526708,100.0,465,17,0.789247311827957
1.0,5,60.0,2,5.0,5.0,-1.5,15445,93,0.32748462285529295,0.3268371641307867,0.3456782130139204,482,5.182795698924731,2246.940757526708,95.0,464,18,0.7607758620689655
1.0,5,60.0,2,5.0,5.0,-1.4,15445,93,0.30139203625768857,0.2602784072515377,0.4383295564907737,1155,12.419354838709678,5384.2667529944965,20.0,1137,18,0.21459982409850484
1.0,5,60.0,2,5.0,5.0,-1.3,15445,93,0.27724182583360313,0.16128196827452249,0.5614762058918744,899,9.666666666666666,4190.870831984461,35.0,819,80,0.1916971916971917
1.0,5,60.0,2,5.0,5.0,-1.2,15445,93,0.27160893493039817,0.12385885399805763,0.6045322110715442,643,6.913978494623656,2997.4749109744253,35.0,564,79,0.2783687943262411
1.0,5,60.0,2,5.0,5.0,-1.1,15445,93,0.2630624797669149,0.07989640660407898,0.6570411136290062,642,6.903225806451613,2992.81320815798,30.0,564,78,0.4219858156028369
1.0,5,60.0,2,5.0,5.0,-1.0,15445,93,0.20660407898996438,0.12334088701845257,0.6700550339915831,801,8.612903225806452,3734.0239559728066,25.0,722,79,0.22022160664819945
1.0,5,60.0,2,5.0,5.0,-0.9,15445,93,0.20284881838782778,0.1151181612172224,0.6820330203949498,769,8.268817204301076,3584.8494658465524,25.0,691,78,0.23299565846599132
1.0,5,60.0,2,5.0,5.0,-0.8,15445,93,0.18627387504046616,0.12185173195208805,0.6918743930074458,540,5.806451612903226,2517.3195208805437,40.0,463,77,0.34773218142548595
1.0,5,60.0,2,5.0,5.0,-0.7,15445,93,0.17630301068306894,0.12126901910003238,0.7024279702168986,476,5.118279569892473,2218.970540628035,75.0,400,76,0.4025
1.0,5,60.0,2,5.0,5.0,-0.6,15445,93,0.1745548721269019,0.10974425380382001,0.7157008740692781,475,5.10752688172043,2214.3088378115895,70.0,399,76,0.40350877192982454
1.0,5,60.0,2,5.0,5.0,-0.5,15445,93,0.17054062803496278,0.10806086112010359,0.7213985108449337,473,5.086021505376344,2204.985432178699,70.0,397,76,0.40554156171284633
1.0,5,60.0,2,5.0,5.0,-0.4,15445,93,0.15823891226934284,0.1068306895435416,0.7349303981871156,536,5.763440860215054,2498.6727096147624,20.0,461,75,0.3492407809110629
1.0,5,60.0,2,5.0,5.0,-0.3,15445,93,0.14295888637099385,0.11680155390093881,0.7402395597280673,436,4.688172043010753,2032.5024279702168,55.0,361,75,0.44598337950138506
1.0,5,60.0,2,5.0,5.0,-0.2,15445,93,0.13998057623826482,0.09388151505341534,0.7661379087083199,409,4.397849462365591,1906.6364519261897,40.0,334,75,0.4820359281437126
1.0,5,60.0,2,5.0,5.0,-0.1,15445,93,0.13998057623826482,0.06882486241502105,0.7911945613467142,409,4.397849462365591,1906.6364519261897,40.0,335,74,0.48059701492537316
1.0,5,60.0,2,5.0,5.0,0.0,15445,93,0.13868565878925218,0.038847523470378766,0.822466817740369,307,3.3010752688172045,1431.1427646487537,20.0,239,68,0.3598326359832636
1.0,5,60.0,2,5.0,5.0,0.1,15445,93,0.13868565878925218,0.038588539980576236,0.8227258012301716,307,3.3010752688172045,1431.1427646487537,15.0,239,68,0.3598326359832636
1.0,5,60.0,2,5.0,5.0,0.2,15445,93,0.13758497895759145,0.03120751052120427,0.8312075105212042,305,3.2795698924731185,1421.8193590158626,15.0,238,67,0.36134453781512604
1.0,5,60.0,2,5.0,5.0,0.3,15445,93,0.13758497895759145,0.030365814179346067,0.8320492068630625,305,3.2795698924731185,1421.8193590158626,15.0,238,67,0.36134453781512604
1.0,5,60.0,2,5.0,5.0,0.4,15445,93,0.13635480738102945,0.017546131434121075,0.8460990611848495,181,1.946236559139785,843.7682097766267,15.0,175,6,0.4857142857142857
1.0,5,60.0,2,5.0,5.0,0.5,15445,93,0.13635480738102945,0.017481385561670445,0.8461638070573001,181,1.946236559139785,843.7682097766267,15.0,175,6,0.4857142857142857
1.0,5,60.0,2,5.0,5.0,0.6,15445,93,0.13531887342181936,0.01735189381676918,0.8473292327614115,180,1.935483870967742,839.1065069601813,17.5,174,6,0.4885057471264368
1.0,5,60.0,2,5.0,5.0,0.7,15445,93,0.13531887342181936,0.01735189381676918,0.8473292327614115,180,1.935483870967742,839.1065069601813,17.5,174,6,0.4885057471264368
1.0,5,60.0,2,5.0,5.0,0.8,15445,93,0.13402395597280672,0.01735189381676918,0.848624150210424,179,1.924731182795699,834.4448041437358,15.0,174,5,0.4885057471264368
1.0,5,60.0,2,5.0,5.0,0.9,15445,93,0.13402395597280672,0.01735189381676918,0.848624150210424,179,1.924731182795699,834.4448041437358,15.0,174,5,0.4885057471264368
1.0,5,60.0,2,5.0,5.0,1.0,15445,93,0.13285853026869537,0.01735189381676918,0.8497895759145354,179,1.924731182795699,834.4448041437358,15.0,174,5,0.4885057471264368
1.0,5,60.0,3,5.0,10.0,-4.0,15445,93,1.0,0.0,0.0,0,0.0,0.0,,0,0,
1.0,5,60.0,3,5.0,10.0,-3.9,15445,93,1.0,0.0,0.0,0,0.0,0.0,,0,0,
1.0,5,60.0,3,5.0,10.0,-3.8,15445,93,1.0,0.0,0.0,0,0.0,0.0,,0,0,
1.0,5,60.0,3,5.0,10.0,-3.7,15445,93,1.0,0.0,0.0,0,0.0,0.0,,0,0,
1.0,5,60.0,3,5.0,10.0,-3.6,15445,93,1.0,0.0,0.0,0,0.0,0.0,,0,0,
1.0,5,60.0,3,5.0,10.0,-3.5,15445,93,1.0,0.0,0.0,0,0.0,0.0,,0,0,
1.0,5,60.0,3,5.0,10.0,-3.4,15445,93,1.0,0.0,0.0,0,0.0,0.0,,0,0,
1.0,5,60.0,3,5.0,10.0,-3.3,15445,93,1.0,0.0,0.0,0,0.0,0.0,,0,0,
1.0,5,60.0,3,5.0,10.0,-3.2,15445,93,1.0,0.0,0.0,0,0.0,0.0,,0,0,
1.0,5,60.0,3,5.0,10.0,-3.1,15445,93,1.0,0.0,0.0,0,0.0,0.0,,0,0,
1.0,5,60.0,3,5.0,10.0,-3.0,15445,93,1.0,0.0,0.0,0,0.0,0.0,,0,0,
1.0,5,60.0,3,5.0,10.0,-2.9,15445,93,1.0,0.0,0.0,0,0.0,0.0,,0,0,
1.0,5,60.0,3,5.0,10.0,-2.8,15445,93,1.0,0.0,0.0,0,0.0,0.0,,0,0,
1.0,5,60.0,3,5.0,10.0,-2.7,15445,93,1.0,0.0,0.0,0,0.0,0.0,,0,0,
1.0,5,60.0,3,5.0,10.0,-2.6,15445,93,1.0,0.0,0.0,0,0.0,0.0,,0,0,
1.0,5,60.0,3,5.0,10.0,-2.5,15445,93,1.0,0.0,0.0,0,0.0,0.0,,0,0,
1.0,5,60.0,3,5.0,10.0,-2.4,15445,93,1.0,0.0,0.0,0,0.0,0.0,,0,0,
1.0,5,60.0,3,5.0,10.0,-2.3,15445,93,0.9827128520556815,0.01728714794431855,0.0,136,1.4623655913978495,633.9915830365813,30.0,134,2,0.4925373134328358
1.0,5,60.0,3,5.0,10.0,-2.2,15445,93,0.9471026222078343,0.05289737779216575,0.0,143,1.5376344086021505,666.6235027516996,60.0,140,3,0.4928571428571429
1.0,5,60.0,3,5.0,10.0,-2.1,15445,93,0.7141469731304629,0.28514082227258014,0.000712204596956944,327,3.5161290322580645,1524.3768209776629,120.0,318,9,0.6666666666666666
1.0,5,60.0,3,5.0,10.0,-2.0,15445,93,0.6662997733894465,0.3169957915182907,0.016704435092262868,295,3.172043010752688,1375.202330851408,60.0,289,6,0.4913494809688581
1.0,5,60.0,3,5.0,10.0,-1.9,15445,93,0.45037228876659113,0.3989640660407899,0.15066364519261896,810,8.709677419354838,3775.979281320816,70.0,792,18,0.4116161616161616
1.0,5,60.0,3,5.0,10.0,-1.8,15445,93,0.44085464551634834,0.359792813208158,0.19935254127549368,668,7.182795698924731,3114.0174813855615,105.0,647,21,0.624420401854714
1.0,5,60.0,3,5.0,10.0,-1.7,15445,93,0.39909355778569117,0.2718031725477501,0.3291032696665588,474,5.096774193548387,2209.647134995144,125.0,458,16,0.7991266375545851
1.0,5,60.0,3,5.0,10.0,-1.6,15445,93,0.33635480738102946,0.32573648429912594,0.3379087083198446,477,5.129032258064516,2223.6322434444805,100.0,461,16,0.7960954446854663
1.0,5,60.0,3,5.0,10.0,-1.5,15445,93,0.3289737779216575,0.3258012301715766,0.3452249919067659,476,5.118279569892473,2218.970540628035,95.0,460,16,0.7673913043478261
1.0,5,60.0,3,5.0,10.0,-1.4,15445,93,0.30281644545160247,0.2597604402719327,0.43742311427646485,1150,12.365591397849462,5360.95823891227,20.0,1131,19,0.21485411140583555
1.0,5,60.0,3,5.0,10.0,-1.3,15445,93,0.278666235027517,0.16095823891226935,0.5603755260602137,897,9.64516129032258,4181.54742635157,35.0,817,80,0.19216646266829865
1.0,5,60.0,3,5.0,10.0,-1.2,15445,93,0.27322758174166395,0.1234056328909032,0.6033667853674328,639,6.870967741935484,2978.8280997086435,35.0,561,78,0.27807486631016043
1.0,5,60.0,3,5.0,10.0,-1.1,15445,93,0.2709614762058919,0.07322758174166397,0.6558109420524442,588,6.32258064516129,2741.0812560699255,45.0,510,78,0.4666666666666667
1.0,5,60.0,3,5.0,10.0,-1.0,15445,93,0.18782777597928133,0.14308837811589512,0.6690838459048236,472,5.075268817204301,2200.3237293622533,90.0,394,78,0.4035532994923858
1.0,5,60.0,3,5.0,10.0,-0.9,15445,93,0.18601489155066364,0.12450631272256393,0.6894787957267724,469,5.043010752688172,2186.3386209129167,70.0,393,76,0.40458015267175573
1.0,5,60.0,3,5.0,10.0,-0.8,15445,93,0.18420200712204596,0.11589511168662998,0.699902881191324,470,5.053763440860215,2191.000323729362,65.0,394,76,0.4035532994923858
1.0,5,60.0,3,5.0,10.0,-0.7,15445,93,0.1782453868565879,0.12055681450307543,0.7011977986403367,469,5.043010752688172,2186.3386209129167,75.0,393,76,0.40458015267175573
1.0,5,60.0,3,5.0,10.0,-0.6,15445,93,0.1763677565555196,0.10903204920686306,0.7146001942376173,468,5.032258064516129,2181.676918096471,70.0,392,76,0.40561224489795916
1.0,5,60.0,3,5.0,10.0,-0.5,15445,93,0.1724830042084817,0.10760764001294917,0.7199093557785691,471,5.064516129032258,2195.6620265458077,70.0,395,76,0.4050632911392405
1.0,5,60.0,3,5.0,10.0,-0.4,15445,93,0.16406604078989964,0.10236322434444804,0.7335707348656523,533,5.731182795698925,2484.687601165426,20.0,457,76,0.3479212253829322
1.0,5,60.0,3,5.0,10.0,-0.3,15445,93,0.1472321139527355,0.11388798964066041,0.7388798964066041,409,4.397849462365591,1906.6364519261897,60.0,333,76,0.4774774774774775
1.0,5,60.0,3,5.0,10.0,-0.2,15445,93,0.1459371965037229,0.08915506636451927,0.7649077371317579,404,4.344086021505376,1883.3279378439627,40.0,330,74,0.48484848484848486
1.0,5,60.0,3,5.0,10.0,-0.1,15445,93,0.1459371965037229,0.06733570734865653,0.7867270961476206,404,4.344086021505376,1883.3279378439627,35.0,331,73,0.48338368580060426
1.0,5,60.0,3,5.0,10.0,0.0,15445,93,0.14477177079961154,0.038523794108125606,0.8167044350922629,280,3.010752688172043,1305.2767886047266,25.0,212,68,0.4056603773584906
1.0,5,60.0,3,5.0,10.0,0.1,15445,93,0.14477177079961154,0.038264810618323084,0.8169634185820654,280,3.010752688172043,1305.2767886047266,25.0,212,68,0.4056603773584906
1.0,5,60.0,3,5.0,10.0,0.2,15445,93,0.1436710909679508,0.030883781158951115,0.8254451278730981,303,3.2580645161290325,1412.4959533829717,15.0,236,67,0.3644067796610169
1.0,5,60.0,3,5.0,10.0,0.3,15445,93,0.1436710909679508,0.03004208481709291,0.8262868242149563,303,3.2580645161290325,1412.4959533829717,15.0,236,67,0.3644067796610169
1.0,5,60.0,3,5.0,10.0,0.4,15445,93,0.14231142764648755,0.01735189381676918,0.8403366785367433,180,1.935483870967742,839.1065069601813,15.0,174,6,0.4885057471264368
1.0,5,60.0,3,5.0,10.0,0.5,15445,93,0.14231142764648755,0.01715765619941729,0.8405309161540951,178,1.913978494623656,829.7831013272903,20.0,173,5,0.4913294797687861
1.0,5,60.0,3,5.0,10.0,0.6,15445,93,0.14114600194237617,0.01715765619941729,0.8416963418582065,178,1.913978494623656,829.7831013272903,20.0,173,5,0.4913294797687861
1.0,5,60.0,3,5.0,10.0,0.7,15445,93,0.14114600194237617,0.01715765619941729,0.8416963418582065,178,1.913978494623656,829.7831013272903,20.0,173,5,0.4913294797687861
1.0,5,60.0,3,5.0,10.0,0.8,15445,93,0.14011006798316608,0.017028164454516024,0.8428617675623179,177,1.903225806451613,825.1213985108449,25.0,172,5,0.4941860465116279
1.0,5,60.0,3,5.0,10.0,0.9,15445,93,0.14011006798316608,0.017028164454516024,0.8428617675623179,177,1.903225806451613,825.1213985108449,25.0,172,5,0.4941860465116279
1.0,5,60.0,3,5.0,10.0,1.0,15445,93,0.1389446422790547,0.017028164454516024,0.8440271932664293,177,1.903225806451613,825.1213985108449,25.0,172,5,0.4941860465116279
1.0,5,120.0,1,5.0,0.0,-4.0,15445,93,1.0,0.0,0.0,0,0.0,0.0,,0,0,
1.0,5,120.0,1,5.0,0.0,-3.9,15445,93,1.0,0.0,0.0,0,0.0,0.0,,0,0,
1.0,5,120.0,1,5.0,0.0,-3.8,15445,93,1.0,0.0,0.0,0,0.0,0.0,,0,0,
1.0,5,120.0,1,5.0,0.0,-3.7,15445,93,1.0,0.0,0.0,0,0.0,0.0,,0,0,
1.0,5,120.0,1,5.0,0.0,-3.6,15445,93,1.0,0.0,0.0,0,0.0,0.0,,0,0,
1.0,5,120.0,1,5.0,0.0,-3.5,15445,93,1.0,0.0,0.0,0,0.0,0.0,,0,0,
1.0,5,120.0,1,5.0,0.0,-3.4,15445,93,1.0,0.0,0.0,0,0.0,0.0,,0,0,
1.0,5,120.0,1,5.0,0.0,-3.3,15445,93,1.0,0.0,0.0,0,0.0,0.0,,0,0,
1.0,5,120.0,1,5.0,0.0,-3.2,15445,93,1.0,0.0,0.0,0,0.0,0.0,,0,0,
1.0,5,120.0,1,5.0,0.0,-3.1,15445,93,1.0,0.0,0.0,0,0.0,0.0,,0,0,
1.0,5,120.0,1,5.0,0.0,-3.0,15445,93,1.0,0.0,0.0,0,0.0,0.0,,0,0,
1.0,5,120.0,1,5.0,0.0,-2.9,15445,93,1.0,0.0,0.0,0,0.0,0.0,,0,0,
1.0,5,120.0,1,5.0,0.0,-2.8,15445,93,1.0,0.0,0.0,0,0.0,0.0,,0,0,
1.0,5,120.0,1,5.0,0.0,-2.7,15445,93,1.0,0.0,0.0,0,0.0,0.0,,0,0,
1.0,5,120.0,1,5.0,0.0,-2.6,15445,93,1.0,0.0,0.0,0,0.0,0.0,,0,0,
1.0,5,120.0,1,5.0,0.0,-2.5,15445,93,1.0,0.0,0.0,0,0.0,0.0,,0,0,
1.0,5,120.0,1,5.0,0.0,-2.4,15445,93,1.0,0.0,0.0,0,0.0,0.0,,0,0,
1.0,5,120.0,1,5.0,0.0,-2.3,15445,93,1.0,0.0,0.0,0,0.0,0.0,,0,0,
1.0,5,120.0,1,5.0,0.0,-2.2,15445,93,0.9397863386209129,0.06021366137908708,0.0,542,5.827956989247312,2526.6429265134348,15.0,537,5,0.12104283054003724
1.0,5,120.0,1,5.0,0.0,-2.1,15445,93,0.76102298478472,0.23897701521528003,0.0,868,9.333333333333334,4046.358044674652,20.0,859,9,0.1559953434225844
1.0,5,120.0,1,5.0,0.0,-2.0,15445,93,0.6438329556490774,0.35519585626416317,0.0009711880867594691,158,1.6989247311827957,736.5490449983814,120.0,154,4,0.9155844155844156
1.0,5,120.0,1,5.0,0.0,-1.9,15445,93,0.5634185820653933,0.3354483651667206,0.10113305276788605,1112,11.956989247311828,5183.813531887342,20.0,1092,20,0.2564102564102564
1.0,5,120.0,1,5.0,0.0,-1.8,15445,93,0.5180964713499514,0.2780187763030107,0.20388475234703787,1347,14.483870967741936,6279.313693752023,25.0,1325,22,0.15849056603773584
1.0,5,120.0,1,5.0,0.0,-1.7,15445,93,0.4186468112657818,0.23308514082227258,0.3482680479119456,599,6.440860215053763,2792.3599870508256,70.0,536,63,0.47761194029850745
1.0,5,120.0,1,5.0,0.0,-1.6,15445,93,0.3790870831984461,0.2449336354807381,0.3759792813208158,465,5.0,2167.691809647135,125.0,403,62,0.6277915632754343
1.0,5,120.0,1,5.0,0.0,-1.5,15445,93,0.3409517643250243,0.2729685982518614,0.3860796374231143,470,5.053763440860215,2191.000323729362,95.0,394,76,0.6065989847715736
1.0,5,120.0,1,5.0,0.0,-1.4,15445,93,0.3065069601812884,0.25827128520556814,0.4352217546131434,805,8.655913978494624,3752.6707672385883,45.0,725,80,0.21379310344827587
1.0,5,120.0,1,5.0,0.0,-1.3,15445,93,0.22622207834250566,0.2761411460019424,0.497636775655552,631,6.78494623655914,2941.5344771770797,60.0,552,79,0.13949275362318841
1.0,5,120.0,1,5.0,0.0,-1.2,15445,93,0.21547426351570087,0.2217546131434121,0.562771123340887,631,6.78494623655914,2941.5344771770797,60.0,552,79,0.13949275362318841
1.0,5,120.0,1,5.0,0.0,-1.1,15445,93,0.19954677889284558,0.1853026869537067,0.6151505341534477,635,6.827956989247312,2960.1812884428614,45.0,556,79,0.2805755395683453
1.0,5,120.0,1,5.0,0.0,-1.0,15445,93,0.1855616704435092,0.17397215927484622,0.6404661702816445,631,6.78494623655914,2941.5344771770797,40.0,553,78,0.2875226039783002
1.0,5,120.0,1,5.0,0.0,-0.9,15445,93,0.1733247005503399,0.15338297183554547,0.6732923276141146,629,6.763440860215054,2932.2110715441886,40.0,552,77,0.2898550724637681
1.0,5,120.0,1,5.0,0.0,-0.8,15445,93,0.15597280673357072,0.14386532858530268,0.7001618646811266,560,6.021505376344086,2610.553577209453,55.0,485,75,0.3319587628865979
1.0,5,120.0,1,5.0,0.0,-0.7,15445,93,0.15487212690191,0.10618323081903529,0.7389446422790548,404,4.344086021505376,1883.3279378439627,45.0,329,75,0.48632218844984804
1.0,5,120.0,1,5.0,0.0,-0.6,15445,93,0.15487212690191,0.07957267724182583,0.7655551958562642,404,4.344086021505376,1883.3279378439627,30.0,330,74,0.48484848484848486
1.0,5,120.0,1,5.0,0.0,-0.5,15445,93,0.15370670119779864,0.0681126578180641,0.7781806409841373,404,4.344086021505376,1883.3279378439627,25.0,330,74,0.48484848484848486
1.0,5,120.0,1,5.0,0.0,-0.4,15445,93,0.1525412754936873,0.04325024279702169,0.804208481709291,478,5.139784946236559,2228.293946260926,15.0,407,71,0.3955773955773956
1.0,5,120.0,1,5.0,0.0,-0.3,15445,93,0.1525412754936873,0.020135966332146326,0.8273227581741665,204,2.193548387096774,950.9873745548721,20.0,175,29,0.4857142857142857
1.0,5,120.0,1,5.0,0.0,-0.2,15445,93,0.1513758497895759,0.018452573648429914,0.8301715765619941,178,1.913978494623656,829.7831013272903,20.0,173,5,0.48554913294797686
1.0,5,120.0,1,5.0,0.0,-0.1,15445,93,0.1513758497895759,0.018452573648429914,0.8301715765619941,178,1.913978494623656,829.7831013272903,20.0,173,5,0.48554913294797686
1.0,5,120.0,1,5.0,0.0,0.0,15445,93,0.15021042408546456,0.018452573648429914,0.8313370022661055,178,1.913978494623656,829.7831013272903,20.0,173,5,0.48554913294797686
1.0,5,120.0,1,5.0,0.0,0.1,15445,93,0.15021042408546456,0.018452573648429914,0.8313370022661055,178,1.913978494623656,829.7831013272903,20.0,173,5,0.48554913294797686
1.0,5,120.0,1,5.0,0.0,0.2,15445,93,0.14910974425380383,0.01838782777597928,0.8325024279702169,178,1.913978494623656,829.7831013272903,20.0,173,5,0.48554913294797686
1.0,5,120.0,1,5.0,0.0,0.3,15445,93,0.14910974425380383,0.01838782777597928,0.8325024279702169,178,1.913978494623656,829.7831013272903,20.0,173,5,0.48554913294797686
1.0,5,120.0,1,5.0,0.0,0.4,15445,93,0.14794431854969245,0.018452573648429914,0.8336031078018776,178,1.913978494623656,829.7831013272903,20.0,173,5,0.48554913294797686
1.0,5,120.0,1,5.0,0.0,0.5,15445,93,0.14794431854969245,0.018452573648429914,0.8336031078018776,178,1.913978494623656,829.7831013272903,20.0,173,5,0.48554913294797686
1.0,5,120.0,1,5.0,0.0,0.6,15445,93,0.1467788928455811,0.018452573648429914,0.834768533505989,178,1.913978494623656,829.7831013272903,20.0,173,5,0.48554913294797686
1.0,5,120.0,1,5.0,0.0,0.7,15445,93,0.1467788928455811,0.018452573648429914,0.834768533505989,178,1.913978494623656,829.7831013272903,20.0,173,5,0.48554913294797686
1.0,5,120.0,1,5.0,0.0,0.8,15445,93,0.1455487212690191,0.018517319520880544,0.8359339592101004,179,1.924731182795699,834.4448041437358,20.0,173,6,0.48554913294797686
1.0,5,120.0,1,5.0,0.0,0.9,15445,93,0.1455487212690191,0.018517319520880544,0.8359339592101004,179,1.924731182795699,834.4448041437358,20.0,173,6,0.48554913294797686
1.0,5,120.0,1,5.0,0.0,1.0,15445,93,0.14438329556490773,0.018517319520880544,0.8370993849142118,179,1.924731182795699,834.4448041437358,20.0,174,5,0.4885057471264368
1.0,5,120.0,2,5.0,5.0,-4.0,15445,93,1.0,0.0,0.0,0,0.0,0.0,,0,0,
1.0,5,120.0,2,5.0,5.0,-3.9,15445,93,1.0,0.0,0.0,0,0.0,0.0,,0,0,
1.0,5,120.0,2,5.0,5.0,-3.8,15445,93,1.0,0.0,0.0,0,0.0,0.0,,0,0,
1.0,5,120.0,2,5.0,5.0,-3.7,15445,93,1.0,0.0,0.0,0,0.0,0.0,,0,0,
1.0,5,120.0,2,5.0,5.0,-3.6,15445,93,1.0,0.0,0.0,0,0.0,0.0,,0,0,
1.0,5,120.0,2,5.0,5.0,-3.5,15445,93,1.0,0.0,0.0,0,0.0,0.0,,0,0,
1.0,5,120.0,2,5.0,5.0,-3.4,15445,93,1.0,0.0,0.0,0,0.0,0.0,,0,0,
1.0,5,120.0,2,5.0,5.0,-3.3,15445,93,1.0,0.0,0.0,0,0.0,0.0,,0,0,
1.0,5,120.0,2,5.0,5.0,-3.2,15445,93,1.0,0.0,0.0,0,0.0,0.0,,0,0,
1.0,5,120.0,2,5.0,5.0,-3.1,15445,93,1.0,0.0,0.0,0,0.0,0.0,,0,0,
1.0,5,120.0,2,5.0,5.0,-3.0,15445,93,1.0,0.0,0.0,0,0.0,0.0,,0,0,
1.0,5,120.0,2,5.0,5.0,-2.9,15445,93,1.0,0.0,0.0,0,0.0,0.0,,0,0,
1.0,5,120.0,2,5.0,5.0,-2.8,15445,93,1.0,0.0,0.0,0,0.0,0.0,,0,0,
1.0,5,120.0,2,5.0,5.0,-2.7,15445,93,1.0,0.0,0.0,0,0.0,0.0,,0,0,
1.0,5,120.0,2,5.0,5.0,-2.6,15445,93,1.0,0.0,0.0,0,0.0,0.0,,0,0,
1.0,5,120.0,2,5.0,5.0,-2.5,15445,93,1.0,0.0,0.0,0,0.0,0.0,,0,0,
1.0,5,120.0,2,5.0,5.0,-2.4,15445,93,1.0,0.0,0.0,0,0.0,0.0,,0,0,
1.0,5,120.0,2,5.0,5.0,-2.3,15445,93,1.0,0.0,0.0,0,0.0,0.0,,0,0,
1.0,5,120.0,2,5.0,5.0,-2.2,15445,93,0.9400453221107155,0.05995467788928456,0.0,540,5.806451612903226,2517.3195208805437,15.0,534,6,0.1198501872659176
1.0,5,120.0,2,5.0,5.0,-2.1,15445,93,0.7561670443509226,0.24383295564907737,0.0,698,7.505376344086022,3253.8685658789254,20.0,690,8,0.1956521739130435
1.0,5,120.0,2,5.0,5.0,-2.0,15445,93,0.6445451602460344,0.3544836516672062,0.0009711880867594691,156,1.6774193548387097,727.2256393654905,115.0,151,5,0.9205298013245033
1.0,5,120.0,2,5.0,5.0,-1.9,15445,93,0.56102298478472,0.33525412754936873,0.1037228876659113,917,9.86021505376344,4274.781482680479,20.0,898,19,0.3106904231625835
1.0,5,120.0,2,5.0,5.0,-1.8,15445,93,0.5136937520233085,0.27750080932340565,0.20880543865328585,945,10.161290322580646,4405.309161540951,45.0,923,22,0.28819068255687974
1.0,5,120.0,2,5.0,5.0,-1.7,15445,93,0.4198769828423438,0.2308837811589511,0.3492392359987051,545,5.860215053763441,2540.628034962771,70.0,468,77,0.5149572649572649
1.0,5,120.0,2,5.0,5.0,-1.6,15445,93,0.38038200064745875,0.24448041437358367,0.3751375849789576,464,4.989247311827957,2163.0301068306894,125.0,390,74,0.617948717948718
1.0,5,120.0,2,5.0,5.0,-1.5,15445,93,0.3422466817740369,0.272515377144707,0.3852379410812561,468,5.032258064516129,2181.676918096471,95.0,392,76,0.6096938775510204
1.0,5,120.0,2,5.0,5.0,-1.4,15445,93,0.3078018776303011,0.25794755584331497,0.43425056652638394,801,8.612903225806452,3734.0239559728066,40.0,721,80,0.21497919556171982
1.0,5,120.0,2,5.0,5.0,-1.3,15445,93,0.22784072515377143,0.2755584331498867,0.49660084169634183,631,6.78494623655914,2941.5344771770797,60.0,552,79,0.13949275362318841
1.0,5,120.0,2,5.0,5.0,-1.2,15445,93,0.21709291032696665,0.22130139203625768,0.5616056976367757,630,6.774193548387097,2936.8727743606346,60.0,551,79,0.1397459165154265
1.0,5,120.0,2,5.0,5.0,-1.1,15445,93,0.20110067983166074,0.18504370346390417,0.6138556167044351,633,6.806451612903226,2950.8578828099708,45.0,554,79,0.2833935018050541
1.0,5,120.0,2,5.0,5.0,-1.0,15445,93,0.1842667529944966,0.1766267400453221,0.6391065069601813,535,5.752688172043011,2494.011006798317,55.0,456,79,0.34649122807017546
1.0,5,120.0,2,5.0,5.0,-0.9,15445,93,0.17099384914211718,0.15700874069278084,0.671997410165102,498,5.354838709677419,2321.528002589835,45.0,422,76,0.3815165876777251
1.0,5,120.0,2,5.0,5.0,-0.8,15445,93,0.1617351893816769,0.14269990288119133,0.6955649077371318,404,4.344086021505376,1883.3279378439627,70.0,329,75,0.48936170212765956
1.0,5,120.0,2,5.0,5.0,-0.7,15445,93,0.16063450955001618,0.10191000323729363,0.7374554872126902,404,4.344086021505376,1883.3279378439627,40.0,329,75,0.48632218844984804
1.0,5,120.0,2,5.0,5.0,-0.6,15445,93,0.16063450955001618,0.07542894140498543,0.7639365490449984,403,4.333333333333333,1878.6662350275171,25.0,329,74,0.48632218844984804
1.0,5,120.0,2,5.0,5.0,-0.5,15445,93,0.15946908384590483,0.0639689219812237,0.7765619941728715,404,4.344086021505376,1883.3279378439627,25.0,330,74,0.48484848484848486
1.0,5,120.0,2,5.0,5.0,-0.4,15445,93,0.15830365814179345,0.0368404014244092,0.8048559404337974,404,4.344086021505376,1883.3279378439627,20.0,332,72,0.4819277108433735
1.0,5,120.0,2,5.0,5.0,-0.3,15445,93,0.15830365814179345,0.018582065393331175,0.8231142764648753,180,1.935483870967742,839.1065069601813,20.0,175,5,0.4857142857142857
1.0,5,120.0,2,5.0,5.0,-0.2,15445,93,0.1571382324376821,0.018452573648429914,0.824409193913888,178,1.913978494623656,829.7831013272903,20.0,173,5,0.48554913294797686
1.0,5,120.0,2,5.0,5.0,-0.1,15445,93,0.1571382324376821,0.018452573648429914,0.824409193913888,178,1.913978494623656,829.7831013272903,20.0,173,5,0.48554913294797686
1.0,5,120.0,2,5.0,5.0,0.0,15445,93,0.15597280673357072,0.018452573648429914,0.8255746196179994,178,1.913978494623656,829.7831013272903,20.0,173,5,0.48554913294797686
1.0,5,120.0,2,5.0,5.0,0.1,15445,93,0.15597280673357072,0.018452573648429914,0.8255746196179994,178,1.913978494623656,829.7831013272903,20.0,173,5,0.48554913294797686
1.0,5,120.0,2,5.0,5.0,0.2,15445,93,0.15487212690191,0.01838782777597928,0.8267400453221108,178,1.913978494623656,829.7831013272903,20.0,173,5,0.48554913294797686
1.0,5,120.0,2,5.0,5.0,0.3,15445,93,0.15487212690191,0.01838782777597928,0.8267400453221108,178,1.913978494623656,829.7831013272903,20.0,173,5,0.48554913294797686
1.0,5,120.0,2,5.0,5.0,0.4,15445,93,0.15370670119779864,0.018452573648429914,0.8278407251537715,178,1.913978494623656,829.7831013272903,20.0,173,5,0.48554913294797686
1.0,5,120.0,2,5.0,5.0,0.5,15445,93,0.15370670119779864,0.018452573648429914,0.8278407251537715,178,1.913978494623656,829.7831013272903,20.0,173,5,0.48554913294797686
1.0,5,120.0,2,5.0,5.0,0.6,15445,93,0.1525412754936873,0.018452573648429914,0.8290061508578828,178,1.913978494623656,829.7831013272903,20.0,173,5,0.48554913294797686
1.0,5,120.0,2,5.0,5.0,0.7,15445,93,0.1525412754936873,0.018452573648429914,0.8290061508578828,178,1.913978494623656,829.7831013272903,20.0,173,5,0.48554913294797686
1.0,5,120.0,2,5.0,5.0,0.8,15445,93,0.1513758497895759,0.018452573648429914,0.8301715765619941,178,1.913978494623656,829.7831013272903,20.0,173,5,0.48554913294797686
1.0,5,120.0,2,5.0,5.0,0.9,15445,93,0.1513758497895759,0.018452573648429914,0.8301715765619941,178,1.913978494623656,829.7831013272903,20.0,173,5,0.48554913294797686
1.0,5,120.0,2,5.0,5.0,1.0,15445,93,0.15021042408546456,0.018452573648429914,0.8313370022661055,178,1.913978494623656,829.7831013272903,20.0,173,5,0.48554913294797686
1.0,5,120.0,3,5.0,10.0,-4.0,15445,93,1.0,0.0,0.0,0,0.0,0.0,,0,0,
1.0,5,120.0,3,5.0,10.0,-3.9,15445,93,1.0,0.0,0.0,0,0.0,0.0,,0,0,
1.0,5,120.0,3,5.0,10.0,-3.8,15445,93,1.0,0.0,0.0,0,0.0,0.0,,0,0,
1.0,5,120.0,3,5.0,10.0,-3.7,15445,93,1.0,0.0,0.0,0,0.0,0.0,,0,0,
1.0,5,120.0,3,5.0,10.0,-3.6,15445,93,1.0,0.0,0.0,0,0.0,0.0,,0,0,
1.0,5,120.0,3,5.0,10.0,-3.5,15445,93,1.0,0.0,0.0,0,0.0,0.0,,0,0,
1.0,5,120.0,3,5.0,10.0,-3.4,15445,93,1.0,0.0,0.0,0,0.0,0.0,,0,0,
1.0,5,120.0,3,5.0,10.0,-3.3,15445,93,1.0,0.0,0.0,0,0.0,0.0,,0,0,
1.0,5,120.0,3,5.0,10.0,-3.2,15445,93,1.0,0.0,0.0,0,0.0,0.0,,0,0,
1.0,5,120.0,3,5.0,10.0,-3.1,15445,93,1.0,0.0,0.0,0,0.0,0.0,,0,0,
1.0,5,120.0,3,5.0,10.0,-3.0,15445,93,1.0,0.0,0.0,0,0.0,0.0,,0,0,
1.0,5,120.0,3,5.0,10.0,-2.9,15445,93,1.0,0.0,0.0,0,0.0,0.0,,0,0,
1.0,5,120.0,3,5.0,10.0,-2.8,15445,93,1.0,0.0,0.0,0,0.0,0.0,,0,0,
1.0,5,120.0,3,5.0,10.0,-2.7,15445,93,1.0,0.0,0.0,0,0.0,0.0,,0,0,
1.0,5,120.0,3,5.0,10.0,-2.6,15445,93,1.0,0.0,0.0,0,0.0,0.0,,0,0,
1.0,5,120.0,3,5.0,10.0,-2.5,15445,93,1.0,0.0,0.0,0,0.0,0.0,,0,0,
1.0,5,120.0,3,5.0,10.0,-2.4,15445,93,1.0,0.0,0.0,0,0.0,0.0,,0,0,
1.0,5,120.0,3,5.0,10.0,-2.3,15445,93,1.0,0.0,0.0,0,0.0,0.0,,0,0,
1.0,5,120.0,3,5.0,10.0,-2.2,15445,93,0.938361929426999,0.06163807057300097,0.0,459,4.935483870967742,2139.721592748462,15.0,454,5,0.14096916299559473
1.0,5,120.0,3,5.0,10.0,-2.1,15445,93,0.740110067983166,0.2598899320168339,0.0,435,4.67741935483871,2027.8407251537712,20.0,427,8,0.3185011709601874
1.0,5,120.0,3,5.0,10.0,-2.0,15445,93,0.6448041437358368,0.35422466817740367,0.0009711880867594691,148,1.5913978494623655,689.9320168339268,122.5,142,6,0.971830985915493
1.0,5,120.0,3,5.0,10.0,-1.9,15445,93,0.5552606021366138,0.3537067011977986,0.09103269666558757,620,6.666666666666667,2890.25574619618,50.0,605,15,0.38016528925619836
1.0,5,120.0,3,5.0,10.0,-1.8,15445,93,0.5147296859825187,0.2849465846552282,0.20032372936225315,633,6.806451612903226,2950.8578828099708,70.0,612,21,0.4591503267973856
1.0,5,120.0,3,5.0,10.0,-1.7,15445,93,0.4211071544189058,0.22538038200064747,0.35351246358044675,462,4.967741935483871,2153.7067011977983,115.0,386,76,0.6243523316062176
1.0,5,120.0,3,5.0,10.0,-1.6,15445,93,0.38167691809647136,0.24396244739397863,0.37436063450955004,464,4.989247311827957,2163.0301068306894,125.0,388,76,0.615979381443299
1.0,5,120.0,3,5.0,10.0,-1.5,15445,93,0.34360634509550014,0.2718679184202007,0.3845257364842991,466,5.010752688172043,2172.3535124635805,95.0,390,76,0.6128205128205129
1.0,5,120.0,3,5.0,10.0,-1.4,15445,93,0.30922628682421494,0.25749433473616057,0.4332793784396245,797,8.56989247311828,3715.377144707025,40.0,718,79,0.21587743732590528
1.0,5,120.0,3,5.0,10.0,-1.3,15445,93,0.22945937196503724,0.274975720297831,0.49556490773713174,629,6.763440860215054,2932.2110715441886,60.0,550,79,0.13818181818181818
1.0,5,120.0,3,5.0,10.0,-1.2,15445,93,0.21871155713823243,0.22078342505665263,0.560505017805115,630,6.774193548387097,2936.8727743606346,60.0,550,80,0.13818181818181818
1.0,5,120.0,3,5.0,10.0,-1.1,15445,93,0.20258983489802526,0.1848494658465523,0.6125606992554224,629,6.763440860215054,2932.2110715441886,45.0,550,79,0.2872727272727273
1.0,5,120.0,3,5.0,10.0,-1.0,15445,93,0.18174166396892197,0.18044674651990936,0.6378115895111687,467,5.021505376344086,2177.015215280026,90.0,390,77,0.4076923076923077
1.0,5,120.0,3,5.0,10.0,-0.9,15445,93,0.1706053739074134,0.1590158627387504,0.6703787633538362,451,4.849462365591398,2102.4279702168988,80.0,374,77,0.42780748663101603
1.0,5,120.0,3,5.0,10.0,-0.8,15445,93,0.1674975720297831,0.14134023955972808,0.6911621884104888,403,4.333333333333333,1878.6662350275171,70.0,326,77,0.48773006134969327
1.0,5,120.0,3,5.0,10.0,-0.7,15445,93,0.16639689219812237,0.09763677565555196,0.7359663321463257,402,4.32258064516129,1874.0045322110716,35.0,328,74,0.4878048780487805
1.0,5,120.0,3,5.0,10.0,-0.6,15445,93,0.16639689219812237,0.0712204596956944,0.7623826481061833,402,4.32258064516129,1874.0045322110716,25.0,329,73,0.48632218844984804
1.0,5,120.0,3,5.0,10.0,-0.5,15445,93,0.16523146649401102,0.05982518614438329,0.7749433473616057,401,4.311827956989247,1869.3428293946263,25.0,329,72,0.48632218844984804
1.0,5,120.0,3,5.0,10.0,-0.4,15445,93,0.16406604078989964,0.024279702168986728,0.8116542570411136,233,2.5053763440860215,1086.1767562317903,20.0,203,30,0.4876847290640394
1.0,5,120.0,3,5.0,10.0,-0.3,15445,93,0.16406604078989964,0.018452573648429914,0.8174813855616705,178,1.913978494623656,829.7831013272903,20.0,173,5,0.48554913294797686
1.0,5,120.0,3,5.0,10.0,-0.2,15445,93,0.1629006150857883,0.018452573648429914,0.8186468112657818,178,1.913978494623656,829.7831013272903,20.0,173,5,0.48554913294797686
1.0,5,120.0,3,5.0,10.0,-0.1,15445,93,0.1629006150857883,0.018452573648429914,0.8186468112657818,178,1.913978494623656,829.7831013272903,20.0,173,5,0.48554913294797686
1.0,5,120.0,3,5.0,10.0,0.0,15445,93,0.1617351893816769,0.018452573648429914,0.8198122369698931,178,1.913978494623656,829.7831013272903,20.0,173,5,0.48554913294797686
1.0,5,120.0,3,5.0,10.0,0.1,15445,93,0.1617351893816769,0.018452573648429914,0.8198122369698931,178,1.913978494623656,829.7831013272903,20.0,173,5,0.48554913294797686
1.0,5,120.0,3,5.0,10.0,0.2,15445,93,0.16063450955001618,0.01838782777597928,0.8209776626740045,178,1.913978494623656,829.7831013272903,20.0,173,5,0.48554913294797686
1.0,5,120.0,3,5.0,10.0,0.3,15445,93,0.16063450955001618,0.01838782777597928,0.8209776626740045,178,1.913978494623656,829.7831013272903,20.0,173,5,0.48554913294797686
1.0,5,120.0,3,5.0,10.0,0.4,15445,93,0.15946908384590483,0.018452573648429914,0.8220783425056652,178,1.913978494623656,829.7831013272903,20.0,173,5,0.48554913294797686
1.0,5,120.0,3,5.0,10.0,0.5,15445,93,0.15946908384590483,0.018452573648429914,0.8220783425056652,178,1.913978494623656,829.7831013272903,20.0,173,5,0.48554913294797686
1.0,5,120.0,3,5.0,10.0,0.6,15445,93,0.15830365814179345,0.018452573648429914,0.8232437682097766,178,1.913978494623656,829.7831013272903,20.0,173,5,0.48554913294797686
1.0,5,120.0,3,5.0,10.0,0.7,15445,93,0.15830365814179345,0.018452573648429914,0.8232437682097766,178,1.913978494623656,829.7831013272903,20.0,173,5,0.48554913294797686
1.0,5,120.0,3,5.0,10.0,0.8,15445,93,0.1571382324376821,0.018452573648429914,0.824409193913888,178,1.913978494623656,829.7831013272903,20.0,173,5,0.48554913294797686
1.0,5,120.0,3,5.0,10.0,0.9,15445,93,0.1571382324376821,0.018452573648429914,0.824409193913888,178,1.913978494623656,829.7831013272903,20.0,173,5,0.48554913294797686
1.0,5,120.0,3,5.0,10.0,1.0,15445,93,0.15597280673357072,0.018452573648429914,0.8255746196179994,178,1.913978494623656,829.7831013272903,20.0,173,5,0.48554913294797686
1.0,7,15.0,1,5.0,0.0,-4.0,15445,93,1.0,0.0,0.0,0,0.0,0.0,,0,0,
1.0,7,15.0,1,5.0,0.0,-3.9,15445,93,1.0,0.0,0.0,0,0.0,0.0,,0,0,
1.0,7,15.0,1,5.0,0.0,-3.8,15445,93,1.0,0.0,0.0,0,0.0,0.0,,0,0,
1.0,7,15.0,1,5.0,0.0,-3.7,15445,93,1.0,0.0,0.0,0,0.0,0.0,,0,0,
1.0,7,15.0,1,5.0,0.0,-3.6,15445,93,1.0,0.0,0.0,0,0.0,0.0,,0,0,
1.0,7,15.0,1,5.0,0.0,-3.5,15445,93,1.0,0.0,0.0,0,0.0,0.0,,0,0,
1.0,7,15.0,1,5.0,0.0,-3.4,15445,93,1.0,0.0,0.0,0,0.0,0.0,,0,0,
1.0,7,15.0,1,5.0,0.0,-3.3,15445,93,1.0,0.0,0.0,0,0.0,0.0,,0,0,
1.0,7,15.0,1,5.0,0.0,-3.2,15445,93,1.0,0.0,0.0,0,0.0,0.0,,0,0,
1.0,7,15.0,1,5.0,0.0,-3.1,15445,93,1.0,0.0,0.0,0,0.0,0.0,,0,0,
1.0,7,15.0,1,5.0,0.0,-3.0,15445,93,1.0,0.0,0.0,0,0.0,0.0,,0,0,
1.0,7,15.0,1,5.0,0.0,-2.9,15445,93,1.0,0.0,0.0,0,0.0,0.0,,0,0,
1.0,7,15.0,1,5.0,0.0,-2.8,15445,93,1.0,0.0,0.0,0,0.0,0.0,,0,0,
1.0,7,15.0,1,5.0,0.0,-2.7,15445,93,1.0,0.0,0.0,0,0.0,0.0,,0,0,
1.0,7,15.0,1,5.0,0.0,-2.6,15445,93,1.0,0.0,0.0,0,0.0,0.0,,0,0,
1.0,7,15.0,1,5.0,0.0,-2.5,15445,93,1.0,0.0,0.0,0,0.0,0.0,,0,0,
1.0,7,15.0,1,5.0,0.0,-2.4,15445,93,0.9695046940757527,0.03049530592424733,0.0,421,4.526881720430108,1962.576885723535,15.0,417,4,0.1606714628297362
1.0,7,15.0,1,5.0,0.0,-2.3,15445,93,0.9156361281968275,0.08416963418582066,0.00019423761735189383,1003,10.78494623655914,4675.687924894788,15.0,995,8,0.06733668341708543
1.0,7,15.0,1,5.0,0.0,-2.2,15445,93,0.8578828099708644,0.11349951440595663,0.02861767562317902,2238,24.06451612903226,10432.890903204921,10.0,2226,12,0.028751123090745734
1.0,7,15.0,1,5.0,0.0,-2.1,15445,93,0.7576561994172871,0.18128844286176757,0.06105535772094529,2972,31.956989247311828,13854.58077047588,15.0,2953,19,0.051473078225533354
1.0,7,15.0,1,5.0,0.0,-2.0,15445,93,0.6343153123988345,0.23962447393978634,0.1260602136613791,5034,54.12903225806452,23467.011977986404,10.0,5009,25,0.029147534438011578
1.0,7,15.0,1,5.0,0.0,-1.9,15445,93,0.5864033667853674,0.2554224668177404,0.1581741663968922,4955,53.27956989247312,23098.73745548721,10.0,4930,25,0.029614604462474645
1.0,7,15.0,1,5.0,0.0,-1.8,15445,93,0.5177727419876983,0.28442861767562316,0.19779864033667854,5225,56.18279569892473,24357.397215927485,15.0,5198,27,0.028087726048480186
1.0,7,15.0,1,5.0,0.0,-1.7,15445,93,0.43943023632243444,0.28326319197151184,0.2773065717060537,5300,56.98924731182796,24707.024927160895,10.0,5271,29,0.02731929425156517
1.0,7,15.0,1,5.0,0.0,-1.6,15445,93,0.41120103593395924,0.19138879896406605,0.39741016510197474,5544,59.61290322580645,25844.480414373582,5.0,5517,27,0.039332970817473265
1.0,7,15.0,1,5.0,0.0,-1.5,15445,93,0.3635480738102946,0.20776950469407576,0.42868242149562963,4983,53.58064516129032,23229.265134347686,10.0,4956,27,0.0433817594834544
1.0,7,15.0,1,5.0,0.0,-1.4,15445,93,0.33363548073810295,0.19553253480090643,0.4708319844609906,4983,53.58064516129032,23229.265134347686,10.0,4958,25,0.043969342476805166
1.0,7,15.0,1,5.0,0.0,-1.3,15445,93,0.2627387504046617,0.2004532211071544,0.5368080284881839,4235,45.53763440860215,19742.311427646488,10.0,4211,24,0.032771313227261935
1.0,7,15.0,1,5.0,0.0,-1.2,15445,93,0.21612172224020718,0.19015862738750405,0.5937196503722888,3298,35.46236559139785,15374.2958886371,10.0,3278,20,0.0424039048200122
1.0,7,15.0,1,5.0,0.0,-1.1,15445,93,0.20382000647458726,0.14496600841696342,0.6512139851084493,2696,28.989247311827956,12567.950793136937,10.0,2676,20,0.052316890881913304
1.0,7,15.0,1,5.0,0.0,-1.0,15445,93,0.19281320815797992,0.08578828099708644,0.7213985108449337,1873,20.13978494623656,8731.36937520233,10.0,1856,17,0.12122844827586207
1.0,7,15.0,1,5.0,0.0,-0.9,15445,93,0.1854969245710586,0.06999028811913241,0.744512787309809,1669,17.946236559139784,7780.382000647458,10.0,1653,16,0.13611615245009073
1.0,7,15.0,1,5.0,0.0,-0.8,15445,93,0.16905147296859827,0.07258012301715766,0.7583684040142441,1286,13.827956989247312,5994.9498219488505,15.0,1270,16,0.17716535433070865
1.0,7,15.0,1,5.0,0.0,-0.7,15445,93,0.16380705730009712,0.06474587245063128,0.7714470702492716,1158,12.451612903225806,5398.251861443833,15.0,1129,29,0.18777679362267494
1.0,7,15.0,1,5.0,0.0,-0.6,15445,93,0.1496924571058595,0.07393978633862092,0.7763677565555196,1259,13.53763440860215,5869.083845904824,15.0,1179,80,0.13655640373197625
1.0,7,15.0,1,5.0,0.0,-0.5,15445,93,0.13512463580446746,0.0764001294917449,0.7884752347037877,1368,14.709677419354838,6377.209452897378,10.0,1289,79,0.1256788207913111
1.0,7,15.0,1,5.0,0.0,-0.4,15445,93,0.12787309808999675,0.06720621560375525,0.804920686306248,1438,15.46236559139785,6703.52865004856,10.0,1359,79,0.11846946284032377
1.0,7,15.0,1,5.0,0.0,-0.3,15445,93,0.11952088054386532,0.05037228876659113,0.8301068306895435,1104,11.870967741935484,5146.5199093557785,5.0,1028,76,0.1566147859922179
1.0,7,15.0,1,5.0,0.0,-0.2,15445,93,0.10611848494658466,0.04797669148591777,0.8459048235674975,1055,11.344086021505376,4918.096471349952,10.0,979,76,0.16649642492339123
1.0,7,15.0,1,5.0,0.0,-0.1,15445,93,0.10611848494658466,0.045581094205244414,0.8483004208481709,1050,11.290322580645162,4894.787957267724,10.0,975,75,0.1671794871794872
1.0,7,15.0,1,5.0,0.0,0.0,15445,93,0.10126254451278731,0.02492716089349304,0.8738102945937196,786,8.451612903225806,3664.098413726125,5.0,712,74,0.2303370786516854
1.0,7,15.0,1,5.0,0.0,0.1,15445,93,0.09485270314017481,0.028941404985432177,0.876205891874393,669,7.193548387096774,3118.6791842020075,10.0,596,73,0.27684563758389263
1.0,7,15.0,1,5.0,0.0,0.2,15445,93,0.09187439300744578,0.026351570087406927,0.8817740369051473,603,6.483870967741935,2811.0067983166073,10.0,531,72,0.3088512241054614
1.0,7,15.0,1,5.0,0.0,0.3,15445,93,0.09180964713499515,0.025250890255746197,0.8829394626092587,600,6.451612903225806,2797.021689867271,10.0,528,72,0.3106060606060606
1.0,7,15.0,1,5.0,0.0,0.4,15445,93,0.08889608287471673,0.02143088378115895,0.8896730333441243,585,6.290322580645161,2727.0961476205894,10.0,513,72,0.31968810916179335
1.0,7,15.0,1,5.0,0.0,0.5,15445,93,0.08889608287471673,0.019294269990288118,0.8918096471349951,583,6.268817204301075,2717.7727419876983,10.0,511,72,0.32093933463796476
1.0,7,15.0,1,5.0,0.0,0.6,15445,93,0.08598251861443833,0.011783748786014892,0.9022337325995468,401,4.311827956989247,1869.3428293946263,5.0,334,67,0.26646706586826346
1.0,7,15.0,1,5.0,0.0,0.7,15445,93,0.08598251861443833,0.011783748786014892,0.9022337325995468,401,4.311827956989247,1869.3428293946263,5.0,334,67,0.26646706586826346
1.0,7,15.0,1,5.0,0.0,0.8,15445,93,0.08306895435415992,0.010618323081903528,0.9063127225639366,381,4.096774193548387,1776.1087730657168,5.0,313,68,0.2779552715654952
1.0,7,15.0,1,5.0,0.0,0.9,15445,93,0.07976691485917772,0.013143412107478148,0.9070896730333441,305,3.2795698924731185,1421.8193590158626,20.0,237,68,0.3670886075949367
1.0,7,15.0,1,5.0,0.0,1.0,15445,93,0.07788928455810942,0.012819682745224992,0.9092910326966656,290,3.118279569892473,1351.893816769181,20.0,222,68,0.38738738738738737
1.0,7,15.0,2,5.0,5.0,-4.0,15445,93,1.0,0.0,0.0,0,0.0,0.0,,0,0,
1.0,7,15.0,2,5.0,5.0,-3.9,15445,93,1.0,0.0,0.0,0,0.0,0.0,,0,0,
1.0,7,15.0,2,5.0,5.0,-3.8,15445,93,1.0,0.0,0.0,0,0.0,0.0,,0,0,
1.0,7,15.0,2,5.0,5.0,-3.7,15445,93,1.0,0.0,0.0,0,0.0,0.0,,0,0,
1.0,7,15.0,2,5.0,5.0,-3.6,15445,93,1.0,0.0,0.0,0,0.0,0.0,,0,0,
1.0,7,15.0,2,5.0,5.0,-3.5,15445,93,1.0,0.0,0.0,0,0.0,0.0,,0,0,
1.0,7,15.0,2,5.0,5.0,-3.4,15445,93,1.0,0.0,0.0,0,0.0,0.0,,0,0,
1.0,7,15.0,2,5.0,5.0,-3.3,15445,93,1.0,0.0,0.0,0,0.0,0.0,,0,0,
1.0,7,15.0,2,5.0,5.0,-3.2,15445,93,1.0,0.0,0.0,0,0.0,0.0,,0,0,
1.0,7,15.0,2,5.0,5.0,-3.1,15445,93,1.0,0.0,0.0,0,0.0,0.0,,0,0,
1.0,7,15.0,2,5.0,5.0,-3.0,15445,93,1.0,0.0,0.0,0,0.0,0.0,,0,0,
1.0,7,15.0,2,5.0,5.0,-2.9,15445,93,1.0,0.0,0.0,0,0.0,0.0,,0,0,
1.0,7,15.0,2,5.0,5.0,-2.8,15445,93,1.0,0.0,0.0,0,0.0,0.0,,0,0,
1.0,7,15.0,2,5.0,5.0,-2.7,15445,93,1.0,0.0,0.0,0,0.0,0.0,,0,0,
1.0,7,15.0,2,5.0,5.0,-2.6,15445,93,1.0,0.0,0.0,0,0.0,0.0,,0,0,
1.0,7,15.0,2,5.0,5.0,-2.5,15445,93,1.0,0.0,0.0,0,0.0,0.0,,0,0,
1.0,7,15.0,2,5.0,5.0,-2.4,15445,93,0.9696989316931046,0.030301068306895437,0.0,421,4.526881720430108,1962.576885723535,15.0,417,4,0.1606714628297362
1.0,7,15.0,2,5.0,5.0,-2.3,15445,93,0.9166720621560376,0.08332793784396245,0.0,991,10.655913978494624,4619.747491097442,15.0,983,8,0.0681586978636826
1.0,7,15.0,2,5.0,5.0,-2.2,15445,93,0.907478148268048,0.0755584331498867,0.016963418582065393,1132,12.172043010752688,5277.047588216251,20.0,1121,11,0.0927743086529884
1.0,7,15.0,2,5.0,5.0,-2.1,15445,93,0.7732599546778893,0.15027516995791518,0.07646487536419554,2486,26.731182795698924,11588.993201683394,15.0,2466,20,0.06163828061638281
1.0,7,15.0,2,5.0,5.0,-2.0,15445,93,0.6907737131757851,0.16128196827452249,0.14794431854969245,3302,35.505376344086024,15392.942699902882,15.0,3276,26,0.044261294261294264
1.0,7,15.0,2,5.0,5.0,-1.9,15445,93,0.6247329232761412,0.18102945937196505,0.19423761735189382,3282,35.29032258064516,15299.708643573973,15.0,3242,40,0.04040715607649599
1.0,7,15.0,2,5.0,5.0,-1.8,15445,93,0.5281320815797993,0.21100679831660732,0.2608611201035934,3250,34.946236559139784,15150.534153447717,15.0,3197,53,0.03753518923991242
1.0,7,15.0,2,5.0,5.0,-1.7,15445,93,0.498154742635157,0.2008416963418582,0.3010035610229848,2990,32.1505376344086,13938.491421171899,15.0,2913,77,0.046343975283213185
1.0,7,15.0,2,5.0,5.0,-1.6,15445,93,0.5063127225639366,0.06247976691485918,0.43120751052120426,1957,21.043010752688172,9122.95241178375,15.0,1880,77,0.06648936170212766
1.0,7,15.0,2,5.0,5.0,-1.5,15445,93,0.44687601165425705,0.10870831984460991,0.44441566850113307,2627,28.247311827956988,12246.2932988022,15.0,2536,91,0.03430599369085174
1.0,7,15.0,2,5.0,5.0,-1.4,15445,93,0.37682097766267403,0.08274522499190677,0.5404337973454192,2398,25.78494623655914,11178.763353836193,15.0,2308,90,0.037694974003466206
1.0,7,15.0,2,5.0,5.0,-1.3,15445,93,0.29265134347685334,0.11524765296212366,0.592101003561023,2368,25.462365591397848,11038.912269342829,15.0,2283,85,0.0328515111695138
1.0,7,15.0,2,5.0,5.0,-1.2,15445,93,0.2302363224344448,0.13551311103917124,0.6342505665263839,2107,22.655913978494624,9822.207834250567,15.0,2024,83,0.03705533596837945
1.0,7,15.0,2,5.0,5.0,-1.1,15445,93,0.21502104240854644,0.10488831337002266,0.6800906442214308,1763,18.956989247311828,8218.582065393332,15.0,1680,83,0.04523809523809524
1.0,7,15.0,2,5.0,5.0,-1.0,15445,93,0.2043379734541923,0.05127873098089997,0.7443832955649078,1137,12.225806451612904,5300.356102298479,15.0,1054,83,0.13377609108159394
1.0,7,15.0,2,5.0,5.0,-0.9,15445,93,0.18828099708643575,0.03515700874069278,0.7765619941728715,801,8.612903225806452,3734.0239559728066,20.0,720,81,0.21944444444444444
1.0,7,15.0,2,5.0,5.0,-0.8,15445,93,0.18025250890255745,0.051149239235998706,0.7685982518614438,889,9.559139784946236,4144.253803820006,15.0,806,83,0.1935483870967742
1.0,7,15.0,2,5.0,5.0,-0.7,15445,93,0.17507283910650695,0.04732923276141146,0.7775979281320816,886,9.526881720430108,4130.26869537067,15.0,804,82,0.19402985074626866
1.0,7,15.0,2,5.0,5.0,-0.6,15445,93,0.16238264810618322,0.05490449983813532,0.7827128520556814,946,10.172043010752688,4409.970864357398,15.0,864,82,0.18055555555555555
1.0,7,15.0,2,5.0,5.0,-0.5,15445,93,0.14380058271285207,0.05438653285853027,0.8018128844286176,900,9.67741935483871,4195.532534800906,15.0,818,82,0.19070904645476772
1.0,7,15.0,2,5.0,5.0,-0.4,15445,93,0.1453544836516672,0.0366461638070573,0.8179993525412755,694,7.462365591397849,3235.2217546131437,20.0,613,81,0.2544861337683524
1.0,7,15.0,2,5.0,5.0,-0.3,15445,93,0.13616056976367757,0.027063774684363873,0.8367756555519585,473,5.086021505376344,2204.985432178699,25.0,395,78,0.4
1.0,7,15.0,2,5.0,5.0,-0.2,15445,93,0.11628358692133377,0.03418582065393331,0.8495305924247329,538,5.78494623655914,2507.9961152476526,20.0,461,77,0.34273318872017355
1.0,7,15.0,2,5.0,5.0,-0.1,15445,93,0.11628358692133377,0.029783101327290385,0.8539333117513759,550,5.913978494623656,2563.936549044998,15.0,473,77,0.3361522198731501
1.0,7,15.0,2,5.0,5.0,0.0,15445,93,0.11103917125283264,0.003172547750080932,0.8857882809970864,286,3.075268817204301,1333.2470055033991,15.0,214,72,0.5373831775700935
1.0,7,15.0,2,5.0,5.0,0.1,15445,93,0.10877306571706054,0.012560699255422466,0.878666235027517,380,4.086021505376344,1771.4470702492715,15.0,305,75,0.5278688524590164
1.0,7,15.0,2,5.0,5.0,0.2,15445,93,0.10573000971188087,0.012625445127873098,0.881644545160246,380,4.086021505376344,1771.4470702492715,15.0,305,75,0.5245901639344263
1.0,7,15.0,2,5.0,5.0,0.3,15445,93,0.10573000971188087,0.011589511168662997,0.8826804791194561,380,4.086021505376344,1771.4470702492715,15.0,305,75,0.5245901639344263
1.0,7,15.0,2,5.0,5.0,0.4,15445,93,0.10132729038523794,0.00660407898996439,0.8920686306247977,293,3.150537634408602,1365.8789252185175,15.0,233,60,0.5579399141630901
1.0,7,15.0,2,5.0,5.0,0.5,15445,93,0.10132729038523794,0.002460343153123988,0.896212366461638,229,2.4623655913978495,1067.5299449660085,15.0,171,58,0.5847953216374269
1.0,7,15.0,2,5.0,5.0,0.6,15445,93,0.0952411783748786,0.00012949174490126255,0.9046293298802202,143,1.5376344086021505,666.6235027516996,600.0,111,32,0.7657657657657657
1.0,7,15.0,2,5.0,5.0,0.7,15445,93,0.0952411783748786,0.00012949174490126255,0.9046293298802202,143,1.5376344086021505,666.6235027516996,600.0,111,32,0.7657657657657657
1.0,7,15.0,2,5.0,5.0,0.8,15445,93,0.08967303334412431,0.00012949174490126255,0.9101974749109745,93,1.0,433.538361929427,915.0,86,7,0.9883720930232558
1.0,7,15.0,2,5.0,5.0,0.9,15445,93,0.08967303334412431,0.007575267076723859,0.9027516995791518,195,2.096774193548387,909.032049206863,20.0,137,58,0.6204379562043796
1.0,7,15.0,2,5.0,5.0,1.0,15445,93,0.08850760764001295,0.008028488183878277,0.9034639041761088,215,2.3118279569892475,1002.2661055357721,20.0,146,69,0.5753424657534246
1.0,7,15.0,3,5.0,10.0,-4.0,15445,93,1.0,0.0,0.0,0,0.0,0.0,,0,0,
1.0,7,15.0,3,5.0,10.0,-3.9,15445,93,1.0,0.0,0.0,0,0.0,0.0,,0,0,
1.0,7,15.0,3,5.0,10.0,-3.8,15445,93,1.0,0.0,0.0,0,0.0,0.0,,0,0,
1.0,7,15.0,3,5.0,10.0,-3.7,15445,93,1.0,0.0,0.0,0,0.0,0.0,,0,0,
1.0,7,15.0,3,5.0,10.0,-3.6,15445,93,1.0,0.0,0.0,0,0.0,0.0,,0,0,
1.0,7,15.0,3,5.0,10.0,-3.5,15445,93,1.0,0.0,0.0,0,0.0,0.0,,0,0,
1.0,7,15.0,3,5.0,10.0,-3.4,15445,93,1.0,0.0,0.0,0,0.0,0.0,,0,0,
1.0,7,15.0,3,5.0,10.0,-3.3,15445,93,1.0,0.0,0.0,0,0.0,0.0,,0,0,
1.0,7,15.0,3,5.0,10.0,-3.2,15445,93,1.0,0.0,0.0,0,0.0,0.0,,0,0,
1.0,7,15.0,3,5.0,10.0,-3.1,15445,93,1.0,0.0,0.0,0,0.0,0.0,,0,0,
1.0,7,15.0,3,5.0,10.0,-3.0,15445,93,1.0,0.0,0.0,0,0.0,0.0,,0,0,
1.0,7,15.0,3,5.0,10.0,-2.9,15445,93,1.0,0.0,0.0,0,0.0,0.0,,0,0,
1.0,7,15.0,3,5.0,10.0,-2.8,15445,93,1.0,0.0,0.0,0,0.0,0.0,,0,0,
1.0,7,15.0,3,5.0,10.0,-2.7,15445,93,1.0,0.0,0.0,0,0.0,0.0,,0,0,
1.0,7,15.0,3,5.0,10.0,-2.6,15445,93,1.0,0.0,0.0,0,0.0,0.0,,0,0,
1.0,7,15.0,3,5.0,10.0,-2.5,15445,93,1.0,0.0,0.0,0,0.0,0.0,,0,0,
1.0,7,15.0,3,5.0,10.0,-2.4,15445,93,0.990870831984461,0.00912916801553901,0.0,94,1.010752688172043,438.20006474587245,15.0,90,4,0.4444444444444444
1.0,7,15.0,3,5.0,10.0,-2.3,15445,93,0.942764648753642,0.05723535124635804,0.0,590,6.344086021505376,2750.404661702816,15.0,583,7,0.16123499142367068
1.0,7,15.0,3,5.0,10.0,-2.2,15445,93,0.9695046940757527,0.03010683068954354,0.00038847523470378765,314,3.3763440860215055,1463.7746843638718,15.0,270,44,0.3037037037037037
1.0,7,15.0,3,5.0,10.0,-2.1,15445,93,0.8247976691485918,0.10670119779864033,0.06850113305276788,1518,16.322580645161292,7076.464875364196,15.0,1451,67,0.06547208821502412
1.0,7,15.0,3,5.0,10.0,-2.0,15445,93,0.8282292003884753,0.0575590806086112,0.11421171900291356,938,10.086021505376344,4372.677241825833,50.0,870,68,0.1850574712643678
1.0,7,15.0,3,5.0,10.0,-1.9,15445,93,0.5966979605050178,0.12036257688572354,0.2829394626092587,1557,16.741935483870968,7258.271285205567,15.0,1472,85,0.06793478260869565
1.0,7,15.0,3,5.0,10.0,-1.8,15445,93,0.5204273227581742,0.15351246358044673,0.3260602136613791,1863,20.032258064516128,8684.752347037876,15.0,1837,26,0.10996189439303211
1.0,7,15.0,3,5.0,10.0,-1.7,15445,93,0.4979605050178051,0.12703140174813857,0.3750080932340563,1339,14.397849462365592,6242.02007122046,15.0,1280,59,0.13828125
1.0,7,15.0,3,5.0,10.0,-1.6,15445,93,0.6132729038523794,0.0,0.3867270961476206,161,1.7311827956989247,750.5341534477177,175.0,111,50,0.8828828828828829
1.0,7,15.0,3,5.0,10.0,-1.5,15445,93,0.5522175461314341,0.029200388475234703,0.41858206539333115,572,6.150537634408602,2666.4940110067982,50.0,490,82,0.17959183673469387
1.0,7,15.0,3,5.0,10.0,-1.4,15445,93,0.4040789899643898,0.021754613143412108,0.5741663968921982,658,7.075268817204301,3067.400453221107,70.0,570,88,0.21754385964912282
1.0,7,15.0,3,5.0,10.0,-1.3,15445,93,0.22635157008740692,0.06196179993525413,0.7116866299773389,834,8.96774193548387,3887.8601489155067,20.0,753,81,0.11952191235059761
1.0,7,15.0,3,5.0,10.0,-1.2,15445,93,0.19974101651019746,0.09744253803820006,0.7028164454516025,1136,12.21505376344086,5295.694399482033,15.0,1056,80,0.08522727272727272
1.0,7,15.0,3,5.0,10.0,-1.1,15445,93,0.19637423114276464,0.08436387180317255,0.7192618970540628,914,9.827956989247312,4260.796374231143,20.0,833,81,0.10684273709483794
1.0,7,15.0,3,5.0,10.0,-1.0,15445,93,0.19028811913240531,0.01981223696989317,0.7898996438977015,517,5.559139784946237,2410.1003561022985,45.0,438,79,0.3584474885844749
1.0,7,15.0,3,5.0,10.0,-0.9,15445,93,0.18951116866299775,0.01379087083198446,0.7966979605050178,455,4.89247311827957,2121.0747814826805,45.0,375,80,0.4186666666666667
1.0,7,15.0,3,5.0,10.0,-0.8,15445,93,0.1816121722240207,0.048624150210424086,0.7697636775655552,770,8.279569892473118,3589.5111686629975,20.0,689,81,0.22786647314949202
1.0,7,15.0,3,5.0,10.0,-0.7,15445,93,0.17105859501456783,0.041372612495953386,0.7875687924894788,651,7.0,3034.768533505989,25.0,571,80,0.27495621716287216
1.0,7,15.0,3,5.0,10.0,-0.6,15445,93,0.15564907737131758,0.0418258336031078,0.8025250890255746,566,6.086021505376344,2638.5237941081255,35.0,486,80,0.32510288065843623
1.0,7,15.0,3,5.0,10.0,-0.5,15445,93,0.13240530916154095,0.03781158951116866,0.8297831013272904,444,4.774193548387097,2069.7960505017804,30.0,366,78,0.43169398907103823
1.0,7,15.0,3,5.0,10.0,-0.4,15445,93,0.11867918420200713,0.01320815797992878,0.8681126578180641,258,2.774193548387097,1202.7193266429265,20.0,187,71,0.44919786096256686
1.0,7,15.0,3,5.0,10.0,-0.3,15445,93,0.12437682097766267,0.018582065393331175,0.8570411136290061,219,2.3548387096774195,1020.9129168015538,25.0,148,71,0.5675675675675675
1.0,7,15.0,3,5.0,10.0,-0.2,15445,93,0.11958562641631595,0.035998705082550986,0.844415668501133,320,3.4408602150537635,1491.7449012625445,40.0,244,76,0.5860655737704918
1.0,7,15.0,3,5.0,10.0,-0.1,15445,93,0.11958562641631595,0.020459695694399482,0.8599546778892846,256,2.752688172043011,1193.3959210100356,40.0,182,74,0.6208791208791209
1.0,7,15.0,3,5.0,10.0,0.0,15445,93,0.11052120427322758,0.0,0.8894787957267725,154,1.6559139784946237,717.9022337325995,442.5,109,45,0.7706422018348624
1.0,7,15.0,3,5.0,10.0,0.1,15445,93,0.11052120427322758,0.006409841372612496,0.8830689543541599,220,2.3655913978494625,1025.5746196179994,260.0,173,47,0.6647398843930635
1.0,7,15.0,3,5.0,10.0,0.2,15445,93,0.10255746196179993,0.006215603755260602,0.8912269342829394,179,1.924731182795699,834.4448041437358,265.0,158,21,0.7215189873417721
1.0,7,15.0,3,5.0,10.0,0.3,15445,93,0.10255746196179993,0.003107801877630301,0.8943347361605698,147,1.5806451612903225,685.2703140174814,490.0,127,20,0.7795275590551181
1.0,7,15.0,3,5.0,10.0,0.4,15445,93,0.09912593072191647,0.0,0.9008740692780836,91,0.978494623655914,424.2149562965361,910.0,84,7,1.0
1.0,7,15.0,3,5.0,10.0,0.5,15445,93,0.09912593072191647,0.0,0.9008740692780836,91,0.978494623655914,424.2149562965361,910.0,84,7,1.0
1.0,7,15.0,3,5.0,10.0,0.6,15445,93,0.09789575914535448,0.0,0.9021042408546455,91,0.978494623655914,424.2149562965361,910.0,84,7,1.0
1.0,7,15.0,3,5.0,10.0,0.7,15445,93,0.09789575914535448,0.0,0.9021042408546455,91,0.978494623655914,424.2149562965361,910.0,84,7,1.0
1.0,7,15.0,3,5.0,10.0,0.8,15445,93,0.09556490773713176,0.0,0.9044350922628682,91,0.978494623655914,424.2149562965361,910.0,84,7,1.0
1.0,7,15.0,3,5.0,10.0,0.9,15445,93,0.09556490773713176,0.0025250890255746196,0.9019100032372936,117,1.2580645161290323,545.4192295241178,890.0,97,20,0.865979381443299
1.0,7,15.0,3,5.0,10.0,1.0,15445,93,0.0943994820330204,0.0,0.9056005179669796,91,0.978494623655914,424.2149562965361,915.0,84,7,1.0
1.0,7,30.0,1,5.0,0.0,-4.0,15445,93,1.0,0.0,0.0,0,0.0,0.0,,0,0,
1.0,7,30.0,1,5.0,0.0,-3.9,15445,93,1.0,0.0,0.0,0,0.0,0.0,,0,0,
1.0,7,30.0,1,5.0,0.0,-3.8,15445,93,1.0,0.0,0.0,0,0.0,0.0,,0,0,
1.0,7,30.0,1,5.0,0.0,-3.7,15445,93,1.0,0.0,0.0,0,0.0,0.0,,0,0,
1.0,7,30.0,1,5.0,0.0,-3.6,15445,93,1.0,0.0,0.0,0,0.0,0.0,,0,0,
1.0,7,30.0,1,5.0,0.0,-3.5,15445,93,1.0,0.0,0.0,0,0.0,0.0,,0,0,
1.0,7,30.0,1,5.0,0.0,-3.4,15445,93,1.0,0.0,0.0,0,0.0,0.0,,0,0,
1.0,7,30.0,1,5.0,0.0,-3.3,15445,93,1.0,0.0,0.0,0,0.0,0.0,,0,0,
1.0,7,30.0,1,5.0,0.0,-3.2,15445,93,1.0,0.0,0.0,0,0.0,0.0,,0,0,
1.0,7,30.0,1,5.0,0.0,-3.1,15445,93,1.0,0.0,0.0,0,0.0,0.0,,0,0,
1.0,7,30.0,1,5.0,0.0,-3.0,15445,93,1.0,0.0,0.0,0,0.0,0.0,,0,0,
1.0,7,30.0,1,5.0,0.0,-2.9,15445,93,1.0,0.0,0.0,0,0.0,0.0,,0,0,
1.0,7,30.0,1,5.0,0.0,-2.8,15445,93,1.0,0.0,0.0,0,0.0,0.0,,0,0,
1.0,7,30.0,1,5.0,0.0,-2.7,15445,93,1.0,0.0,0.0,0,0.0,0.0,,0,0,
1.0,7,30.0,1,5.0,0.0,-2.6,15445,93,1.0,0.0,0.0,0,0.0,0.0,,0,0,
1.0,7,30.0,1,5.0,0.0,-2.5,15445,93,1.0,0.0,0.0,0,0.0,0.0,,0,0,
1.0,7,30.0,1,5.0,0.0,-2.4,15445,93,0.9997410165101974,0.0002589834898025251,0.0,2,0.021505376344086023,9.323405632890903,100.0,2,0,0.5
1.0,7,30.0,1,5.0,0.0,-2.3,15445,93,0.9991583036581418,0.0008416963418582065,0.0,6,0.06451612903225806,27.970216898672707,22.5,6,0,0.3333333333333333
1.0,7,30.0,1,5.0,0.0,-2.2,15445,93,0.8719326642926514,0.12806733570734866,0.0,289,3.10752688172043,1347.2321139527355,80.0,281,8,0.7153024911032029
1.0,7,30.0,1,5.0,0.0,-2.1,15445,93,0.8519261897054062,0.1478148268047912,0.0002589834898025251,311,3.3440860215053765,1449.7895759145354,70.0,302,9,0.6688741721854304
1.0,7,30.0,1,5.0,0.0,-2.0,15445,93,0.6300420848170929,0.31977986403366787,0.05017805114923923,316,3.3978494623655915,1473.0980899967628,165.0,306,10,0.6928104575163399
1.0,7,30.0,1,5.0,0.0,-1.9,15445,93,0.6192295241178375,0.27769504694075753,0.10307542894140499,733,7.881720430107527,3417.028164454516,20.0,720,13,0.20277777777777778
1.0,7,30.0,1,5.0,0.0,-1.8,15445,93,0.5948203302039495,0.11958562641631595,0.28559404337973454,723,7.774193548387097,3370.4111362900617,50.0,644,79,0.20496894409937888
1.0,7,30.0,1,5.0,0.0,-1.7,15445,93,0.3111686629977339,0.3801877630301068,0.3086435739721593,1301,13.989247311827956,6064.875364195533,25.0,1216,85,0.2524671052631579
1.0,7,30.0,1,5.0,0.0,-1.6,15445,93,0.20673357073486565,0.4723211395273551,0.3209452897377792,625,6.720430107526882,2913.5642602784073,65.0,543,82,0.570902394106814
1.0,7,30.0,1,5.0,0.0,-1.5,15445,93,0.20330203949498218,0.442667529944966,0.3540304305600518,756,8.129032258064516,3524.247329232762,60.0,675,81,0.45925925925925926
1.0,7,30.0,1,5.0,0.0,-1.4,15445,93,0.19922304953059242,0.4084169634185821,0.39235998705082553,491,5.279569892473118,2288.8960828747167,60.0,414,77,0.748792270531401
1.0,7,30.0,1,5.0,0.0,-1.3,15445,93,0.19248947879572678,0.30657170605373907,0.5009388151505342,809,8.698924731182796,3771.3175785043704,50.0,730,79,0.31643835616438354
1.0,7,30.0,1,5.0,0.0,-1.2,15445,93,0.18711557138232437,0.216510197474911,0.5963742311427647,1482,15.935483870967742,6908.643573972159,20.0,1401,81,0.10349750178443969
1.0,7,30.0,1,5.0,0.0,-1.1,15445,93,0.17941081256069927,0.1300097118808676,0.6905794755584331,651,7.0,3034.768533505989,40.0,572,79,0.3951048951048951
1.0,7,30.0,1,5.0,0.0,-1.0,15445,93,0.17170605373907413,0.11854969245710587,0.70974425380382,776,8.344086021505376,3617.4813855616703,15.0,697,79,0.23529411764705882
1.0,7,30.0,1,5.0,0.0,-0.9,15445,93,0.1668501133052768,0.08624150210424085,0.7469083845904824,1021,10.978494623655914,4759.598575590806,15.0,942,79,0.1740976645435244
1.0,7,30.0,1,5.0,0.0,-0.8,15445,93,0.15972806733570735,0.04966008416963419,0.7906118484946585,767,8.24731182795699,3575.5260602136614,15.0,689,78,0.2409288824383164
1.0,7,30.0,1,5.0,0.0,-0.7,15445,93,0.15208805438653286,0.046099061184849466,0.8018128844286176,638,6.860215053763441,2974.166396892198,17.5,564,74,0.2925531914893617
1.0,7,30.0,1,5.0,0.0,-0.6,15445,93,0.12618970540628036,0.0656523146649401,0.8081579799287796,475,5.10752688172043,2214.3088378115895,40.0,401,74,0.4089775561097257
1.0,7,30.0,1,5.0,0.0,-0.5,15445,93,0.12334088701845257,0.060731628358692134,0.8159274846228552,475,5.10752688172043,2214.3088378115895,40.0,401,74,0.4114713216957606
1.0,7,30.0,1,5.0,0.0,-0.4,15445,93,0.12133376497248301,0.053350598899320166,0.8253156361281968,478,5.139784946236559,2228.293946260926,35.0,404,74,0.40594059405940597
1.0,7,30.0,1,5.0,0.0,-0.3,15445,93,0.10734865652314665,0.06215603755260602,0.8304953059242474,541,5.817204301075269,2521.981223696989,20.0,467,74,0.3511777301927195
1.0,7,30.0,1,5.0,0.0,-0.2,15445,93,0.09077371317578505,0.06552282292003885,0.843703463904176,409,4.397849462365591,1906.6364519261897,40.0,335,74,0.48656716417910445
1.0,7,30.0,1,5.0,0.0,-0.1,15445,93,0.09077371317578505,0.06105535772094529,0.8481709291032696,411,4.419354838709677,1915.9598575590805,40.0,337,74,0.4836795252225519
1.0,7,30.0,1,5.0,0.0,0.0,15445,93,0.08967303334412431,0.050566526383943024,0.8597604402719327,409,4.397849462365591,1906.6364519261897,35.0,335,74,0.48656716417910445
1.0,7,30.0,1,5.0,0.0,0.1,15445,93,0.08967303334412431,0.04066040789899644,0.8696665587568793,246,2.6451612903225805,1146.7788928455811,35.0,177,69,0.4858757062146893
1.0,7,30.0,1,5.0,0.0,0.2,15445,93,0.08844286176756232,0.02842343800582713,0.8831337002266105,308,3.3118279569892475,1435.804467465199,15.0,240,68,0.35833333333333334
1.0,7,30.0,1,5.0,0.0,0.3,15445,93,0.08844286176756232,0.027646487536419552,0.8839106506960182,308,3.3118279569892475,1435.804467465199,15.0,240,68,0.35833333333333334
1.0,7,30.0,1,5.0,0.0,0.4,15445,93,0.08611201035933959,0.02136613790870832,0.8925218517319521,306,3.2903225806451615,1426.4810618323081,15.0,239,67,0.3598326359832636
1.0,7,30.0,1,5.0,0.0,0.5,15445,93,0.08611201035933959,0.020589187439300743,0.8932988022013597,306,3.2903225806451615,1426.4810618323081,15.0,239,67,0.3598326359832636
1.0,7,30.0,1,5.0,0.0,0.6,15445,93,0.0848818387827776,0.01171900291356426,0.9033991583036581,182,1.956989247311828,848.4299125930722,12.5,177,5,0.4858757062146893
1.0,7,30.0,1,5.0,0.0,0.7,15445,93,0.0848818387827776,0.01171900291356426,0.9033991583036581,182,1.956989247311828,848.4299125930722,12.5,177,5,0.4858757062146893
1.0,7,30.0,1,5.0,0.0,0.8,15445,93,0.08378115895111686,0.010553577209452897,0.9056652638394302,182,1.956989247311828,848.4299125930722,12.5,177,5,0.4858757062146893
1.0,7,30.0,1,5.0,0.0,0.9,15445,93,0.08378115895111686,0.010553577209452897,0.9056652638394302,182,1.956989247311828,848.4299125930722,12.5,177,5,0.4858757062146893
1.0,7,30.0,1,5.0,0.0,1.0,15445,93,0.08261573324700551,0.010553577209452897,0.9068306895435416,182,1.956989247311828,848.4299125930722,12.5,177,5,0.4858757062146893
1.0,7,30.0,2,5.0,5.0,-4.0,15445,93,1.0,0.0,0.0,0,0.0,0.0,,0,0,
1.0,7,30.0,2,5.0,5.0,-3.9,15445,93,1.0,0.0,0.0,0,0.0,0.0,,0,0,
1.0,7,30.0,2,5.0,5.0,-3.8,15445,93,1.0,0.0,0.0,0,0.0,0.0,,0,0,
1.0,7,30.0,2,5.0,5.0,-3.7,15445,93,1.0,0.0,0.0,0,0.0,0.0,,0,0,
1.0,7,30.0,2,5.0,5.0,-3.6,15445,93,1.0,0.0,0.0,0,0.0,0.0,,0,0,
1.0,7,30.0,2,5.0,5.0,-3.5,15445,93,1.0,0.0,0.0,0,0.0,0.0,,0,0,
1.0,7,30.0,2,5.0,5.0,-3.4,15445,93,1.0,0.0,0.0,0,0.0,0.0,,0,0,
1.0,7,30.0,2,5.0,5.0,-3.3,15445,93,1.0,0.0,0.0,0,0.0,0.0,,0,0,
1.0,7,30.0,2,5.0,5.0,-3.2,15445,93,1.0,0.0,0.0,0,0.0,0.0,,0,0,
1.0,7,30.0,2,5.0,5.0,-3.1,15445,93,1.0,0.0,0.0,0,0.0,0.0,,0,0,
1.0,7,30.0,2,5.0,5.0,-3.0,15445,93,1.0,0.0,0.0,0,0.0,0.0,,0,0,
1.0,7,30.0,2,5.0,5.0,-2.9,15445,93,1.0,0.0,0.0,0,0.0,0.0,,0,0,
1.0,7,30.0,2,5.0,5.0,-2.8,15445,93,1.0,0.0,0.0,0,0.0,0.0,,0,0,
1.0,7,30.0,2,5.0,5.0,-2.7,15445,93,1.0,0.0,0.0,0,0.0,0.0,,0,0,
1.0,7,30.0,2,5.0,5.0,-2.6,15445,93,1.0,0.0,0.0,0,0.0,0.0,,0,0,
1.0,7,30.0,2,5.0,5.0,-2.5,15445,93,1.0,0.0,0.0,0,0.0,0.0,,0,0,
1.0,7,30.0,2,5.0,5.0,-2.4,15445,93,0.9997410165101974,0.0002589834898025251,0.0,2,0.021505376344086023,9.323405632890903,97.5,2,0,0.5
1.0,7,30.0,2,5.0,5.0,-2.3,15445,93,0.9991583036581418,0.0008416963418582065,0.0,6,0.06451612903225806,27.970216898672707,22.5,6,0,0.3333333333333333
1.0,7,30.0,2,5.0,5.0,-2.2,15445,93,0.8721916477824538,0.12780835221754613,0.0,287,3.086021505376344,1337.9087083198447,80.0,278,9,0.7194244604316546
1.0,7,30.0,2,5.0,5.0,-2.1,15445,93,0.8519909355778569,0.14768533505988993,0.0003237293622531564,302,3.247311827956989,1407.8342505665262,70.0,292,10,0.6883561643835616
1.0,7,30.0,2,5.0,5.0,-2.0,15445,93,0.6306895435415992,0.3191971511816122,0.0501133052767886,311,3.3440860215053765,1449.7895759145354,165.0,301,10,0.7043189368770764
1.0,7,30.0,2,5.0,5.0,-1.9,15445,93,0.6200064745872451,0.2769828423438006,0.10301068306895435,718,7.720430107526882,3347.102622207834,20.0,705,13,0.20709219858156028
1.0,7,30.0,2,5.0,5.0,-1.8,15445,93,0.5959210100356103,0.1153123988345743,0.28876659112981545,599,6.440860215053763,2792.3599870508256,60.0,523,76,0.25047801147227533
1.0,7,30.0,2,5.0,5.0,-1.7,15445,93,0.30819035286500485,0.3838135318873422,0.30799611524765297,1160,12.473118279569892,5407.575267076724,40.0,1074,86,0.2849162011173184
1.0,7,30.0,2,5.0,5.0,-1.6,15445,93,0.20848170929103269,0.47109096795079314,0.32042732275817415,619,6.655913978494624,2885.5940433797346,65.0,536,83,0.5746268656716418
1.0,7,30.0,2,5.0,5.0,-1.5,15445,93,0.20505017805114925,0.43988345742958884,0.3550663645192619,697,7.494623655913978,3249.2068630624794,60.0,615,82,0.5008130081300813
1.0,7,30.0,2,5.0,5.0,-1.4,15445,93,0.2010359339592101,0.40718679184202006,0.39177727419876984,485,5.21505376344086,2260.925865976044,60.0,407,78,0.7592137592137592
1.0,7,30.0,2,5.0,5.0,-1.3,15445,93,0.19417287147944318,0.30573000971188086,0.5000971188086759,800,8.602150537634408,3729.3622531563615,45.0,720,80,0.31666666666666665
1.0,7,30.0,2,5.0,5.0,-1.2,15445,93,0.18996438977015215,0.20485594043379735,0.6051796697960505,1158,12.451612903225806,5398.251861443833,20.0,1077,81,0.1309192200557103
1.0,7,30.0,2,5.0,5.0,-1.1,15445,93,0.18213013920362578,0.12852055681450308,0.6893493039818711,623,6.698924731182796,2904.2408546455167,40.0,544,79,0.38419117647058826
1.0,7,30.0,2,5.0,5.0,-1.0,15445,93,0.1745548721269019,0.1161540951764325,0.7092910326966656,736,7.913978494623656,3431.0132729038523,35.0,656,80,0.2225609756097561
1.0,7,30.0,2,5.0,5.0,-0.9,15445,93,0.16969893169310457,0.08060861120103593,0.7496924571058595,882,9.483870967741936,4111.6218841048885,25.0,802,80,0.20074812967581046
1.0,7,30.0,2,5.0,5.0,-0.8,15445,93,0.1627063774684364,0.04577533182259631,0.7915182907089673,668,7.182795698924731,3114.0174813855615,25.0,591,77,0.27580372250423013
1.0,7,30.0,2,5.0,5.0,-0.7,15445,93,0.15487212690191,0.04473939786338621,0.8003884752347038,614,6.602150537634409,2862.2855292975073,20.0,539,75,0.30241187384044527
1.0,7,30.0,2,5.0,5.0,-0.6,15445,93,0.12910326966655875,0.06429265134347685,0.8066040789899643,453,4.870967741935484,2111.75137584979,40.0,378,75,0.42857142857142855
1.0,7,30.0,2,5.0,5.0,-0.5,15445,93,0.12631919715118162,0.058595014567821305,0.8150857882809971,442,4.752688172043011,2060.4726448688893,35.0,367,75,0.44141689373297005
1.0,7,30.0,2,5.0,5.0,-0.4,15445,93,0.1244415668501133,0.051084493363548075,0.8244739397863386,445,4.78494623655914,2074.457753318226,30.0,371,74,0.4366576819407008
1.0,7,30.0,2,5.0,5.0,-0.3,15445,93,0.11453544836516671,0.05658789252185173,0.8288766591129816,520,5.591397849462366,2424.0854645516347,20.0,446,74,0.3632286995515695
1.0,7,30.0,2,5.0,5.0,-0.2,15445,93,0.09783101327290385,0.06014891550663645,0.8420200712204597,390,4.193548387096774,1818.064098413726,35.0,317,73,0.5141955835962145
1.0,7,30.0,2,5.0,5.0,-0.1,15445,93,0.09783101327290385,0.055681450307542894,0.8464875364195532,392,4.21505376344086,1827.387504046617,35.0,319,73,0.5109717868338558
1.0,7,30.0,2,5.0,5.0,0.0,15445,93,0.09685982518614439,0.04402719326642927,0.8591129815474263,356,3.827956989247312,1659.5662026545806,35.0,283,73,0.519434628975265
1.0,7,30.0,2,5.0,5.0,0.1,15445,93,0.09685982518614439,0.03522175461314341,0.8679184202007122,225,2.4193548387096775,1048.8831337002266,35.0,156,69,0.5448717948717948
1.0,7,30.0,2,5.0,5.0,0.2,15445,93,0.09550016186468113,0.027258012301715765,0.8772418258336031,290,3.118279569892473,1351.893816769181,20.0,222,68,0.38738738738738737
1.0,7,30.0,2,5.0,5.0,0.3,15445,93,0.09550016186468113,0.02648106183230819,0.8780187763030107,290,3.118279569892473,1351.893816769181,20.0,222,68,0.38738738738738737
1.0,7,30.0,2,5.0,5.0,0.4,15445,93,0.09206863062479767,0.02130139203625769,0.8866299773389447,305,3.2795698924731185,1421.8193590158626,15.0,238,67,0.36134453781512604
1.0,7,30.0,2,5.0,5.0,0.5,15445,93,0.09206863062479767,0.020524441566850113,0.8874069278083522,305,3.2795698924731185,1421.8193590158626,10.0,238,67,0.36134453781512604
1.0,7,30.0,2,5.0,5.0,0.6,15445,93,0.09083845904823568,0.01165425704111363,0.8975072839106507,181,1.946236559139785,843.7682097766267,10.0,176,5,0.48863636363636365
1.0,7,30.0,2,5.0,5.0,0.7,15445,93,0.09083845904823568,0.01165425704111363,0.8975072839106507,181,1.946236559139785,843.7682097766267,10.0,176,5,0.48863636363636365
1.0,7,30.0,2,5.0,5.0,0.8,15445,93,0.0909032049206863,0.009323405632890903,0.8997733894464228,163,1.7526881720430108,759.8575590806087,300.0,157,6,0.5414012738853503
1.0,7,30.0,2,5.0,5.0,0.9,15445,93,0.0909032049206863,0.009323405632890903,0.8997733894464228,163,1.7526881720430108,759.8575590806087,300.0,157,6,0.5414012738853503
1.0,7,30.0,2,5.0,5.0,1.0,15445,93,0.08973777921657494,0.009323405632890903,0.9009388151505342,163,1.7526881720430108,759.8575590806087,300.0,158,5,0.5443037974683544
1.0,7,30.0,3,5.0,10.0,-4.0,15445,93,1.0,0.0,0.0,0,0.0,0.0,,0,0,
1.0,7,30.0,3,5.0,10.0,-3.9,15445,93,1.0,0.0,0.0,0,0.0,0.0,,0,0,
1.0,7,30.0,3,5.0,10.0,-3.8,15445,93,1.0,0.0,0.0,0,0.0,0.0,,0,0,
1.0,7,30.0,3,5.0,10.0,-3.7,15445,93,1.0,0.0,0.0,0,0.0,0.0,,0,0,
1.0,7,30.0,3,5.0,10.0,-3.6,15445,93,1.0,0.0,0.0,0,0.0,0.0,,0,0,
1.0,7,30.0,3,5.0,10.0,-3.5,15445,93,1.0,0.0,0.0,0,0.0,0.0,,0,0,
1.0,7,30.0,3,5.0,10.0,-3.4,15445,93,1.0,0.0,0.0,0,0.0,0.0,,0,0,
1.0,7,30.0,3,5.0,10.0,-3.3,15445,93,1.0,0.0,0.0,0,0.0,0.0,,0,0,
1.0,7,30.0,3,5.0,10.0,-3.2,15445,93,1.0,0.0,0.0,0,0.0,0.0,,0,0,
1.0,7,30.0,3,5.0,10.0,-3.1,15445,93,1.0,0.0,0.0,0,0.0,0.0,,0,0,
1.0,7,30.0,3,5.0,10.0,-3.0,15445,93,1.0,0.0,0.0,0,0.0,0.0,,0,0,
1.0,7,30.0,3,5.0,10.0,-2.9,15445,93,1.0,0.0,0.0,0,0.0,0.0,,0,0,
1.0,7,30.0,3,5.0,10.0,-2.8,15445,93,1.0,0.0,0.0,0,0.0,0.0,,0,0,
1.0,7,30.0,3,5.0,10.0,-2.7,15445,93,1.0,0.0,0.0,0,0.0,0.0,,0,0,
1.0,7,30.0,3,5.0,10.0,-2.6,15445,93,1.0,0.0,0.0,0,0.0,0.0,,0,0,
1.0,7,30.0,3,5.0,10.0,-2.5,15445,93,1.0,0.0,0.0,0,0.0,0.0,,0,0,
1.0,7,30.0,3,5.0,10.0,-2.4,15445,93,0.9997410165101974,0.0002589834898025251,0.0,2,0.021505376344086023,9.323405632890903,95.0,2,0,0.5
1.0,7,30.0,3,5.0,10.0,-2.3,15445,93,0.9990288119132406,0.0009711880867594691,0.0,4,0.043010752688172046,18.646811265781807,110.0,4,0,0.5
1.0,7,30.0,3,5.0,10.0,-2.2,15445,93,0.8722563936549045,0.1277436063450955,0.0,281,3.021505376344086,1309.9384914211719,80.0,274,7,0.7335766423357665
1.0,7,30.0,3,5.0,10.0,-2.1,15445,93,0.8511492392359987,0.14852703140174814,0.0003237293622531564,283,3.043010752688172,1319.2618970540627,75.0,274,9,0.7372262773722628
1.0,7,30.0,3,5.0,10.0,-2.0,15445,93,0.6312075105212043,0.3181612172224021,0.050631272256393654,295,3.172043010752688,1375.202330851408,165.0,285,10,0.7368421052631579
1.0,7,30.0,3,5.0,10.0,-1.9,15445,93,0.6206539333117513,0.2676594367109097,0.11168662997733894,642,6.903225806451613,2992.81320815798,30.0,626,16,0.23003194888178913
1.0,7,30.0,3,5.0,10.0,-1.8,15445,93,0.6064098413726124,0.09517643250242797,0.29841372612495953,421,4.526881720430108,1962.576885723535,95.0,341,80,0.02932551319648094
1.0,7,30.0,3,5.0,10.0,-1.7,15445,93,0.2890903204920686,0.40343153123988346,0.3074781482680479,649,6.978494623655914,3025.445127873098,95.0,565,84,0.5982300884955752
1.0,7,30.0,3,5.0,10.0,-1.6,15445,93,0.2101003561022985,0.47005503399158305,0.31984460990611846,612,6.580645161290323,2852.9621236646162,65.0,530,82,0.5811320754716981
1.0,7,30.0,3,5.0,10.0,-1.5,15445,93,0.20666882486241503,0.4491421171900291,0.34418905794755583,609,6.548387096774194,2838.97701521528,60.0,527,82,0.5844402277039848
1.0,7,30.0,3,5.0,10.0,-1.4,15445,93,0.2029135642602784,0.4058271285205568,0.3912593072191648,480,5.161290322580645,2237.6173518938167,60.0,402,78,0.7611940298507462
1.0,7,30.0,3,5.0,10.0,-1.3,15445,93,0.2064098413726125,0.2855292975072839,0.5080608611201036,647,6.956989247311828,3016.121722240207,60.0,567,80,0.42328042328042326
1.0,7,30.0,3,5.0,10.0,-1.2,15445,93,0.21152476529621236,0.19598575590806086,0.5924894787957268,569,6.118279569892473,2652.508902557462,85.0,488,81,0.3155737704918033
1.0,7,30.0,3,5.0,10.0,-1.1,15445,93,0.20343153123988345,0.09996762706377468,0.6966008416963418,400,4.301075268817204,1864.6811265781807,115.0,319,81,0.6332288401253918
1.0,7,30.0,3,5.0,10.0,-1.0,15445,93,0.19559728067335708,0.08786014891550664,0.7165425704111363,441,4.741935483870968,2055.8109420524443,90.0,359,82,0.4568245125348189
1.0,7,30.0,3,5.0,10.0,-0.9,15445,93,0.19061184849465845,0.061184849465846555,0.748203302039495,486,5.225806451612903,2265.5875687924895,45.0,404,82,0.3465346534653465
1.0,7,30.0,3,5.0,10.0,-0.8,15445,93,0.18167691809647135,0.006150857882809971,0.8121722240207186,334,3.5913978494623655,1557.0087406927807,105.0,257,77,0.6147859922178989
1.0,7,30.0,3,5.0,10.0,-0.7,15445,93,0.17196503722887665,0.012495953382971835,0.8155390093881515,362,3.89247311827957,1687.5364195532534,35.0,285,77,0.5543859649122806
1.0,7,30.0,3,5.0,10.0,-0.6,15445,93,0.14030430560051796,0.048429912593072194,0.8112657818064098,331,3.5591397849462365,1543.0236322434444,125.0,255,76,0.6196078431372549
1.0,7,30.0,3,5.0,10.0,-0.5,15445,93,0.13745548721269019,0.04260278407251538,0.8199417287147944,318,3.4193548387096775,1482.4214956296537,185.0,242,76,0.6528925619834711
1.0,7,30.0,3,5.0,10.0,-0.4,15445,93,0.13544836516672062,0.03515700874069278,0.8293946260925866,320,3.4408602150537635,1491.7449012625445,180.0,245,75,0.6448979591836734
1.0,7,30.0,3,5.0,10.0,-0.3,15445,93,0.12949174490126256,0.03528650048559404,0.8352217546131434,382,4.10752688172043,1780.7704758821624,30.0,307,75,0.5146579804560261
1.0,7,30.0,3,5.0,10.0,-0.2,15445,93,0.11317578504370346,0.04655228229200389,0.8402719326642927,316,3.3978494623655915,1473.0980899967628,200.0,241,75,0.6556016597510373
1.0,7,30.0,3,5.0,10.0,-0.1,15445,93,0.11317578504370346,0.04208481709291033,0.8447393978633863,318,3.4193548387096775,1482.4214956296537,195.0,244,74,0.6557377049180327
1.0,7,30.0,3,5.0,10.0,0.0,15445,93,0.11194561346714146,0.02253156361281968,0.8655228229200388,157,1.6881720430107527,731.8873421819359,385.0,88,69,0.9772727272727273
1.0,7,30.0,3,5.0,10.0,0.1,15445,93,0.11194561346714146,0.021948850760764003,0.8661055357720945,153,1.6451612903225807,713.2405309161541,450.0,84,69,1.0
1.0,7,30.0,3,5.0,10.0,0.2,15445,93,0.11084493363548074,0.017675623179022337,0.871479443185497,176,1.89247311827957,820.4596956943996,82.5,108,68,0.7777777777777778
1.0,7,30.0,3,5.0,10.0,0.3,15445,93,0.11084493363548074,0.016898672709614763,0.8722563936549045,176,1.89247311827957,820.4596956943996,82.5,108,68,0.7777777777777778
1.0,7,30.0,3,5.0,10.0,0.4,15445,93,0.10961476205891875,0.004855940433797346,0.8855292975072839,141,1.5161290322580645,657.3000971188086,645.0,109,32,0.7706422018348624
1.0,7,30.0,3,5.0,10.0,0.5,15445,93,0.10961476205891875,0.0025250890255746196,0.8878601489155067,117,1.2580645161290323,545.4192295241178,880.0,97,20,0.865979381443299
1.0,7,30.0,3,5.0,10.0,0.6,15445,93,0.10838459048235675,0.0,0.8916154095176433,91,0.978494623655914,424.2149562965361,900.0,84,7,1.0
1.0,7,30.0,3,5.0,10.0,0.7,15445,93,0.10838459048235675,0.0,0.8916154095176433,91,0.978494623655914,424.2149562965361,900.0,84,7,1.0
1.0,7,30.0,3,5.0,10.0,0.8,15445,93,0.10611848494658466,0.0,0.8938815150534154,91,0.978494623655914,424.2149562965361,905.0,84,7,1.0
1.0,7,30.0,3,5.0,10.0,0.9,15445,93,0.10611848494658466,0.0,0.8938815150534154,91,0.978494623655914,424.2149562965361,905.0,84,7,1.0
1.0,7,30.0,3,5.0,10.0,1.0,15445,93,0.10495305924247329,0.0,0.8950469407575267,91,0.978494623655914,424.2149562965361,905.0,84,7,1.0
1.0,7,60.0,1,5.0,0.0,-4.0,15445,93,1.0,0.0,0.0,0,0.0,0.0,,0,0,
1.0,7,60.0,1,5.0,0.0,-3.9,15445,93,1.0,0.0,0.0,0,0.0,0.0,,0,0,
1.0,7,60.0,1,5.0,0.0,-3.8,15445,93,1.0,0.0,0.0,0,0.0,0.0,,0,0,
1.0,7,60.0,1,5.0,0.0,-3.7,15445,93,1.0,0.0,0.0,0,0.0,0.0,,0,0,
1.0,7,60.0,1,5.0,0.0,-3.6,15445,93,1.0,0.0,0.0,0,0.0,0.0,,0,0,
1.0,7,60.0,1,5.0,0.0,-3.5,15445,93,1.0,0.0,0.0,0,0.0,0.0,,0,0,
1.0,7,60.0,1,5.0,0.0,-3.4,15445,93,1.0,0.0,0.0,0,0.0,0.0,,0,0,
1.0,7,60.0,1,5.0,0.0,-3.3,15445,93,1.0,0.0,0.0,0,0.0,0.0,,0,0,
1.0,7,60.0,1,5.0,0.0,-3.2,15445,93,1.0,0.0,0.0,0,0.0,0.0,,0,0,
1.0,7,60.0,1,5.0,0.0,-3.1,15445,93,1.0,0.0,0.0,0,0.0,0.0,,0,0,
1.0,7,60.0,1,5.0,0.0,-3.0,15445,93,1.0,0.0,0.0,0,0.0,0.0,,0,0,
1.0,7,60.0,1,5.0,0.0,-2.9,15445,93,1.0,0.0,0.0,0,0.0,0.0,,0,0,
1.0,7,60.0,1,5.0,0.0,-2.8,15445,93,1.0,0.0,0.0,0,0.0,0.0,,0,0,
1.0,7,60.0,1,5.0,0.0,-2.7,15445,93,1.0,0.0,0.0,0,0.0,0.0,,0,0,
1.0,7,60.0,1,5.0,0.0,-2.6,15445,93,1.0,0.0,0.0,0,0.0,0.0,,0,0,
1.0,7,60.0,1,5.0,0.0,-2.5,15445,93,1.0,0.0,0.0,0,0.0,0.0,,0,0,
1.0,7,60.0,1,5.0,0.0,-2.4,15445,93,1.0,0.0,0.0,0,0.0,0.0,,0,0,
1.0,7,60.0,1,5.0,0.0,-2.3,15445,93,0.999482033020395,0.0005179669796050502,0.0,4,0.043010752688172046,18.646811265781807,100.0,4,0,0.5
1.0,7,60.0,1,5.0,0.0,-2.2,15445,93,0.927484622855293,0.07251537714470703,0.0,293,3.150537634408602,1365.8789252185175,60.0,287,6,0.4738675958188153
1.0,7,60.0,1,5.0,0.0,-2.1,15445,93,0.811589511168663,0.18841048883133701,0.0,409,4.397849462365591,1906.6364519261897,70.0,401,8,0.5112219451371571
1.0,7,60.0,1,5.0,0.0,-2.0,15445,93,0.6473292327614114,0.3288442861767562,0.023826481061832307,581,6.247311827956989,2708.4493363548077,25.0,571,10,0.36427320490367776
1.0,7,60.0,1,5.0,0.0,-1.9,15445,93,0.6040142440919392,0.31252832631919714,0.08345742958886371,741,7.967741935483871,3454.3217869860796,20.0,727,14,0.2902338376891334
1.0,7,60.0,1,5.0,0.0,-1.8,15445,93,0.5787633538361929,0.1643897701521528,0.25684687601165423,701,7.537634408602151,3267.8536743282616,55.0,633,68,0.15165876777251186
1.0,7,60.0,1,5.0,0.0,-1.7,15445,93,0.3709938491421172,0.3217869860796374,0.3072191647782454,1512,16.258064516129032,7048.494658465524,20.0,1427,85,0.11352487736510161
1.0,7,60.0,1,5.0,0.0,-1.6,15445,93,0.277436063450955,0.37306571706053737,0.3494982194885076,921,9.903225806451612,4293.428293946261,40.0,839,82,0.2943980929678188
1.0,7,60.0,1,5.0,0.0,-1.5,15445,93,0.2443509226286824,0.37196503722887664,0.3836840401424409,665,7.150537634408602,3100.0323729362253,70.0,585,80,0.5247863247863248
1.0,7,60.0,1,5.0,0.0,-1.4,15445,93,0.23308514082227258,0.3640660407898996,0.40284881838782777,479,5.150537634408602,2232.9556490773716,70.0,404,75,0.7599009900990099
1.0,7,60.0,1,5.0,0.0,-1.3,15445,93,0.19158303658141793,0.33480090644221433,0.47361605697636777,640,6.881720430107527,2983.489802525089,40.0,562,78,0.40213523131672596
1.0,7,60.0,1,5.0,0.0,-1.2,15445,93,0.16943994820330205,0.25309161540951763,0.5774684363871804,1152,12.387096774193548,5370.28164454516,25.0,1070,82,0.1308411214953271
1.0,7,60.0,1,5.0,0.0,-1.1,15445,93,0.16011654257041114,0.17695046940757528,0.6629329880220136,646,6.946236559139785,3011.460019423762,35.0,566,80,0.37279151943462896
1.0,7,60.0,1,5.0,0.0,-1.0,15445,93,0.14166396892198121,0.17792165749433472,0.6804143735836841,646,6.946236559139785,3011.460019423762,25.0,568,78,0.3926056338028169
1.0,7,60.0,1,5.0,0.0,-0.9,15445,93,0.13609582389122693,0.1345419229524118,0.7293622531563613,887,9.53763440860215,4134.930398187116,25.0,809,78,0.20148331273176762
1.0,7,60.0,1,5.0,0.0,-0.8,15445,93,0.12696665587568792,0.0910974425380382,0.7819359015862739,603,6.483870967741935,2811.0067983166073,20.0,527,76,0.3092979127134725
1.0,7,60.0,1,5.0,0.0,-0.7,15445,93,0.11725477500809324,0.08533505988993202,0.7974101651019747,475,5.10752688172043,2214.3088378115895,35.0,400,75,0.41
1.0,7,60.0,1,5.0,0.0,-0.6,15445,93,0.11466494011006799,0.07588216251213985,0.8094528973777921,473,5.086021505376344,2204.985432178699,30.0,398,75,0.4120603015075377
1.0,7,60.0,1,5.0,0.0,-0.5,15445,93,0.11026222078342506,0.06526383943023632,0.8244739397863386,472,5.075268817204301,2200.3237293622533,25.0,398,74,0.4120603015075377
1.0,7,60.0,1,5.0,0.0,-0.4,15445,93,0.10734865652314665,0.05296212366461638,0.839689219812237,473,5.086021505376344,2204.985432178699,20.0,400,73,0.4075
1.0,7,60.0,1,5.0,0.0,-0.3,15445,93,0.1024927160893493,0.040530916154095174,0.8569763677565555,252,2.7096774193548385,1174.749109744254,25.0,184,68,0.483695652173913
1.0,7,60.0,1,5.0,0.0,-0.2,15445,93,0.10139203625768857,0.03722887665911298,0.8613790870831984,248,2.6666666666666665,1156.102298478472,20.0,180,68,0.4888888888888889
1.0,7,60.0,1,5.0,0.0,-0.1,15445,93,0.10139203625768857,0.03690514729685983,0.8617028164454515,250,2.6881720430107525,1165.4257041113628,20.0,182,68,0.4835164835164835
1.0,7,60.0,1,5.0,0.0,0.0,15445,93,0.10016186468112658,0.025186144383295566,0.8746519909355779,246,2.6451612903225805,1146.7788928455811,15.0,178,68,0.4887640449438202
1.0,7,60.0,1,5.0,0.0,0.1,15445,93,0.10016186468112658,0.025121398510844932,0.8747167368080285,244,2.6236559139784945,1137.45548721269,15.0,176,68,0.48863636363636365
1.0,7,60.0,1,5.0,0.0,0.2,15445,93,0.09906118484946584,0.021042408546455164,0.879896406604079,218,2.3440860215053765,1016.2512139851084,15.0,176,42,0.48863636363636365
1.0,7,60.0,1,5.0,0.0,0.3,15445,93,0.09906118484946584,0.020200712204596957,0.8807381029459372,205,2.204301075268817,955.6490773713175,20.0,176,29,0.48863636363636365
1.0,7,60.0,1,5.0,0.0,0.4,15445,93,0.09660084169634185,0.020006474587245065,0.8833926837164131,181,1.946236559139785,843.7682097766267,20.0,176,5,0.48863636363636365
1.0,7,60.0,1,5.0,0.0,0.5,15445,93,0.09660084169634185,0.020006474587245065,0.8833926837164131,181,1.946236559139785,843.7682097766267,20.0,176,5,0.48863636363636365
1.0,7,60.0,1,5.0,0.0,0.6,15445,93,0.09550016186468113,0.020006474587245065,0.8844933635480738,181,1.946236559139785,843.7682097766267,20.0,176,5,0.48863636363636365
1.0,7,60.0,1,5.0,0.0,0.7,15445,93,0.09550016186468113,0.020006474587245065,0.8844933635480738,181,1.946236559139785,843.7682097766267,20.0,176,5,0.48863636363636365
1.0,7,60.0,1,5.0,0.0,0.8,15445,93,0.09433473616056977,0.01877630301068307,0.8868889608287471,181,1.946236559139785,843.7682097766267,20.0,176,5,0.48863636363636365
1.0,7,60.0,1,5.0,0.0,0.9,15445,93,0.09433473616056977,0.01877630301068307,0.8868889608287471,181,1.946236559139785,843.7682097766267,20.0,176,5,0.48863636363636365
1.0,7,60.0,1,5.0,0.0,1.0,15445,93,0.0931693104564584,0.018711557138232436,0.8881191324053092,181,1.946236559139785,843.7682097766267,20.0,176,5,0.48863636363636365
1.0,7,60.0,2,5.0,5.0,-4.0,15445,93,1.0,0.0,0.0,0,0.0,0.0,,0,0,
1.0,7,60.0,2,5.0,5.0,-3.9,15445,93,1.0,0.0,0.0,0,0.0,0.0,,0,0,
1.0,7,60.0,2,5.0,5.0,-3.8,15445,93,1.0,0.0,0.0,0,0.0,0.0,,0,0,
1.0,7,60.0,2,5.0,5.0,-3.7,15445,93,1.0,0.0,0.0,0,0.0,0.0,,0,0,
1.0,7,60.0,2,5.0,5.0,-3.6,15445,93,1.0,0.0,0.0,0,0.0,0.0,,0,0,
1.0,7,60.0,2,5.0,5.0,-3.5,15445,93,1.0,0.0,0.0,0,0.0,0.0,,0,0,
1.0,7,60.0,2,5.0,5.0,-3.4,15445,93,1.0,0.0,0.0,0,0.0,0.0,,0,0,
1.0,7,60.0,2,5.0,5.0,-3.3,15445,93,1.0,0.0,0.0,0,0.0,0.0,,0,0,
1.0,7,60.0,2,5.0,5.0,-3.2,15445,93,1.0,0.0,0.0,0,0.0,0.0,,0,0,
1.0,7,60.0,2,5.0,5.0,-3.1,15445,93,1.0,0.0,0.0,0,0.0,0.0,,0,0,
1.0,7,60.0,2,5.0,5.0,-3.0,15445,93,1.0,0.0,0.0,0,0.0,0.0,,0,0,
1.0,7,60.0,2,5.0,5.0,-2.9,15445,93,1.0,0.0,0.0,0,0.0,0.0,,0,0,
1.0,7,60.0,2,5.0,5.0,-2.8,15445,93,1.0,0.0,0.0,0,0.0,0.0,,0,0,
1.0,7,60.0,2,5.0,5.0,-2.7,15445,93,1.0,0.0,0.0,0,0.0,0.0,,0,0,
1.0,7,60.0,2,5.0,5.0,-2.6,15445,93,1.0,0.0,0.0,0,0.0,0.0,,0,0,
1.0,7,60.0,2,5.0,5.0,-2.5,15445,93,1.0,0.0,0.0,0,0.0,0.0,,0,0,
1.0,7,60.0,2,5.0,5.0,-2.4,15445,93,1.0,0.0,0.0,0,0.0,0.0,,0,0,
1.0,7,60.0,2,5.0,5.0,-2.3,15445,93,0.999482033020395,0.0005179669796050502,0.0,4,0.043010752688172046,18.646811265781807,97.5,4,0,0.5
1.0,7,60.0,2,5.0,5.0,-2.2,15445,93,0.927484622855293,0.07251537714470703,0.0,287,3.086021505376344,1337.9087083198447,60.0,280,7,0.4857142857142857
1.0,7,60.0,2,5.0,5.0,-2.1,15445,93,0.8084817092910327,0.1915182907089673,0.0,299,3.21505376344086,1393.84914211719,90.0,289,10,0.7058823529411765
1.0,7,60.0,2,5.0,5.0,-2.0,15445,93,0.6427322758174167,0.33350598899320166,0.023761735189381676,415,4.462365591397849,1934.6066688248623,75.0,405,10,0.5135802469135803
1.0,7,60.0,2,5.0,5.0,-1.9,15445,93,0.6046617028164455,0.30831984460990614,0.08701845257364843,615,6.612903225806452,2866.947232113953,40.0,601,14,0.35108153078202997
1.0,7,60.0,2,5.0,5.0,-1.8,15445,93,0.5795403043056006,0.1604402719326643,0.2600194237617352,576,6.193548387096774,2685.14082227258,50.0,499,77,0.28256513026052105
1.0,7,60.0,2,5.0,5.0,-1.7,15445,93,0.3681450307542894,0.32528326319197154,0.30657170605373907,1374,14.774193548387096,6405.17966979605,25.0,1288,86,0.1374223602484472
1.0,7,60.0,2,5.0,5.0,-1.6,15445,93,0.27652962123664615,0.3712528326319197,0.35221754613143413,738,7.935483870967742,3440.3366785367434,55.0,656,82,0.37652439024390244
1.0,7,60.0,2,5.0,5.0,-1.5,15445,93,0.24584007769504695,0.3695694399482033,0.38459048235674975,609,6.548387096774194,2838.97701521528,70.0,529,80,0.5803402646502835
1.0,7,60.0,2,5.0,5.0,-1.4,15445,93,0.23463904176108774,0.36341858206539335,0.4019423761735189,477,5.129032258064516,2223.6322434444805,70.0,401,76,0.7630922693266833
1.0,7,60.0,2,5.0,5.0,-1.3,15445,93,0.1932016833926837,0.334153447717708,0.47264486888960827,640,6.881720430107527,2983.489802525089,40.0,562,78,0.40213523131672596
1.0,7,60.0,2,5.0,5.0,-1.2,15445,93,0.17112334088701844,0.2527031401748139,0.5761735189381677,1146,12.32258064516129,5342.311427646488,25.0,1066,80,0.13133208255159476
1.0,7,60.0,2,5.0,5.0,-1.1,15445,93,0.1617351893816769,0.1766267400453221,0.661638070573001,641,6.89247311827957,2988.151505341534,30.0,563,78,0.37300177619893427
1.0,7,60.0,2,5.0,5.0,-1.0,15445,93,0.14341210747814828,0.17753318225963094,0.6790547102622208,643,6.913978494623656,2997.4749109744253,25.0,565,78,0.3911504424778761
1.0,7,60.0,2,5.0,5.0,-0.9,15445,93,0.13790870831984461,0.13421819359015863,0.7278730980899968,886,9.526881720430108,4130.26869537067,25.0,809,77,0.20148331273176762
1.0,7,60.0,2,5.0,5.0,-0.8,15445,93,0.12470055033991582,0.09498219488507607,0.7803172547750081,476,5.118279569892473,2218.970540628035,40.0,401,75,0.40648379052369077
1.0,7,60.0,2,5.0,5.0,-0.7,15445,93,0.11900291356426028,0.08520556814503076,0.7957915182907089,472,5.075268817204301,2200.3237293622533,35.0,397,75,0.4105793450881612
1.0,7,60.0,2,5.0,5.0,-0.6,15445,93,0.11647782453868566,0.07568792489478796,0.8078342505665264,471,5.064516129032258,2195.6620265458077,30.0,397,74,0.4105793450881612
1.0,7,60.0,2,5.0,5.0,-0.5,15445,93,0.11207510521204274,0.06513434768533506,0.8227905471026222,447,4.806451612903226,2083.781158951117,25.0,372,75,0.4381720430107527
1.0,7,60.0,2,5.0,5.0,-0.4,15445,93,0.10916154095176432,0.05289737779216575,0.8379410812560699,422,4.537634408602151,1967.2385885399806,20.0,349,73,0.4670487106017192
1.0,7,60.0,2,5.0,5.0,-0.3,15445,93,0.10838459048235675,0.036387180317254776,0.8552282292003884,252,2.7096774193548385,1174.749109744254,20.0,184,68,0.483695652173913
1.0,7,60.0,2,5.0,5.0,-0.2,15445,93,0.10728391065069602,0.03308514082227258,0.8596309485270314,248,2.6666666666666665,1156.102298478472,20.0,180,68,0.4888888888888889
1.0,7,60.0,2,5.0,5.0,-0.1,15445,93,0.10728391065069602,0.03269666558756879,0.8600194237617352,248,2.6666666666666665,1156.102298478472,20.0,180,68,0.4888888888888889
1.0,7,60.0,2,5.0,5.0,0.0,15445,93,0.10605373907413403,0.020977662674004534,0.8729685982518615,217,2.3333333333333335,1011.589511168663,15.0,176,41,0.48863636363636365
1.0,7,60.0,2,5.0,5.0,0.1,15445,93,0.10605373907413403,0.020977662674004534,0.8729685982518615,217,2.3333333333333335,1011.589511168663,15.0,176,41,0.48863636363636365
1.0,7,60.0,2,5.0,5.0,0.2,15445,93,0.10495305924247329,0.018582065393331175,0.8764648753641955,181,1.946236559139785,843.7682097766267,20.0,176,5,0.48863636363636365
1.0,7,60.0,2,5.0,5.0,0.3,15445,93,0.10495305924247329,0.018582065393331175,0.8764648753641955,181,1.946236559139785,843.7682097766267,20.0,176,5,0.48863636363636365
1.0,7,60.0,2,5.0,5.0,0.4,15445,93,0.1024927160893493,0.01994172871479443,0.8775655551958562,181,1.946236559139785,843.7682097766267,20.0,176,5,0.48863636363636365
1.0,7,60.0,2,5.0,5.0,0.5,15445,93,0.1024927160893493,0.01994172871479443,0.8775655551958562,181,1.946236559139785,843.7682097766267,20.0,176,5,0.48863636363636365
1.0,7,60.0,2,5.0,5.0,0.6,15445,93,0.10139203625768857,0.01994172871479443,0.878666235027517,181,1.946236559139785,843.7682097766267,20.0,176,5,0.48863636363636365
1.0,7,60.0,2,5.0,5.0,0.7,15445,93,0.10139203625768857,0.01994172871479443,0.878666235027517,181,1.946236559139785,843.7682097766267,20.0,176,5,0.48863636363636365
1.0,7,60.0,2,5.0,5.0,0.8,15445,93,0.1002266105535772,0.018711557138232436,0.8810618323081904,181,1.946236559139785,843.7682097766267,20.0,176,5,0.48863636363636365
1.0,7,60.0,2,5.0,5.0,0.9,15445,93,0.1002266105535772,0.018711557138232436,0.8810618323081904,181,1.946236559139785,843.7682097766267,20.0,176,5,0.48863636363636365
1.0,7,60.0,2,5.0,5.0,1.0,15445,93,0.09906118484946584,0.018646811265781806,0.8822920038847524,181,1.946236559139785,843.7682097766267,20.0,176,5,0.48863636363636365
1.0,7,60.0,3,5.0,10.0,-4.0,15445,93,1.0,0.0,0.0,0,0.0,0.0,,0,0,
1.0,7,60.0,3,5.0,10.0,-3.9,15445,93,1.0,0.0,0.0,0,0.0,0.0,,0,0,
1.0,7,60.0,3,5.0,10.0,-3.8,15445,93,1.0,0.0,0.0,0,0.0,0.0,,0,0,
1.0,7,60.0,3,5.0,10.0,-3.7,15445,93,1.0,0.0,0.0,0,0.0,0.0,,0,0,
1.0,7,60.0,3,5.0,10.0,-3.6,15445,93,1.0,0.0,0.0,0,0.0,0.0,,0,0,
1.0,7,60.0,3,5.0,10.0,-3.5,15445,93,1.0,0.0,0.0,0,0.0,0.0,,0,0,
1.0,7,60.0,3,5.0,10.0,-3.4,15445,93,1.0,0.0,0.0,0,0.0,0.0,,0,0,
1.0,7,60.0,3,5.0,10.0,-3.3,15445,93,1.0,0.0,0.0,0,0.0,0.0,,0,0,
1.0,7,60.0,3,5.0,10.0,-3.2,15445,93,1.0,0.0,0.0,0,0.0,0.0,,0,0,
1.0,7,60.0,3,5.0,10.0,-3.1,15445,93,1.0,0.0,0.0,0,0.0,0.0,,0,0,
1.0,7,60.0,3,5.0,10.0,-3.0,15445,93,1.0,0.0,0.0,0,0.0,0.0,,0,0,
1.0,7,60.0,3,5.0,10.0,-2.9,15445,93,1.0,0.0,0.0,0,0.0,0.0,,0,0,
1.0,7,60.0,3,5.0,10.0,-2.8,15445,93,1.0,0.0,0.0,0,0.0,0.0,,0,0,
1.0,7,60.0,3,5.0,10.0,-2.7,15445,93,1.0,0.0,0.0,0,0.0,0.0,,0,0,
1.0,7,60.0,3,5.0,10.0,-2.6,15445,93,1.0,0.0,0.0,0,0.0,0.0,,0,0,
1.0,7,60.0,3,5.0,10.0,-2.5,15445,93,1.0,0.0,0.0,0,0.0,0.0,,0,0,
1.0,7,60.0,3,5.0,10.0,-2.4,15445,93,1.0,0.0,0.0,0,0.0,0.0,,0,0,
1.0,7,60.0,3,5.0,10.0,-2.3,15445,93,0.999482033020395,0.0005179669796050502,0.0,4,0.043010752688172046,18.646811265781807,95.0,4,0,0.5
1.0,7,60.0,3,5.0,10.0,-2.2,15445,93,0.9274198769828423,0.07258012301715766,0.0,282,3.032258064516129,1314.6001942376172,60.0,276,6,0.4963768115942029
1.0,7,60.0,3,5.0,10.0,-2.1,15445,93,0.807898996438977,0.192101003561023,0.0,282,3.032258064516129,1314.6001942376172,90.0,272,10,0.75
1.0,7,60.0,3,5.0,10.0,-2.0,15445,93,0.6361281968274523,0.3400453221107154,0.023826481061832307,299,3.21505376344086,1393.84914211719,140.0,290,9,0.7206896551724138
1.0,7,60.0,3,5.0,10.0,-1.9,15445,93,0.6051149239235999,0.30573000971188086,0.08915506636451927,576,6.193548387096774,2685.14082227258,52.5,563,13,0.3747779751332149
1.0,7,60.0,3,5.0,10.0,-1.8,15445,93,0.5801230171576562,0.16031078018776304,0.25956620265458075,566,6.086021505376344,2638.5237941081255,55.0,489,77,0.29243353783231085
1.0,7,60.0,3,5.0,10.0,-1.7,15445,93,0.33512463580446744,0.3588863709938491,0.3059889932016834,839,9.021505376344086,3911.1686629977335,55.0,755,84,0.447682119205298
1.0,7,60.0,3,5.0,10.0,-1.6,15445,93,0.26986079637423116,0.37856911621884104,0.3515700874069278,610,6.559139784946237,2843.638718031725,90.0,527,83,0.5825426944971537
1.0,7,60.0,3,5.0,10.0,-1.5,15445,93,0.2473939786338621,0.35992230495305927,0.39268371641307864,471,5.064516129032258,2195.6620265458077,70.0,393,78,0.7760814249363868
1.0,7,60.0,3,5.0,10.0,-1.4,15445,93,0.23619294269990287,0.36270637746843637,0.40110067983166076,476,5.118279569892473,2218.970540628035,70.0,400,76,0.7625
1.0,7,60.0,3,5.0,10.0,-1.3,15445,93,0.1948203302039495,0.33350598899320166,0.4716736808028488,639,6.870967741935484,2978.8280997086435,40.0,562,77,0.40213523131672596
1.0,7,60.0,3,5.0,10.0,-1.2,15445,93,0.17280673357073487,0.2606668824862415,0.5665263839430237,806,8.666666666666666,3757.3324700550343,35.0,727,79,0.19257221458046767
1.0,7,60.0,3,5.0,10.0,-1.1,15445,93,0.1635480738102946,0.17617351893816768,0.6602784072515377,634,6.817204301075269,2955.5195856264163,30.0,556,78,0.3776978417266187
1.0,7,60.0,3,5.0,10.0,-1.0,15445,93,0.14295888637099385,0.17941081256069927,0.6776303010683069,603,6.483870967741935,2811.0067983166073,30.0,525,78,0.42095238095238097
1.0,7,60.0,3,5.0,10.0,-0.9,15445,93,0.1312398834574296,0.14703787633538362,0.7217222402071868,628,6.752688172043011,2927.5493687277435,35.0,550,78,0.2927272727272727
1.0,7,60.0,3,5.0,10.0,-0.8,15445,93,0.12644868889608288,0.09485270314017481,0.7786986079637424,472,5.075268817204301,2200.3237293622533,40.0,397,75,0.4080604534005038
1.0,7,60.0,3,5.0,10.0,-0.7,15445,93,0.12088054386532858,0.08494658465522822,0.7941728714794432,469,5.043010752688172,2186.3386209129167,35.0,395,74,0.41012658227848103
1.0,7,60.0,3,5.0,10.0,-0.6,15445,93,0.11835545483975396,0.07549368727743606,0.8061508578828099,430,4.623655913978495,2004.5322110715442,30.0,357,73,0.453781512605042
1.0,7,60.0,3,5.0,10.0,-0.5,15445,93,0.11550663645192619,0.06338620912916802,0.8211071544189058,407,4.376344086021505,1897.3130462932986,25.0,334,73,0.4880239520958084
1.0,7,60.0,3,5.0,10.0,-0.4,15445,93,0.11427646487536419,0.04940110067983166,0.8363224344448041,407,4.376344086021505,1897.3130462932986,20.0,334,73,0.48502994011976047
1.0,7,60.0,3,5.0,10.0,-0.3,15445,93,0.11427646487536419,0.03211395273551311,0.8536095823891227,249,2.6774193548387095,1160.7640012949175,15.0,181,68,0.4861878453038674
1.0,7,60.0,3,5.0,10.0,-0.2,15445,93,0.11330527678860472,0.028811913240530916,0.8578828099708644,245,2.6344086021505375,1142.1171900291356,15.0,178,67,0.4887640449438202
1.0,7,60.0,3,5.0,10.0,-0.1,15445,93,0.11330527678860472,0.02861767562317902,0.8580770475882162,245,2.6344086021505375,1142.1171900291356,15.0,178,67,0.4887640449438202
1.0,7,60.0,3,5.0,10.0,0.0,15445,93,0.11207510521204274,0.018452573648429914,0.8694723211395273,179,1.924731182795699,834.4448041437358,20.0,174,5,0.4885057471264368
1.0,7,60.0,3,5.0,10.0,0.1,15445,93,0.11207510521204274,0.018452573648429914,0.8694723211395273,179,1.924731182795699,834.4448041437358,20.0,174,5,0.4885057471264368
1.0,7,60.0,3,5.0,10.0,0.2,15445,93,0.110974425380382,0.01838782777597928,0.8706377468436387,179,1.924731182795699,834.4448041437358,20.0,174,5,0.4885057471264368
1.0,7,60.0,3,5.0,10.0,0.3,15445,93,0.110974425380382,0.01838782777597928,0.8706377468436387,179,1.924731182795699,834.4448041437358,20.0,174,5,0.4885057471264368
1.0,7,60.0,3,5.0,10.0,0.4,15445,93,0.10838459048235675,0.0198769828423438,0.8717384266752994,181,1.946236559139785,843.7682097766267,20.0,175,6,0.4857142857142857
1.0,7,60.0,3,5.0,10.0,0.5,15445,93,0.10838459048235675,0.0198769828423438,0.8717384266752994,181,1.946236559139785,843.7682097766267,20.0,175,6,0.4857142857142857
1.0,7,60.0,3,5.0,10.0,0.6,15445,93,0.10728391065069602,0.0198769828423438,0.8728391065069602,181,1.946236559139785,843.7682097766267,20.0,176,5,0.48863636363636365
1.0,7,60.0,3,5.0,10.0,0.7,15445,93,0.10728391065069602,0.0198769828423438,0.8728391065069602,181,1.946236559139785,843.7682097766267,20.0,176,5,0.48863636363636365
1.0,7,60.0,3,5.0,10.0,0.8,15445,93,0.10624797669148592,0.018517319520880544,0.8752347037876336,180,1.935483870967742,839.1065069601813,20.0,175,5,0.49142857142857144
1.0,7,60.0,3,5.0,10.0,0.9,15445,93,0.10624797669148592,0.018517319520880544,0.8752347037876336,180,1.935483870967742,839.1065069601813,20.0,175,5,0.49142857142857144
1.0,7,60.0,3,5.0,10.0,1.0,15445,93,0.10508255098737455,0.018452573648429914,0.8764648753641955,180,1.935483870967742,839.1065069601813,22.5,175,5,0.49142857142857144
1.0,7,120.0,1,5.0,0.0,-4.0,15445,93,1.0,0.0,0.0,0,0.0,0.0,,0,0,
1.0,7,120.0,1,5.0,0.0,-3.9,15445,93,1.0,0.0,0.0,0,0.0,0.0,,0,0,
1.0,7,120.0,1,5.0,0.0,-3.8,15445,93,1.0,0.0,0.0,0,0.0,0.0,,0,0,
1.0,7,120.0,1,5.0,0.0,-3.7,15445,93,1.0,0.0,0.0,0,0.0,0.0,,0,0,
1.0,7,120.0,1,5.0,0.0,-3.6,15445,93,1.0,0.0,0.0,0,0.0,0.0,,0,0,
1.0,7,120.0,1,5.0,0.0,-3.5,15445,93,1.0,0.0,0.0,0,0.0,0.0,,0,0,
1.0,7,120.0,1,5.0,0.0,-3.4,15445,93,1.0,0.0,0.0,0,0.0,0.0,,0,0,
1.0,7,120.0,1,5.0,0.0,-3.3,15445,93,1.0,0.0,0.0,0,0.0,0.0,,0,0,
1.0,7,120.0,1,5.0,0.0,-3.2,15445,93,1.0,0.0,0.0,0,0.0,0.0,,0,0,
1.0,7,120.0,1,5.0,0.0,-3.1,15445,93,1.0,0.0,0.0,0,0.0,0.0,,0,0,
1.0,7,120.0,1,5.0,0.0,-3.0,15445,93,1.0,0.0,0.0,0,0.0,0.0,,0,0,
1.0,7,120.0,1,5.0,0.0,-2.9,15445,93,1.0,0.0,0.0,0,0.0,0.0,,0,0,
1.0,7,120.0,1,5.0,0.0,-2.8,15445,93,1.0,0.0,0.0,0,0.0,0.0,,0,0,
1.0,7,120.0,1,5.0,0.0,-2.7,15445,93,1.0,0.0,0.0,0,0.0,0.0,,0,0,
1.0,7,120.0,1,5.0,0.0,-2.6,15445,93,1.0,0.0,0.0,0,0.0,0.0,,0,0,
1.0,7,120.0,1,5.0,0.0,-2.5,15445,93,1.0,0.0,0.0,0,0.0,0.0,,0,0,
1.0,7,120.0,1,5.0,0.0,-2.4,15445,93,1.0,0.0,0.0,0,0.0,0.0,,0,0,
1.0,7,120.0,1,5.0,0.0,-2.3,15445,93,1.0,0.0,0.0,0,0.0,0.0,,0,0,
1.0,7,120.0,1,5.0,0.0,-2.2,15445,93,0.9654904499838135,0.03450955001618647,0.0,282,3.032258064516129,1314.6001942376172,20.0,279,3,0.23655913978494625
1.0,7,120.0,1,5.0,0.0,-2.1,15445,93,0.7853674328261573,0.21463256717384266,0.0,516,5.548387096774194,2405.438653285853,25.0,507,9,0.39447731755424065
1.0,7,120.0,1,5.0,0.0,-2.0,15445,93,0.6428617675623179,0.35681450307542895,0.0003237293622531564,152,1.6344086021505377,708.5788280997086,120.0,147,5,0.9523809523809523
1.0,7,120.0,1,5.0,0.0,-1.9,15445,93,0.5878277759792814,0.36283586921333766,0.04933635480738103,671,7.21505376344086,3128.002589834898,20.0,658,13,0.3161094224924012
1.0,7,120.0,1,5.0,0.0,-1.8,15445,93,0.5728067335707349,0.2099708643573972,0.2172224020718679,723,7.774193548387097,3370.4111362900617,25.0,706,17,0.19405099150141644
1.0,7,120.0,1,5.0,0.0,-1.7,15445,93,0.4262868242149563,0.247588216251214,0.3261249595338297,1127,12.118279569892474,5253.739074134024,25.0,1045,82,0.17511961722488037
1.0,7,120.0,1,5.0,0.0,-1.6,15445,93,0.3376497248300421,0.2848818387827776,0.3774684363871803,590,6.344086021505376,2750.404661702816,75.0,514,76,0.4688715953307393
1.0,7,120.0,1,5.0,0.0,-1.5,15445,93,0.28028488183878275,0.32230495305924245,0.39741016510197474,623,6.698924731182796,2904.2408546455167,50.0,548,75,0.41058394160583944
1.0,7,120.0,1,5.0,0.0,-1.4,15445,93,0.2074457753318226,0.37792165749433476,0.41463256717384267,623,6.698924731182796,2904.2408546455167,25.0,549,74,0.29690346083788705
1.0,7,120.0,1,5.0,0.0,-1.3,15445,93,0.1809647134995144,0.3724182583360311,0.44661702816445453,307,3.3010752688172045,1431.1427646487537,210.0,235,72,0.6893617021276596
1.0,7,120.0,1,5.0,0.0,-1.2,15445,93,0.15461314341210747,0.27711233408870184,0.5682745224991906,642,6.903225806451613,2992.81320815798,65.0,564,78,0.274822695035461
1.0,7,120.0,1,5.0,0.0,-1.1,15445,93,0.14651990935577858,0.21392036257688574,0.6395597280673357,473,5.086021505376344,2204.985432178699,80.0,394,79,0.4010152284263959
1.0,7,120.0,1,5.0,0.0,-1.0,15445,93,0.13661379087083197,0.15700874069278084,0.7063774684363872,628,6.752688172043011,2927.5493687277435,50.0,551,77,0.29038112522686027
1.0,7,120.0,1,5.0,0.0,-0.9,15445,93,0.12036257688572354,0.11842020071220459,0.7612172224020719,409,4.397849462365591,1906.6364519261897,55.0,335,74,0.48059701492537316
1.0,7,120.0,1,5.0,0.0,-0.8,15445,93,0.12016833926837164,0.09498219488507607,0.7848494658465522,251,2.6989247311827955,1170.0874069278084,50.0,181,70,0.48066298342541436
1.0,7,120.0,1,5.0,0.0,-0.7,15445,93,0.11790223373259955,0.07458724506312722,0.8075105212042732,249,2.6774193548387095,1160.7640012949175,45.0,181,68,0.48066298342541436
1.0,7,120.0,1,5.0,0.0,-0.6,15445,93,0.11790223373259955,0.06539333117513758,0.8167044350922629,246,2.6451612903225805,1146.7788928455811,40.0,180,66,0.48333333333333334
1.0,7,120.0,1,5.0,0.0,-0.5,15445,93,0.11570087406927808,0.0513434768533506,0.8329556490773713,243,2.6129032258064515,1132.7937843962447,40.0,178,65,0.4887640449438202
1.0,7,120.0,1,5.0,0.0,-0.4,15445,93,0.11453544836516671,0.04260278407251538,0.8428617675623179,183,1.967741935483871,853.0916154095177,40.0,178,5,0.4887640449438202
1.0,7,120.0,1,5.0,0.0,-0.3,15445,93,0.11453544836516671,0.04001294917449013,0.8454516024603431,179,1.924731182795699,834.4448041437358,35.0,174,5,0.4885057471264368
1.0,7,120.0,1,5.0,0.0,-0.2,15445,93,0.11213985108449337,0.037941081256069924,0.8499190676594367,179,1.924731182795699,834.4448041437358,35.0,174,5,0.4885057471264368
1.0,7,120.0,1,5.0,0.0,-0.1,15445,93,0.11213985108449337,0.03567497572029783,0.8521851731952088,179,1.924731182795699,834.4448041437358,35.0,174,5,0.4885057471264368
1.0,7,120.0,1,5.0,0.0,0.0,15445,93,0.110974425380382,0.03114276464875364,0.8578828099708644,180,1.935483870967742,839.1065069601813,30.0,175,5,0.4857142857142857
1.0,7,120.0,1,5.0,0.0,0.1,15445,93,0.110974425380382,0.03114276464875364,0.8578828099708644,180,1.935483870967742,839.1065069601813,30.0,175,5,0.4857142857142857
1.0,7,120.0,1,5.0,0.0,0.2,15445,93,0.10864357397215928,0.03224344448041437,0.8591129815474263,181,1.946236559139785,843.7682097766267,30.0,175,6,0.4857142857142857
1.0,7,120.0,1,5.0,0.0,0.3,15445,93,0.10864357397215928,0.03224344448041437,0.8591129815474263,181,1.946236559139785,843.7682097766267,30.0,175,6,0.4857142857142857
1.0,7,120.0,1,5.0,0.0,0.4,15445,93,0.10754289414049854,0.03107801877630301,0.8613790870831984,181,1.946236559139785,843.7682097766267,30.0,175,6,0.4857142857142857
1.0,7,120.0,1,5.0,0.0,0.5,15445,93,0.10754289414049854,0.03107801877630301,0.8613790870831984,181,1.946236559139785,843.7682097766267,30.0,175,6,0.4857142857142857
1.0,7,120.0,1,5.0,0.0,0.6,15445,93,0.10521204273227582,0.03114276464875364,0.8636451926189705,181,1.946236559139785,843.7682097766267,30.0,175,6,0.4857142857142857
1.0,7,120.0,1,5.0,0.0,0.7,15445,93,0.10521204273227582,0.03114276464875364,0.8636451926189705,181,1.946236559139785,843.7682097766267,30.0,175,6,0.4857142857142857
1.0,7,120.0,1,5.0,0.0,0.8,15445,93,0.10281644545160246,0.031272256393654906,0.8659112981547427,181,1.946236559139785,843.7682097766267,30.0,175,6,0.4857142857142857
1.0,7,120.0,1,5.0,0.0,0.9,15445,93,0.10281644545160246,0.031272256393654906,0.8659112981547427,181,1.946236559139785,843.7682097766267,30.0,175,6,0.4857142857142857
1.0,7,120.0,1,5.0,0.0,1.0,15445,93,0.10048559404337973,0.031272256393654906,0.8682421495629654,181,1.946236559139785,843.7682097766267,30.0,175,6,0.4857142857142857
1.0,7,120.0,2,5.0,5.0,-4.0,15445,93,1.0,0.0,0.0,0,0.0,0.0,,0,0,
1.0,7,120.0,2,5.0,5.0,-3.9,15445,93,1.0,0.0,0.0,0,0.0,0.0,,0,0,
1.0,7,120.0,2,5.0,5.0,-3.8,15445,93,1.0,0.0,0.0,0,0.0,0.0,,0,0,
1.0,7,120.0,2,5.0,5.0,-3.7,15445,93,1.0,0.0,0.0,0,0.0,0.0,,0,0,
1.0,7,120.0,2,5.0,5.0,-3.6,15445,93,1.0,0.0,0.0,0,0.0,0.0,,0,0,
1.0,7,120.0,2,5.0,5.0,-3.5,15445,93,1.0,0.0,0.0,0,0.0,0.0,,0,0,
1.0,7,120.0,2,5.0,5.0,-3.4,15445,93,1.0,0.0,0.0,0,0.0,0.0,,0,0,
1.0,7,120.0,2,5.0,5.0,-3.3,15445,93,1.0,0.0,0.0,0,0.0,0.0,,0,0,
1.0,7,120.0,2,5.0,5.0,-3.2,15445,93,1.0,0.0,0.0,0,0.0,0.0,,0,0,
1.0,7,120.0,2,5.0,5.0,-3.1,15445,93,1.0,0.0,0.0,0,0.0,0.0,,0,0,
1.0,7,120.0,2,5.0,5.0,-3.0,15445,93,1.0,0.0,0.0,0,0.0,0.0,,0,0,
1.0,7,120.0,2,5.0,5.0,-2.9,15445,93,1.0,0.0,0.0,0,0.0,0.0,,0,0,
1.0,7,120.0,2,5.0,5.0,-2.8,15445,93,1.0,0.0,0.0,0,0.0,0.0,,0,0,
1.0,7,120.0,2,5.0,5.0,-2.7,15445,93,1.0,0.0,0.0,0,0.0,0.0,,0,0,
1.0,7,120.0,2,5.0,5.0,-2.6,15445,93,1.0,0.0,0.0,0,0.0,0.0,,0,0,
1.0,7,120.0,2,5.0,5.0,-2.5,15445,93,1.0,0.0,0.0,0,0.0,0.0,,0,0,
1.0,7,120.0,2,5.0,5.0,-2.4,15445,93,1.0,0.0,0.0,0,0.0,0.0,,0,0,
1.0,7,120.0,2,5.0,5.0,-2.3,15445,93,1.0,0.0,0.0,0,0.0,0.0,,0,0,
1.0,7,120.0,2,5.0,5.0,-2.2,15445,93,0.9656199417287148,0.03438005827128521,0.0,282,3.032258064516129,1314.6001942376172,20.0,278,4,0.23381294964028776
1.0,7,120.0,2,5.0,5.0,-2.1,15445,93,0.7778569116218841,0.2221430883781159,0.0,268,2.881720430107527,1249.3363548073812,115.0,261,7,0.7164750957854407
1.0,7,120.0,2,5.0,5.0,-2.0,15445,93,0.6435092262868242,0.3561670443509226,0.0003237293622531564,148,1.5913978494623655,689.9320168339268,127.5,143,5,0.972027972027972
1.0,7,120.0,2,5.0,5.0,-1.9,15445,93,0.5862091291680155,0.36458400776950467,0.04920686306247977,591,6.354838709677419,2755.0663645192617,20.0,579,12,0.3592400690846287
1.0,7,120.0,2,5.0,5.0,-1.8,15445,93,0.5736484299125931,0.20964713499514406,0.21670443509226286,714,7.67741935483871,3328.4558109420523,32.5,696,18,0.1968390804597701
1.0,7,120.0,2,5.0,5.0,-1.7,15445,93,0.42356749757202977,0.2509550016186468,0.3254775008093234,1001,10.763440860215054,4666.364519261897,25.0,918,83,0.21241830065359477
1.0,7,120.0,2,5.0,5.0,-1.6,15445,93,0.33900938815150533,0.2843638718031726,0.3766267400453221,589,6.333333333333333,2745.742958886371,75.0,512,77,0.46875
1.0,7,120.0,2,5.0,5.0,-1.5,15445,93,0.2838459048235675,0.3196503722887666,0.3965037228876659,495,5.32258064516129,2307.5428941404984,70.0,420,75,0.5357142857142857
1.0,7,120.0,2,5.0,5.0,-1.4,15445,93,0.20608611201035934,0.3801877630301068,0.4137261249595338,525,5.645161290322581,2447.393978633862,30.0,451,74,0.3614190687361419
1.0,7,120.0,2,5.0,5.0,-1.3,15445,93,0.18271285205568144,0.3716413078666235,0.44564584007769503,305,3.2795698924731185,1421.8193590158626,205.0,233,72,0.6952789699570815
1.0,7,120.0,2,5.0,5.0,-1.2,15445,93,0.15642602784072515,0.27652962123664615,0.5670443509226287,639,6.870967741935484,2978.8280997086435,65.0,560,79,0.2767857142857143
1.0,7,120.0,2,5.0,5.0,-1.1,15445,93,0.14833279378439623,0.21340239559728066,0.6382648106183231,471,5.064516129032258,2195.6620265458077,80.0,392,79,0.40561224489795916
1.0,7,120.0,2,5.0,5.0,-1.0,15445,93,0.1384914211719003,0.1544836516672062,0.7070249271608935,561,6.032258064516129,2615.2152800258987,50.0,485,76,0.32989690721649484
1.0,7,120.0,2,5.0,5.0,-0.9,15445,93,0.1260602136613791,0.11434121074781482,0.7595985755908061,404,4.344086021505376,1883.3279378439627,55.0,329,75,0.48936170212765956
1.0,7,120.0,2,5.0,5.0,-0.8,15445,93,0.12599546778892845,0.09083845904823568,0.7831660731628358,249,2.6774193548387095,1160.7640012949175,50.0,179,70,0.4860335195530726
1.0,7,120.0,2,5.0,5.0,-0.7,15445,93,0.12372936225315637,0.07044350922628682,0.8058271285205568,247,2.6559139784946235,1151.4405956620265,45.0,179,68,0.4860335195530726
1.0,7,120.0,2,5.0,5.0,-0.6,15445,93,0.12372936225315637,0.061314341210747816,0.8149562965360958,244,2.6236559139784945,1137.45548721269,40.0,177,67,0.4858757062146893
1.0,7,120.0,2,5.0,5.0,-0.5,15445,93,0.1215280025898349,0.04739397863386209,0.831078018776303,231,2.4838709677419355,1076.8533505988992,40.0,177,54,0.4858757062146893
1.0,7,120.0,2,5.0,5.0,-0.4,15445,93,0.12036257688572354,0.04253803820006474,0.8370993849142118,183,1.967741935483871,853.0916154095177,40.0,178,5,0.4887640449438202
1.0,7,120.0,2,5.0,5.0,-0.3,15445,93,0.12036257688572354,0.03994820330203949,0.839689219812237,179,1.924731182795699,834.4448041437358,35.0,174,5,0.4885057471264368
1.0,7,120.0,2,5.0,5.0,-0.2,15445,93,0.11796697960505018,0.03787633538361929,0.8441566850113306,179,1.924731182795699,834.4448041437358,35.0,174,5,0.4885057471264368
1.0,7,120.0,2,5.0,5.0,-0.1,15445,93,0.11796697960505018,0.0356102298478472,0.8464227905471027,179,1.924731182795699,834.4448041437358,35.0,174,5,0.4885057471264368
1.0,7,120.0,2,5.0,5.0,0.0,15445,93,0.11680155390093881,0.03114276464875364,0.8520556814503075,179,1.924731182795699,834.4448041437358,30.0,174,5,0.4885057471264368
1.0,7,120.0,2,5.0,5.0,0.1,15445,93,0.11680155390093881,0.03114276464875364,0.8520556814503075,179,1.924731182795699,834.4448041437358,30.0,174,5,0.4885057471264368
1.0,7,120.0,2,5.0,5.0,0.2,15445,93,0.11453544836516671,0.03217869860796374,0.8532858530268695,180,1.935483870967742,839.1065069601813,30.0,175,5,0.4857142857142857
1.0,7,120.0,2,5.0,5.0,0.3,15445,93,0.11453544836516671,0.03217869860796374,0.8532858530268695,180,1.935483870967742,839.1065069601813,30.0,175,5,0.4857142857142857
1.0,7,120.0,2,5.0,5.0,0.4,15445,93,0.113434768533506,0.03101327290385238,0.8555519585626417,180,1.935483870967742,839.1065069601813,30.0,175,5,0.4857142857142857
1.0,7,120.0,2,5.0,5.0,0.5,15445,93,0.113434768533506,0.03101327290385238,0.8555519585626417,180,1.935483870967742,839.1065069601813,30.0,175,5,0.4857142857142857
1.0,7,120.0,2,5.0,5.0,0.6,15445,93,0.11110391712528327,0.03107801877630301,0.8578180640984138,180,1.935483870967742,839.1065069601813,30.0,175,5,0.4857142857142857
1.0,7,120.0,2,5.0,5.0,0.7,15445,93,0.11110391712528327,0.03107801877630301,0.8578180640984138,180,1.935483870967742,839.1065069601813,30.0,175,5,0.4857142857142857
1.0,7,120.0,2,5.0,5.0,0.8,15445,93,0.10870831984460991,0.03120751052120427,0.8600841696341858,181,1.946236559139785,843.7682097766267,30.0,175,6,0.4857142857142857
1.0,7,120.0,2,5.0,5.0,0.9,15445,93,0.10870831984460991,0.03120751052120427,0.8600841696341858,181,1.946236559139785,843.7682097766267,30.0,175,6,0.4857142857142857
1.0,7,120.0,2,5.0,5.0,1.0,15445,93,0.10637746843638718,0.03120751052120427,0.8624150210424085,181,1.946236559139785,843.7682097766267,30.0,175,6,0.4857142857142857
1.0,7,120.0,3,5.0,10.0,-4.0,15445,93,1.0,0.0,0.0,0,0.0,0.0,,0,0,
1.0,7,120.0,3,5.0,10.0,-3.9,15445,93,1.0,0.0,0.0,0,0.0,0.0,,0,0,
1.0,7,120.0,3,5.0,10.0,-3.8,15445,93,1.0,0.0,0.0,0,0.0,0.0,,0,0,
1.0,7,120.0,3,5.0,10.0,-3.7,15445,93,1.0,0.0,0.0,0,0.0,0.0,,0,0,
1.0,7,120.0,3,5.0,10.0,-3.6,15445,93,1.0,0.0,0.0,0,0.0,0.0,,0,0,
1.0,7,120.0,3,5.0,10.0,-3.5,15445,93,1.0,0.0,0.0,0,0.0,0.0,,0,0,
1.0,7,120.0,3,5.0,10.0,-3.4,15445,93,1.0,0.0,0.0,0,0.0,0.0,,0,0,
1.0,7,120.0,3,5.0,10.0,-3.3,15445,93,1.0,0.0,0.0,0,0.0,0.0,,0,0,
1.0,7,120.0,3,5.0,10.0,-3.2,15445,93,1.0,0.0,0.0,0,0.0,0.0,,0,0,
1.0,7,120.0,3,5.0,10.0,-3.1,15445,93,1.0,0.0,0.0,0,0.0,0.0,,0,0,
1.0,7,120.0,3,5.0,10.0,-3.0,15445,93,1.0,0.0,0.0,0,0.0,0.0,,0,0,
1.0,7,120.0,3,5.0,10.0,-2.9,15445,93,1.0,0.0,0.0,0,0.0,0.0,,0,0,
1.0,7,120.0,3,5.0,10.0,-2.8,15445,93,1.0,0.0,0.0,0,0.0,0.0,,0,0,
1.0,7,120.0,3,5.0,10.0,-2.7,15445,93,1.0,0.0,0.0,0,0.0,0.0,,0,0,
1.0,7,120.0,3,5.0,10.0,-2.6,15445,93,1.0,0.0,0.0,0,0.0,0.0,,0,0,
1.0,7,120.0,3,5.0,10.0,-2.5,15445,93,1.0,0.0,0.0,0,0.0,0.0,,0,0,
1.0,7,120.0,3,5.0,10.0,-2.4,15445,93,1.0,0.0,0.0,0,0.0,0.0,,0,0,
1.0,7,120.0,3,5.0,10.0,-2.3,15445,93,1.0,0.0,0.0,0,0.0,0.0,,0,0,
1.0,7,120.0,3,5.0,10.0,-2.2,15445,93,0.962253156361282,0.03774684363871803,0.0,227,2.4408602150537635,1058.2065393331175,20.0,224,3,0.29017857142857145
1.0,7,120.0,3,5.0,10.0,-2.1,15445,93,0.7708643573972159,0.22913564260278407,0.0,148,1.5913978494623655,689.9320168339268,110.0,142,6,0.9507042253521126
1.0,7,120.0,3,5.0,10.0,-2.0,15445,93,0.6441566850113305,0.35551958562641633,0.0003237293622531564,146,1.5698924731182795,680.608611201036,150.0,140,6,0.9857142857142858
1.0,7,120.0,3,5.0,10.0,-1.9,15445,93,0.5869860796374231,0.36244739397863385,0.050566526383943024,388,4.172043010752688,1808.7406927808352,75.0,376,12,0.5478723404255319
1.0,7,120.0,3,5.0,10.0,-1.8,15445,93,0.5744253803820006,0.22622207834250566,0.19935254127549368,438,4.709677419354839,2041.8258336031076,75.0,420,18,0.4785714285714286
1.0,7,120.0,3,5.0,10.0,-1.7,15445,93,0.4141146001942376,0.2538685658789252,0.3320168339268372,722,7.763440860215054,3365.749433473616,55.0,642,80,0.35358255451713394
1.0,7,120.0,3,5.0,10.0,-1.6,15445,93,0.3403690514729686,0.2755584331498867,0.3840725153771447,462,4.967741935483871,2153.7067011977983,90.0,386,76,0.6217616580310881
1.0,7,120.0,3,5.0,10.0,-1.5,15445,93,0.27419876982842345,0.3298154742635157,0.39598575590806084,459,4.935483870967742,2139.721592748462,65.0,383,76,0.5822454308093995
1.0,7,120.0,3,5.0,10.0,-1.4,15445,93,0.19579151829070895,0.3913240530916154,0.4128844286176756,339,3.6451612903225805,1580.317254775008,95.0,266,73,0.6090225563909775
1.0,7,120.0,3,5.0,10.0,-1.3,15445,93,0.18452573648429912,0.3707996115247653,0.4446746519909356,305,3.2795698924731185,1421.8193590158626,200.0,233,72,0.6952789699570815
1.0,7,120.0,3,5.0,10.0,-1.2,15445,93,0.15830365814179345,0.27581741663968923,0.5658789252185173,635,6.827956989247312,2960.1812884428614,65.0,556,79,0.27697841726618705
1.0,7,120.0,3,5.0,10.0,-1.1,15445,93,0.15021042408546456,0.212819682745225,0.6369698931693104,457,4.913978494623656,2130.3981871155715,80.0,378,79,0.41798941798941797
1.0,7,120.0,3,5.0,10.0,-1.0,15445,93,0.14030430560051796,0.1480738102945937,0.7116218841048884,428,4.602150537634409,1995.2088054386534,70.0,352,76,0.45738636363636365
1.0,7,120.0,3,5.0,10.0,-0.9,15445,93,0.1318873421819359,0.09996762706377468,0.7681450307542894,248,2.6666666666666665,1156.102298478472,55.0,178,70,0.4943820224719101
1.0,7,120.0,3,5.0,10.0,-0.8,15445,93,0.13182259630948526,0.08662997733894465,0.78154742635157,247,2.6559139784946235,1151.4405956620265,50.0,178,69,0.4887640449438202
1.0,7,120.0,3,5.0,10.0,-0.7,15445,93,0.12955649077371317,0.0662350275169958,0.804208481709291,245,2.6344086021505375,1142.1171900291356,45.0,177,68,0.4858757062146893
1.0,7,120.0,3,5.0,10.0,-0.6,15445,93,0.12955649077371317,0.05730009711880868,0.8131434121074782,243,2.6129032258064515,1132.7937843962447,40.0,177,66,0.4858757062146893
1.0,7,120.0,3,5.0,10.0,-0.5,15445,93,0.1273551311103917,0.04422143088378116,0.8284234380058271,183,1.967741935483871,853.0916154095177,40.0,177,6,0.4858757062146893
1.0,7,120.0,3,5.0,10.0,-0.4,15445,93,0.12618970540628036,0.04221430883781159,0.8315959857559081,179,1.924731182795699,834.4448041437358,40.0,173,6,0.48554913294797686
1.0,7,120.0,3,5.0,10.0,-0.3,15445,93,0.12618970540628036,0.03988345742958886,0.8339268371641307,179,1.924731182795699,834.4448041437358,35.0,173,6,0.48554913294797686
1.0,7,120.0,3,5.0,10.0,-0.2,15445,93,0.123794108125607,0.03781158951116866,0.8383943023632243,179,1.924731182795699,834.4448041437358,35.0,174,5,0.4885057471264368
1.0,7,120.0,3,5.0,10.0,-0.1,15445,93,0.123794108125607,0.03554548397539657,0.8406604078989964,179,1.924731182795699,834.4448041437358,35.0,174,5,0.4885057471264368
1.0,7,120.0,3,5.0,10.0,0.0,15445,93,0.12262868242149563,0.03107801877630301,0.8462932988022014,179,1.924731182795699,834.4448041437358,30.0,174,5,0.4885057471264368
1.0,7,120.0,3,5.0,10.0,0.1,15445,93,0.12262868242149563,0.03107801877630301,0.8462932988022014,179,1.924731182795699,834.4448041437358,30.0,174,5,0.4885057471264368
1.0,7,120.0,3,5.0,10.0,0.2,15445,93,0.12036257688572354,0.03217869860796374,0.8474587245063128,179,1.924731182795699,834.4448041437358,30.0,174,5,0.4885057471264368
1.0,7,120.0,3,5.0,10.0,0.3,15445,93,0.12036257688572354,0.03217869860796374,0.8474587245063128,179,1.924731182795699,834.4448041437358,30.0,174,5,0.4885057471264368
1.0,7,120.0,3,5.0,10.0,0.4,15445,93,0.1192618970540628,0.03101327290385238,0.8497248300420848,179,1.924731182795699,834.4448041437358,30.0,174,5,0.4885057471264368
1.0,7,120.0,3,5.0,10.0,0.5,15445,93,0.1192618970540628,0.03101327290385238,0.8497248300420848,179,1.924731182795699,834.4448041437358,30.0,174,5,0.4885057471264368
1.0,7,120.0,3,5.0,10.0,0.6,15445,93,0.11693104564584007,0.03107801877630301,0.8519909355778569,179,1.924731182795699,834.4448041437358,30.0,174,5,0.4885057471264368
1.0,7,120.0,3,5.0,10.0,0.7,15445,93,0.11693104564584007,0.03107801877630301,0.8519909355778569,179,1.924731182795699,834.4448041437358,30.0,174,5,0.4885057471264368
1.0,7,120.0,3,5.0,10.0,0.8,15445,93,0.11460019423761736,0.03114276464875364,0.854257041113629,180,1.935483870967742,839.1065069601813,30.0,175,5,0.4857142857142857
1.0,7,120.0,3,5.0,10.0,0.9,15445,93,0.11460019423761736,0.03114276464875364,0.854257041113629,180,1.935483870967742,839.1065069601813,30.0,175,5,0.4857142857142857
1.0,7,120.0,3,5.0,10.0,1.0,15445,93,0.11226934282939463,0.03114276464875364,0.8565878925218517,180,1.935483870967742,839.1065069601813,30.0,175,5,0.4857142857142857
2.0,3,15.0,1,5.0,0.0,-4.0,15457,93,1.0,0.0,0.0,0,0.0,0.0,,0,0,
2.0,3,15.0,1,5.0,0.0,-3.9,15457,93,1.0,0.0,0.0,0,0.0,0.0,,0,0,
2.0,3,15.0,1,5.0,0.0,-3.8,15457,93,1.0,0.0,0.0,0,0.0,0.0,,0,0,
2.0,3,15.0,1,5.0,0.0,-3.7,15457,93,1.0,0.0,0.0,0,0.0,0.0,,0,0,
2.0,3,15.0,1,5.0,0.0,-3.6,15457,93,1.0,0.0,0.0,0,0.0,0.0,,0,0,
2.0,3,15.0,1,5.0,0.0,-3.5,15457,93,1.0,0.0,0.0,0,0.0,0.0,,0,0,
2.0,3,15.0,1,5.0,0.0,-3.4,15457,93,1.0,0.0,0.0,0,0.0,0.0,,0,0,
2.0,3,15.0,1,5.0,0.0,-3.3,15457,93,1.0,0.0,0.0,0,0.0,0.0,,0,0,
2.0,3,15.0,1,5.0,0.0,-3.2,15457,93,1.0,0.0,0.0,0,0.0,0.0,,0,0,
2.0,3,15.0,1,5.0,0.0,-3.1,15457,93,1.0,0.0,0.0,0,0.0,0.0,,0,0,
2.0,3,15.0,1,5.0,0.0,-3.0,15457,93,1.0,0.0,0.0,0,0.0,0.0,,0,0,
2.0,3,15.0,1,5.0,0.0,-2.9,15457,93,1.0,0.0,0.0,0,0.0,0.0,,0,0,
2.0,3,15.0,1,5.0,0.0,-2.8,15457,93,1.0,0.0,0.0,0,0.0,0.0,,0,0,
2.0,3,15.0,1,5.0,0.0,-2.7,15457,93,1.0,0.0,0.0,0,0.0,0.0,,0,0,
2.0,3,15.0,1,5.0,0.0,-2.6,15457,93,0.999547130749822,0.0004528692501779129,0.0,4,0.043010752688172046,18.632334864462702,17.5,4,0,0.25
2.0,3,15.0,1,5.0,0.0,-2.5,15457,93,0.9990942614996442,0.0009057385003558258,0.0,8,0.08602150537634409,37.264669728925405,17.5,8,0,0.25
2.0,3,15.0,1,5.0,0.0,-2.4,15457,93,0.91382545125186,0.08533350585495245,0.0008410428931875525,833,8.956989247311828,3880.183735524358,15.0,825,8,0.14545454545454545
2.0,3,15.0,1,5.0,0.0,-2.3,15457,93,0.9078734553923788,0.05266222423497444,0.039464320372646695,1005,10.806451612903226,4681.374134696254,15.0,997,8,0.0802407221664995
2.0,3,15.0,1,5.0,0.0,-2.2,15457,93,0.7953030989195834,0.12285695801255095,0.0818399430678657,2149,23.107526881720432,10010.221905932587,15.0,2095,54,0.08878281622911695
2.0,3,15.0,1,5.0,0.0,-2.1,15457,93,0.7778352849841496,0.08753315649867374,0.13463155851717667,2329,25.043010752688172,10848.67697483341,15.0,2274,55,0.06244503078276165
2.0,3,15.0,1,5.0,0.0,-2.0,15457,93,0.7473636540078928,0.04522222941062302,0.20741411658148412,2505,26.93548387096774,11668.49970886977,15.0,2449,56,0.05716619028174765
2.0,3,15.0,1,5.0,0.0,-1.9,15457,93,0.6842854370188264,0.0793815099954713,0.23633305298570226,2786,29.956989247311828,12977.421233098272,15.0,2725,61,0.050275229357798164
2.0,3,15.0,1,5.0,0.0,-1.8,15457,93,0.6635181471178107,0.045351620624959565,0.2911302322572297,2523,27.129032258064516,11752.34521575985,15.0,2463,60,0.056435241575314654
2.0,3,15.0,1,5.0,0.0,-1.7,15457,93,0.6390632076082035,0.0515623989131138,0.3093743934786828,2446,26.301075268817204,11393.672769618943,15.0,2385,61,0.05786163522012579
2.0,3,15.0,1,5.0,0.0,-1.6,15457,93,0.5585171766837032,0.09109141489292877,0.3503914084233681,2653,28.526881720430108,12357.896098854886,15.0,2590,63,0.03397683397683398
2.0,3,15.0,1,5.0,0.0,-1.5,15457,93,0.5466131849647409,0.09303228310797697,0.3603545319272821,2588,27.827956989247312,12055.120657307369,15.0,2525,63,0.035247524752475244
2.0,3,15.0,1,5.0,0.0,-1.4,15457,93,0.5257811994565569,0.08695089603415929,0.38726790450928383,2311,24.849462365591396,10764.831467943326,15.0,2248,63,0.04092526690391459
2.0,3,15.0,1,5.0,0.0,-1.3,15457,93,0.4790709710810636,0.06838325677686485,0.45254577214207153,2554,27.462365591397848,11896.745810959435,15.0,2491,63,0.024889602569249297
2.0,3,15.0,1,5.0,0.0,-1.2,15457,93,0.45895063725173063,0.04153457980203144,0.49951478294623797,2022,21.741935483870968,9418.645273985896,15.0,1960,62,0.06938775510204082
2.0,3,15.0,1,5.0,0.0,-1.1,15457,93,0.4402536067800996,0.03888205990813224,0.5208643333117682,1810,19.462365591397848,8431.131526169373,15.0,1747,63,0.04235832856325129
2.0,3,15.0,1,5.0,0.0,-1.0,15457,93,0.4257617907744064,0.03894675551530051,0.5352914537102931,1811,19.473118279569892,8435.789609885489,15.0,1749,62,0.032590051457975985
2.0,3,15.0,1,5.0,0.0,-0.9,15457,93,0.41819240473571845,0.028401371546871966,0.5534062237174096,1542,16.580645161290324,7182.765090250373,15.0,1479,63,0.03718728870858688
2.0,3,15.0,1,5.0,0.0,-0.8,15457,93,0.38914407711716376,0.04328136119557482,0.5675745616872614,1608,17.29032258064516,7490.198615514007,15.0,1521,87,0.036817882971729124
2.0,3,15.0,1,5.0,0.0,-0.7,15457,93,0.3530439283172673,0.05796726402277285,0.5889888076599599,1911,20.548387096774192,8901.597981497056,15.0,1823,88,0.016456390565002744
2.0,3,15.0,1,5.0,0.0,-0.6,15457,93,0.3408811541696319,0.058161350844277676,0.6009574949860904,1914,20.580645161290324,8915.572232645403,15.0,1826,88,0.017524644030668127
2.0,3,15.0,1,5.0,0.0,-0.5,15457,93,0.3332470725237756,0.05796726402277285,0.6087856634534515,1880,20.21505376344086,8757.19738629747,15.0,1792,88,0.017299107142857144
2.0,3,15.0,1,5.0,0.0,-0.4,15457,93,0.3052338746199133,0.03855858187229087,0.6562075435077959,1927,20.72043010752688,8976.127320954907,15.0,1839,88,0.017400761283306143
2.0,3,15.0,1,5.0,0.0,-0.3,15457,93,0.2941062301869703,0.03299475965581937,0.6728990101572103,1782,19.161290322580644,8300.705182118134,15.0,1698,84,0.043580683156654886
2.0,3,15.0,1,5.0,0.0,-0.2,15457,93,0.28841301675616227,0.03280067283431455,0.6787863104095232,1779,19.129032258064516,8286.730930969787,15.0,1696,83,0.04363207547169811
2.0,3,15.0,1,5.0,0.0,-0.1,15457,93,0.28433719350456105,0.0329300640486511,0.6827327424467878,1755,18.870967741935484,8174.936921783011,15.0,1672,83,0.04485645933014354
2.0,3,15.0,1,5.0,0.0,0.0,15457,93,0.2529598240279485,0.02982467490457398,0.7172155010674776,1528,16.43010752688172,7117.551918224753,20.0,1448,80,0.052486187845303865
2.0,3,15.0,1,5.0,0.0,0.1,15457,93,0.23788574755774083,0.029695283690237433,0.7324189687520217,1398,15.03225806451613,6512.001035129715,20.0,1318,80,0.05842185128983308
2.0,3,15.0,1,5.0,0.0,0.2,15457,93,0.23562140130685127,0.03176554311962218,0.7326130555735265,1430,15.376344086021506,6661.059714045416,20.0,1350,80,0.05703703703703704
2.0,3,15.0,1,5.0,0.0,0.3,15457,93,0.2333570550559617,0.02963058808306916,0.7370123568609691,1398,15.03225806451613,6512.001035129715,20.0,1317,81,0.05694760820045558
2.0,3,15.0,1,5.0,0.0,0.4,15457,93,0.21828297858575402,0.01895581290030407,0.7627612085139419,1026,11.03225806451613,4779.193892734684,25.0,945,81,0.07830687830687831
2.0,3,15.0,1,5.0,0.0,0.5,15457,93,0.2120722002975998,0.018891117293135796,0.7690366824092644,1022,10.989247311827956,4760.561557870221,25.0,941,81,0.07970244420828905
2.0,3,15.0,1,5.0,0.0,0.6,15457,93,0.20133272950766642,0.023031636151905285,0.7756356343404283,984,10.580645161290322,4583.554376657825,25.0,904,80,0.08296460176991151
2.0,3,15.0,1,5.0,0.0,0.7,15457,93,0.20126803390049816,0.016497379827909685,0.7822345862715921,815,8.763440860215054,3796.3382286342758,25.0,737,78,0.2130257801899593
2.0,3,15.0,1,5.0,0.0,0.8,15457,93,0.19253412693278127,0.009769036682409265,0.7976968363848095,535,5.752688172043011,2492.0747881218867,25.0,458,77,0.34497816593886466
2.0,3,15.0,1,5.0,0.0,0.9,15457,93,0.19039917189622824,0.009833732289577537,0.7997670958141943,536,5.763440860215054,2496.732871838002,22.5,459,77,0.3442265795206972
2.0,3,15.0,1,5.0,0.0,1.0,15457,93,0.18865239050268487,0.00989842789674581,0.8014491816005693,537,5.774193548387097,2501.3909555541177,20.0,460,77,0.34347826086956523
2.0,3,15.0,2,5.0,5.0,-4.0,15457,93,1.0,0.0,0.0,0,0.0,0.0,,0,0,
2.0,3,15.0,2,5.0,5.0,-3.9,15457,93,1.0,0.0,0.0,0,0.0,0.0,,0,0,
2.0,3,15.0,2,5.0,5.0,-3.8,15457,93,1.0,0.0,0.0,0,0.0,0.0,,0,0,
2.0,3,15.0,2,5.0,5.0,-3.7,15457,93,1.0,0.0,0.0,0,0.0,0.0,,0,0,
2.0,3,15.0,2,5.0,5.0,-3.6,15457,93,1.0,0.0,0.0,0,0.0,0.0,,0,0,
2.0,3,15.0,2,5.0,5.0,-3.5,15457,93,1.0,0.0,0.0,0,0.0,0.0,,0,0,
2.0,3,15.0,2,5.0,5.0,-3.4,15457,93,1.0,0.0,0.0,0,0.0,0.0,,0,0,
2.0,3,15.0,2,5.0,5.0,-3.3,15457,93,1.0,0.0,0.0,0,0.0,0.0,,0,0,
2.0,3,15.0,2,5.0,5.0,-3.2,15457,93,1.0,0.0,0.0,0,0.0,0.0,,0,0,
2.0,3,15.0,2,5.0,5.0,-3.1,15457,93,1.0,0.0,0.0,0,0.0,0.0,,0,0,
2.0,3,15.0,2,5.0,5.0,-3.0,15457,93,1.0,0.0,0.0,0,0.0,0.0,,0,0,
2.0,3,15.0,2,5.0,5.0,-2.9,15457,93,1.0,0.0,0.0,0,0.0,0.0,,0,0,
2.0,3,15.0,2,5.0,5.0,-2.8,15457,93,1.0,0.0,0.0,0,0.0,0.0,,0,0,
2.0,3,15.0,2,5.0,5.0,-2.7,15457,93,1.0,0.0,0.0,0,0.0,0.0,,0,0,
2.0,3,15.0,2,5.0,5.0,-2.6,15457,93,0.999547130749822,0.0004528692501779129,0.0,4,0.043010752688172046,18.632334864462702,17.5,4,0,0.25
2.0,3,15.0,2,5.0,5.0,-2.5,15457,93,0.9990942614996442,0.0009057385003558258,0.0,8,0.08602150537634409,37.264669728925405,17.5,8,0,0.25
2.0,3,15.0,2,5.0,5.0,-2.4,15457,93,0.9142783205020379,0.08475124539043799,0.0009704341075240992,827,8.89247311827957,3852.235233227664,15.0,818,9,0.14425427872860636
2.0,3,15.0,2,5.0,5.0,-2.3,15457,93,0.91382545125186,0.041405188587694895,0.0447693601604451,831,8.935483870967742,3870.8675680921265,15.0,821,10,0.0779537149817296
2.0,3,15.0,2,5.0,5.0,-2.2,15457,93,0.8068836126027042,0.10092514718250631,0.09219124021478942,1807,19.43010752688172,8417.157275021025,15.0,1726,81,0.09154113557358054
2.0,3,15.0,2,5.0,5.0,-2.1,15457,93,0.7953677945267517,0.05376204955683509,0.15087015591641328,1805,19.408602150537636,8407.841107588794,15.0,1723,82,0.04933255948926291
2.0,3,15.0,2,5.0,5.0,-2.0,15457,93,0.7505984343663066,0.0004528692501779129,0.24894869638351555,1453,15.623655913978494,6768.195639516076,15.0,1368,85,0.059941520467836254
2.0,3,15.0,2,5.0,5.0,-1.9,15457,93,0.6858381315908649,0.036682409264410944,0.27747945914472405,1658,17.827956989247312,7723.102801319791,20.0,1571,87,0.052196053469127944
2.0,3,15.0,2,5.0,5.0,-1.8,15457,93,0.6748398783722586,0.00012939121433654655,0.3250307304134049,1592,17.118279569892472,7415.6692760561555,20.0,1505,87,0.05448504983388704
2.0,3,15.0,2,5.0,5.0,-1.7,15457,93,0.6528433719350456,0.004205214465937763,0.34295141359901665,1486,15.978494623655914,6921.912402147894,20.0,1399,87,0.058613295210864905
2.0,3,15.0,2,5.0,5.0,-1.6,15457,93,0.5528886588600634,0.05104483405576761,0.39606650708416896,1513,16.268817204301076,7047.680662483018,20.0,1424,89,0.0
2.0,3,15.0,2,5.0,5.0,-1.5,15457,93,0.5410493627482694,0.05298570227081581,0.4059649349809148,1451,15.602150537634408,6758.879472083845,20.0,1362,89,0.0
2.0,3,15.0,2,5.0,5.0,-1.4,15457,93,0.5167885100601669,0.05880830691596041,0.4244031830238727,1315,14.13978494623656,6125.380086692113,35.0,1226,89,0.0
2.0,3,15.0,2,5.0,5.0,-1.3,15457,93,0.48327618554700136,0.02510189558129003,0.4916219188717086,1401,15.064516129032258,6525.975286278062,25.0,1312,89,0.0
2.0,3,15.0,2,5.0,5.0,-1.2,15457,93,0.46729637057643786,0.005434431002134955,0.5272691984214272,1184,12.731182795698924,5515.17111988096,35.0,1095,89,0.0136986301369863
2.0,3,15.0,2,5.0,5.0,-1.1,15457,93,0.4555864656789804,0.003493562787086757,0.5409199715339329,1154,12.408602150537634,5375.42860839749,30.0,1065,89,0.0
2.0,3,15.0,2,5.0,5.0,-1.0,15457,93,0.4409652584589506,0.003493562787086757,0.5555411787539626,1152,12.387096774193548,5366.112440965258,30.0,1063,89,0.0
2.0,3,15.0,2,5.0,5.0,-0.9,15457,93,0.4333958724202627,0.0,0.5666041275797373,1098,11.806451612903226,5114.575920295012,30.0,1009,89,0.0
2.0,3,15.0,2,5.0,5.0,-0.8,15457,93,0.408617454874814,0.010739470789933363,0.5806430743352526,1163,12.505376344086022,5417.351361842531,25.0,1074,89,0.0
2.0,3,15.0,2,5.0,5.0,-0.7,15457,93,0.37432878307562917,0.02607232968881413,0.5995988872355567,1413,15.193548387096774,6581.87229087145,20.0,1324,89,0.0
2.0,3,15.0,2,5.0,5.0,-0.6,15457,93,0.35834896810506567,0.02607232968881413,0.6155787022061202,1354,14.559139784946236,6307.045351620625,20.0,1266,88,0.022906793048973143
2.0,3,15.0,2,5.0,5.0,-0.5,15457,93,0.34896810506566606,0.02801319790386233,0.6230186970304716,1298,13.956989247311828,6046.192663518147,20.0,1212,86,0.04702970297029703
2.0,3,15.0,2,5.0,5.0,-0.4,15457,93,0.3153910849453322,0.0018114770007116516,0.6827974380539561,1034,11.118279569892474,4816.458562463608,35.0,948,86,0.06118143459915612
2.0,3,15.0,2,5.0,5.0,-0.3,15457,93,0.3041987449052209,0.0,0.6958012550947791,1004,10.795698924731182,4676.716050980138,30.0,919,85,0.07834602829162132
2.0,3,15.0,2,5.0,5.0,-0.2,15457,93,0.2932004916866145,0.0,0.7067995083133856,896,9.634408602150538,4173.643009639645,30.0,813,83,0.08856088560885608
2.0,3,15.0,2,5.0,5.0,-0.1,15457,93,0.2891246684350133,0.001682085786375105,0.7091932457786116,894,9.612903225806452,4164.326842207414,30.0,812,82,0.08866995073891626
2.0,3,15.0,2,5.0,5.0,0.0,15457,93,0.25328330206378985,0.0045286925017791295,0.742188005434431,720,7.741935483870968,3353.8202756032865,35.0,638,82,0.11285266457680251
2.0,3,15.0,2,5.0,5.0,0.1,15457,93,0.2446787863104095,0.00414051885876949,0.751180694830821,718,7.720430107526882,3344.504108171055,30.0,636,82,0.11320754716981132
2.0,3,15.0,2,5.0,5.0,0.2,15457,93,0.24241444005951995,0.00414051885876949,0.7534450410817105,718,7.720430107526882,3344.504108171055,30.0,636,82,0.11320754716981132
2.0,3,15.0,2,5.0,5.0,0.3,15457,93,0.24002070259429384,0.00414051885876949,0.7558387785469367,716,7.698924731182796,3335.1879407388237,30.0,634,82,0.11514195583596215
2.0,3,15.0,2,5.0,5.0,0.4,15457,93,0.22520540855275928,0.003234780358413664,0.7715598110888271,602,6.473118279569892,2804.166397101637,55.0,520,82,0.14038461538461539
2.0,3,15.0,2,5.0,5.0,0.5,15457,93,0.21478941579866728,0.003234780358413664,0.7819758038429191,469,5.043010752688172,2184.641262858252,55.0,388,81,0.3556701030927835
2.0,3,15.0,2,5.0,5.0,0.6,15457,93,0.20831985508183995,0.005434431002134955,0.7862457139160252,467,5.021505376344086,2175.32509542602,55.0,387,80,0.35917312661498707
2.0,3,15.0,2,5.0,5.0,0.7,15457,93,0.20831985508183995,0.003234780358413664,0.7884453645597463,433,4.655913978494624,2016.9502490780874,55.0,353,80,0.43909348441926344
2.0,3,15.0,2,5.0,5.0,0.8,15457,93,0.20424403183023873,0.0,0.7957559681697612,383,4.118279569892473,1784.0460632723039,85.0,303,80,0.5115511551155115
2.0,3,15.0,2,5.0,5.0,0.9,15457,93,0.202173772400854,0.0,0.797826227599146,383,4.118279569892473,1784.0460632723039,85.0,303,80,0.5115511551155115
2.0,3,15.0,2,5.0,5.0,1.0,15457,93,0.2004269910073106,0.0,0.7995730089926893,383,4.118279569892473,1784.0460632723039,85.0,303,80,0.5115511551155115
2.0,3,15.0,3,5.0,10.0,-4.0,15457,93,1.0,0.0,0.0,0,0.0,0.0,,0,0,
2.0,3,15.0,3,5.0,10.0,-3.9,15457,93,1.0,0.0,0.0,0,0.0,0.0,,0,0,
2.0,3,15.0,3,5.0,10.0,-3.8,15457,93,1.0,0.0,0.0,0,0.0,0.0,,0,0,
2.0,3,15.0,3,5.0,10.0,-3.7,15457,93,1.0,0.0,0.0,0,0.0,0.0,,0,0,
2.0,3,15.0,3,5.0,10.0,-3.6,15457,93,1.0,0.0,0.0,0,0.0,0.0,,0,0,
2.0,3,15.0,3,5.0,10.0,-3.5,15457,93,1.0,0.0,0.0,0,0.0,0.0,,0,0,
2.0,3,15.0,3,5.0,10.0,-3.4,15457,93,1.0,0.0,0.0,0,0.0,0.0,,0,0,
2.0,3,15.0,3,5.0,10.0,-3.3,15457,93,1.0,0.0,0.0,0,0.0,0.0,,0,0,
2.0,3,15.0,3,5.0,10.0,-3.2,15457,93,1.0,0.0,0.0,0,0.0,0.0,,0,0,
2.0,3,15.0,3,5.0,10.0,-3.1,15457,93,1.0,0.0,0.0,0,0.0,0.0,,0,0,
2.0,3,15.0,3,5.0,10.0,-3.0,15457,93,1.0,0.0,0.0,0,0.0,0.0,,0,0,
2.0,3,15.0,3,5.0,10.0,-2.9,15457,93,1.0,0.0,0.0,0,0.0,0.0,,0,0,
2.0,3,15.0,3,5.0,10.0,-2.8,15457,93,1.0,0.0,0.0,0,0.0,0.0,,0,0,
2.0,3,15.0,3,5.0,10.0,-2.7,15457,93,1.0,0.0,0.0,0,0.0,0.0,,0,0,
2.0,3,15.0,3,5.0,10.0,-2.6,15457,93,0.999547130749822,0.0004528692501779129,0.0,4,0.043010752688172046,18.632334864462702,17.5,4,0,0.25
2.0,3,15.0,3,5.0,10.0,-2.5,15457,93,0.9990942614996442,0.0009057385003558258,0.0,8,0.08602150537634409,37.264669728925405,17.5,8,0,0.25
2.0,3,15.0,3,5.0,10.0,-2.4,15457,93,0.9143430161092062,0.08455715856893317,0.0010998253218606456,825,8.870967741935484,3842.9190657954327,15.0,815,10,0.14355828220858896
2.0,3,15.0,3,5.0,10.0,-2.3,15457,93,0.9166073623600958,0.041405188587694895,0.04198744905220936,689,7.408602150537634,3209.419680403701,15.0,679,10,0.09425625920471281
2.0,3,15.0,3,5.0,10.0,-2.2,15457,93,0.7948502296694054,0.10053697353949667,0.10461279679109789,1501,16.13978494623656,6991.783657889629,15.0,1420,81,0.11126760563380282
2.0,3,15.0,3,5.0,10.0,-2.1,15457,93,0.7605615578702206,0.05356796273533027,0.18587047939444912,1207,12.978494623655914,5622.30704535162,20.0,1125,82,0.07555555555555556
2.0,3,15.0,3,5.0,10.0,-2.0,15457,93,0.7419292230057579,0.0004528692501779129,0.2576179077440642,917,9.86021505376344,4271.462767678075,50.0,831,86,0.09747292418772563
2.0,3,15.0,3,5.0,10.0,-1.9,15457,93,0.641327553859093,0.03532380151387721,0.32334864462702984,1044,11.225806451612904,4863.039399624766,50.0,956,88,0.08472803347280335
2.0,3,15.0,3,5.0,10.0,-1.8,15457,93,0.6232127838519764,0.0,0.3767872161480236,761,8.182795698924732,3544.801707964029,85.0,673,88,0.12035661218424963
2.0,3,15.0,3,5.0,10.0,-1.7,15457,93,0.609367923917966,0.0004528692501779129,0.39017920683185614,703,7.559139784946237,3274.63285242932,85.0,615,88,0.13170731707317074
2.0,3,15.0,3,5.0,10.0,-1.6,15457,93,0.525328330206379,0.05085074723426279,0.4238209225593582,1100,11.827956989247312,5123.892087727243,50.0,1011,89,0.0
2.0,3,15.0,3,5.0,10.0,-1.5,15457,93,0.5214465937762826,0.05085074723426279,0.42770265898945464,1100,11.827956989247312,5123.892087727243,50.0,1011,89,0.0
2.0,3,15.0,3,5.0,10.0,-1.4,15457,93,0.5118069483082098,0.05085074723426279,0.4373423044575273,1101,11.838709677419354,5128.5501714433585,50.0,1012,89,0.0
2.0,3,15.0,3,5.0,10.0,-1.3,15457,93,0.47803584136637123,0.015138772077375946,0.5068253865562529,1009,10.849462365591398,4700.006469560717,50.0,920,89,0.0
2.0,3,15.0,3,5.0,10.0,-1.2,15457,93,0.4715662806495439,0.0,0.5284337193504561,936,10.064516129032258,4359.966358284272,60.0,847,89,0.0
2.0,3,15.0,3,5.0,10.0,-1.1,15457,93,0.45985637575208643,0.0,0.5401436242479135,936,10.064516129032258,4359.966358284272,55.0,847,89,0.0
2.0,3,15.0,3,5.0,10.0,-1.0,15457,93,0.4253089215242285,0.0,0.5746910784757715,901,9.688172043010752,4196.9334282202235,55.0,812,89,0.0
2.0,3,15.0,3,5.0,10.0,-0.9,15457,93,0.41773953548554055,0.0,0.5822604645144595,899,9.666666666666666,4187.617260787993,50.0,810,89,0.0
2.0,3,15.0,3,5.0,10.0,-0.8,15457,93,0.38112182182829785,0.006663647538332147,0.61221453063337,748,8.043010752688172,3484.2466196545256,85.0,662,86,0.0649546827794562
2.0,3,15.0,3,5.0,10.0,-0.7,15457,93,0.3410105453839684,0.02827198033253542,0.6307174742834961,930,10.0,4332.0178559875785,40.0,845,85,0.08520710059171598
2.0,3,15.0,3,5.0,10.0,-0.6,15457,93,0.330723943844213,0.02827198033253542,0.6410040758232516,930,10.0,4332.0178559875785,40.0,845,85,0.08520710059171598
2.0,3,15.0,3,5.0,10.0,-0.5,15457,93,0.32690690302128483,0.02827198033253542,0.6448211166461797,930,10.0,4332.0178559875785,40.0,845,85,0.08520710059171598
2.0,3,15.0,3,5.0,10.0,-0.4,15457,93,0.308468654978327,0.0,0.691531345021673,734,7.89247311827957,3419.0334476289063,40.0,651,83,0.11059907834101383
2.0,3,15.0,3,5.0,10.0,-0.3,15457,93,0.27903215371676265,0.0,0.7209678462832374,606,6.516129032258065,2822.7987319660997,40.0,524,82,0.13740458015267176
2.0,3,15.0,3,5.0,10.0,-0.2,15457,93,0.2767678074658731,0.0,0.723232192534127,606,6.516129032258065,2822.7987319660997,40.0,524,82,0.13740458015267176
2.0,3,15.0,3,5.0,10.0,-0.1,15457,93,0.2745034612149835,0.0,0.7254965387850165,606,6.516129032258065,2822.7987319660997,40.0,524,82,0.13740458015267176
2.0,3,15.0,3,5.0,10.0,0.0,15457,93,0.2525069547777706,0.0002587824286730931,0.7472342627935563,556,5.978494623655914,2589.8945461603157,75.0,474,82,0.1518987341772152
2.0,3,15.0,3,5.0,10.0,0.1,15457,93,0.24390243902439024,0.0,0.7560975609756098,556,5.978494623655914,2589.8945461603157,75.0,474,82,0.1518987341772152
2.0,3,15.0,3,5.0,10.0,0.2,15457,93,0.23924435530827456,0.0,0.7607556446917254,520,5.591397849462366,2422.2035323801515,75.0,438,82,0.20319634703196346
2.0,3,15.0,3,5.0,10.0,0.3,15457,93,0.23691531345021674,0.0,0.7630846865497832,518,5.56989247311828,2412.88736494792,75.0,436,82,0.20412844036697247
2.0,3,15.0,3,5.0,10.0,0.4,15457,93,0.2197709775506243,0.0,0.7802290224493756,383,4.118279569892473,1784.0460632723039,75.0,302,81,0.5132450331125827
2.0,3,15.0,3,5.0,10.0,0.5,15457,93,0.21789480494274438,0.0,0.7821051950572556,380,4.086021505376344,1770.0718121239565,75.0,300,80,0.5166666666666667
2.0,3,15.0,3,5.0,10.0,0.6,15457,93,0.2137542860839749,0.0,0.7862457139160252,380,4.086021505376344,1770.0718121239565,75.0,300,80,0.5166666666666667
2.0,3,15.0,3,5.0,10.0,0.7,15457,93,0.2137542860839749,0.0,0.7862457139160252,380,4.086021505376344,1770.0718121239565,75.0,300,80,0.5166666666666667
2.0,3,15.0,3,5.0,10.0,0.8,15457,93,0.20974315843954194,0.0,0.7902568415604581,380,4.086021505376344,1770.0718121239565,80.0,300,80,0.5166666666666667
2.0,3,15.0,3,5.0,10.0,0.9,15457,93,0.2076728990101572,0.0,0.7923271009898428,380,4.086021505376344,1770.0718121239565,80.0,300,80,0.5166666666666667
2.0,3,15.0,3,5.0,10.0,1.0,15457,93,0.20592611761661384,0.0,0.7940738823833862,380,4.086021505376344,1770.0718121239565,80.0,300,80,0.5166666666666667
2.0,3,30.0,1,5.0,0.0,-4.0,15457,93,1.0,0.0,0.0,0,0.0,0.0,,0,0,
2.0,3,30.0,1,5.0,0.0,-3.9,15457,93,1.0,0.0,0.0,0,0.0,0.0,,0,0,
2.0,3,30.0,1,5.0,0.0,-3.8,15457,93,1.0,0.0,0.0,0,0.0,0.0,,0,0,
2.0,3,30.0,1,5.0,0.0,-3.7,15457,93,1.0,0.0,0.0,0,0.0,0.0,,0,0,
2.0,3,30.0,1,5.0,0.0,-3.6,15457,93,1.0,0.0,0.0,0,0.0,0.0,,0,0,
2.0,3,30.0,1,5.0,0.0,-3.5,15457,93,1.0,0.0,0.0,0,0.0,0.0,,0,0,
2.0,3,30.0,1,5.0,0.0,-3.4,15457,93,1.0,0.0,0.0,0,0.0,0.0,,0,0,
2.0,3,30.0,1,5.0,0.0,-3.3,15457,93,1.0,0.0,0.0,0,0.0,0.0,,0,0,
2.0,3,30.0,1,5.0,0.0,-3.2,15457,93,1.0,0.0,0.0,0,0.0,0.0,,0,0,
2.0,3,30.0,1,5.0,0.0,-3.1,15457,93,1.0,0.0,0.0,0,0.0,0.0,,0,0,
2.0,3,30.0,1,5.0,0.0,-3.0,15457,93,1.0,0.0,0.0,0,0.0,0.0,,0,0,
2.0,3,30.0,1,5.0,0.0,-2.9,15457,93,1.0,0.0,0.0,0,0.0,0.0,,0,0,
2.0,3,30.0,1,5.0,0.0,-2.8,15457,93,1.0,0.0,0.0,0,0.0,0.0,,0,0,
2.0,3,30.0,1,5.0,0.0,-2.7,15457,93,1.0,0.0,0.0,0,0.0,0.0,,0,0,
2.0,3,30.0,1,5.0,0.0,-2.6,15457,93,1.0,0.0,0.0,0,0.0,0.0,,0,0,
2.0,3,30.0,1,5.0,0.0,-2.5,15457,93,1.0,0.0,0.0,0,0.0,0.0,,0,0,
2.0,3,30.0,1,5.0,0.0,-2.4,15457,93,0.9984473054279615,0.0015526945720385585,0.0,4,0.043010752688172046,18.632334864462702,67.5,4,0,0.5
2.0,3,30.0,1,5.0,0.0,-2.3,15457,93,0.914537102930711,0.085462897069289,0.0,145,1.5591397849462365,675.422138836773,95.0,141,4,0.9858156028368794
2.0,3,30.0,1,5.0,0.0,-2.2,15457,93,0.8321148993983308,0.16710875331564987,0.0007763472860192793,283,3.043010752688172,1318.2376916607361,95.0,275,8,0.7345454545454545
2.0,3,30.0,1,5.0,0.0,-2.1,15457,93,0.7382415733971663,0.18004787474930453,0.08171055185352914,549,5.903225806451613,2557.287960147506,75.0,537,12,0.521415270018622
2.0,3,30.0,1,5.0,0.0,-2.0,15457,93,0.6256065213172025,0.1987449052209355,0.17564857346186194,842,9.053763440860216,3922.106488969399,90.0,824,18,0.433252427184466
2.0,3,30.0,1,5.0,0.0,-1.9,15457,93,0.6131202691337259,0.128550171443359,0.2583295594229152,954,10.258064516129032,4443.811865174355,65.0,923,31,0.30444203683640303
2.0,3,30.0,1,5.0,0.0,-1.8,15457,93,0.548295270751116,0.08882706864203921,0.3628776606068448,1108,11.913978494623656,5161.156757456169,60.0,1073,35,0.18080149114631874
2.0,3,30.0,1,5.0,0.0,-1.7,15457,93,0.5409199715339329,0.08675680921265447,0.3723232192534127,1107,11.903225806451612,5156.498673740053,55.0,1072,35,0.18097014925373134
2.0,3,30.0,1,5.0,0.0,-1.6,15457,93,0.5278514588859416,0.03208902115546355,0.4400595199585948,1094,11.763440860215054,5095.943585430549,30.0,1060,34,0.22452830188679246
2.0,3,30.0,1,5.0,0.0,-1.5,15457,93,0.523905026848677,0.032283107976968366,0.44381186517435467,1097,11.795698924731182,5109.917836578896,30.0,1063,34,0.18438381937911572
2.0,3,30.0,1,5.0,0.0,-1.4,15457,93,0.5144594682021091,0.032347803584136636,0.4531927282137543,1098,11.806451612903226,5114.575920295012,25.0,1064,34,0.18421052631578946
2.0,3,30.0,1,5.0,0.0,-1.3,15457,93,0.40104806883612604,0.129973474801061,0.468978456362813,1259,13.53763440860215,5864.5273985896365,35.0,1224,35,0.15931372549019607
2.0,3,30.0,1,5.0,0.0,-1.2,15457,93,0.373811218218283,0.12971469237238792,0.49647408940932913,1259,13.53763440860215,5864.5273985896365,25.0,1224,35,0.15931372549019607
2.0,3,30.0,1,5.0,0.0,-1.1,15457,93,0.361971922106489,0.12964999676521965,0.5083780811282914,1256,13.505376344086022,5850.553147441289,20.0,1221,35,0.1597051597051597
2.0,3,30.0,1,5.0,0.0,-1.0,15457,93,0.3520087986025749,0.1309439089085851,0.51704729248884,1256,13.505376344086022,5850.553147441289,20.0,1220,36,0.15901639344262294
2.0,3,30.0,1,5.0,0.0,-0.9,15457,93,0.3443747169567186,0.13081451769424857,0.5248107653490328,1254,13.483870967741936,5841.236980009057,15.0,1217,37,0.15858668857847166
2.0,3,30.0,1,5.0,0.0,-0.8,15457,93,0.3326648120592612,0.04153457980203144,0.6258006081387074,1267,13.623655913978494,5901.79206831856,15.0,1230,37,0.0910569105691057
2.0,3,30.0,1,5.0,0.0,-0.7,15457,93,0.3096331759073559,0.04884518341204632,0.6415216406805978,1186,12.75268817204301,5524.487287313192,20.0,1104,82,0.11322463768115942
2.0,3,30.0,1,5.0,0.0,-0.6,15457,93,0.29960535679627354,0.04897457462638287,0.6514200685773436,1188,12.774193548387096,5533.803454745423,20.0,1106,82,0.11301989150090416
2.0,3,30.0,1,5.0,0.0,-0.5,15457,93,0.2955295335446723,0.04903927023355114,0.6554311962217766,1189,12.78494623655914,5538.461538461539,20.0,1107,82,0.11382113821138211
2.0,3,30.0,1,5.0,0.0,-0.4,15457,93,0.23251601216277415,0.09956653943197256,0.6679174484052532,1080,11.612903225806452,5030.73041340493,25.0,1059,21,0.12936732766761094
2.0,3,30.0,1,5.0,0.0,-0.3,15457,93,0.22649932069612475,0.07582325160121628,0.697677427702659,1007,10.827956989247312,4690.690302128485,20.0,928,79,0.08189655172413793
2.0,3,30.0,1,5.0,0.0,-0.2,15457,93,0.2241702788380669,0.07588794720838456,0.6999417739535485,1008,10.838709677419354,4695.348385844601,20.0,929,79,0.08180839612486544
2.0,3,30.0,1,5.0,0.0,-0.1,15457,93,0.22190593258717733,0.07595264281555282,0.7021414245972698,1009,10.849462365591398,4700.006469560717,20.0,930,79,0.08172043010752689
2.0,3,30.0,1,5.0,0.0,0.0,15457,93,0.20540855275926764,0.028789545189881607,0.7658019020508507,998,10.731182795698924,4648.767548683444,10.0,919,79,0.08269858541893363
2.0,3,30.0,1,5.0,0.0,0.1,15457,93,0.19421621271915637,0.029113023225722973,0.7766707640551207,897,9.64516129032258,4178.301093355762,15.0,818,79,0.09290953545232274
2.0,3,30.0,1,5.0,0.0,0.2,15457,93,0.19182247525393026,0.028983632011386425,0.7791938927346833,862,9.268817204301076,4015.268163291713,15.0,783,79,0.0970625798212005
2.0,3,30.0,1,5.0,0.0,0.3,15457,93,0.18968752021737725,0.026783981367665136,0.7835284984149576,860,9.24731182795699,4005.951995859481,15.0,781,79,0.0973111395646607
2.0,3,30.0,1,5.0,0.0,0.4,15457,93,0.18554700135860774,0.020314420650837807,0.7941385779905544,692,7.440860215053763,3223.3939315520474,15.0,616,76,0.25811688311688313
2.0,3,30.0,1,5.0,0.0,0.5,15457,93,0.18373552435789609,0.020249725043669536,0.7960147505984344,690,7.419354838709677,3214.0777641198165,10.0,614,76,0.25895765472312704
2.0,3,30.0,1,5.0,0.0,0.6,15457,93,0.17953030989195834,0.019861551400659896,0.8006081387073818,688,7.397849462365591,3204.761596687585,10.0,611,77,0.2602291325695581
2.0,3,30.0,1,5.0,0.0,0.7,15457,93,0.17953030989195834,0.019861551400659896,0.8006081387073818,688,7.397849462365591,3204.761596687585,10.0,611,77,0.2602291325695581
2.0,3,30.0,1,5.0,0.0,0.8,15457,93,0.17551918224752538,0.019861551400659896,0.8046192663518147,687,7.387096774193548,3200.103512971469,10.0,610,77,0.260655737704918
2.0,3,30.0,1,5.0,0.0,0.9,15457,93,0.17344892281814064,0.01979685579349162,0.8067542213883677,687,7.387096774193548,3200.103512971469,10.0,610,77,0.260655737704918
2.0,3,30.0,1,5.0,0.0,1.0,15457,93,0.1718315326389338,0.019732160186323348,0.8084363071747428,686,7.376344086021505,3195.4454292553537,10.0,610,76,0.260655737704918
2.0,3,30.0,2,5.0,5.0,-4.0,15457,93,1.0,0.0,0.0,0,0.0,0.0,,0,0,
2.0,3,30.0,2,5.0,5.0,-3.9,15457,93,1.0,0.0,0.0,0,0.0,0.0,,0,0,
2.0,3,30.0,2,5.0,5.0,-3.8,15457,93,1.0,0.0,0.0,0,0.0,0.0,,0,0,
2.0,3,30.0,2,5.0,5.0,-3.7,15457,93,1.0,0.0,0.0,0,0.0,0.0,,0,0,
2.0,3,30.0,2,5.0,5.0,-3.6,15457,93,1.0,0.0,0.0,0,0.0,0.0,,0,0,
2.0,3,30.0,2,5.0,5.0,-3.5,15457,93,1.0,0.0,0.0,0,0.0,0.0,,0,0,
2.0,3,30.0,2,5.0,5.0,-3.4,15457,93,1.0,0.0,0.0,0,0.0,0.0,,0,0,
2.0,3,30.0,2,5.0,5.0,-3.3,15457,93,1.0,0.0,0.0,0,0.0,0.0,,0,0,
2.0,3,30.0,2,5.0,5.0,-3.2,15457,93,1.0,0.0,0.0,0,0.0,0.0,,0,0,
2.0,3,30.0,2,5.0,5.0,-3.1,15457,93,1.0,0.0,0.0,0,0.0,0.0,,0,0,
2.0,3,30.0,2,5.0,5.0,-3.0,15457,93,1.0,0.0,0.0,0,0.0,0.0,,0,0,
2.0,3,30.0,2,5.0,5.0,-2.9,15457,93,1.0,0.0,0.0,0,0.0,0.0,,0,0,
2.0,3,30.0,2,5.0,5.0,-2.8,15457,93,1.0,0.0,0.0,0,0.0,0.0,,0,0,
2.0,3,30.0,2,5.0,5.0,-2.7,15457,93,1.0,0.0,0.0,0,0.0,0.0,,0,0,
2.0,3,30.0,2,5.0,5.0,-2.6,15457,93,1.0,0.0,0.0,0,0.0,0.0,,0,0,
2.0,3,30.0,2,5.0,5.0,-2.5,15457,93,1.0,0.0,0.0,0,0.0,0.0,,0,0,
2.0,3,30.0,2,5.0,5.0,-2.4,15457,93,0.9984473054279615,0.0015526945720385585,0.0,4,0.043010752688172046,18.632334864462702,67.5,4,0,0.5
2.0,3,30.0,2,5.0,5.0,-2.3,15457,93,0.9147311897522158,0.08526881024778417,0.0,145,1.5591397849462365,675.422138836773,95.0,140,5,0.9857142857142858
2.0,3,30.0,2,5.0,5.0,-2.2,15457,93,0.8325030730413405,0.16665588406547197,0.0008410428931875525,281,3.021505376344086,1308.921524228505,95.0,272,9,0.7352941176470589
2.0,3,30.0,2,5.0,5.0,-2.1,15457,93,0.7426408746846089,0.17215501067477518,0.0852041146406159,432,4.645161290322581,2012.2921653619721,90.0,419,13,0.6610978520286396
2.0,3,30.0,2,5.0,5.0,-2.0,15457,93,0.6342110370705829,0.18308856828621337,0.18270039464320373,605,6.505376344086022,2818.1406482499838,95.0,586,19,0.5085324232081911
2.0,3,30.0,2,5.0,5.0,-1.9,15457,93,0.6252830432813612,0.10590670893446336,0.26881024778417545,606,6.516129032258065,2822.7987319660997,95.0,524,82,0.3244274809160305
2.0,3,30.0,2,5.0,5.0,-1.8,15457,93,0.5611696965776024,0.061396131202691336,0.37743417221970627,685,7.365591397849462,3190.787345539238,95.0,597,88,0.135678391959799
2.0,3,30.0,2,5.0,5.0,-1.7,15457,93,0.553729701753251,0.059390567380474865,0.3868797308662742,685,7.365591397849462,3190.787345539238,95.0,597,88,0.135678391959799
2.0,3,30.0,2,5.0,5.0,-1.6,15457,93,0.5448017079640293,0.0007763472860192793,0.45442194474995146,607,6.526881720430108,2827.456815682215,100.0,519,88,0.15606936416184972
2.0,3,30.0,2,5.0,5.0,-1.5,15457,93,0.5409199715339329,0.0007763472860192793,0.4583036811800479,607,6.526881720430108,2827.456815682215,100.0,519,88,0.15606936416184972
2.0,3,30.0,2,5.0,5.0,-1.4,15457,93,0.531474412887365,0.0007763472860192793,0.46774923982661576,607,6.526881720430108,2827.456815682215,100.0,519,88,0.15606936416184972
2.0,3,30.0,2,5.0,5.0,-1.3,15457,93,0.418321795950055,0.09833732289577538,0.4833408811541696,771,8.290322580645162,3591.3825451251864,95.0,683,88,0.12005856515373353
2.0,3,30.0,2,5.0,5.0,-1.2,15457,93,0.3911496409393802,0.09801384485993402,0.5108365142006858,768,8.258064516129032,3577.408293976839,95.0,680,88,0.12058823529411765
2.0,3,30.0,2,5.0,5.0,-1.1,15457,93,0.3793750404347545,0.09801384485993402,0.5226111147053115,768,8.258064516129032,3577.408293976839,95.0,680,88,0.12058823529411765
2.0,3,30.0,2,5.0,5.0,-1.0,15457,93,0.3659183541437536,0.0992430613961312,0.5348385844601151,712,7.655913978494624,3316.5556058743614,95.0,625,87,0.1744
2.0,3,30.0,2,5.0,5.0,-0.9,15457,93,0.35453192728213756,0.0992430613961312,0.5462250113217313,654,7.032258064516129,3046.3867503396523,95.0,569,85,0.24253075571177504
2.0,3,30.0,2,5.0,5.0,-0.8,15457,93,0.3507795820663777,0.009316167432231352,0.639904250501391,768,8.258064516129032,3577.408293976839,95.0,679,89,0.0
2.0,3,30.0,2,5.0,5.0,-0.7,15457,93,0.3317590735589053,0.012550947790645015,0.6556899786504496,687,7.387096774193548,3200.103512971469,85.0,602,85,0.11960132890365449
2.0,3,30.0,2,5.0,5.0,-0.6,15457,93,0.3146794332664812,0.012550947790645015,0.6727696189428738,577,6.204301075268817,2687.714304198745,85.0,496,81,0.14516129032258066
2.0,3,30.0,2,5.0,5.0,-0.5,15457,93,0.31060361001488,0.012550947790645015,0.676845442194475,577,6.204301075268817,2687.714304198745,80.0,496,81,0.14516129032258066
2.0,3,30.0,2,5.0,5.0,-0.4,15457,93,0.2511483470272369,0.07013003817040823,0.6787216148023549,689,7.408602150537634,3209.419680403701,75.0,665,24,0.2
2.0,3,30.0,2,5.0,5.0,-0.3,15457,93,0.245261046774924,0.050397877984084884,0.7043410752409911,615,6.612903225806452,2864.7214854111407,60.0,534,81,0.1348314606741573
2.0,3,30.0,2,5.0,5.0,-0.2,15457,93,0.2429967005240344,0.050397877984084884,0.7066054214918807,615,6.612903225806452,2864.7214854111407,60.0,534,81,0.1348314606741573
2.0,3,30.0,2,5.0,5.0,-0.1,15457,93,0.24073235427314485,0.050397877984084884,0.7088697677427702,615,6.612903225806452,2864.7214854111407,60.0,534,81,0.1348314606741573
2.0,3,30.0,2,5.0,5.0,0.0,15457,93,0.2275344504108171,0.0,0.7724655495891829,551,5.924731182795699,2566.6041275797375,75.0,470,81,0.15531914893617021
2.0,3,30.0,2,5.0,5.0,0.1,15457,93,0.20974315843954194,0.007051821181341787,0.7832050203791162,484,5.204301075268817,2254.5125185999873,75.0,404,80,0.2623762376237624
2.0,3,30.0,2,5.0,5.0,0.2,15457,93,0.20961376722520542,0.006857734359836967,0.7835284984149576,482,5.182795698924731,2245.196351167756,75.0,402,80,0.263681592039801
2.0,3,30.0,2,5.0,5.0,0.3,15457,93,0.20754350779582068,0.002587824286730931,0.7898686679174484,416,4.473118279569892,1937.762825904121,75.0,336,80,0.4107142857142857
2.0,3,30.0,2,5.0,5.0,0.4,15457,93,0.2033382933298829,0.00038817364300963963,0.7962735330271075,382,4.10752688172043,1779.3879795561882,75.0,302,80,0.5099337748344371
2.0,3,30.0,2,5.0,5.0,0.5,15457,93,0.20159151193633953,0.0004528692501779129,0.7979556188134825,384,4.129032258064516,1788.7041469884196,75.0,304,80,0.506578947368421
2.0,3,30.0,2,5.0,5.0,0.6,15457,93,0.19738629747040176,0.0,0.8026137025295983,380,4.086021505376344,1770.0718121239565,75.0,300,80,0.5166666666666667
2.0,3,30.0,2,5.0,5.0,0.7,15457,93,0.19738629747040176,0.0,0.8026137025295983,380,4.086021505376344,1770.0718121239565,75.0,300,80,0.5166666666666667
2.0,3,30.0,2,5.0,5.0,0.8,15457,93,0.1934398654331371,0.0,0.8065601345668629,380,4.086021505376344,1770.0718121239565,80.0,300,80,0.5166666666666667
2.0,3,30.0,2,5.0,5.0,0.9,15457,93,0.19136960600375236,0.0,0.8086303939962477,380,4.086021505376344,1770.0718121239565,80.0,300,80,0.5166666666666667
2.0,3,30.0,2,5.0,5.0,1.0,15457,93,0.18651743546613184,0.0,0.8134825645338681,330,3.5483870967741935,1537.167626318173,82.5,275,55,0.5636363636363636
2.0,3,30.0,3,5.0,10.0,-4.0,15457,93,1.0,0.0,0.0,0,0.0,0.0,,0,0,
2.0,3,30.0,3,5.0,10.0,-3.9,15457,93,1.0,0.0,0.0,0,0.0,0.0,,0,0,
2.0,3,30.0,3,5.0,10.0,-3.8,15457,93,1.0,0.0,0.0,0,0.0,0.0,,0,0,
2.0,3,30.0,3,5.0,10.0,-3.7,15457,93,1.0,0.0,0.0,0,0.0,0.0,,0,0,
2.0,3,30.0,3,5.0,10.0,-3.6,15457,93,1.0,0.0,0.0,0,0.0,0.0,,0,0,
2.0,3,30.0,3,5.0,10.0,-3.5,15457,93,1.0,0.0,0.0,0,0.0,0.0,,0,0,
2.0,3,30.0,3,5.0,10.0,-3.4,15457,93,1.0,0.0,0.0,0,0.0,0.0,,0,0,
2.0,3,30.0,3,5.0,10.0,-3.3,15457,93,1.0,0.0,0.0,0,0.0,0.0,,0,0,
2.0,3,30.0,3,5.0,10.0,-3.2,15457,93,1.0,0.0,0.0,0,0.0,0.0,,0,0,
2.0,3,30.0,3,5.0,10.0,-3.1,15457,93,1.0,0.0,0.0,0,0.0,0.0,,0,0,
2.0,3,30.0,3,5.0,10.0,-3.0,15457,93,1.0,0.0,0.0,0,0.0,0.0,,0,0,
2.0,3,30.0,3,5.0,10.0,-2.9,15457,93,1.0,0.0,0.0,0,0.0,0.0,,0,0,
2.0,3,30.0,3,5.0,10.0,-2.8,15457,93,1.0,0.0,0.0,0,0.0,0.0,,0,0,
2.0,3,30.0,3,5.0,10.0,-2.7,15457,93,1.0,0.0,0.0,0,0.0,0.0,,0,0,
2.0,3,30.0,3,5.0,10.0,-2.6,15457,93,1.0,0.0,0.0,0,0.0,0.0,,0,0,
2.0,3,30.0,3,5.0,10.0,-2.5,15457,93,1.0,0.0,0.0,0,0.0,0.0,,0,0,
2.0,3,30.0,3,5.0,10.0,-2.4,15457,93,0.9984473054279615,0.0015526945720385585,0.0,4,0.043010752688172046,18.632334864462702,67.5,4,0,0.5
2.0,3,30.0,3,5.0,10.0,-2.3,15457,93,0.9149252765737207,0.08507472342627935,0.0,145,1.5591397849462365,675.422138836773,95.0,140,5,0.9857142857142858
2.0,3,30.0,3,5.0,10.0,-2.2,15457,93,0.8328265510771818,0.1663324060296306,0.0008410428931875525,280,3.010752688172043,1304.263440512389,95.0,272,8,0.7352941176470589
2.0,3,30.0,3,5.0,10.0,-2.1,15457,93,0.7431584395419552,0.1718315326389338,0.08501002781911109,430,4.623655913978495,2002.9759979297405,90.0,419,11,0.6610978520286396
2.0,3,30.0,3,5.0,10.0,-2.0,15457,93,0.6349226887494339,0.182765090250372,0.1823122210001941,603,6.483870967741935,2808.8244808177524,95.0,585,18,0.5094017094017094
2.0,3,30.0,3,5.0,10.0,-1.9,15457,93,0.6259946949602122,0.10571262211295852,0.2682926829268293,603,6.483870967741935,2808.8244808177524,95.0,520,83,0.325
2.0,3,30.0,3,5.0,10.0,-1.8,15457,93,0.5620107394707899,0.06126673998835479,0.37672252054085525,681,7.32258064516129,3172.155010674775,95.0,594,87,0.13636363636363635
2.0,3,30.0,3,5.0,10.0,-1.7,15457,93,0.5545707446464385,0.05926117616613832,0.3861680791874232,681,7.32258064516129,3172.155010674775,95.0,594,87,0.13636363636363635
2.0,3,30.0,3,5.0,10.0,-1.6,15457,93,0.5457721420715533,0.0007763472860192793,0.4534515106424274,606,6.516129032258065,2822.7987319660997,95.0,518,88,0.15637065637065636
2.0,3,30.0,3,5.0,10.0,-1.5,15457,93,0.541890405641457,0.0007763472860192793,0.45733324707252376,606,6.516129032258065,2822.7987319660997,95.0,518,88,0.15637065637065636
2.0,3,30.0,3,5.0,10.0,-1.4,15457,93,0.5325742382092256,0.0007763472860192793,0.4666494145047551,605,6.505376344086022,2818.1406482499838,100.0,517,88,0.15667311411992263
2.0,3,30.0,3,5.0,10.0,-1.3,15457,93,0.41961570809342047,0.09814323607427056,0.482241055832309,769,8.268817204301076,3582.066377692955,95.0,681,88,0.12041116005873716
2.0,3,30.0,3,5.0,10.0,-1.2,15457,93,0.3896616419745099,0.0978197580384292,0.5125185999870608,737,7.924731182795699,3433.0076987772527,95.0,650,87,0.14923076923076922
2.0,3,30.0,3,5.0,10.0,-1.1,15457,93,0.3677298311444653,0.0978197580384292,0.5344504108171055,623,6.698924731182796,2901.986155140066,95.0,539,84,0.2857142857142857
2.0,3,30.0,3,5.0,10.0,-1.0,15457,93,0.3597722714627677,0.09904897457462639,0.541178753962606,623,6.698924731182796,2901.986155140066,95.0,539,84,0.28385899814471244
2.0,3,30.0,3,5.0,10.0,-0.9,15457,93,0.3514912337452287,0.09904897457462639,0.5494597916801449,598,6.43010752688172,2785.534062237174,95.0,515,83,0.2970873786407767
2.0,3,30.0,3,5.0,10.0,-0.8,15457,93,0.34443941256388694,0.0,0.6555605874361131,544,5.849462365591398,2533.9975415669273,90.0,461,83,0.1561822125813449
2.0,3,30.0,3,5.0,10.0,-0.7,15457,93,0.32496603480623665,0.0084751245390438,0.6665588406547196,551,5.924731182795699,2566.6041275797375,85.0,470,81,0.15319148936170213
2.0,3,30.0,3,5.0,10.0,-0.6,15457,93,0.31849647408940934,0.0084751245390438,0.6730284013715468,551,5.924731182795699,2566.6041275797375,85.0,470,81,0.15319148936170213
2.0,3,30.0,3,5.0,10.0,-0.5,15457,93,0.3144206508378081,0.0084751245390438,0.6771042246231481,551,5.924731182795699,2566.6041275797375,80.0,470,81,0.15319148936170213
2.0,3,30.0,3,5.0,10.0,-0.4,15457,93,0.25677686485087664,0.0571262211295853,0.6860969140195381,553,5.946236559139785,2575.920295011969,70.0,472,81,0.15254237288135594
2.0,3,30.0,3,5.0,10.0,-0.3,15457,93,0.25088956459856376,0.050268486769748336,0.6988419486316879,615,6.612903225806452,2864.7214854111407,60.0,534,81,0.1348314606741573
2.0,3,30.0,3,5.0,10.0,-0.2,15457,93,0.2486252183476742,0.050268486769748336,0.7011062948825775,615,6.612903225806452,2864.7214854111407,60.0,534,81,0.1348314606741573
2.0,3,30.0,3,5.0,10.0,-0.1,15457,93,0.2461667852752798,0.050268486769748336,0.7035647279549718,613,6.591397849462366,2855.4053179789094,60.0,532,81,0.13721804511278196
2.0,3,30.0,3,5.0,10.0,0.0,15457,93,0.2180888917642492,0.0,0.7819111082357508,384,4.129032258064516,1788.7041469884196,70.0,304,80,0.506578947368421
2.0,3,30.0,3,5.0,10.0,0.1,15457,93,0.21543637187035,0.0005822604645144595,0.7839813676651355,384,4.129032258064516,1788.7041469884196,70.0,304,80,0.506578947368421
2.0,3,30.0,3,5.0,10.0,0.2,15457,93,0.21511289383450863,0.0005175648573461862,0.7843695413081452,382,4.10752688172043,1779.3879795561882,70.0,302,80,0.5099337748344371
2.0,3,30.0,3,5.0,10.0,0.3,15457,93,0.2130426344051239,0.0005175648573461862,0.78643980073753,382,4.10752688172043,1779.3879795561882,70.0,302,80,0.5099337748344371
2.0,3,30.0,3,5.0,10.0,0.4,15457,93,0.2065083780811283,0.00038817364300963963,0.7931034482758621,356,3.827956989247312,1658.2778029371807,72.5,289,67,0.532871972318339
2.0,3,30.0,3,5.0,10.0,0.5,15457,93,0.19971533932845958,0.00032347803584136637,0.799961182635699,304,3.2688172043010755,1416.0574496991655,250.0,263,41,0.5855513307984791
2.0,3,30.0,3,5.0,10.0,0.6,15457,93,0.1924047357184447,0.0,0.8075952642815553,270,2.903225806451613,1257.6826033512325,260.0,230,40,0.6086956521739131
2.0,3,30.0,3,5.0,10.0,0.7,15457,93,0.1924047357184447,0.0,0.8075952642815553,270,2.903225806451613,1257.6826033512325,260.0,230,40,0.6086956521739131
2.0,3,30.0,3,5.0,10.0,0.8,15457,93,0.1844471760367471,0.0,0.8155528239632529,220,2.3655913978494625,1024.7784175454487,260.0,205,15,0.6829268292682927
2.0,3,30.0,3,5.0,10.0,0.9,15457,93,0.17616613831920813,0.0,0.8238338616807919,156,1.6774193548387097,726.6610597140453,260.0,144,12,0.7708333333333334
2.0,3,30.0,3,5.0,10.0,1.0,15457,93,0.17616613831920813,0.0,0.8238338616807919,156,1.6774193548387097,726.6610597140453,260.0,144,12,0.7708333333333334
2.0,3,60.0,1,5.0,0.0,-4.0,15457,93,1.0,0.0,0.0,0,0.0,0.0,,0,0,
2.0,3,60.0,1,5.0,0.0,-3.9,15457,93,1.0,0.0,0.0,0,0.0,0.0,,0,0,
2.0,3,60.0,1,5.0,0.0,-3.8,15457,93,1.0,0.0,0.0,0,0.0,0.0,,0,0,
2.0,3,60.0,1,5.0,0.0,-3.7,15457,93,1.0,0.0,0.0,0,0.0,0.0,,0,0,
2.0,3,60.0,1,5.0,0.0,-3.6,15457,93,1.0,0.0,0.0,0,0.0,0.0,,0,0,
2.0,3,60.0,1,5.0,0.0,-3.5,15457,93,1.0,0.0,0.0,0,0.0,0.0,,0,0,
2.0,3,60.0,1,5.0,0.0,-3.4,15457,93,1.0,0.0,0.0,0,0.0,0.0,,0,0,
2.0,3,60.0,1,5.0,0.0,-3.3,15457,93,1.0,0.0,0.0,0,0.0,0.0,,0,0,
2.0,3,60.0,1,5.0,0.0,-3.2,15457,93,1.0,0.0,0.0,0,0.0,0.0,,0,0,
2.0,3,60.0,1,5.0,0.0,-3.1,15457,93,1.0,0.0,0.0,0,0.0,0.0,,0,0,
2.0,3,60.0,1,5.0,0.0,-3.0,15457,93,1.0,0.0,0.0,0,0.0,0.0,,0,0,
2.0,3,60.0,1,5.0,0.0,-2.9,15457,93,1.0,0.0,0.0,0,0.0,0.0,,0,0,
2.0,3,60.0,1,5.0,0.0,-2.8,15457,93,1.0,0.0,0.0,0,0.0,0.0,,0,0,
2.0,3,60.0,1,5.0,0.0,-2.7,15457,93,1.0,0.0,0.0,0,0.0,0.0,,0,0,
2.0,3,60.0,1,5.0,0.0,-2.6,15457,93,1.0,0.0,0.0,0,0.0,0.0,,0,0,
2.0,3,60.0,1,5.0,0.0,-2.5,15457,93,1.0,0.0,0.0,0,0.0,0.0,,0,0,
2.0,3,60.0,1,5.0,0.0,-2.4,15457,93,0.9992236527139807,0.0007763472860192793,0.0,4,0.043010752688172046,18.632334864462702,67.5,4,0,0.5
2.0,3,60.0,1,5.0,0.0,-2.3,15457,93,0.9430678656919195,0.05693213430808048,0.0,144,1.5483870967741935,670.7640551206573,65.0,140,4,0.4928571428571429
2.0,3,60.0,1,5.0,0.0,-2.2,15457,93,0.8833538202756033,0.11625800608138707,0.00038817364300963963,282,3.032258064516129,1313.5796079446206,70.0,274,8,0.48905109489051096
2.0,3,60.0,1,5.0,0.0,-2.1,15457,93,0.7712363330529857,0.18813482564533868,0.040628841301675614,714,7.67741935483871,3325.8717733065923,35.0,701,13,0.19828815977175462
2.0,3,60.0,1,5.0,0.0,-2.0,15457,93,0.6436565957171508,0.2343274891634858,0.1220159151193634,896,9.634408602150538,4173.643009639645,45.0,878,18,0.17084282460136674
2.0,3,60.0,1,5.0,0.0,-1.9,15457,93,0.5818075952642816,0.22429967005240345,0.193892734683315,1167,12.548387096774194,5435.983696706993,30.0,1148,19,0.1289198606271777
2.0,3,60.0,1,5.0,0.0,-1.8,15457,93,0.49194539690754996,0.2418321795950055,0.2662224234974445,1509,16.225806451612904,7029.048327618555,30.0,1488,21,0.09946236559139784
2.0,3,60.0,1,5.0,0.0,-1.7,15457,93,0.47745358090185674,0.22960470984020184,0.2929417092579414,1241,13.344086021505376,5780.681891699554,35.0,1220,21,0.12131147540983607
2.0,3,60.0,1,5.0,0.0,-1.6,15457,93,0.43986543313709,0.18069483082098725,0.37943973604192277,1073,11.53763440860215,4998.123827392121,35.0,1050,23,0.21047619047619048
2.0,3,60.0,1,5.0,0.0,-1.5,15457,93,0.43611308792133013,0.1786245713916025,0.38526234068706733,1073,11.53763440860215,4998.123827392121,30.0,1051,22,0.21122740247383445
2.0,3,60.0,1,5.0,0.0,-1.4,15457,93,0.4304198744905221,0.1631623212783852,0.4064178042310927,1073,11.53763440860215,4998.123827392121,30.0,1051,22,0.21122740247383445
2.0,3,60.0,1,5.0,0.0,-1.3,15457,93,0.34748010610079577,0.21414245972698454,0.4383774341722197,1234,13.268817204301076,5748.075305686744,35.0,1209,25,0.17038875103391232
2.0,3,60.0,1,5.0,0.0,-1.2,15457,93,0.33156498673740054,0.17927152746328523,0.48916348579931423,1089,11.709677419354838,5072.653166849971,40.0,1065,24,0.1624413145539906
2.0,3,60.0,1,5.0,0.0,-1.1,15457,93,0.3270362942356214,0.12906773630070517,0.5438959694636735,945,10.161290322580646,4401.889111729314,40.0,926,19,0.1511879049676026
2.0,3,60.0,1,5.0,0.0,-1.0,15457,93,0.30762761208513945,0.14200685773435984,0.5503655301805007,947,10.182795698924732,4411.205279161545,25.0,928,19,0.14870689655172414
2.0,3,60.0,1,5.0,0.0,-0.9,15457,93,0.3034870932263699,0.12182182829785858,0.5746910784757715,812,8.731182795698924,3782.363977485929,25.0,796,16,0.17336683417085427
2.0,3,60.0,1,5.0,0.0,-0.8,15457,93,0.2469431325612991,0.12971469237238792,0.623342175066313,978,10.516129032258064,4555.605874361131,20.0,962,16,0.14345114345114346
2.0,3,60.0,1,5.0,0.0,-0.7,15457,93,0.22591706023161026,0.14614737659312932,0.6279355631752604,1038,11.161290322580646,4835.090897328072,20.0,959,79,0.14389989572471323
2.0,3,60.0,1,5.0,0.0,-0.6,15457,93,0.21297793879795562,0.15268163291712492,0.6343404282849194,872,9.376344086021506,4061.8490004528694,25.0,793,79,0.17402269861286254
2.0,3,60.0,1,5.0,0.0,-0.5,15457,93,0.21123115740441223,0.15028789545189883,0.638480947143689,870,9.35483870967742,4052.532833020638,25.0,791,79,0.1592920353982301
2.0,3,60.0,1,5.0,0.0,-0.4,15457,93,0.18121239567833344,0.1520346768454422,0.6667529274762244,709,7.623655913978495,3302.581354726014,40.0,630,79,0.12063492063492064
2.0,3,60.0,1,5.0,0.0,-0.3,15457,93,0.1757132690690302,0.13346703758814776,0.690819693342822,768,8.258064516129032,3577.408293976839,40.0,689,79,0.10885341074020319
2.0,3,60.0,1,5.0,0.0,-0.2,15457,93,0.1757132690690302,0.11612861486705053,0.7081581160639192,768,8.258064516129032,3577.408293976839,35.0,689,79,0.22931785195936139
2.0,3,60.0,1,5.0,0.0,-0.1,15457,93,0.1757132690690302,0.11379957300899268,0.7104871579219771,766,8.236559139784946,3568.0921265446077,35.0,687,79,0.22998544395924309
2.0,3,60.0,1,5.0,0.0,0.0,15457,93,0.16186840913501974,0.06941838649155722,0.768713204373423,541,5.817204301075269,2520.0232904185805,40.0,464,77,0.34051724137931033
2.0,3,60.0,1,5.0,0.0,0.1,15457,93,0.16180371352785147,0.044575273338940284,0.7936210131332082,477,5.129032258064516,2221.9059325871776,25.0,402,75,0.39552238805970147
2.0,3,60.0,1,5.0,0.0,0.2,15457,93,0.16180371352785147,0.044575273338940284,0.7936210131332082,477,5.129032258064516,2221.9059325871776,25.0,402,75,0.39552238805970147
2.0,3,60.0,1,5.0,0.0,0.3,15457,93,0.16173901792068318,0.042440318302387266,0.7958206637769295,476,5.118279569892473,2217.2478488710617,25.0,401,75,0.39650872817955113
2.0,3,60.0,1,5.0,0.0,0.4,15457,93,0.1592805848482888,0.021608332794203274,0.819111082357508,314,3.3763440860215055,1462.6382868603223,15.0,245,69,0.34285714285714286
2.0,3,60.0,1,5.0,0.0,0.5,15457,93,0.15921588924112054,0.01992624700782817,0.8208578637510513,312,3.3548387096774195,1453.3221194280907,12.5,243,69,0.3497942386831276
2.0,3,60.0,1,5.0,0.0,0.6,15457,93,0.15915119363395225,0.01992624700782817,0.8209225593582196,312,3.3548387096774195,1453.3221194280907,12.5,243,69,0.3497942386831276
2.0,3,60.0,1,5.0,0.0,0.7,15457,93,0.15915119363395225,0.01992624700782817,0.8209225593582196,312,3.3548387096774195,1453.3221194280907,12.5,243,69,0.3497942386831276
2.0,3,60.0,1,5.0,0.0,0.8,15457,93,0.1568868473830627,0.011709904897457463,0.8314032477194798,186,2.0,866.4035711975157,12.5,180,6,0.4722222222222222
2.0,3,60.0,1,5.0,0.0,0.9,15457,93,0.15682215177589443,0.011774600504625737,0.8314032477194798,186,2.0,866.4035711975157,12.5,180,6,0.4722222222222222
2.0,3,60.0,1,5.0,0.0,1.0,15457,93,0.15682215177589443,0.011774600504625737,0.8314032477194798,186,2.0,866.4035711975157,12.5,180,6,0.4722222222222222
2.0,3,60.0,2,5.0,5.0,-4.0,15457,93,1.0,0.0,0.0,0,0.0,0.0,,0,0,
2.0,3,60.0,2,5.0,5.0,-3.9,15457,93,1.0,0.0,0.0,0,0.0,0.0,,0,0,
2.0,3,60.0,2,5.0,5.0,-3.8,15457,93,1.0,0.0,0.0,0,0.0,0.0,,0,0,
2.0,3,60.0,2,5.0,5.0,-3.7,15457,93,1.0,0.0,0.0,0,0.0,0.0,,0,0,
2.0,3,60.0,2,5.0,5.0,-3.6,15457,93,1.0,0.0,0.0,0,0.0,0.0,,0,0,
2.0,3,60.0,2,5.0,5.0,-3.5,15457,93,1.0,0.0,0.0,0,0.0,0.0,,0,0,
2.0,3,60.0,2,5.0,5.0,-3.4,15457,93,1.0,0.0,0.0,0,0.0,0.0,,0,0,
2.0,3,60.0,2,5.0,5.0,-3.3,15457,93,1.0,0.0,0.0,0,0.0,0.0,,0,0,
2.0,3,60.0,2,5.0,5.0,-3.2,15457,93,1.0,0.0,0.0,0,0.0,0.0,,0,0,
2.0,3,60.0,2,5.0,5.0,-3.1,15457,93,1.0,0.0,0.0,0,0.0,0.0,,0,0,
2.0,3,60.0,2,5.0,5.0,-3.0,15457,93,1.0,0.0,0.0,0,0.0,0.0,,0,0,
2.0,3,60.0,2,5.0,5.0,-2.9,15457,93,1.0,0.0,0.0,0,0.0,0.0,,0,0,
2.0,3,60.0,2,5.0,5.0,-2.8,15457,93,1.0,0.0,0.0,0,0.0,0.0,,0,0,
2.0,3,60.0,2,5.0,5.0,-2.7,15457,93,1.0,0.0,0.0,0,0.0,0.0,,0,0,
2.0,3,60.0,2,5.0,5.0,-2.6,15457,93,1.0,0.0,0.0,0,0.0,0.0,,0,0,
2.0,3,60.0,2,5.0,5.0,-2.5,15457,93,1.0,0.0,0.0,0,0.0,0.0,,0,0,
2.0,3,60.0,2,5.0,5.0,-2.4,15457,93,0.9992236527139807,0.0007763472860192793,0.0,4,0.043010752688172046,18.632334864462702,67.5,4,0,0.5
2.0,3,60.0,2,5.0,5.0,-2.3,15457,93,0.9431972569062561,0.05680274309374393,0.0,144,1.5483870967741935,670.7640551206573,65.0,140,4,0.4928571428571429
2.0,3,60.0,2,5.0,5.0,-2.2,15457,93,0.8836126027042763,0.11599922365271398,0.00038817364300963963,282,3.032258064516129,1313.5796079446206,70.0,274,8,0.48905109489051096
2.0,3,60.0,2,5.0,5.0,-2.1,15457,93,0.7717538979103319,0.18774665200232904,0.04049945008733907,714,7.67741935483871,3325.8717733065923,35.0,701,13,0.19828815977175462
2.0,3,60.0,2,5.0,5.0,-2.0,15457,93,0.6444329430031701,0.23380992430613962,0.1217571326906903,896,9.634408602150538,4173.643009639645,45.0,878,18,0.17084282460136674
2.0,3,60.0,2,5.0,5.0,-1.9,15457,93,0.5846542019796855,0.22177654137284078,0.19356925664747363,1129,12.13978494623656,5258.976515494598,30.0,1110,19,0.13243243243243244
2.0,3,60.0,2,5.0,5.0,-1.8,15457,93,0.49310991783657887,0.24118522352332278,0.26570485864009835,1503,16.161290322580644,7001.09982532186,30.0,1481,22,0.09858203916272788
2.0,3,60.0,2,5.0,5.0,-1.7,15457,93,0.47861810183088566,0.22895775376851912,0.2924241444005952,1237,13.301075268817204,5762.049556835092,35.0,1215,22,0.12016460905349795
2.0,3,60.0,2,5.0,5.0,-1.6,15457,93,0.4411593452804555,0.18017726596364106,0.3786633887559035,1069,11.494623655913978,4979.491492527657,35.0,1046,23,0.21032504780114722
2.0,3,60.0,2,5.0,5.0,-1.5,15457,93,0.43740700006469563,0.17804231092708805,0.3845506890082163,1068,11.483870967741936,4974.833408811542,30.0,1045,23,0.20956937799043063
2.0,3,60.0,2,5.0,5.0,-1.4,15457,93,0.4317784822410558,0.16238597399236593,0.40583554376657827,1064,11.440860215053764,4956.201073947079,30.0,1040,24,0.20961538461538462
2.0,3,60.0,2,5.0,5.0,-1.3,15457,93,0.3490974962800026,0.2093549847965323,0.4415475189234651,1165,12.526881720430108,5426.667529274762,40.0,1140,25,0.1780701754385965
2.0,3,60.0,2,5.0,5.0,-1.2,15457,93,0.33318237691660735,0.17849518017726596,0.4883224429061267,1080,11.612903225806452,5030.73041340493,40.0,1055,25,0.16113744075829384
2.0,3,60.0,2,5.0,5.0,-1.1,15457,93,0.32858898880765997,0.12842078022902245,0.5429902309633176,936,10.064516129032258,4359.966358284272,40.0,916,20,0.14956331877729256
2.0,3,60.0,2,5.0,5.0,-1.0,15457,93,0.30924500226434626,0.14129520605550883,0.5494597916801449,936,10.064516129032258,4359.966358284272,30.0,916,20,0.14847161572052403
2.0,3,60.0,2,5.0,5.0,-0.9,15457,93,0.3051044834055768,0.12130426344051239,0.5735912531539108,804,8.64516129032258,3745.0993077570033,27.5,788,16,0.17385786802030456
2.0,3,60.0,2,5.0,5.0,-0.8,15457,93,0.24868991395484247,0.12919712751504173,0.6221129585301158,970,10.43010752688172,4518.3412046322055,20.0,954,16,0.14360587002096437
2.0,3,60.0,2,5.0,5.0,-0.7,15457,93,0.23167496926958658,0.14168337969851846,0.626641651031895,1033,11.10752688172043,4811.800478747493,20.0,954,79,0.14360587002096437
2.0,3,60.0,2,5.0,5.0,-0.6,15457,93,0.21867115222876365,0.14821763602251406,0.6331112117487223,866,9.311827956989248,4033.9004981561748,25.0,787,79,0.17534942820838628
2.0,3,60.0,2,5.0,5.0,-0.5,15457,93,0.2169243708352203,0.14575920295011968,0.63731642621466,863,9.279569892473118,4019.9262470078284,25.0,784,79,0.15943877551020408
2.0,3,60.0,2,5.0,5.0,-0.4,15457,93,0.18697030471630977,0.14731189752215826,0.665717797761532,700,7.526881720430108,3260.658601280973,40.0,621,79,0.12077294685990338
2.0,3,60.0,2,5.0,5.0,-0.3,15457,93,0.18166526492851134,0.1328847771236333,0.6854499579478553,763,8.204301075268818,3554.1178753962604,40.0,684,79,0.10964912280701754
2.0,3,60.0,2,5.0,5.0,-0.2,15457,93,0.18166526492851134,0.1154816587953678,0.7028530762761208,762,8.193548387096774,3549.459791680145,35.0,683,79,0.23133235724743778
2.0,3,60.0,2,5.0,5.0,-0.1,15457,93,0.18166526492851134,0.11315261693730996,0.7051821181341786,760,8.172043010752688,3540.143624247913,35.0,681,79,0.23201174743024963
2.0,3,60.0,2,5.0,5.0,0.0,15457,93,0.1677557093873326,0.06689525781199457,0.7653490328006728,471,5.064516129032258,2193.9574302904834,40.0,396,75,0.398989898989899
2.0,3,60.0,2,5.0,5.0,0.1,15457,93,0.16762631817299606,0.044122404088762376,0.7882512777382416,467,5.021505376344086,2175.32509542602,25.0,393,74,0.4071246819338422
2.0,3,60.0,2,5.0,5.0,0.2,15457,93,0.16762631817299606,0.044122404088762376,0.7882512777382416,467,5.021505376344086,2175.32509542602,25.0,393,74,0.4071246819338422
2.0,3,60.0,2,5.0,5.0,0.3,15457,93,0.16756162256582777,0.04205214465937763,0.7903862327747946,467,5.021505376344086,2175.32509542602,25.0,393,74,0.4071246819338422
2.0,3,60.0,2,5.0,5.0,0.4,15457,93,0.16516788510060168,0.021284854758361907,0.8135472601410364,308,3.3118279569892475,1434.689784563628,17.5,239,69,0.35564853556485354
2.0,3,60.0,2,5.0,5.0,0.5,15457,93,0.1651031894934334,0.019667464579155074,0.8152293459274115,308,3.3118279569892475,1434.689784563628,15.0,239,69,0.35564853556485354
2.0,3,60.0,2,5.0,5.0,0.6,15457,93,0.16503849388626513,0.019667464579155074,0.8152940415345798,308,3.3118279569892475,1434.689784563628,15.0,239,69,0.35564853556485354
2.0,3,60.0,2,5.0,5.0,0.7,15457,93,0.16503849388626513,0.019667464579155074,0.8152940415345798,308,3.3118279569892475,1434.689784563628,15.0,239,69,0.35564853556485354
2.0,3,60.0,2,5.0,5.0,0.8,15457,93,0.16283884324254383,0.011386426861616096,0.8257747298958401,181,1.946236559139785,843.1131526169373,25.0,175,6,0.4857142857142857
2.0,3,60.0,2,5.0,5.0,0.9,15457,93,0.16270945202820727,0.011515818075952642,0.8257747298958401,182,1.956989247311828,847.7712363330529,17.5,176,6,0.48295454545454547
2.0,3,60.0,2,5.0,5.0,1.0,15457,93,0.16270945202820727,0.011515818075952642,0.8257747298958401,182,1.956989247311828,847.7712363330529,17.5,176,6,0.48295454545454547
2.0,3,60.0,3,5.0,10.0,-4.0,15457,93,1.0,0.0,0.0,0,0.0,0.0,,0,0,
2.0,3,60.0,3,5.0,10.0,-3.9,15457,93,1.0,0.0,0.0,0,0.0,0.0,,0,0,
2.0,3,60.0,3,5.0,10.0,-3.8,15457,93,1.0,0.0,0.0,0,0.0,0.0,,0,0,
2.0,3,60.0,3,5.0,10.0,-3.7,15457,93,1.0,0.0,0.0,0,0.0,0.0,,0,0,
2.0,3,60.0,3,5.0,10.0,-3.6,15457,93,1.0,0.0,0.0,0,0.0,0.0,,0,0,
2.0,3,60.0,3,5.0,10.0,-3.5,15457,93,1.0,0.0,0.0,0,0.0,0.0,,0,0,
2.0,3,60.0,3,5.0,10.0,-3.4,15457,93,1.0,0.0,0.0,0,0.0,0.0,,0,0,
2.0,3,60.0,3,5.0,10.0,-3.3,15457,93,1.0,0.0,0.0,0,0.0,0.0,,0,0,
2.0,3,60.0,3,5.0,10.0,-3.2,15457,93,1.0,0.0,0.0,0,0.0,0.0,,0,0,
2.0,3,60.0,3,5.0,10.0,-3.1,15457,93,1.0,0.0,0.0,0,0.0,0.0,,0,0,
2.0,3,60.0,3,5.0,10.0,-3.0,15457,93,1.0,0.0,0.0,0,0.0,0.0,,0,0,
2.0,3,60.0,3,5.0,10.0,-2.9,15457,93,1.0,0.0,0.0,0,0.0,0.0,,0,0,
2.0,3,60.0,3,5.0,10.0,-2.8,15457,93,1.0,0.0,0.0,0,0.0,0.0,,0,0,
2.0,3,60.0,3,5.0,10.0,-2.7,15457,93,1.0,0.0,0.0,0,0.0,0.0,,0,0,
2.0,3,60.0,3,5.0,10.0,-2.6,15457,93,1.0,0.0,0.0,0,0.0,0.0,,0,0,
2.0,3,60.0,3,5.0,10.0,-2.5,15457,93,1.0,0.0,0.0,0,0.0,0.0,,0,0,
2.0,3,60.0,3,5.0,10.0,-2.4,15457,93,0.9992236527139807,0.0007763472860192793,0.0,4,0.043010752688172046,18.632334864462702,65.0,4,0,0.5
2.0,3,60.0,3,5.0,10.0,-2.3,15457,93,0.9433266481205926,0.05667335187940739,0.0,144,1.5483870967741935,670.7640551206573,65.0,140,4,0.4928571428571429
2.0,3,60.0,3,5.0,10.0,-2.2,15457,93,0.8838713851329495,0.11574044122404088,0.00038817364300963963,280,3.010752688172043,1304.263440512389,70.0,273,7,0.4908424908424908
2.0,3,60.0,3,5.0,10.0,-2.1,15457,93,0.7722714627676781,0.17830109335576114,0.049427443876560784,570,6.129032258064516,2655.1077181859355,55.0,558,12,0.24910394265232974
2.0,3,60.0,3,5.0,10.0,-2.0,15457,93,0.6453386815035259,0.23303357702012034,0.12162774147635376,891,9.580645161290322,4150.352591059067,45.0,873,18,0.1706758304696449
2.0,3,60.0,3,5.0,10.0,-1.9,15457,93,0.5863362877660607,0.21194280908326324,0.20172090315067606,869,9.344086021505376,4047.874749304522,55.0,850,19,0.17294117647058824
2.0,3,60.0,3,5.0,10.0,-1.8,15457,93,0.4889047033706411,0.21685967522805202,0.2942356214013068,1043,11.21505376344086,4858.381315908649,40.0,1022,21,0.14285714285714285
2.0,3,60.0,3,5.0,10.0,-1.7,15457,93,0.4797179271527463,0.20799637704599858,0.3122856958012551,989,10.634408602150538,4606.844795238403,50.0,968,21,0.15082644628099173
2.0,3,60.0,3,5.0,10.0,-1.6,15457,93,0.45157533803454747,0.16083327942032735,0.3875913825451252,921,9.903225806451612,4290.0951025425375,45.0,898,23,0.24387527839643652
2.0,3,60.0,3,5.0,10.0,-1.5,15457,93,0.4478229928187876,0.15882771559811087,0.3933492915831015,920,9.89247311827957,4285.437018826422,47.5,898,22,0.24387527839643652
2.0,3,60.0,3,5.0,10.0,-1.4,15457,93,0.44219447499514786,0.14336546548489357,0.4144400595199586,917,9.86021505376344,4271.462767678075,40.0,894,23,0.24384787472035793
2.0,3,60.0,3,5.0,10.0,-1.3,15457,93,0.3486446270298247,0.19790386232774795,0.4534515106424274,992,10.666666666666666,4620.81904638675,40.0,968,24,0.20867768595041322
2.0,3,60.0,3,5.0,10.0,-1.2,15457,93,0.3458627159215889,0.1541696318819952,0.49996765219641587,880,9.46236559139785,4099.113670181795,55.0,856,24,0.1588785046728972
2.0,3,60.0,3,5.0,10.0,-1.1,15457,93,0.35162062495956525,0.09050915442841431,0.5578702206120204,602,6.473118279569892,2804.166397101637,60.0,583,19,0.23156089193825044
2.0,3,60.0,3,5.0,10.0,-1.0,15457,93,0.3219900368764961,0.11024131461473766,0.5677686485087663,630,6.774193548387097,2934.592741152876,45.0,614,16,0.22149837133550487
2.0,3,60.0,3,5.0,10.0,-0.9,15457,93,0.31765543119622175,0.09037976321407776,0.5919648055897004,563,6.053763440860215,2622.5011321731254,65.0,486,77,0.15432098765432098
2.0,3,60.0,3,5.0,10.0,-0.8,15457,93,0.2591706023161027,0.09102671928576049,0.6498026783981368,575,6.182795698924731,2678.3981367665137,55.0,522,53,0.1896551724137931
2.0,3,60.0,3,5.0,10.0,-0.7,15457,93,0.2423497444523517,0.10267192857604969,0.6549783269715986,633,6.806451612903226,2948.5669923012224,50.0,555,78,0.22162162162162163
2.0,3,60.0,3,5.0,10.0,-0.6,15457,93,0.23594487934269262,0.12001035129714692,0.6440447693601604,600,6.451612903225806,2794.8502296694055,50.0,522,78,0.23563218390804597
2.0,3,60.0,3,5.0,10.0,-0.5,15457,93,0.23419809794914925,0.11781070065342564,0.6479912013974252,599,6.440860215053763,2790.19214595329,50.0,521,78,0.21689059500959693
2.0,3,60.0,3,5.0,10.0,-0.4,15457,93,0.20424403183023873,0.13133208255159476,0.6644238856181666,608,6.537634408602151,2832.114899398331,40.0,530,78,0.14150943396226415
2.0,3,60.0,3,5.0,10.0,-0.3,15457,93,0.19712751504172868,0.11295853011580513,0.6899139548424662,596,6.408602150537634,2776.2178948049427,40.0,519,77,0.14450867052023122
2.0,3,60.0,3,5.0,10.0,-0.2,15457,93,0.19712751504172868,0.09568480300187618,0.7071876819563951,596,6.408602150537634,2776.2178948049427,40.0,519,77,0.14450867052023122
2.0,3,60.0,3,5.0,10.0,-0.1,15457,93,0.19712751504172868,0.09335576114381834,0.709516723814453,594,6.387096774193548,2766.9017273727113,40.0,517,77,0.1450676982591876
2.0,3,60.0,3,5.0,10.0,0.0,15457,93,0.18477065407258847,0.055185352914537106,0.7600439930128744,378,4.064516129032258,1760.7556446917256,40.0,302,76,0.5198675496688742
2.0,3,60.0,3,5.0,10.0,0.1,15457,93,0.18477065407258847,0.03060102219059326,0.7846283237368182,346,3.7204301075268815,1611.6969657760237,40.0,272,74,0.5257352941176471
2.0,3,60.0,3,5.0,10.0,0.2,15457,93,0.18477065407258847,0.03060102219059326,0.7846283237368182,346,3.7204301075268815,1611.6969657760237,40.0,272,74,0.5257352941176471
2.0,3,60.0,3,5.0,10.0,0.3,15457,93,0.1847059584654202,0.024390243902439025,0.7909037976321408,282,3.032258064516129,1313.5796079446206,40.0,210,72,0.5380952380952381
2.0,3,60.0,3,5.0,10.0,0.4,15457,93,0.18244161221453065,0.004852170537620495,0.8127062172478489,143,1.5376344086021505,666.1059714045416,515.0,110,33,0.7545454545454545
2.0,3,60.0,3,5.0,10.0,0.5,15457,93,0.18237691660736235,0.0,0.8176230833926377,93,1.0,433.20178559875785,835.0,85,8,0.9764705882352941
2.0,3,60.0,3,5.0,10.0,0.6,15457,93,0.1823122210001941,0.0,0.8176877789998059,93,1.0,433.20178559875785,835.0,85,8,0.9764705882352941
2.0,3,60.0,3,5.0,10.0,0.7,15457,93,0.1823122210001941,0.0,0.8176877789998059,93,1.0,433.20178559875785,835.0,85,8,0.9764705882352941
2.0,3,60.0,3,5.0,10.0,0.8,15457,93,0.17998317914213624,0.0,0.8200168208578638,93,1.0,433.20178559875785,840.0,85,8,0.9764705882352941
2.0,3,60.0,3,5.0,10.0,0.9,15457,93,0.17998317914213624,0.0,0.8200168208578638,93,1.0,433.20178559875785,840.0,85,8,0.9764705882352941
2.0,3,60.0,3,5.0,10.0,1.0,15457,93,0.17998317914213624,0.0,0.8200168208578638,93,1.0,433.20178559875785,840.0,85,8,0.9764705882352941
2.0,3,120.0,1,5.0,0.0,-4.0,15457,93,1.0,0.0,0.0,0,0.0,0.0,,0,0,
2.0,3,120.0,1,5.0,0.0,-3.9,15457,93,1.0,0.0,0.0,0,0.0,0.0,,0,0,
2.0,3,120.0,1,5.0,0.0,-3.8,15457,93,1.0,0.0,0.0,0,0.0,0.0,,0,0,
2.0,3,120.0,1,5.0,0.0,-3.7,15457,93,1.0,0.0,0.0,0,0.0,0.0,,0,0,
2.0,3,120.0,1,5.0,0.0,-3.6,15457,93,1.0,0.0,0.0,0,0.0,0.0,,0,0,
2.0,3,120.0,1,5.0,0.0,-3.5,15457,93,1.0,0.0,0.0,0,0.0,0.0,,0,0,
2.0,3,120.0,1,5.0,0.0,-3.4,15457,93,1.0,0.0,0.0,0,0.0,0.0,,0,0,
2.0,3,120.0,1,5.0,0.0,-3.3,15457,93,1.0,0.0,0.0,0,0.0,0.0,,0,0,
2.0,3,120.0,1,5.0,0.0,-3.2,15457,93,1.0,0.0,0.0,0,0.0,0.0,,0,0,
2.0,3,120.0,1,5.0,0.0,-3.1,15457,93,1.0,0.0,0.0,0,0.0,0.0,,0,0,
2.0,3,120.0,1,5.0,0.0,-3.0,15457,93,1.0,0.0,0.0,0,0.0,0.0,,0,0,
2.0,3,120.0,1,5.0,0.0,-2.9,15457,93,1.0,0.0,0.0,0,0.0,0.0,,0,0,
2.0,3,120.0,1,5.0,0.0,-2.8,15457,93,1.0,0.0,0.0,0,0.0,0.0,,0,0,
2.0,3,120.0,1,5.0,0.0,-2.7,15457,93,1.0,0.0,0.0,0,0.0,0.0,,0,0,
2.0,3,120.0,1,5.0,0.0,-2.6,15457,93,1.0,0.0,0.0,0,0.0,0.0,,0,0,
2.0,3,120.0,1,5.0,0.0,-2.5,15457,93,1.0,0.0,0.0,0,0.0,0.0,,0,0,
2.0,3,120.0,1,5.0,0.0,-2.4,15457,93,1.0,0.0,0.0,0,0.0,0.0,,0,0,
2.0,3,120.0,1,5.0,0.0,-2.3,15457,93,1.0,0.0,0.0,0,0.0,0.0,,0,0,
2.0,3,120.0,1,5.0,0.0,-2.2,15457,93,0.9138901468590283,0.08610985314097173,0.0,410,4.408602150537634,1909.814323607427,20.0,405,5,0.1654320987654321
2.0,3,120.0,1,5.0,0.0,-2.1,15457,93,0.8154881283560846,0.1845118716439154,0.0,425,4.56989247311828,1979.6855793491623,60.0,418,7,0.5023923444976076
2.0,3,120.0,1,5.0,0.0,-2.0,15457,93,0.7000711651678851,0.2430613961312027,0.05686743870091221,691,7.43010752688172,3218.7358478359315,35.0,681,10,0.19970631424375918
2.0,3,120.0,1,5.0,0.0,-1.9,15457,93,0.5268163291712493,0.3234133402341981,0.14977033059455264,884,9.505376344086022,4117.746005046258,55.0,853,31,0.23329425556858147
2.0,3,120.0,1,5.0,0.0,-1.8,15457,93,0.45765672510836514,0.3477388885294688,0.194604386362166,742,7.978494623655914,3456.2981173578314,80.0,711,31,0.3980309423347398
2.0,3,120.0,1,5.0,0.0,-1.7,15457,93,0.45176942485605226,0.2905479717927153,0.25768260335123244,884,9.505376344086022,4117.746005046258,50.0,827,57,0.32889963724304716
2.0,3,120.0,1,5.0,0.0,-1.6,15457,93,0.4047357184447176,0.2231351491233745,0.37212913243190787,778,8.365591397849462,3623.9891311379956,50.0,719,59,0.33936022253129344
2.0,3,120.0,1,5.0,0.0,-1.5,15457,93,0.3843566021867115,0.22106488969398977,0.3945785081192987,793,8.526881720430108,3693.860386879731,40.0,738,55,0.33062330623306235
2.0,3,120.0,1,5.0,0.0,-1.4,15457,93,0.3555023613896616,0.1769424856052274,0.46755515300511097,790,8.494623655913978,3679.886135731384,35.0,713,77,0.22019635343618513
2.0,3,120.0,1,5.0,0.0,-1.3,15457,93,0.3302063789868668,0.16840266545901533,0.5013909555541178,631,6.78494623655914,2939.2508248689915,55.0,553,78,0.28028933092224234
2.0,3,120.0,1,5.0,0.0,-1.2,15457,93,0.31002134955036553,0.13586077505337388,0.5541178753962606,632,6.795698924731183,2943.9089085851074,40.0,553,79,0.28028933092224234
2.0,3,120.0,1,5.0,0.0,-1.1,15457,93,0.30413404929805266,0.12279226240538267,0.5730736882965647,634,6.817204301075269,2953.2250760173383,40.0,555,79,0.27927927927927926
2.0,3,120.0,1,5.0,0.0,-1.0,15457,93,0.22792262405382674,0.17383709646115028,0.598240279485023,791,8.505376344086022,3684.5442194474995,30.0,712,79,0.21769662921348315
2.0,3,120.0,1,5.0,0.0,-0.9,15457,93,0.21284854758361907,0.15559293523969722,0.6315585171766837,632,6.795698924731183,2943.9089085851074,30.0,554,78,0.36823104693140796
2.0,3,120.0,1,5.0,0.0,-0.8,15457,93,0.1989389920424403,0.14653555023613896,0.6545254577214207,469,5.043010752688172,2184.641262858252,95.0,391,78,0.4475703324808184
2.0,3,120.0,1,5.0,0.0,-0.7,15457,93,0.1885876948955166,0.14517694248560523,0.6662353626188782,469,5.043010752688172,2184.641262858252,90.0,392,77,0.40816326530612246
2.0,3,120.0,1,5.0,0.0,-0.6,15457,93,0.18852299928834831,0.1372193828039076,0.6742576179077441,467,5.021505376344086,2175.32509542602,85.0,390,77,0.41025641025641024
2.0,3,120.0,1,5.0,0.0,-0.5,15457,93,0.1869056091091415,0.1334023419809795,0.679692048909879,467,5.021505376344086,2175.32509542602,85.0,390,77,0.41025641025641024
2.0,3,120.0,1,5.0,0.0,-0.4,15457,93,0.17487222617584267,0.044316490910267195,0.7808112829138901,243,2.6129032258064515,1131.9143430161091,30.0,175,68,0.4857142857142857
2.0,3,120.0,1,5.0,0.0,-0.3,15457,93,0.1747428349615061,0.04108171055185353,0.7841754544866404,240,2.5806451612903225,1117.9400918677622,30.0,172,68,0.4883720930232558
2.0,3,120.0,1,5.0,0.0,-0.2,15457,93,0.1747428349615061,0.04108171055185353,0.7841754544866404,240,2.5806451612903225,1117.9400918677622,30.0,172,68,0.4883720930232558
2.0,3,120.0,1,5.0,0.0,-0.1,15457,93,0.1747428349615061,0.04108171055185353,0.7841754544866404,240,2.5806451612903225,1117.9400918677622,30.0,172,68,0.4883720930232558
2.0,3,120.0,1,5.0,0.0,0.0,15457,93,0.17247848871061655,0.01837355243578961,0.8091479588535938,178,1.913978494623656,829.1389014685903,20.0,172,6,0.4883720930232558
2.0,3,120.0,1,5.0,0.0,0.1,15457,93,0.17247848871061655,0.01837355243578961,0.8091479588535938,178,1.913978494623656,829.1389014685903,20.0,172,6,0.4883720930232558
2.0,3,120.0,1,5.0,0.0,0.2,15457,93,0.17247848871061655,0.01837355243578961,0.8091479588535938,178,1.913978494623656,829.1389014685903,20.0,172,6,0.4883720930232558
2.0,3,120.0,1,5.0,0.0,0.3,15457,93,0.17247848871061655,0.01837355243578961,0.8091479588535938,178,1.913978494623656,829.1389014685903,20.0,172,6,0.4883720930232558
2.0,3,120.0,1,5.0,0.0,0.4,15457,93,0.1701494468525587,0.01837355243578961,0.8114770007116516,177,1.903225806451613,824.4808177524746,20.0,172,5,0.4883720930232558
2.0,3,120.0,1,5.0,0.0,0.5,15457,93,0.1701494468525587,0.01837355243578961,0.8114770007116516,177,1.903225806451613,824.4808177524746,20.0,172,5,0.4883720930232558
2.0,3,120.0,1,5.0,0.0,0.6,15457,93,0.1701494468525587,0.01837355243578961,0.8114770007116516,177,1.903225806451613,824.4808177524746,20.0,172,5,0.4883720930232558
2.0,3,120.0,1,5.0,0.0,0.7,15457,93,0.1701494468525587,0.01837355243578961,0.8114770007116516,177,1.903225806451613,824.4808177524746,20.0,172,5,0.4883720930232558
2.0,3,120.0,1,5.0,0.0,0.8,15457,93,0.16788510060166914,0.018308856828621337,0.8138060425697096,177,1.903225806451613,824.4808177524746,20.0,172,5,0.4883720930232558
2.0,3,120.0,1,5.0,0.0,0.9,15457,93,0.16788510060166914,0.018308856828621337,0.8138060425697096,177,1.903225806451613,824.4808177524746,20.0,172,5,0.4883720930232558
2.0,3,120.0,1,5.0,0.0,1.0,15457,93,0.16788510060166914,0.018308856828621337,0.8138060425697096,177,1.903225806451613,824.4808177524746,20.0,172,5,0.4883720930232558
2.0,3,120.0,2,5.0,5.0,-4.0,15457,93,1.0,0.0,0.0,0,0.0,0.0,,0,0,
2.0,3,120.0,2,5.0,5.0,-3.9,15457,93,1.0,0.0,0.0,0,0.0,0.0,,0,0,
2.0,3,120.0,2,5.0,5.0,-3.8,15457,93,1.0,0.0,0.0,0,0.0,0.0,,0,0,
2.0,3,120.0,2,5.0,5.0,-3.7,15457,93,1.0,0.0,0.0,0,0.0,0.0,,0,0,
2.0,3,120.0,2,5.0,5.0,-3.6,15457,93,1.0,0.0,0.0,0,0.0,0.0,,0,0,
2.0,3,120.0,2,5.0,5.0,-3.5,15457,93,1.0,0.0,0.0,0,0.0,0.0,,0,0,
2.0,3,120.0,2,5.0,5.0,-3.4,15457,93,1.0,0.0,0.0,0,0.0,0.0,,0,0,
2.0,3,120.0,2,5.0,5.0,-3.3,15457,93,1.0,0.0,0.0,0,0.0,0.0,,0,0,
2.0,3,120.0,2,5.0,5.0,-3.2,15457,93,1.0,0.0,0.0,0,0.0,0.0,,0,0,
2.0,3,120.0,2,5.0,5.0,-3.1,15457,93,1.0,0.0,0.0,0,0.0,0.0,,0,0,
2.0,3,120.0,2,5.0,5.0,-3.0,15457,93,1.0,0.0,0.0,0,0.0,0.0,,0,0,
2.0,3,120.0,2,5.0,5.0,-2.9,15457,93,1.0,0.0,0.0,0,0.0,0.0,,0,0,
2.0,3,120.0,2,5.0,5.0,-2.8,15457,93,1.0,0.0,0.0,0,0.0,0.0,,0,0,
2.0,3,120.0,2,5.0,5.0,-2.7,15457,93,1.0,0.0,0.0,0,0.0,0.0,,0,0,
2.0,3,120.0,2,5.0,5.0,-2.6,15457,93,1.0,0.0,0.0,0,0.0,0.0,,0,0,
2.0,3,120.0,2,5.0,5.0,-2.5,15457,93,1.0,0.0,0.0,0,0.0,0.0,,0,0,
2.0,3,120.0,2,5.0,5.0,-2.4,15457,93,1.0,0.0,0.0,0,0.0,0.0,,0,0,
2.0,3,120.0,2,5.0,5.0,-2.3,15457,93,1.0,0.0,0.0,0,0.0,0.0,,0,0,
2.0,3,120.0,2,5.0,5.0,-2.2,15457,93,0.9141489292877014,0.08585107071229864,0.0,409,4.397849462365591,1905.1562398913113,20.0,403,6,0.16377171215880892
2.0,3,120.0,2,5.0,5.0,-2.1,15457,93,0.8141295206055509,0.18587047939444912,0.0,369,3.967741935483871,1718.8328912466843,80.0,360,9,0.575
2.0,3,120.0,2,5.0,5.0,-2.0,15457,93,0.6954777770589377,0.24778417545448664,0.05673804748657566,527,5.666666666666667,2454.810118392961,55.0,516,11,0.2596899224806202
2.0,3,120.0,2,5.0,5.0,-1.9,15457,93,0.5241638092773501,0.32645403377110693,0.149382156951543,769,8.268817204301076,3582.066377692955,55.0,688,81,0.29796511627906974
2.0,3,120.0,2,5.0,5.0,-1.8,15457,93,0.45882124603739405,0.34709193245778613,0.19408682150481982,741,7.967741935483871,3451.6400336417155,80.0,659,82,0.3520485584218513
2.0,3,120.0,2,5.0,5.0,-1.7,15457,93,0.45293394578508117,0.2882189299346574,0.25884712428026135,828,8.903225806451612,3856.8933169437796,45.0,745,83,0.3302013422818792
2.0,3,120.0,2,5.0,5.0,-1.6,15457,93,0.40590023937374653,0.22281167108753316,0.37128808953872033,775,8.333333333333334,3610.0148799896488,50.0,691,84,0.31693198263386396
2.0,3,120.0,2,5.0,5.0,-1.5,15457,93,0.38157469107847575,0.2246878436954131,0.39373746522611114,667,7.172043010752688,3106.941838649156,55.0,588,79,0.3741496598639456
2.0,3,120.0,2,5.0,5.0,-1.4,15457,93,0.35278514588859416,0.180630135213819,0.46658471889758685,664,7.139784946236559,3092.967587500809,55.0,587,77,0.2674616695059625
2.0,3,120.0,2,5.0,5.0,-1.3,15457,93,0.33156498673740054,0.16807918742317396,0.5003558258394255,631,6.78494623655914,2939.2508248689915,55.0,553,78,0.28028933092224234
2.0,3,120.0,2,5.0,5.0,-1.2,15457,93,0.31144465290806755,0.1356019926247008,0.5529533544672317,631,6.78494623655914,2939.2508248689915,40.0,553,78,0.28028933092224234
2.0,3,120.0,2,5.0,5.0,-1.1,15457,93,0.3055573526557547,0.12246878436954131,0.571973862974704,631,6.78494623655914,2939.2508248689915,35.0,553,78,0.28028933092224234
2.0,3,120.0,2,5.0,5.0,-1.0,15457,93,0.22947531862586532,0.17150805460309246,0.5990166267710423,726,7.806451612903226,3381.7687778999803,30.0,648,78,0.23919753086419754
2.0,3,120.0,2,5.0,5.0,-0.9,15457,93,0.2144659377628259,0.15533415281102414,0.63019990942615,630,6.774193548387097,2934.592741152876,25.0,553,77,0.3688969258589512
2.0,3,120.0,2,5.0,5.0,-0.8,15457,93,0.20055638222164715,0.14627676780746587,0.653166849970887,466,5.010752688172043,2170.667011709905,95.0,389,77,0.4498714652956298
2.0,3,120.0,2,5.0,5.0,-0.7,15457,93,0.19020508507472342,0.14491816005693214,0.6648767548683444,466,5.010752688172043,2170.667011709905,90.0,389,77,0.4087403598971722
2.0,3,120.0,2,5.0,5.0,-0.6,15457,93,0.19020508507472342,0.13689590476806623,0.6728990101572103,466,5.010752688172043,2170.667011709905,85.0,389,77,0.4087403598971722
2.0,3,120.0,2,5.0,5.0,-0.5,15457,93,0.1885876948955166,0.13307886394513813,0.6783334411593452,464,4.989247311827957,2161.3508442776733,85.0,389,75,0.4087403598971722
2.0,3,120.0,2,5.0,5.0,-0.4,15457,93,0.1805654396066507,0.04024066765866598,0.7791938927346833,243,2.6129032258064515,1131.9143430161091,25.0,175,68,0.4857142857142857
2.0,3,120.0,2,5.0,5.0,-0.3,15457,93,0.18050074399948243,0.03694119169308404,0.7825580643074336,240,2.5806451612903225,1117.9400918677622,25.0,172,68,0.4883720930232558
2.0,3,120.0,2,5.0,5.0,-0.2,15457,93,0.18050074399948243,0.03694119169308404,0.7825580643074336,240,2.5806451612903225,1117.9400918677622,25.0,172,68,0.4883720930232558
2.0,3,120.0,2,5.0,5.0,-0.1,15457,93,0.18050074399948243,0.03694119169308404,0.7825580643074336,240,2.5806451612903225,1117.9400918677622,25.0,172,68,0.4883720930232558
2.0,3,120.0,2,5.0,5.0,0.0,15457,93,0.17823639774859287,0.018244161221453063,0.8035194410299541,177,1.903225806451613,824.4808177524746,20.0,172,5,0.4883720930232558
2.0,3,120.0,2,5.0,5.0,0.1,15457,93,0.17823639774859287,0.018244161221453063,0.8035194410299541,177,1.903225806451613,824.4808177524746,20.0,172,5,0.4883720930232558
2.0,3,120.0,2,5.0,5.0,0.2,15457,93,0.17823639774859287,0.018244161221453063,0.8035194410299541,177,1.903225806451613,824.4808177524746,20.0,172,5,0.4883720930232558
2.0,3,120.0,2,5.0,5.0,0.3,15457,93,0.17823639774859287,0.018244161221453063,0.8035194410299541,177,1.903225806451613,824.4808177524746,20.0,172,5,0.4883720930232558
2.0,3,120.0,2,5.0,5.0,0.4,15457,93,0.17590735589053502,0.018308856828621337,0.8057837872808437,177,1.903225806451613,824.4808177524746,20.0,172,5,0.4883720930232558
2.0,3,120.0,2,5.0,5.0,0.5,15457,93,0.17590735589053502,0.018308856828621337,0.8057837872808437,177,1.903225806451613,824.4808177524746,20.0,172,5,0.4883720930232558
2.0,3,120.0,2,5.0,5.0,0.6,15457,93,0.17590735589053502,0.018308856828621337,0.8057837872808437,177,1.903225806451613,824.4808177524746,20.0,172,5,0.4883720930232558
2.0,3,120.0,2,5.0,5.0,0.7,15457,93,0.17590735589053502,0.018308856828621337,0.8057837872808437,177,1.903225806451613,824.4808177524746,20.0,172,5,0.4883720930232558
2.0,3,120.0,2,5.0,5.0,0.8,15457,93,0.17364300963964546,0.018244161221453063,0.8081128291389015,177,1.903225806451613,824.4808177524746,20.0,172,5,0.4883720930232558
2.0,3,120.0,2,5.0,5.0,0.9,15457,93,0.17364300963964546,0.018244161221453063,0.8081128291389015,177,1.903225806451613,824.4808177524746,20.0,172,5,0.4883720930232558
2.0,3,120.0,2,5.0,5.0,1.0,15457,93,0.17364300963964546,0.018244161221453063,0.8081128291389015,177,1.903225806451613,824.4808177524746,20.0,172,5,0.4883720930232558
2.0,3,120.0,3,5.0,10.0,-4.0,15457,93,1.0,0.0,0.0,0,0.0,0.0,,0,0,
2.0,3,120.0,3,5.0,10.0,-3.9,15457,93,1.0,0.0,0.0,0,0.0,0.0,,0,0,
2.0,3,120.0,3,5.0,10.0,-3.8,15457,93,1.0,0.0,0.0,0,0.0,0.0,,0,0,
2.0,3,120.0,3,5.0,10.0,-3.7,15457,93,1.0,0.0,0.0,0,0.0,0.0,,0,0,
2.0,3,120.0,3,5.0,10.0,-3.6,15457,93,1.0,0.0,0.0,0,0.0,0.0,,0,0,
2.0,3,120.0,3,5.0,10.0,-3.5,15457,93,1.0,0.0,0.0,0,0.0,0.0,,0,0,
2.0,3,120.0,3,5.0,10.0,-3.4,15457,93,1.0,0.0,0.0,0,0.0,0.0,,0,0,
2.0,3,120.0,3,5.0,10.0,-3.3,15457,93,1.0,0.0,0.0,0,0.0,0.0,,0,0,
2.0,3,120.0,3,5.0,10.0,-3.2,15457,93,1.0,0.0,0.0,0,0.0,0.0,,0,0,
2.0,3,120.0,3,5.0,10.0,-3.1,15457,93,1.0,0.0,0.0,0,0.0,0.0,,0,0,
2.0,3,120.0,3,5.0,10.0,-3.0,15457,93,1.0,0.0,0.0,0,0.0,0.0,,0,0,
2.0,3,120.0,3,5.0,10.0,-2.9,15457,93,1.0,0.0,0.0,0,0.0,0.0,,0,0,
2.0,3,120.0,3,5.0,10.0,-2.8,15457,93,1.0,0.0,0.0,0,0.0,0.0,,0,0,
2.0,3,120.0,3,5.0,10.0,-2.7,15457,93,1.0,0.0,0.0,0,0.0,0.0,,0,0,
2.0,3,120.0,3,5.0,10.0,-2.6,15457,93,1.0,0.0,0.0,0,0.0,0.0,,0,0,
2.0,3,120.0,3,5.0,10.0,-2.5,15457,93,1.0,0.0,0.0,0,0.0,0.0,,0,0,
2.0,3,120.0,3,5.0,10.0,-2.4,15457,93,1.0,0.0,0.0,0,0.0,0.0,,0,0,
2.0,3,120.0,3,5.0,10.0,-2.3,15457,93,1.0,0.0,0.0,0,0.0,0.0,,0,0,
2.0,3,120.0,3,5.0,10.0,-2.2,15457,93,0.903862327747946,0.09613767225205408,0.0,247,2.6559139784946235,1150.546677880572,90.0,241,6,0.5518672199170125
2.0,3,120.0,3,5.0,10.0,-2.1,15457,93,0.809406741282267,0.19059325871773306,0.0,288,3.096774193548387,1341.5281102413146,80.0,280,8,0.7392857142857143
2.0,3,120.0,3,5.0,10.0,-2.0,15457,93,0.6849323930905091,0.2584589506372517,0.05660865627223911,353,3.795698924731183,1644.3035517888336,60.0,343,10,0.3935860058309038
2.0,3,120.0,3,5.0,10.0,-1.9,15457,93,0.5233874619913308,0.33272950766642945,0.14388303034223976,660,7.096774193548387,3074.335252636346,60.0,581,79,0.37865748709122204
2.0,3,120.0,3,5.0,10.0,-1.8,15457,93,0.4619266351814712,0.34961506113734875,0.18845830368118005,643,6.913978494623656,2995.14782946238,85.0,563,80,0.413854351687389
2.0,3,120.0,3,5.0,10.0,-1.7,15457,93,0.4562981173578314,0.2895128420780229,0.2541890405641457,586,6.301075268817204,2729.637057643786,115.0,504,82,0.4583333333333333
2.0,3,120.0,3,5.0,10.0,-1.6,15457,93,0.4071294559099437,0.22235880183735524,0.37051174225270106,775,8.333333333333334,3610.0148799896488,45.0,691,84,0.31693198263386396
2.0,3,120.0,3,5.0,10.0,-1.5,15457,93,0.3807983437924565,0.22630523387461993,0.3928964223329236,635,6.827956989247312,2957.883159733454,55.0,555,80,0.3945945945945946
2.0,3,120.0,3,5.0,10.0,-1.4,15457,93,0.35207349420974315,0.1823122210001941,0.4656142847900628,631,6.78494623655914,2939.2508248689915,55.0,552,79,0.2807971014492754
2.0,3,120.0,3,5.0,10.0,-1.3,15457,93,0.3329235944879343,0.1677557093873326,0.4993206961247331,629,6.763440860215054,2929.93465743676,55.0,551,78,0.2813067150635209
2.0,3,120.0,3,5.0,10.0,-1.2,15457,93,0.31280326065860126,0.13540790580319595,0.5517888335382027,629,6.763440860215054,2929.93465743676,35.0,551,78,0.2813067150635209
2.0,3,120.0,3,5.0,10.0,-1.1,15457,93,0.30704535162062496,0.12233939315520476,0.5706152552241702,626,6.731182795698925,2915.960406288413,35.0,549,77,0.28233151183970856
2.0,3,120.0,3,5.0,10.0,-1.0,15457,93,0.22481723490974964,0.1895581290030407,0.5856246360872097,530,5.698924731182796,2468.7843695413085,35.0,453,77,0.33995584988962474
2.0,3,120.0,3,5.0,10.0,-0.9,15457,93,0.20573203079510902,0.1652972763149382,0.6289706928899528,465,5.0,2166.0089279937893,110.0,389,76,0.5244215938303342
2.0,3,120.0,3,5.0,10.0,-0.8,15457,93,0.20230316361519052,0.14569450734295142,0.6520023290418581,465,5.0,2166.0089279937893,95.0,388,77,0.4484536082474227
2.0,3,120.0,3,5.0,10.0,-0.7,15457,93,0.1919518664682668,0.1443358995924177,0.6637122339393156,452,4.860215053763441,2105.4538396842854,95.0,375,77,0.42133333333333334
2.0,3,120.0,3,5.0,10.0,-0.6,15457,93,0.1919518664682668,0.1365077311250566,0.6715404024066766,450,4.838709677419355,2096.137672252054,85.0,375,75,0.42133333333333334
2.0,3,120.0,3,5.0,10.0,-0.5,15457,93,0.19033447628905997,0.13282008151646504,0.676845442194475,425,4.56989247311828,1979.6855793491623,85.0,350,75,0.4514285714285714
2.0,3,120.0,3,5.0,10.0,-0.4,15457,93,0.18625865303745875,0.03603545319272821,0.777705893769813,239,2.5698924731182795,1113.2820081516466,20.0,171,68,0.4853801169590643
2.0,3,120.0,3,5.0,10.0,-0.3,15457,93,0.18625865303745875,0.03280067283431455,0.7809406741282267,239,2.5698924731182795,1113.2820081516466,20.0,171,68,0.4853801169590643
2.0,3,120.0,3,5.0,10.0,-0.2,15457,93,0.18625865303745875,0.03280067283431455,0.7809406741282267,239,2.5698924731182795,1113.2820081516466,20.0,171,68,0.4853801169590643
2.0,3,120.0,3,5.0,10.0,-0.1,15457,93,0.18625865303745875,0.03280067283431455,0.7809406741282267,239,2.5698924731182795,1113.2820081516466,20.0,171,68,0.4853801169590643
2.0,3,120.0,3,5.0,10.0,0.0,15457,93,0.18412369800090575,0.018050074399948244,0.797826227599146,175,1.881720430107527,815.1646503202433,20.0,170,5,0.48823529411764705
2.0,3,120.0,3,5.0,10.0,0.1,15457,93,0.18412369800090575,0.018050074399948244,0.797826227599146,175,1.881720430107527,815.1646503202433,20.0,170,5,0.48823529411764705
2.0,3,120.0,3,5.0,10.0,0.2,15457,93,0.18412369800090575,0.018050074399948244,0.797826227599146,175,1.881720430107527,815.1646503202433,20.0,170,5,0.48823529411764705
2.0,3,120.0,3,5.0,10.0,0.3,15457,93,0.18412369800090575,0.018050074399948244,0.797826227599146,175,1.881720430107527,815.1646503202433,20.0,170,5,0.48823529411764705
2.0,3,120.0,3,5.0,10.0,0.4,15457,93,0.18166526492851134,0.018244161221453063,0.8000905738500356,177,1.903225806451613,824.4808177524746,20.0,171,6,0.4853801169590643
2.0,3,120.0,3,5.0,10.0,0.5,15457,93,0.18166526492851134,0.018244161221453063,0.8000905738500356,177,1.903225806451613,824.4808177524746,20.0,171,6,0.4853801169590643
2.0,3,120.0,3,5.0,10.0,0.6,15457,93,0.18166526492851134,0.018244161221453063,0.8000905738500356,177,1.903225806451613,824.4808177524746,20.0,171,6,0.4853801169590643
2.0,3,120.0,3,5.0,10.0,0.7,15457,93,0.18166526492851134,0.018244161221453063,0.8000905738500356,177,1.903225806451613,824.4808177524746,20.0,171,6,0.4853801169590643
2.0,3,120.0,3,5.0,10.0,0.8,15457,93,0.17953030989195834,0.018050074399948244,0.8024196157080934,176,1.89247311827957,819.8227340363588,20.0,171,5,0.49122807017543857
2.0,3,120.0,3,5.0,10.0,0.9,15457,93,0.17953030989195834,0.018050074399948244,0.8024196157080934,176,1.89247311827957,819.8227340363588,20.0,171,5,0.49122807017543857
2.0,3,120.0,3,5.0,10.0,1.0,15457,93,0.17953030989195834,0.018050074399948244,0.8024196157080934,176,1.89247311827957,819.8227340363588,20.0,171,5,0.49122807017543857
2.0,5,15.0,1,5.0,0.0,-4.0,15457,93,1.0,0.0,0.0,0,0.0,0.0,,0,0,
2.0,5,15.0,1,5.0,0.0,-3.9,15457,93,1.0,0.0,0.0,0,0.0,0.0,,0,0,
2.0,5,15.0,1,5.0,0.0,-3.8,15457,93,1.0,0.0,0.0,0,0.0,0.0,,0,0,
2.0,5,15.0,1,5.0,0.0,-3.7,15457,93,1.0,0.0,0.0,0,0.0,0.0,,0,0,
2.0,5,15.0,1,5.0,0.0,-3.6,15457,93,1.0,0.0,0.0,0,0.0,0.0,,0,0,
2.0,5,15.0,1,5.0,0.0,-3.5,15457,93,1.0,0.0,0.0,0,0.0,0.0,,0,0,
2.0,5,15.0,1,5.0,0.0,-3.4,15457,93,1.0,0.0,0.0,0,0.0,0.0,,0,0,
2.0,5,15.0,1,5.0,0.0,-3.3,15457,93,1.0,0.0,0.0,0,0.0,0.0,,0,0,
2.0,5,15.0,1,5.0,0.0,-3.2,15457,93,1.0,0.0,0.0,0,0.0,0.0,,0,0,
2.0,5,15.0,1,5.0,0.0,-3.1,15457,93,1.0,0.0,0.0,0,0.0,0.0,,0,0,
2.0,5,15.0,1,5.0,0.0,-3.0,15457,93,1.0,0.0,0.0,0,0.0,0.0,,0,0,
2.0,5,15.0,1,5.0,0.0,-2.9,15457,93,1.0,0.0,0.0,0,0.0,0.0,,0,0,
2.0,5,15.0,1,5.0,0.0,-2.8,15457,93,1.0,0.0,0.0,0,0.0,0.0,,0,0,
2.0,5,15.0,1,5.0,0.0,-2.7,15457,93,1.0,0.0,0.0,0,0.0,0.0,,0,0,
2.0,5,15.0,1,5.0,0.0,-2.6,15457,93,1.0,0.0,0.0,0,0.0,0.0,,0,0,
2.0,5,15.0,1,5.0,0.0,-2.5,15457,93,1.0,0.0,0.0,0,0.0,0.0,,0,0,
2.0,5,15.0,1,5.0,0.0,-2.4,15457,93,0.9848612279226241,0.015138772077375946,0.0,163,1.7526881720430108,759.2676457268552,15.0,161,2,0.42857142857142855
2.0,5,15.0,1,5.0,0.0,-2.3,15457,93,0.9301287442582649,0.062301869703047165,0.007569386038687973,847,9.10752688172043,3945.396907549977,15.0,840,7,0.07976190476190476
2.0,5,15.0,1,5.0,0.0,-2.2,15457,93,0.8709322636992948,0.11321731254447823,0.01585042375622695,1336,14.365591397849462,6223.199844730542,15.0,1326,10,0.05128205128205128
2.0,5,15.0,1,5.0,0.0,-2.1,15457,93,0.7837225852364624,0.16083327942032735,0.055444135343210195,2543,27.344086021505376,11845.506890082164,15.0,2528,15,0.02610759493670886
2.0,5,15.0,1,5.0,0.0,-2.0,15457,93,0.6608656272239115,0.20133272950766642,0.13780164326842206,4022,43.24731182795699,18734.812706217246,15.0,4001,21,0.03699075231192202
2.0,5,15.0,1,5.0,0.0,-1.9,15457,93,0.6162903538849712,0.18405900239373746,0.19965064372129132,4335,46.61290322580645,20192.792909361455,10.0,4301,34,0.03138804929086259
2.0,5,15.0,1,5.0,0.0,-1.8,15457,93,0.5455780552500485,0.17875396260593907,0.27566798214401245,4908,52.774193548387096,22861.874878695737,10.0,4871,37,0.024430301786080886
2.0,5,15.0,1,5.0,0.0,-1.7,15457,93,0.5178883353820276,0.1421362489486964,0.3399754156692761,4296,46.193548387096776,20011.12764443294,10.0,4260,36,0.03450704225352113
2.0,5,15.0,1,5.0,0.0,-1.6,15457,93,0.452416380927735,0.1427832050203791,0.4048004140518859,3965,42.634408602150536,18469.301934398653,10.0,3928,37,0.037169042769857434
2.0,5,15.0,1,5.0,0.0,-1.5,15457,93,0.4459468202109077,0.1260917383709646,0.4279614414181277,3814,41.01075268817204,17765.93129326519,10.0,3778,36,0.03864478560084701
2.0,5,15.0,1,5.0,0.0,-1.4,15457,93,0.408617454874814,0.10073106036100149,0.4906514847641845,3153,33.903225806451616,14686.937956912727,10.0,3123,30,0.06660262568043548
2.0,5,15.0,1,5.0,0.0,-1.3,15457,93,0.33214724720191496,0.1423303357702012,0.5255224170278838,3456,37.16129032258065,16098.337322895777,10.0,3423,33,0.03651767455448437
2.0,5,15.0,1,5.0,0.0,-1.2,15457,93,0.3007051821181342,0.14847641845118717,0.5508183994306787,2896,31.13978494623656,13489.810441870997,10.0,2863,33,0.04435906391896612
2.0,5,15.0,1,5.0,0.0,-1.1,15457,93,0.2892540596493498,0.09497315132302517,0.615772789027625,1941,20.870967741935484,9041.340492980526,15.0,1910,31,0.10157068062827225
2.0,5,15.0,1,5.0,0.0,-1.0,15457,93,0.28039076146729636,0.096590541502232,0.6230186970304716,1930,20.752688172043012,8990.101572103255,15.0,1899,31,0.10163243812532911
2.0,5,15.0,1,5.0,0.0,-0.9,15457,93,0.26350520799637706,0.08863298182053439,0.6478618101830885,1416,15.225806451612904,6595.846542019797,15.0,1381,35,0.13685734974656047
2.0,5,15.0,1,5.0,0.0,-0.8,15457,93,0.25503008345733325,0.0617196092385327,0.683250307304134,1804,19.397849462365592,8403.183023872678,10.0,1769,35,0.10684002261164499
2.0,5,15.0,1,5.0,0.0,-0.7,15457,93,0.22410558323089863,0.08630393996247655,0.6895904768066248,2017,21.688172043010752,9395.354855405318,10.0,1934,83,0.07290589451913133
2.0,5,15.0,1,5.0,0.0,-0.6,15457,93,0.22171184576567252,0.06450152034676845,0.713786633887559,1629,17.516129032258064,7588.018373552436,10.0,1549,80,0.09102646868947709
2.0,5,15.0,1,5.0,0.0,-0.5,15457,93,0.21673028401371547,0.06760690949084557,0.715662806495439,1639,17.623655913978496,7634.599210713592,10.0,1559,80,0.09044259140474663
2.0,5,15.0,1,5.0,0.0,-0.4,15457,93,0.18244161221453065,0.07071229863492269,0.7468460891505467,1660,17.849462365591396,7732.418968752021,10.0,1581,79,0.08918406072106262
2.0,5,15.0,1,5.0,0.0,-0.3,15457,93,0.17254318431778481,0.06663647538332147,0.7608203402988937,1660,17.849462365591396,7732.418968752021,10.0,1582,78,0.09039190897597978
2.0,5,15.0,1,5.0,0.0,-0.2,15457,93,0.17247848871061655,0.0665717797761532,0.7609497315132302,1658,17.827956989247312,7723.102801319791,10.0,1580,78,0.09050632911392405
2.0,5,15.0,1,5.0,0.0,-0.1,15457,93,0.1724137931034483,0.05602639580772466,0.7715598110888271,1495,16.0752688172043,6963.835155592936,10.0,1417,78,0.10091743119266056
2.0,5,15.0,1,5.0,0.0,0.0,15457,93,0.1505466778805719,0.0440577084815941,0.805395613637834,1358,14.602150537634408,6325.677686485087,10.0,1283,75,0.11301636788776305
2.0,5,15.0,1,5.0,0.0,0.1,15457,93,0.14187746652002328,0.04179336223070453,0.8163291712492722,1221,13.129032258064516,5687.5202173772395,10.0,1146,75,0.12652705061082026
2.0,5,15.0,1,5.0,0.0,0.2,15457,93,0.14181277091285502,0.04185805783787281,0.8163291712492722,1222,13.13978494623656,5692.178301093355,10.0,1147,75,0.12641673931996514
2.0,5,15.0,1,5.0,0.0,0.3,15457,93,0.14174807530568675,0.03564727954971857,0.8226046451445946,1063,11.43010752688172,4951.542990230963,10.0,988,75,0.14676113360323886
2.0,5,15.0,1,5.0,0.0,0.4,15457,93,0.12654460762114253,0.03318884647732419,0.8402665459015333,869,9.344086021505376,4047.874749304522,10.0,795,74,0.18364779874213835
2.0,5,15.0,1,5.0,0.0,0.5,15457,93,0.12647991201397424,0.03312415087015592,0.8403959371158698,868,9.333333333333334,4043.2166655884066,10.0,794,74,0.18387909319899245
2.0,5,15.0,1,5.0,0.0,0.6,15457,93,0.12641521640680597,0.026589894546160314,0.8469948890470337,732,7.870967741935484,3409.717280196675,10.0,658,74,0.24468085106382978
2.0,5,15.0,1,5.0,0.0,0.7,15457,93,0.12641521640680597,0.026525198938992044,0.847059584654202,730,7.849462365591398,3400.401112764443,10.0,656,74,0.24695121951219512
2.0,5,15.0,1,5.0,0.0,0.8,15457,93,0.1159345280455457,0.0159798149705635,0.8680856569838908,391,4.204301075268817,1821.3107330012294,20.0,322,69,0.2670807453416149
2.0,5,15.0,1,5.0,0.0,0.9,15457,93,0.1159345280455457,0.0159798149705635,0.8680856569838908,391,4.204301075268817,1821.3107330012294,20.0,322,69,0.2670807453416149
2.0,5,15.0,1,5.0,0.0,1.0,15457,93,0.11586983243837744,0.016044510577731774,0.8680856569838908,392,4.21505376344086,1825.9688167173447,20.0,323,69,0.26625386996904027
2.0,5,15.0,2,5.0,5.0,-4.0,15457,93,1.0,0.0,0.0,0,0.0,0.0,,0,0,
2.0,5,15.0,2,5.0,5.0,-3.9,15457,93,1.0,0.0,0.0,0,0.0,0.0,,0,0,
2.0,5,15.0,2,5.0,5.0,-3.8,15457,93,1.0,0.0,0.0,0,0.0,0.0,,0,0,
2.0,5,15.0,2,5.0,5.0,-3.7,15457,93,1.0,0.0,0.0,0,0.0,0.0,,0,0,
2.0,5,15.0,2,5.0,5.0,-3.6,15457,93,1.0,0.0,0.0,0,0.0,0.0,,0,0,
2.0,5,15.0,2,5.0,5.0,-3.5,15457,93,1.0,0.0,0.0,0,0.0,0.0,,0,0,
2.0,5,15.0,2,5.0,5.0,-3.4,15457,93,1.0,0.0,0.0,0,0.0,0.0,,0,0,
2.0,5,15.0,2,5.0,5.0,-3.3,15457,93,1.0,0.0,0.0,0,0.0,0.0,,0,0,
2.0,5,15.0,2,5.0,5.0,-3.2,15457,93,1.0,0.0,0.0,0,0.0,0.0,,0,0,
2.0,5,15.0,2,5.0,5.0,-3.1,15457,93,1.0,0.0,0.0,0,0.0,0.0,,0,0,
2.0,5,15.0,2,5.0,5.0,-3.0,15457,93,1.0,0.0,0.0,0,0.0,0.0,,0,0,
2.0,5,15.0,2,5.0,5.0,-2.9,15457,93,1.0,0.0,0.0,0,0.0,0.0,,0,0,
2.0,5,15.0,2,5.0,5.0,-2.8,15457,93,1.0,0.0,0.0,0,0.0,0.0,,0,0,
2.0,5,15.0,2,5.0,5.0,-2.7,15457,93,1.0,0.0,0.0,0,0.0,0.0,,0,0,
2.0,5,15.0,2,5.0,5.0,-2.6,15457,93,1.0,0.0,0.0,0,0.0,0.0,,0,0,
2.0,5,15.0,2,5.0,5.0,-2.5,15457,93,1.0,0.0,0.0,0,0.0,0.0,,0,0,
2.0,5,15.0,2,5.0,5.0,-2.4,15457,93,0.9849259235297924,0.015074076470207674,0.0,163,1.7526881720430108,759.2676457268552,15.0,161,2,0.42857142857142855
2.0,5,15.0,2,5.0,5.0,-2.3,15457,93,0.935821957689073,0.05660865627223911,0.007569386038687973,695,7.473118279569892,3237.3681827003948,15.0,687,8,0.09606986899563319
2.0,5,15.0,2,5.0,5.0,-2.2,15457,93,0.8736494792003623,0.10849453322119428,0.017855987578443425,1267,13.623655913978494,5901.79206831856,15.0,1255,12,0.05258964143426295
2.0,5,15.0,2,5.0,5.0,-2.1,15457,93,0.8013844859934011,0.1268033900498156,0.07181212395678334,2012,21.634408602150536,9372.06443682474,15.0,1995,17,0.03208020050125313
2.0,5,15.0,2,5.0,5.0,-2.0,15457,93,0.6917254318431778,0.12628582519246942,0.18198874296435272,2733,29.387096774193548,12730.542796144142,15.0,2710,23,0.05387453874538745
2.0,5,15.0,2,5.0,5.0,-1.9,15457,93,0.6421039011451123,0.08947402471372194,0.2684220741411658,2503,26.913978494623656,11659.183541437538,15.0,2418,85,0.034739454094292806
2.0,5,15.0,2,5.0,5.0,-1.8,15457,93,0.6014750598434366,0.06346639063207608,0.33505854952448727,3051,32.806451612903224,14211.813417868927,15.0,2961,90,0.0006754474839581223
2.0,5,15.0,2,5.0,5.0,-1.7,15457,93,0.5429902309633176,0.031506760690949084,0.42550300834573335,2075,22.311827956989248,9665.523710940028,15.0,1985,90,0.008060453400503778
2.0,5,15.0,2,5.0,5.0,-1.6,15457,93,0.4938862651225982,0.054214918807013006,0.45189881607038884,2519,27.086021505376344,11733.712880895388,15.0,2429,90,0.0
2.0,5,15.0,2,5.0,5.0,-1.5,15457,93,0.48133531733195317,0.03758814776476677,0.48107653490328006,2245,24.13978494623656,10457.397942679692,15.0,2155,90,0.0
2.0,5,15.0,2,5.0,5.0,-1.4,15457,93,0.41644562334217505,0.02212589765154946,0.5614284790062755,1377,14.806451612903226,6414.181277091286,20.0,1296,81,0.0941358024691358
2.0,5,15.0,2,5.0,5.0,-1.3,15457,93,0.3223782105195057,0.06767160509801384,0.6099501843824804,1525,16.397849462365592,7103.577667076405,15.0,1439,86,0.04933981931897151
2.0,5,15.0,2,5.0,5.0,-1.2,15457,93,0.3046516141553989,0.10920618490004529,0.5861422009445558,1998,21.483870967741936,9306.851264799121,15.0,1912,86,0.03765690376569038
2.0,5,15.0,2,5.0,5.0,-1.1,15457,93,0.28744258264863815,0.05984343663065278,0.6527139807207091,1085,11.666666666666666,5054.020831985508,15.0,1003,82,0.07377866400797607
2.0,5,15.0,2,5.0,5.0,-1.0,15457,93,0.27877337128808954,0.0610079575596817,0.6602186711522288,1063,11.43010752688172,4951.542990230963,15.0,981,82,0.07543323139653414
2.0,5,15.0,2,5.0,5.0,-0.9,15457,93,0.27204502814258913,0.07562916477971146,0.6523258070776994,1211,13.021505376344086,5640.939380216084,15.0,1127,84,0.064773735581189
2.0,5,15.0,2,5.0,5.0,-0.8,15457,93,0.2760561557870221,0.021996506437212914,0.701947337775765,1161,12.483870967741936,5408.0351944102995,15.0,1077,84,0.06778087279480037
2.0,5,15.0,2,5.0,5.0,-0.7,15457,93,0.24765478424015008,0.042569709516723814,0.7097755062431261,1300,13.978494623655914,6055.508830950378,15.0,1216,84,0.060032894736842105
2.0,5,15.0,2,5.0,5.0,-0.6,15457,93,0.2450022643462509,0.02393737465226111,0.731060361001488,1010,10.86021505376344,4704.6645532768325,15.0,929,81,0.07965554359526372
2.0,5,15.0,2,5.0,5.0,-0.5,15457,93,0.2398913113799573,0.02885424079704988,0.7312544478229929,1046,11.24731182795699,4872.355567056997,15.0,965,81,0.0766839378238342
2.0,5,15.0,2,5.0,5.0,-0.4,15457,93,0.19408682150481982,0.03280067283431455,0.7731125056608656,806,8.666666666666666,3754.415475189235,15.0,726,80,0.10330578512396695
2.0,5,15.0,2,5.0,5.0,-0.3,15457,93,0.19182247525393026,0.028595458368376788,0.779582066377693,935,10.053763440860216,4355.308274568157,15.0,855,80,0.08888888888888889
2.0,5,15.0,2,5.0,5.0,-0.2,15457,93,0.1916930840395937,0.028595458368376788,0.7797114575920295,933,10.03225806451613,4345.992107135926,15.0,853,80,0.08909730363423213
2.0,5,15.0,2,5.0,5.0,-0.1,15457,93,0.19162838843242544,0.01798537879277997,0.7903862327747946,769,8.268817204301076,3582.066377692955,15.0,689,80,0.11030478955007257
2.0,5,15.0,2,5.0,5.0,0.0,15457,93,0.15792197709775507,0.01067477518276509,0.8314032477194798,587,6.311827956989247,2734.2951413599017,15.0,511,76,0.27788649706457924
2.0,5,15.0,2,5.0,5.0,0.1,15457,93,0.14957624377304782,0.012809730219318109,0.8376140260076341,524,5.634408602150538,2440.8358672446143,20.0,447,77,0.17225950782997762
2.0,5,15.0,2,5.0,5.0,0.2,15457,93,0.14951154816587953,0.012809730219318109,0.8376787216148024,524,5.634408602150538,2440.8358672446143,20.0,447,77,0.17225950782997762
2.0,5,15.0,2,5.0,5.0,0.3,15457,93,0.14951154816587953,0.010739470789933363,0.839748981044187,492,5.290322580645161,2291.7771883289124,20.0,416,76,0.1875
2.0,5,15.0,2,5.0,5.0,0.4,15457,93,0.13055573526557546,0.01423303357702012,0.8552112311574044,308,3.3118279569892475,1434.689784563628,240.0,271,37,0.5904059040590406
2.0,5,15.0,2,5.0,5.0,0.5,15457,93,0.13042634405123893,0.01423303357702012,0.8553406223717409,306,3.2903225806451615,1425.3736171313967,240.0,269,37,0.5985130111524164
2.0,5,15.0,2,5.0,5.0,0.6,15457,93,0.13036164844407064,0.01203338293329883,0.8576049686226305,304,3.2688172043010755,1416.0574496991655,240.0,267,37,0.599250936329588
2.0,5,15.0,2,5.0,5.0,0.7,15457,93,0.13036164844407064,0.01203338293329883,0.8576049686226305,304,3.2688172043010755,1416.0574496991655,240.0,267,37,0.599250936329588
2.0,5,15.0,2,5.0,5.0,0.8,15457,93,0.12647991201397424,0.008022255288865887,0.8654978326971599,218,2.3440860215053765,1015.4622501132174,50.0,148,70,0.5675675675675675
2.0,5,15.0,2,5.0,5.0,0.9,15457,93,0.12647991201397424,0.008022255288865887,0.8654978326971599,218,2.3440860215053765,1015.4622501132174,50.0,148,70,0.5675675675675675
2.0,5,15.0,2,5.0,5.0,1.0,15457,93,0.12641521640680597,0.008022255288865887,0.8655625283043281,218,2.3440860215053765,1015.4622501132174,50.0,148,70,0.5675675675675675
2.0,5,15.0,3,5.0,10.0,-4.0,15457,93,1.0,0.0,0.0,0,0.0,0.0,,0,0,
2.0,5,15.0,3,5.0,10.0,-3.9,15457,93,1.0,0.0,0.0,0,0.0,0.0,,0,0,
2.0,5,15.0,3,5.0,10.0,-3.8,15457,93,1.0,0.0,0.0,0,0.0,0.0,,0,0,
2.0,5,15.0,3,5.0,10.0,-3.7,15457,93,1.0,0.0,0.0,0,0.0,0.0,,0,0,
2.0,5,15.0,3,5.0,10.0,-3.6,15457,93,1.0,0.0,0.0,0,0.0,0.0,,0,0,
2.0,5,15.0,3,5.0,10.0,-3.5,15457,93,1.0,0.0,0.0,0,0.0,0.0,,0,0,
2.0,5,15.0,3,5.0,10.0,-3.4,15457,93,1.0,0.0,0.0,0,0.0,0.0,,0,0,
2.0,5,15.0,3,5.0,10.0,-3.3,15457,93,1.0,0.0,0.0,0,0.0,0.0,,0,0,
2.0,5,15.0,3,5.0,10.0,-3.2,15457,93,1.0,0.0,0.0,0,0.0,0.0,,0,0,
2.0,5,15.0,3,5.0,10.0,-3.1,15457,93,1.0,0.0,0.0,0,0.0,0.0,,0,0,
2.0,5,15.0,3,5.0,10.0,-3.0,15457,93,1.0,0.0,0.0,0,0.0,0.0,,0,0,
2.0,5,15.0,3,5.0,10.0,-2.9,15457,93,1.0,0.0,0.0,0,0.0,0.0,,0,0,
2.0,5,15.0,3,5.0,10.0,-2.8,15457,93,1.0,0.0,0.0,0,0.0,0.0,,0,0,
2.0,5,15.0,3,5.0,10.0,-2.7,15457,93,1.0,0.0,0.0,0,0.0,0.0,,0,0,
2.0,5,15.0,3,5.0,10.0,-2.6,15457,93,1.0,0.0,0.0,0,0.0,0.0,,0,0,
2.0,5,15.0,3,5.0,10.0,-2.5,15457,93,1.0,0.0,0.0,0,0.0,0.0,,0,0,
2.0,5,15.0,3,5.0,10.0,-2.4,15457,93,0.9866727049233357,0.013327295076664294,0.0,136,1.4623655913978495,633.4993853917318,15.0,134,2,0.41044776119402987
2.0,5,15.0,3,5.0,10.0,-2.3,15457,93,0.9534191628388432,0.0457397942679692,0.0008410428931875525,472,5.075268817204301,2198.615514006599,15.0,467,5,0.14775160599571735
2.0,5,15.0,3,5.0,10.0,-2.2,15457,93,0.8801190399171896,0.10176619007569386,0.018114770007116518,1154,12.408602150537634,5375.42860839749,15.0,1142,12,0.05779334500875657
2.0,5,15.0,3,5.0,10.0,-2.1,15457,93,0.8583813159086499,0.12001035129714692,0.021608332794203274,1333,14.333333333333334,6209.225593582197,15.0,1320,13,0.10227272727272728
2.0,5,15.0,3,5.0,10.0,-2.0,15457,93,0.6734165750145565,0.10849453322119428,0.2180888917642492,1526,16.408602150537636,7108.235750792521,15.0,1503,23,0.09713905522288756
2.0,5,15.0,3,5.0,10.0,-1.9,15457,93,0.6028983632011387,0.08902115546354403,0.30808048133531735,1137,12.225806451612904,5296.241185223524,15.0,1102,35,0.13430127041742287
2.0,5,15.0,3,5.0,10.0,-1.8,15457,93,0.6538785016497379,0.03894675551530051,0.3071747428349615,572,6.150537634408602,2664.4238856181664,20.0,542,30,0.17158671586715868
2.0,5,15.0,3,5.0,10.0,-1.7,15457,93,0.5863362877660607,0.03202432554829527,0.38163938668564407,505,5.43010752688172,2352.3322766384163,20.0,428,77,0.1705607476635514
2.0,5,15.0,3,5.0,10.0,-1.6,15457,93,0.43287830756291645,0.023031636151905285,0.5440900562851783,768,8.258064516129032,3577.408293976839,80.0,678,90,0.02064896755162242
2.0,5,15.0,3,5.0,10.0,-1.5,15457,93,0.4071294559099437,0.0014879989648702854,0.591382545125186,484,5.204301075268817,2254.5125185999873,115.0,400,84,0.1825
2.0,5,15.0,3,5.0,10.0,-1.4,15457,93,0.3573138383903733,0.0075046904315197,0.635181471178107,465,5.0,2166.0089279937893,125.0,384,81,0.19010416666666666
2.0,5,15.0,3,5.0,10.0,-1.3,15457,93,0.28931875525651807,0.04884518341204632,0.6618360613314356,738,7.935483870967742,3437.6657824933686,20.0,657,81,0.1111111111111111
2.0,5,15.0,3,5.0,10.0,-1.2,15457,93,0.286925017791292,0.04224623148088245,0.6708287507278256,704,7.56989247311828,3279.2909361454354,20.0,623,81,0.11717495987158909
2.0,5,15.0,3,5.0,10.0,-1.1,15457,93,0.28673093096978713,0.048262922947531865,0.6650061460826809,766,8.236559139784946,3568.0921265446077,20.0,686,80,0.10787172011661808
2.0,5,15.0,3,5.0,10.0,-1.0,15457,93,0.2666752927476224,0.058355437665782495,0.6749692695865951,764,8.21505376344086,3558.7759591123763,15.0,684,80,0.10818713450292397
2.0,5,15.0,3,5.0,10.0,-0.9,15457,93,0.26499320696124734,0.058355437665782495,0.6766513553729702,764,8.21505376344086,3558.7759591123763,15.0,684,80,0.10818713450292397
2.0,5,15.0,3,5.0,10.0,-0.8,15457,93,0.3146794332664812,0.0,0.6853205667335188,326,3.5053763440860215,1518.5352914537104,115.0,245,81,0.2979591836734694
2.0,5,15.0,3,5.0,10.0,-0.7,15457,93,0.27126868085656985,0.01979685579349162,0.7089344633499386,514,5.526881720430108,2394.2550300834573,40.0,433,81,0.20785219399538107
2.0,5,15.0,3,5.0,10.0,-0.6,15457,93,0.2576179077440642,0.01979685579349162,0.7225852364624442,512,5.505376344086022,2384.938862651226,40.0,431,81,0.2088167053364269
2.0,5,15.0,3,5.0,10.0,-0.5,15457,93,0.2527010415992754,0.01979685579349162,0.7275021026072329,512,5.505376344086022,2384.938862651226,30.0,431,81,0.2088167053364269
2.0,5,15.0,3,5.0,10.0,-0.4,15457,93,0.16490910267192857,0.03487093226369929,0.8002199650643721,389,4.182795698924731,1811.9945655689978,20.0,317,72,0.2618296529968454
2.0,5,15.0,3,5.0,10.0,-0.3,15457,93,0.1696965776023808,0.02012033382933299,0.8101830885682862,299,3.21505376344086,1392.767031118587,40.0,227,72,0.3656387665198238
2.0,5,15.0,3,5.0,10.0,-0.2,15457,93,0.1696965776023808,0.02012033382933299,0.8101830885682862,299,3.21505376344086,1392.767031118587,40.0,227,72,0.3656387665198238
2.0,5,15.0,3,5.0,10.0,-0.1,15457,93,0.16963188199521254,0.02012033382933299,0.8102477841754545,299,3.21505376344086,1392.767031118587,40.0,227,72,0.3656387665198238
2.0,5,15.0,3,5.0,10.0,0.0,15457,93,0.13734877401824416,0.0,0.8626512259817558,96,1.032258064516129,447.1760367471049,875.0,88,8,0.9431818181818182
2.0,5,15.0,3,5.0,10.0,0.1,15457,93,0.1372840784110759,0.0,0.8627159215889241,96,1.032258064516129,447.1760367471049,875.0,88,8,0.9431818181818182
2.0,5,15.0,3,5.0,10.0,0.2,15457,93,0.1372193828039076,0.0,0.8627806171960923,96,1.032258064516129,447.1760367471049,875.0,88,8,0.9431818181818182
2.0,5,15.0,3,5.0,10.0,0.3,15457,93,0.1372193828039076,0.0,0.8627806171960923,96,1.032258064516129,447.1760367471049,875.0,88,8,0.9431818181818182
2.0,5,15.0,3,5.0,10.0,0.4,15457,93,0.13469625412434497,0.006210778288154234,0.8590929675875008,158,1.6989247311827957,735.9772271462768,245.0,148,10,0.7702702702702703
2.0,5,15.0,3,5.0,10.0,0.5,15457,93,0.13469625412434497,0.006210778288154234,0.8590929675875008,158,1.6989247311827957,735.9772271462768,245.0,148,10,0.7702702702702703
2.0,5,15.0,3,5.0,10.0,0.6,15457,93,0.13463155851717667,0.0,0.8653684414828233,94,1.010752688172043,437.8598693148735,880.0,86,8,0.9767441860465116
2.0,5,15.0,3,5.0,10.0,0.7,15457,93,0.13463155851717667,0.0,0.8653684414828233,94,1.010752688172043,437.8598693148735,880.0,86,8,0.9767441860465116
2.0,5,15.0,3,5.0,10.0,0.8,15457,93,0.13230251665911885,0.0,0.8676974833408811,94,1.010752688172043,437.8598693148735,880.0,86,8,0.9767441860465116
2.0,5,15.0,3,5.0,10.0,0.9,15457,93,0.13230251665911885,0.0,0.8676974833408811,94,1.010752688172043,437.8598693148735,880.0,86,8,0.9767441860465116
2.0,5,15.0,3,5.0,10.0,1.0,15457,93,0.13223782105195056,0.0,0.8677621789480494,94,1.010752688172043,437.8598693148735,880.0,86,8,0.9767441860465116
2.0,5,30.0,1,5.0,0.0,-4.0,15457,93,1.0,0.0,0.0,0,0.0,0.0,,0,0,
2.0,5,30.0,1,5.0,0.0,-3.9,15457,93,1.0,0.0,0.0,0,0.0,0.0,,0,0,
2.0,5,30.0,1,5.0,0.0,-3.8,15457,93,1.0,0.0,0.0,0,0.0,0.0,,0,0,
2.0,5,30.0,1,5.0,0.0,-3.7,15457,93,1.0,0.0,0.0,0,0.0,0.0,,0,0,
2.0,5,30.0,1,5.0,0.0,-3.6,15457,93,1.0,0.0,0.0,0,0.0,0.0,,0,0,
2.0,5,30.0,1,5.0,0.0,-3.5,15457,93,1.0,0.0,0.0,0,0.0,0.0,,0,0,
2.0,5,30.0,1,5.0,0.0,-3.4,15457,93,1.0,0.0,0.0,0,0.0,0.0,,0,0,
2.0,5,30.0,1,5.0,0.0,-3.3,15457,93,1.0,0.0,0.0,0,0.0,0.0,,0,0,
2.0,5,30.0,1,5.0,0.0,-3.2,15457,93,1.0,0.0,0.0,0,0.0,0.0,,0,0,
2.0,5,30.0,1,5.0,0.0,-3.1,15457,93,1.0,0.0,0.0,0,0.0,0.0,,0,0,
2.0,5,30.0,1,5.0,0.0,-3.0,15457,93,1.0,0.0,0.0,0,0.0,0.0,,0,0,
2.0,5,30.0,1,5.0,0.0,-2.9,15457,93,1.0,0.0,0.0,0,0.0,0.0,,0,0,
2.0,5,30.0,1,5.0,0.0,-2.8,15457,93,1.0,0.0,0.0,0,0.0,0.0,,0,0,
2.0,5,30.0,1,5.0,0.0,-2.7,15457,93,1.0,0.0,0.0,0,0.0,0.0,,0,0,
2.0,5,30.0,1,5.0,0.0,-2.6,15457,93,1.0,0.0,0.0,0,0.0,0.0,,0,0,
2.0,5,30.0,1,5.0,0.0,-2.5,15457,93,1.0,0.0,0.0,0,0.0,0.0,,0,0,
2.0,5,30.0,1,5.0,0.0,-2.4,15457,93,1.0,0.0,0.0,0,0.0,0.0,,0,0,
2.0,5,30.0,1,5.0,0.0,-2.3,15457,93,0.9796855793491622,0.020314420650837807,0.0,137,1.4731182795698925,638.1574691078476,25.0,134,3,0.5
2.0,5,30.0,1,5.0,0.0,-2.2,15457,93,0.9698518470595846,0.030148152940415347,0.0,141,1.5161290322580645,656.7898039723103,45.0,138,3,0.5072463768115942
2.0,5,30.0,1,5.0,0.0,-2.1,15457,93,0.8514588859416445,0.14744128873649479,0.0010998253218606456,151,1.6236559139784945,703.3706411334671,160.0,147,4,0.9659863945578231
2.0,5,30.0,1,5.0,0.0,-2.0,15457,93,0.6957365594876108,0.2829785857540273,0.021284854758361907,439,4.720430107526882,2044.8987513747816,70.0,432,7,0.5
2.0,5,30.0,1,5.0,0.0,-1.9,15457,93,0.5749498609044446,0.3080157857281491,0.11703435336740635,448,4.817204301075269,2086.8215048198226,80.0,436,12,0.46788990825688076
2.0,5,30.0,1,5.0,0.0,-1.8,15457,93,0.4020831985508184,0.41689849259235295,0.18101830885682862,619,6.655913978494624,2883.3538202756035,130.0,601,18,0.7321131447587355
2.0,5,30.0,1,5.0,0.0,-1.7,15457,93,0.39768389726337583,0.303745875655043,0.29857022708158115,624,6.709677419354839,2906.6442388561813,125.0,605,19,0.7239669421487603
2.0,5,30.0,1,5.0,0.0,-1.6,15457,93,0.32936533609367924,0.34269263117034354,0.3279420327359772,549,5.903225806451613,2557.287960147506,120.0,534,15,0.6947565543071161
2.0,5,30.0,1,5.0,0.0,-1.5,15457,93,0.3291712492721744,0.3386815035259106,0.33214724720191496,550,5.913978494623656,2561.9460438636215,117.5,535,15,0.6953271028037383
2.0,5,30.0,1,5.0,0.0,-1.4,15457,93,0.3253542084492463,0.32949472730801577,0.3451510642427379,649,6.978494623655914,3023.0963317590736,80.0,634,15,0.5851735015772871
2.0,5,30.0,1,5.0,0.0,-1.3,15457,93,0.31513230251665914,0.14317137866338875,0.5416963188199522,814,8.75268817204301,3791.6801449181603,30.0,796,18,0.4623115577889447
2.0,5,30.0,1,5.0,0.0,-1.2,15457,93,0.31028013197903864,0.12479782622759915,0.5649220417933623,654,7.032258064516129,3046.3867503396523,80.0,637,17,0.5777080062794349
2.0,5,30.0,1,5.0,0.0,-1.1,15457,93,0.30575143947725947,0.034418063013521384,0.6598304975092191,651,7.0,3032.412499191305,10.0,637,14,0.478806907378336
2.0,5,30.0,1,5.0,0.0,-1.0,15457,93,0.29578831597334543,0.03584136637122339,0.6683703176554312,650,6.989247311827957,3027.754415475189,10.0,637,13,0.4803767660910518
2.0,5,30.0,1,5.0,0.0,-0.9,15457,93,0.291906579543249,0.03571197515688685,0.6723814452998641,648,6.967741935483871,3018.4382480429576,10.0,634,14,0.4810725552050473
2.0,5,30.0,1,5.0,0.0,-0.8,15457,93,0.19363395225464192,0.12473313062043087,0.6816329171249272,486,5.225806451612903,2263.8286860322182,100.0,471,15,0.6411889596602972
2.0,5,30.0,1,5.0,0.0,-0.7,15457,93,0.1894934333958724,0.12259817558387785,0.6879083910202497,482,5.182795698924731,2245.196351167756,100.0,467,15,0.6466809421841542
2.0,5,30.0,1,5.0,0.0,-0.6,15457,93,0.18936404218153588,0.11612861486705053,0.6945073429514136,483,5.193548387096774,2249.8544348838714,90.0,468,15,0.47649572649572647
2.0,5,30.0,1,5.0,0.0,-0.5,15457,93,0.18755256518082422,0.11405835543766578,0.69838907938151,484,5.204301075268817,2254.5125185999873,90.0,470,14,0.4787234042553192
2.0,5,30.0,1,5.0,0.0,-0.4,15457,93,0.16684997088697678,0.11858704793944491,0.7145629811735783,542,5.827956989247312,2524.6813741346964,50.0,465,77,0.34408602150537637
2.0,5,30.0,1,5.0,0.0,-0.3,15457,93,0.13754286083974898,0.14174807530568675,0.7207090638545642,537,5.774193548387097,2501.3909555541177,55.0,460,77,0.34782608695652173
2.0,5,30.0,1,5.0,0.0,-0.2,15457,93,0.13747816523258072,0.13974251148347028,0.722779323283949,538,5.78494623655914,2506.0490392702336,55.0,461,77,0.3470715835140998
2.0,5,30.0,1,5.0,0.0,-0.1,15457,93,0.13747816523258072,0.13760755644691725,0.724914278320502,538,5.78494623655914,2506.0490392702336,55.0,461,77,0.3470715835140998
2.0,5,30.0,1,5.0,0.0,0.0,15457,93,0.12525069547777706,0.07595264281555282,0.7987966617066701,477,5.129032258064516,2221.9059325871776,30.0,403,74,0.3970223325062035
2.0,5,30.0,1,5.0,0.0,0.1,15457,93,0.1251859998706088,0.04690431519699812,0.8279096849323931,316,3.3978494623655915,1471.9544542925537,25.0,247,69,0.3441295546558704
2.0,5,30.0,1,5.0,0.0,0.2,15457,93,0.1251213042634405,0.04690431519699812,0.8279743805395614,315,3.3870967741935485,1467.296370576438,25.0,246,69,0.34552845528455284
2.0,5,30.0,1,5.0,0.0,0.3,15457,93,0.1251213042634405,0.04690431519699812,0.8279743805395614,315,3.3870967741935485,1467.296370576438,25.0,246,69,0.34552845528455284
2.0,5,30.0,1,5.0,0.0,0.4,15457,93,0.12279226240538267,0.014297729184188394,0.862910008410429,312,3.3548387096774195,1453.3221194280907,12.5,244,68,0.3524590163934426
2.0,5,30.0,1,5.0,0.0,0.5,15457,93,0.12272756679821441,0.012680339004981563,0.864592094196804,286,3.075268817204301,1332.2119428090832,10.0,231,55,0.3722943722943723
2.0,5,30.0,1,5.0,0.0,0.6,15457,93,0.12259817558387785,0.012680339004981563,0.8647214854111406,286,3.075268817204301,1332.2119428090832,10.0,231,55,0.3722943722943723
2.0,5,30.0,1,5.0,0.0,0.7,15457,93,0.12259817558387785,0.012680339004981563,0.8647214854111406,286,3.075268817204301,1332.2119428090832,10.0,231,55,0.3722943722943723
2.0,5,30.0,1,5.0,0.0,0.8,15457,93,0.12026913372582002,0.009445558646567898,0.8702853076276121,187,2.010752688172043,871.0616549136314,10.0,181,6,0.47513812154696133
2.0,5,30.0,1,5.0,0.0,0.9,15457,93,0.12026913372582002,0.009445558646567898,0.8702853076276121,187,2.010752688172043,871.0616549136314,10.0,181,6,0.47513812154696133
2.0,5,30.0,1,5.0,0.0,1.0,15457,93,0.12026913372582002,0.009445558646567898,0.8702853076276121,187,2.010752688172043,871.0616549136314,10.0,181,6,0.47513812154696133
2.0,5,30.0,2,5.0,5.0,-4.0,15457,93,1.0,0.0,0.0,0,0.0,0.0,,0,0,
2.0,5,30.0,2,5.0,5.0,-3.9,15457,93,1.0,0.0,0.0,0,0.0,0.0,,0,0,
2.0,5,30.0,2,5.0,5.0,-3.8,15457,93,1.0,0.0,0.0,0,0.0,0.0,,0,0,
2.0,5,30.0,2,5.0,5.0,-3.7,15457,93,1.0,0.0,0.0,0,0.0,0.0,,0,0,
2.0,5,30.0,2,5.0,5.0,-3.6,15457,93,1.0,0.0,0.0,0,0.0,0.0,,0,0,
2.0,5,30.0,2,5.0,5.0,-3.5,15457,93,1.0,0.0,0.0,0,0.0,0.0,,0,0,
2.0,5,30.0,2,5.0,5.0,-3.4,15457,93,1.0,0.0,0.0,0,0.0,0.0,,0,0,
2.0,5,30.0,2,5.0,5.0,-3.3,15457,93,1.0,0.0,0.0,0,0.0,0.0,,0,0,
2.0,5,30.0,2,5.0,5.0,-3.2,15457,93,1.0,0.0,0.0,0,0.0,0.0,,0,0,
2.0,5,30.0,2,5.0,5.0,-3.1,15457,93,1.0,0.0,0.0,0,0.0,0.0,,0,0,
2.0,5,30.0,2,5.0,5.0,-3.0,15457,93,1.0,0.0,0.0,0,0.0,0.0,,0,0,
2.0,5,30.0,2,5.0,5.0,-2.9,15457,93,1.0,0.0,0.0,0,0.0,0.0,,0,0,
2.0,5,30.0,2,5.0,5.0,-2.8,15457,93,1.0,0.0,0.0,0,0.0,0.0,,0,0,
2.0,5,30.0,2,5.0,5.0,-2.7,15457,93,1.0,0.0,0.0,0,0.0,0.0,,0,0,
2.0,5,30.0,2,5.0,5.0,-2.6,15457,93,1.0,0.0,0.0,0,0.0,0.0,,0,0,
2.0,5,30.0,2,5.0,5.0,-2.5,15457,93,1.0,0.0,0.0,0,0.0,0.0,,0,0,
2.0,5,30.0,2,5.0,5.0,-2.4,15457,93,1.0,0.0,0.0,0,0.0,0.0,,0,0,
2.0,5,30.0,2,5.0,5.0,-2.3,15457,93,0.9797502749563305,0.020249725043669536,0.0,136,1.4623655913978495,633.4993853917318,35.0,134,2,0.5
2.0,5,30.0,2,5.0,5.0,-2.2,15457,93,0.969916542666753,0.030083457333247073,0.0,141,1.5161290322580645,656.7898039723103,40.0,138,3,0.5072463768115942
2.0,5,30.0,2,5.0,5.0,-2.1,15457,93,0.8518470595846542,0.14698841948631688,0.001164520929028919,149,1.6021505376344085,694.0544737012357,160.0,144,5,0.9791666666666666
2.0,5,30.0,2,5.0,5.0,-2.0,15457,93,0.6964482111664618,0.2804554570744646,0.02309633175907356,408,4.387096774193548,1900.4981561751958,130.0,400,8,0.535
2.0,5,30.0,2,5.0,5.0,-1.9,15457,93,0.5780552500485217,0.30491039658407193,0.11703435336740635,410,4.408602150537634,1909.814323607427,85.0,397,13,0.5088161209068011
2.0,5,30.0,2,5.0,5.0,-1.8,15457,93,0.40557676133790516,0.41353432101960275,0.18088891764249207,580,6.236559139784946,2701.688555347092,140.0,560,20,0.7285714285714285
2.0,5,30.0,2,5.0,5.0,-1.7,15457,93,0.40124215565763083,0.3006404865109659,0.29811735783140325,584,6.279569892473118,2720.3208902115543,150.0,563,21,0.7211367673179396
2.0,5,30.0,2,5.0,5.0,-1.6,15457,93,0.33111211748722263,0.3434689784563628,0.32541890405641455,472,5.075268817204301,2198.615514006599,120.0,456,16,0.8070175438596491
2.0,5,30.0,2,5.0,5.0,-1.5,15457,93,0.3309180306657178,0.3393931552047616,0.3296888141295206,472,5.075268817204301,2198.615514006599,120.0,456,16,0.8092105263157895
2.0,5,30.0,2,5.0,5.0,-1.4,15457,93,0.3270362942356214,0.3313708999158957,0.3415928058484829,487,5.236559139784946,2268.486769748334,115.0,469,18,0.7484008528784648
2.0,5,30.0,2,5.0,5.0,-1.3,15457,93,0.321019602768972,0.13579607944620561,0.5431843177848225,698,7.505376344086022,3251.3424338487416,70.0,677,21,0.44165435745937964
2.0,5,30.0,2,5.0,5.0,-1.2,15457,93,0.3162321278385198,0.11748722261758426,0.566280649543896,542,5.827956989247312,2524.6813741346964,105.0,521,21,0.5700575815738963
2.0,5,30.0,2,5.0,5.0,-1.1,15457,93,0.3118328265510772,0.025554764831467944,0.6626124086174549,514,5.526881720430108,2394.2550300834573,75.0,473,41,0.44608879492600423
2.0,5,30.0,2,5.0,5.0,-1.0,15457,93,0.30180500743999483,0.02704276379633823,0.671152228763667,513,5.516129032258065,2389.596946367342,75.0,472,41,0.4491525423728814
2.0,5,30.0,2,5.0,5.0,-0.9,15457,93,0.2979232710098984,0.02704276379633823,0.6750339651937634,513,5.516129032258065,2389.596946367342,75.0,471,42,0.445859872611465
2.0,5,30.0,2,5.0,5.0,-0.8,15457,93,0.19783916672057966,0.12013974251148347,0.6820210907679368,416,4.473118279569892,1937.762825904121,100.0,376,40,0.6462765957446809
2.0,5,30.0,2,5.0,5.0,-0.7,15457,93,0.19369864786181018,0.11806948308209872,0.6882318690560911,414,4.451612903225806,1928.4466584718898,100.0,372,42,0.6505376344086021
2.0,5,30.0,2,5.0,5.0,-0.6,15457,93,0.1934398654331371,0.11153522675810312,0.6950249078087598,412,4.43010752688172,1919.1304910396584,95.0,370,42,0.44054054054054054
2.0,5,30.0,2,5.0,5.0,-0.5,15457,93,0.19162838843242544,0.10946496732871838,0.6989066442388562,413,4.440860215053763,1923.788574755774,90.0,374,39,0.44385026737967914
2.0,5,30.0,2,5.0,5.0,-0.4,15457,93,0.17506631299734748,0.1099178365788963,0.7150158504237563,475,5.10752688172043,2212.589765154946,80.0,398,77,0.31909547738693467
2.0,5,30.0,2,5.0,5.0,-0.3,15457,93,0.14575920295011968,0.13320825515947468,0.7210325418904057,472,5.075268817204301,2198.615514006599,75.0,396,76,0.3207070707070707
2.0,5,30.0,2,5.0,5.0,-0.2,15457,93,0.14569450734295142,0.13113799573008994,0.7231674969269587,472,5.075268817204301,2198.615514006599,75.0,396,76,0.3207070707070707
2.0,5,30.0,2,5.0,5.0,-0.1,15457,93,0.14569450734295142,0.1290030406935369,0.7253024519635117,472,5.075268817204301,2198.615514006599,70.0,396,76,0.3207070707070707
2.0,5,30.0,2,5.0,5.0,0.0,15457,93,0.13366112440965258,0.0731060361001488,0.7932328394901986,433,4.655913978494624,2016.9502490780874,45.0,358,75,0.4441340782122905
2.0,5,30.0,2,5.0,5.0,0.1,15457,93,0.13346703758814776,0.044122404088762376,0.8224105583230898,272,2.924731182795699,1266.9987707834637,45.0,202,70,0.4207920792079208
2.0,5,30.0,2,5.0,5.0,0.2,15457,93,0.13346703758814776,0.044122404088762376,0.8224105583230898,272,2.924731182795699,1266.9987707834637,45.0,202,70,0.4207920792079208
2.0,5,30.0,2,5.0,5.0,0.3,15457,93,0.13346703758814776,0.044122404088762376,0.8224105583230898,272,2.924731182795699,1266.9987707834637,45.0,202,70,0.4207920792079208
2.0,5,30.0,2,5.0,5.0,0.4,15457,93,0.13113799573008994,0.008410428931875526,0.8604515753380345,171,1.8387096774193548,796.5323154557806,170.0,153,18,0.5620915032679739
2.0,5,30.0,2,5.0,5.0,0.5,15457,93,0.13107330012292165,0.006857734359836967,0.8620689655172413,147,1.5806451612903225,684.7383062690044,490.0,141,6,0.6099290780141844
2.0,5,30.0,2,5.0,5.0,0.6,15457,93,0.1309439089085851,0.006857734359836967,0.862198356731578,147,1.5806451612903225,684.7383062690044,490.0,141,6,0.6099290780141844
2.0,5,30.0,2,5.0,5.0,0.7,15457,93,0.1309439089085851,0.006857734359836967,0.862198356731578,147,1.5806451612903225,684.7383062690044,490.0,141,6,0.6099290780141844
2.0,5,30.0,2,5.0,5.0,0.8,15457,93,0.128550171443359,0.006857734359836967,0.864592094196804,147,1.5806451612903225,684.7383062690044,490.0,140,7,0.6071428571428571
2.0,5,30.0,2,5.0,5.0,0.9,15457,93,0.128550171443359,0.006857734359836967,0.864592094196804,147,1.5806451612903225,684.7383062690044,490.0,140,7,0.6071428571428571
2.0,5,30.0,2,5.0,5.0,1.0,15457,93,0.128550171443359,0.006857734359836967,0.864592094196804,147,1.5806451612903225,684.7383062690044,490.0,140,7,0.6071428571428571
2.0,5,30.0,3,5.0,10.0,-4.0,15457,93,1.0,0.0,0.0,0,0.0,0.0,,0,0,
2.0,5,30.0,3,5.0,10.0,-3.9,15457,93,1.0,0.0,0.0,0,0.0,0.0,,0,0,
2.0,5,30.0,3,5.0,10.0,-3.8,15457,93,1.0,0.0,0.0,0,0.0,0.0,,0,0,
2.0,5,30.0,3,5.0,10.0,-3.7,15457,93,1.0,0.0,0.0,0,0.0,0.0,,0,0,
2.0,5,30.0,3,5.0,10.0,-3.6,15457,93,1.0,0.0,0.0,0,0.0,0.0,,0,0,
2.0,5,30.0,3,5.0,10.0,-3.5,15457,93,1.0,0.0,0.0,0,0.0,0.0,,0,0,
2.0,5,30.0,3,5.0,10.0,-3.4,15457,93,1.0,0.0,0.0,0,0.0,0.0,,0,0,
2.0,5,30.0,3,5.0,10.0,-3.3,15457,93,1.0,0.0,0.0,0,0.0,0.0,,0,0,
2.0,5,30.0,3,5.0,10.0,-3.2,15457,93,1.0,0.0,0.0,0,0.0,0.0,,0,0,
2.0,5,30.0,3,5.0,10.0,-3.1,15457,93,1.0,0.0,0.0,0,0.0,0.0,,0,0,
2.0,5,30.0,3,5.0,10.0,-3.0,15457,93,1.0,0.0,0.0,0,0.0,0.0,,0,0,
2.0,5,30.0,3,5.0,10.0,-2.9,15457,93,1.0,0.0,0.0,0,0.0,0.0,,0,0,
2.0,5,30.0,3,5.0,10.0,-2.8,15457,93,1.0,0.0,0.0,0,0.0,0.0,,0,0,
2.0,5,30.0,3,5.0,10.0,-2.7,15457,93,1.0,0.0,0.0,0,0.0,0.0,,0,0,
2.0,5,30.0,3,5.0,10.0,-2.6,15457,93,1.0,0.0,0.0,0,0.0,0.0,,0,0,
2.0,5,30.0,3,5.0,10.0,-2.5,15457,93,1.0,0.0,0.0,0,0.0,0.0,,0,0,
2.0,5,30.0,3,5.0,10.0,-2.4,15457,93,1.0,0.0,0.0,0,0.0,0.0,,0,0,
2.0,5,30.0,3,5.0,10.0,-2.3,15457,93,0.9797502749563305,0.020249725043669536,0.0,136,1.4623655913978495,633.4993853917318,32.5,134,2,0.5
2.0,5,30.0,3,5.0,10.0,-2.2,15457,93,0.9699812382739212,0.0300187617260788,0.0,140,1.5053763440860215,652.1317202561945,52.5,138,2,0.5072463768115942
2.0,5,30.0,3,5.0,10.0,-2.1,15457,93,0.8521705376204955,0.1466649414504755,0.001164520929028919,147,1.5806451612903225,684.7383062690044,160.0,144,3,0.9791666666666666
2.0,5,30.0,3,5.0,10.0,-2.0,15457,93,0.6879083910202497,0.2838196286472148,0.02827198033253542,222,2.3870967741935485,1034.09458497768,195.0,215,7,0.6651162790697674
2.0,5,30.0,3,5.0,10.0,-1.9,15457,93,0.5849129844083587,0.29831144465290804,0.11677557093873327,363,3.903225806451613,1690.8843889499901,85.0,351,12,0.5754985754985755
2.0,5,30.0,3,5.0,10.0,-1.8,15457,93,0.41275797373358347,0.40674128226693407,0.18050074399948243,532,5.720430107526882,2478.1005369735394,140.0,514,18,0.7101167315175098
2.0,5,30.0,3,5.0,10.0,-1.7,15457,93,0.4084233680533092,0.2939121433654655,0.29766448858122535,535,5.752688172043011,2492.0747881218867,155.0,515,20,0.7029126213592233
2.0,5,30.0,3,5.0,10.0,-1.6,15457,93,0.33247072523775634,0.34282202238468007,0.32470725237756354,472,5.075268817204301,2198.615514006599,120.0,454,18,0.8061674008810573
2.0,5,30.0,3,5.0,10.0,-1.5,15457,93,0.33227663841625155,0.33874619913307885,0.3289771624506696,472,5.075268817204301,2198.615514006599,120.0,454,18,0.8083700440528634
2.0,5,30.0,3,5.0,10.0,-1.4,15457,93,0.3283949019861551,0.3338293329882901,0.3377757650255548,469,5.043010752688172,2184.641262858252,115.0,453,16,0.8101545253863135
2.0,5,30.0,3,5.0,10.0,-1.3,15457,93,0.3354467231674969,0.11586983243837744,0.5486834443941256,545,5.860215053763441,2538.6556252830433,115.0,525,20,0.38095238095238093
2.0,5,30.0,3,5.0,10.0,-1.2,15457,93,0.3304651614155399,0.09775506243126092,0.5717797761531992,388,4.172043010752688,1807.3364818528821,115.0,367,21,0.5449591280653951
2.0,5,30.0,3,5.0,10.0,-1.1,15457,93,0.3260658601280973,0.001164520929028919,0.6727696189428738,322,3.4623655913978495,1499.9029565892474,135.0,243,79,0.30864197530864196
2.0,5,30.0,3,5.0,10.0,-1.0,15457,93,0.3159733454098467,0.002846606715404024,0.6811800478747493,323,3.4731182795698925,1504.5610403053631,130.0,244,79,0.3114754098360656
2.0,5,30.0,3,5.0,10.0,-0.9,15457,93,0.3119622177654137,0.002846606715404024,0.6851911755191823,322,3.4623655913978495,1499.9029565892474,135.0,243,79,0.31275720164609055
2.0,5,30.0,3,5.0,10.0,-0.8,15457,93,0.20618490004528692,0.10804166397101637,0.6857734359836967,322,3.4623655913978495,1499.9029565892474,137.5,245,77,0.636734693877551
2.0,5,30.0,3,5.0,10.0,-0.7,15457,93,0.20204438118651744,0.10610079575596817,0.6918548230575144,320,3.4408602150537635,1490.5867891570163,145.0,243,77,0.6419753086419753
2.0,5,30.0,3,5.0,10.0,-0.6,15457,93,0.20197968557934917,0.09956653943197256,0.6984537749886782,320,3.4408602150537635,1490.5867891570163,142.5,243,77,0.3168724279835391
2.0,5,30.0,3,5.0,10.0,-0.5,15457,93,0.2001682085786375,0.09736688878825128,0.7024649026331112,320,3.4408602150537635,1490.5867891570163,147.5,243,77,0.3168724279835391
2.0,5,30.0,3,5.0,10.0,-0.4,15457,93,0.18768195639516078,0.09380863039399624,0.7185094132108429,381,4.096774193548387,1774.7298958400725,85.0,305,76,0.25245901639344265
2.0,5,30.0,3,5.0,10.0,-0.3,15457,93,0.15365206702464904,0.11722844018891117,0.7291194927864398,344,3.6989247311827955,1602.3807983437925,80.0,268,76,0.2873134328358209
2.0,5,30.0,3,5.0,10.0,-0.2,15457,93,0.15358737141748074,0.11515818075952643,0.7312544478229929,344,3.6989247311827955,1602.3807983437925,80.0,268,76,0.2873134328358209
2.0,5,30.0,3,5.0,10.0,-0.1,15457,93,0.15358737141748074,0.11302322572297341,0.7333894028595458,343,3.6881720430107525,1597.7227146276769,75.0,267,76,0.2883895131086142
2.0,5,30.0,3,5.0,10.0,0.0,15457,93,0.14614737659312932,0.06611891052597528,0.7877337128808954,378,4.064516129032258,1760.7556446917256,45.0,302,76,0.5264900662251656
2.0,5,30.0,3,5.0,10.0,0.1,15457,93,0.14614737659312932,0.037199974121757136,0.8166526492851135,219,2.3548387096774195,1020.1203338293329,45.0,148,71,0.5675675675675675
2.0,5,30.0,3,5.0,10.0,0.2,15457,93,0.14614737659312932,0.037199974121757136,0.8166526492851135,219,2.3548387096774195,1020.1203338293329,45.0,148,71,0.5675675675675675
2.0,5,30.0,3,5.0,10.0,0.3,15457,93,0.14614737659312932,0.037199974121757136,0.8166526492851135,219,2.3548387096774195,1020.1203338293329,45.0,148,71,0.5675675675675675
2.0,5,30.0,3,5.0,10.0,0.4,15457,93,0.1438183347350715,0.0,0.8561816652649286,94,1.010752688172043,437.8598693148735,870.0,86,8,0.9767441860465116
2.0,5,30.0,3,5.0,10.0,0.5,15457,93,0.14355955230639839,0.0,0.8564404476936016,92,0.989247311827957,428.5437018826422,870.0,85,7,0.9882352941176471
2.0,5,30.0,3,5.0,10.0,0.6,15457,93,0.14323607427055704,0.0,0.8567639257294429,90,0.967741935483871,419.2275344504108,870.0,83,7,1.0
2.0,5,30.0,3,5.0,10.0,0.7,15457,93,0.14323607427055704,0.0,0.8567639257294429,90,0.967741935483871,419.2275344504108,870.0,83,7,1.0
2.0,5,30.0,3,5.0,10.0,0.8,15457,93,0.1409070324124992,0.0,0.8590929675875008,90,0.967741935483871,419.2275344504108,875.0,83,7,1.0
2.0,5,30.0,3,5.0,10.0,0.9,15457,93,0.1409070324124992,0.0,0.8590929675875008,90,0.967741935483871,419.2275344504108,875.0,83,7,1.0
2.0,5,30.0,3,5.0,10.0,1.0,15457,93,0.1409070324124992,0.0,0.8590929675875008,90,0.967741935483871,419.2275344504108,875.0,83,7,1.0
2.0,5,60.0,1,5.0,0.0,-4.0,15457,93,1.0,0.0,0.0,0,0.0,0.0,,0,0,
2.0,5,60.0,1,5.0,0.0,-3.9,15457,93,1.0,0.0,0.0,0,0.0,0.0,,0,0,
2.0,5,60.0,1,5.0,0.0,-3.8,15457,93,1.0,0.0,0.0,0,0.0,0.0,,0,0,
2.0,5,60.0,1,5.0,0.0,-3.7,15457,93,1.0,0.0,0.0,0,0.0,0.0,,0,0,
2.0,5,60.0,1,5.0,0.0,-3.6,15457,93,1.0,0.0,0.0,0,0.0,0.0,,0,0,
2.0,5,60.0,1,5.0,0.0,-3.5,15457,93,1.0,0.0,0.0,0,0.0,0.0,,0,0,
2.0,5,60.0,1,5.0,0.0,-3.4,15457,93,1.0,0.0,0.0,0,0.0,0.0,,0,0,
2.0,5,60.0,1,5.0,0.0,-3.3,15457,93,1.0,0.0,0.0,0,0.0,0.0,,0,0,
2.0,5,60.0,1,5.0,0.0,-3.2,15457,93,1.0,0.0,0.0,0,0.0,0.0,,0,0,
2.0,5,60.0,1,5.0,0.0,-3.1,15457,93,1.0,0.0,0.0,0,0.0,0.0,,0,0,
2.0,5,60.0,1,5.0,0.0,-3.0,15457,93,1.0,0.0,0.0,0,0.0,0.0,,0,0,
2.0,5,60.0,1,5.0,0.0,-2.9,15457,93,1.0,0.0,0.0,0,0.0,0.0,,0,0,
2.0,5,60.0,1,5.0,0.0,-2.8,15457,93,1.0,0.0,0.0,0,0.0,0.0,,0,0,
2.0,5,60.0,1,5.0,0.0,-2.7,15457,93,1.0,0.0,0.0,0,0.0,0.0,,0,0,
2.0,5,60.0,1,5.0,0.0,-2.6,15457,93,1.0,0.0,0.0,0,0.0,0.0,,0,0,
2.0,5,60.0,1,5.0,0.0,-2.5,15457,93,1.0,0.0,0.0,0,0.0,0.0,,0,0,
2.0,5,60.0,1,5.0,0.0,-2.4,15457,93,1.0,0.0,0.0,0,0.0,0.0,,0,0,
2.0,5,60.0,1,5.0,0.0,-2.3,15457,93,0.9818205343857153,0.01817946561428479,0.0,137,1.4731182795698925,638.1574691078476,20.0,134,3,0.4925373134328358
2.0,5,60.0,1,5.0,0.0,-2.2,15457,93,0.8820599081322378,0.11794009186776218,0.0,613,6.591397849462366,2855.4053179789094,25.0,606,7,0.11221122112211221
2.0,5,60.0,1,5.0,0.0,-2.1,15457,93,0.7416704405770849,0.2577472989584007,0.0005822604645144595,886,9.526881720430108,4127.062172478489,20.0,877,9,0.15849486887115166
2.0,5,60.0,1,5.0,0.0,-2.0,15457,93,0.6644238856181666,0.29766448858122535,0.03791162580060814,461,4.956989247311828,2147.3765931293265,30.0,453,8,0.3068432671081678
2.0,5,60.0,1,5.0,0.0,-1.9,15457,93,0.46923723879148604,0.38383903732936536,0.1469237238791486,1408,15.13978494623656,6558.581872290871,25.0,1387,21,0.20187454938716654
2.0,5,60.0,1,5.0,0.0,-1.8,15457,93,0.4311315261693731,0.3672122662871191,0.2016562075435078,900,9.67741935483871,4192.275344504108,42.5,879,21,0.46188850967007966
2.0,5,60.0,1,5.0,0.0,-1.7,15457,93,0.4229798796661707,0.24817234909749628,0.3288477712363331,477,5.129032258064516,2221.9059325871776,125.0,462,15,0.7943722943722944
2.0,5,60.0,1,5.0,0.0,-1.6,15457,93,0.32360742705570295,0.3353173319531604,0.3410752409911367,478,5.139784946236559,2226.564016303293,95.0,461,17,0.7960954446854663
2.0,5,60.0,1,5.0,0.0,-1.5,15457,93,0.32360742705570295,0.323154557805525,0.35323801513877207,478,5.139784946236559,2226.564016303293,95.0,462,16,0.7965367965367965
2.0,5,60.0,1,5.0,0.0,-1.4,15457,93,0.2829785857540273,0.2372387914860581,0.4797826227599146,1413,15.193548387096774,6581.87229087145,20.0,1380,33,0.1492753623188406
2.0,5,60.0,1,5.0,0.0,-1.3,15457,93,0.2713333764637381,0.16587953677945266,0.5627870867568092,904,9.720430107526882,4210.907679368571,35.0,872,32,0.23623853211009174
2.0,5,60.0,1,5.0,0.0,-1.2,15457,93,0.2666752927476224,0.15455780552500487,0.5787669017273727,902,9.698924731182796,4201.591511936339,30.0,870,32,0.2367816091954023
2.0,5,60.0,1,5.0,0.0,-1.1,15457,93,0.26234068706734814,0.08293976838972633,0.6547195445429256,642,6.903225806451613,2990.489745746264,30.0,612,30,0.46895424836601307
2.0,5,60.0,1,5.0,0.0,-1.0,15457,93,0.2004269910073106,0.12984408358672447,0.669728925405965,803,8.634408602150538,3740.441224040888,25.0,773,30,0.2690815006468305
2.0,5,60.0,1,5.0,0.0,-0.9,15457,93,0.19868020961376723,0.1217571326906903,0.6795626576955425,801,8.612903225806452,3731.1250566086565,25.0,747,54,0.24765729585006693
2.0,5,60.0,1,5.0,0.0,-0.8,15457,93,0.1779776153199198,0.12583295594229152,0.6961894287377887,479,5.150537634408602,2231.2221000194086,80.0,402,77,0.40298507462686567
2.0,5,60.0,1,5.0,0.0,-0.7,15457,93,0.17234909749628,0.12356860969140196,0.704082292812318,479,5.150537634408602,2231.2221000194086,75.0,402,77,0.40298507462686567
2.0,5,60.0,1,5.0,0.0,-0.6,15457,93,0.17221970628194347,0.11127644432943003,0.7165038493886265,475,5.10752688172043,2212.589765154946,70.0,400,75,0.405
2.0,5,60.0,1,5.0,0.0,-0.5,15457,93,0.17053762049556834,0.1113411399365983,0.7181212395678334,475,5.10752688172043,2212.589765154946,70.0,400,75,0.405
2.0,5,60.0,1,5.0,0.0,-0.4,15457,93,0.15184059002393738,0.1040952319337517,0.744064178042311,534,5.741935483870968,2487.416704405771,25.0,459,75,0.3485838779956427
2.0,5,60.0,1,5.0,0.0,-0.3,15457,93,0.13404929805266222,0.11367018179465614,0.7522805201526817,409,4.397849462365591,1905.1562398913113,50.0,334,75,0.47904191616766467
2.0,5,60.0,1,5.0,0.0,-0.2,15457,93,0.13404929805266222,0.11140583554376658,0.7545448664035712,409,4.397849462365591,1905.1562398913113,50.0,334,75,0.4820359281437126
2.0,5,60.0,1,5.0,0.0,-0.1,15457,93,0.13404929805266222,0.10933557611438183,0.756615125832956,409,4.397849462365591,1905.1562398913113,50.0,334,75,0.4820359281437126
2.0,5,60.0,1,5.0,0.0,0.0,15457,93,0.1316555605874361,0.03681180047874749,0.8315326389338163,308,3.3118279569892475,1434.689784563628,20.0,239,69,0.3598326359832636
2.0,5,60.0,1,5.0,0.0,0.1,15457,93,0.1316555605874361,0.036488322442906125,0.8318561169696578,308,3.3118279569892475,1434.689784563628,20.0,239,69,0.3598326359832636
2.0,5,60.0,1,5.0,0.0,0.2,15457,93,0.1316555605874361,0.036488322442906125,0.8318561169696578,308,3.3118279569892475,1434.689784563628,20.0,239,69,0.3598326359832636
2.0,5,60.0,1,5.0,0.0,0.3,15457,93,0.1316555605874361,0.036488322442906125,0.8318561169696578,308,3.3118279569892475,1434.689784563628,20.0,239,69,0.3598326359832636
2.0,5,60.0,1,5.0,0.0,0.4,15457,93,0.12932651872937828,0.018632334864462703,0.852041146406159,181,1.946236559139785,843.1131526169373,20.0,175,6,0.4857142857142857
2.0,5,60.0,1,5.0,0.0,0.5,15457,93,0.12932651872937828,0.018632334864462703,0.852041146406159,181,1.946236559139785,843.1131526169373,20.0,175,6,0.4857142857142857
2.0,5,60.0,1,5.0,0.0,0.6,15457,93,0.12932651872937828,0.018632334864462703,0.852041146406159,181,1.946236559139785,843.1131526169373,20.0,175,6,0.4857142857142857
2.0,5,60.0,1,5.0,0.0,0.7,15457,93,0.12932651872937828,0.018632334864462703,0.852041146406159,181,1.946236559139785,843.1131526169373,20.0,175,6,0.4857142857142857
2.0,5,60.0,1,5.0,0.0,0.8,15457,93,0.12693278126415217,0.018502943650126155,0.8545642750857216,180,1.935483870967742,838.4550689008216,20.0,175,5,0.4857142857142857
2.0,5,60.0,1,5.0,0.0,0.9,15457,93,0.12693278126415217,0.018502943650126155,0.8545642750857216,180,1.935483870967742,838.4550689008216,20.0,175,5,0.4857142857142857
2.0,5,60.0,1,5.0,0.0,1.0,15457,93,0.12693278126415217,0.018502943650126155,0.8545642750857216,180,1.935483870967742,838.4550689008216,20.0,175,5,0.4857142857142857
2.0,5,60.0,2,5.0,5.0,-4.0,15457,93,1.0,0.0,0.0,0,0.0,0.0,,0,0,
2.0,5,60.0,2,5.0,5.0,-3.9,15457,93,1.0,0.0,0.0,0,0.0,0.0,,0,0,
2.0,5,60.0,2,5.0,5.0,-3.8,15457,93,1.0,0.0,0.0,0,0.0,0.0,,0,0,
2.0,5,60.0,2,5.0,5.0,-3.7,15457,93,1.0,0.0,0.0,0,0.0,0.0,,0,0,
2.0,5,60.0,2,5.0,5.0,-3.6,15457,93,1.0,0.0,0.0,0,0.0,0.0,,0,0,
2.0,5,60.0,2,5.0,5.0,-3.5,15457,93,1.0,0.0,0.0,0,0.0,0.0,,0,0,
2.0,5,60.0,2,5.0,5.0,-3.4,15457,93,1.0,0.0,0.0,0,0.0,0.0,,0,0,
2.0,5,60.0,2,5.0,5.0,-3.3,15457,93,1.0,0.0,0.0,0,0.0,0.0,,0,0,
2.0,5,60.0,2,5.0,5.0,-3.2,15457,93,1.0,0.0,0.0,0,0.0,0.0,,0,0,
2.0,5,60.0,2,5.0,5.0,-3.1,15457,93,1.0,0.0,0.0,0,0.0,0.0,,0,0,
2.0,5,60.0,2,5.0,5.0,-3.0,15457,93,1.0,0.0,0.0,0,0.0,0.0,,0,0,
2.0,5,60.0,2,5.0,5.0,-2.9,15457,93,1.0,0.0,0.0,0,0.0,0.0,,0,0,
2.0,5,60.0,2,5.0,5.0,-2.8,15457,93,1.0,0.0,0.0,0,0.0,0.0,,0,0,
2.0,5,60.0,2,5.0,5.0,-2.7,15457,93,1.0,0.0,0.0,0,0.0,0.0,,0,0,
2.0,5,60.0,2,5.0,5.0,-2.6,15457,93,1.0,0.0,0.0,0,0.0,0.0,,0,0,
2.0,5,60.0,2,5.0,5.0,-2.5,15457,93,1.0,0.0,0.0,0,0.0,0.0,,0,0,
2.0,5,60.0,2,5.0,5.0,-2.4,15457,93,1.0,0.0,0.0,0,0.0,0.0,,0,0,
2.0,5,60.0,2,5.0,5.0,-2.3,15457,93,0.9818852299928835,0.018114770007116518,0.0,136,1.4623655913978495,633.4993853917318,32.5,134,2,0.4925373134328358
2.0,5,60.0,2,5.0,5.0,-2.2,15457,93,0.8753315649867374,0.1246684350132626,0.0,395,4.247311827956989,1839.943067865692,25.0,388,7,0.2422680412371134
2.0,5,60.0,2,5.0,5.0,-2.1,15457,93,0.7365594876107913,0.2628582519246943,0.0005822604645144595,708,7.612903225806452,3297.9232710098986,20.0,698,10,0.1977077363896848
2.0,5,60.0,2,5.0,5.0,-2.0,15457,93,0.6651355372970176,0.29708222811671087,0.03778223458627159,461,4.956989247311828,2147.3765931293265,30.0,453,8,0.3068432671081678
2.0,5,60.0,2,5.0,5.0,-1.9,15457,93,0.4637381121821828,0.38797955618813484,0.14828233162968235,1147,12.333333333333334,5342.82202238468,30.0,1125,22,0.248
2.0,5,60.0,2,5.0,5.0,-1.8,15457,93,0.432296047098402,0.364818528821893,0.202885424079705,845,9.086021505376344,3936.080740117746,70.0,824,21,0.49271844660194175
2.0,5,60.0,2,5.0,5.0,-1.7,15457,93,0.4241444005951996,0.24771947984731837,0.32813611955748206,477,5.129032258064516,2221.9059325871776,125.0,462,15,0.7943722943722944
2.0,5,60.0,2,5.0,5.0,-1.6,15457,93,0.32496603480623665,0.33467037588147763,0.3403635893122857,478,5.139784946236559,2226.564016303293,95.0,461,17,0.7960954446854663
2.0,5,60.0,2,5.0,5.0,-1.5,15457,93,0.32496603480623665,0.3225076017338423,0.35252636345992105,478,5.139784946236559,2226.564016303293,95.0,462,16,0.7965367965367965
2.0,5,60.0,2,5.0,5.0,-1.4,15457,93,0.2844665847188976,0.23691531345021674,0.47861810183088566,1406,15.118279569892474,6549.26570485864,20.0,1326,80,0.1191553544494721
2.0,5,60.0,2,5.0,5.0,-1.3,15457,93,0.2728213754286084,0.16555605874361132,0.5616225658277803,900,9.67741935483871,4192.275344504108,35.0,820,80,0.19146341463414634
2.0,5,60.0,2,5.0,5.0,-1.2,15457,93,0.2681632917124927,0.15429902309633176,0.5775376851911755,898,9.655913978494624,4182.959177071877,30.0,817,81,0.19216646266829865
2.0,5,60.0,2,5.0,5.0,-1.1,15457,93,0.26382868603221843,0.08281037717538979,0.6533609367923918,641,6.89247311827957,2985.8316620301484,30.0,563,78,0.42451154529307283
2.0,5,60.0,2,5.0,5.0,-1.0,15457,93,0.19796855793491622,0.13366112440965258,0.6683703176554312,675,7.258064516129032,3144.2065083780813,35.0,596,79,0.26677852348993286
2.0,5,60.0,2,5.0,5.0,-0.9,15457,93,0.19622177654137285,0.12557417351361844,0.6782040499450087,673,7.236559139784946,3134.89034094585,35.0,594,79,0.26936026936026936
2.0,5,60.0,2,5.0,5.0,-0.8,15457,93,0.1796597011062949,0.12550947790645015,0.694830820987255,477,5.129032258064516,2221.9059325871776,80.0,401,76,0.4014962593516209
2.0,5,60.0,2,5.0,5.0,-0.7,15457,93,0.1740311832826551,0.12324513165556059,0.7027236850617843,477,5.129032258064516,2221.9059325871776,75.0,401,76,0.4014962593516209
2.0,5,60.0,2,5.0,5.0,-0.6,15457,93,0.17390179206831857,0.11108235750792521,0.7150158504237563,475,5.10752688172043,2212.589765154946,70.0,399,76,0.40350877192982454
2.0,5,60.0,2,5.0,5.0,-0.5,15457,93,0.17221970628194347,0.11114705311509349,0.7166332406029631,474,5.096774193548387,2207.9316814388303,70.0,398,76,0.4045226130653266
2.0,5,60.0,2,5.0,5.0,-0.4,15457,93,0.1575984990619137,0.09982532186064566,0.7425761790774407,533,5.731182795698925,2482.7586206896553,25.0,458,75,0.34934497816593885
2.0,5,60.0,2,5.0,5.0,-0.3,15457,93,0.13987190269780683,0.10933557611438183,0.7507925211878114,409,4.397849462365591,1905.1562398913113,50.0,334,75,0.47904191616766467
2.0,5,60.0,2,5.0,5.0,-0.2,15457,93,0.13987190269780683,0.10707122986349227,0.7530568674387009,409,4.397849462365591,1905.1562398913113,50.0,334,75,0.4820359281437126
2.0,5,60.0,2,5.0,5.0,-0.1,15457,93,0.13987190269780683,0.10500097043410753,0.7551271268680857,409,4.397849462365591,1905.1562398913113,50.0,334,75,0.4820359281437126
2.0,5,60.0,2,5.0,5.0,0.0,15457,93,0.13747816523258072,0.036682409264410944,0.8258394255030084,307,3.3010752688172045,1430.0317008475124,20.0,239,68,0.3598326359832636
2.0,5,60.0,2,5.0,5.0,0.1,15457,93,0.13747816523258072,0.03635893122856958,0.8261629035388497,307,3.3010752688172045,1430.0317008475124,20.0,239,68,0.3598326359832636
2.0,5,60.0,2,5.0,5.0,0.2,15457,93,0.13747816523258072,0.03635893122856958,0.8261629035388497,307,3.3010752688172045,1430.0317008475124,20.0,239,68,0.3598326359832636
2.0,5,60.0,2,5.0,5.0,0.3,15457,93,0.13747816523258072,0.03635893122856958,0.8261629035388497,307,3.3010752688172045,1430.0317008475124,20.0,239,68,0.3598326359832636
2.0,5,60.0,2,5.0,5.0,0.4,15457,93,0.13514912337452287,0.01856763925729443,0.8462832373681827,181,1.946236559139785,843.1131526169373,20.0,175,6,0.4857142857142857
2.0,5,60.0,2,5.0,5.0,0.5,15457,93,0.13514912337452287,0.01856763925729443,0.8462832373681827,181,1.946236559139785,843.1131526169373,20.0,175,6,0.4857142857142857
2.0,5,60.0,2,5.0,5.0,0.6,15457,93,0.13514912337452287,0.01856763925729443,0.8462832373681827,181,1.946236559139785,843.1131526169373,20.0,175,6,0.4857142857142857
2.0,5,60.0,2,5.0,5.0,0.7,15457,93,0.13514912337452287,0.01856763925729443,0.8462832373681827,181,1.946236559139785,843.1131526169373,20.0,175,6,0.4857142857142857
2.0,5,60.0,2,5.0,5.0,0.8,15457,93,0.13275538590929675,0.018502943650126155,0.8487416704405771,179,1.924731182795699,833.7969851847059,20.0,174,5,0.4885057471264368
2.0,5,60.0,2,5.0,5.0,0.9,15457,93,0.13275538590929675,0.018502943650126155,0.8487416704405771,179,1.924731182795699,833.7969851847059,20.0,174,5,0.4885057471264368
2.0,5,60.0,2,5.0,5.0,1.0,15457,93,0.13275538590929675,0.018502943650126155,0.8487416704405771,179,1.924731182795699,833.7969851847059,20.0,174,5,0.4885057471264368
2.0,5,60.0,3,5.0,10.0,-4.0,15457,93,1.0,0.0,0.0,0,0.0,0.0,,0,0,
2.0,5,60.0,3,5.0,10.0,-3.9,15457,93,1.0,0.0,0.0,0,0.0,0.0,,0,0,
2.0,5,60.0,3,5.0,10.0,-3.8,15457,93,1.0,0.0,0.0,0,0.0,0.0,,0,0,
2.0,5,60.0,3,5.0,10.0,-3.7,15457,93,1.0,0.0,0.0,0,0.0,0.0,,0,0,
2.0,5,60.0,3,5.0,10.0,-3.6,15457,93,1.0,0.0,0.0,0,0.0,0.0,,0,0,
2.0,5,60.0,3,5.0,10.0,-3.5,15457,93,1.0,0.0,0.0,0,0.0,0.0,,0,0,
2.0,5,60.0,3,5.0,10.0,-3.4,15457,93,1.0,0.0,0.0,0,0.0,0.0,,0,0,
2.0,5,60.0,3,5.0,10.0,-3.3,15457,93,1.0,0.0,0.0,0,0.0,0.0,,0,0,
2.0,5,60.0,3,5.0,10.0,-3.2,15457,93,1.0,0.0,0.0,0,0.0,0.0,,0,0,
2.0,5,60.0,3,5.0,10.0,-3.1,15457,93,1.0,0.0,0.0,0,0.0,0.0,,0,0,
2.0,5,60.0,3,5.0,10.0,-3.0,15457,93,1.0,0.0,0.0,0,0.0,0.0,,0,0,
2.0,5,60.0,3,5.0,10.0,-2.9,15457,93,1.0,0.0,0.0,0,0.0,0.0,,0,0,
2.0,5,60.0,3,5.0,10.0,-2.8,15457,93,1.0,0.0,0.0,0,0.0,0.0,,0,0,
2.0,5,60.0,3,5.0,10.0,-2.7,15457,93,1.0,0.0,0.0,0,0.0,0.0,,0,0,
2.0,5,60.0,3,5.0,10.0,-2.6,15457,93,1.0,0.0,0.0,0,0.0,0.0,,0,0,
2.0,5,60.0,3,5.0,10.0,-2.5,15457,93,1.0,0.0,0.0,0,0.0,0.0,,0,0,
2.0,5,60.0,3,5.0,10.0,-2.4,15457,93,1.0,0.0,0.0,0,0.0,0.0,,0,0,
2.0,5,60.0,3,5.0,10.0,-2.3,15457,93,0.9818852299928835,0.018114770007116518,0.0,136,1.4623655913978495,633.4993853917318,30.0,134,2,0.4925373134328358
2.0,5,60.0,3,5.0,10.0,-2.2,15457,93,0.8593517500161739,0.1406482499838261,0.0,142,1.5268817204301075,661.4478876884259,160.0,138,4,0.9855072463768116
2.0,5,60.0,3,5.0,10.0,-2.1,15457,93,0.7088697677427702,0.2904185805783787,0.000711651678851006,267,2.870967741935484,1243.7083522028854,120.0,260,7,0.7615384615384615
2.0,5,60.0,3,5.0,10.0,-2.0,15457,93,0.6658471889758686,0.2945590994371482,0.03959371158698324,431,4.634408602150538,2007.6340816458564,35.0,423,8,0.32860520094562645
2.0,5,60.0,3,5.0,10.0,-1.9,15457,93,0.4452351685320567,0.399624765478424,0.15514006598951932,726,7.806451612903226,3381.7687778999803,90.0,707,19,0.5134370579915134
2.0,5,60.0,3,5.0,10.0,-1.8,15457,93,0.4354014362424791,0.3529145371029307,0.21168402665459016,626,6.731182795698925,2915.960406288413,105.0,607,19,0.6441515650741351
2.0,5,60.0,3,5.0,10.0,-1.7,15457,93,0.4275085721679498,0.24480817752474607,0.3276832503073041,455,4.89247311827957,2119.4280908326327,125.0,439,16,0.8314350797266514
2.0,5,60.0,3,5.0,10.0,-1.6,15457,93,0.32645403377110693,0.33376463738112183,0.33978132884777124,475,5.10752688172043,2212.589765154946,95.0,459,16,0.7995642701525054
2.0,5,60.0,3,5.0,10.0,-1.5,15457,93,0.32645403377110693,0.32160186323348644,0.3519441029954066,475,5.10752688172043,2212.589765154946,95.0,460,15,0.8
2.0,5,60.0,3,5.0,10.0,-1.4,15457,93,0.2860192792909361,0.2360095749498609,0.47797114575920296,1404,15.096774193548388,6539.949537426408,20.0,1324,80,0.11933534743202417
2.0,5,60.0,3,5.0,10.0,-1.3,15457,93,0.27411528757197384,0.1651031894934334,0.5607815229345927,895,9.623655913978494,4168.98492592353,35.0,815,80,0.19263803680981595
2.0,5,60.0,3,5.0,10.0,-1.2,15457,93,0.26984537749886783,0.15365206702464904,0.5765025554764831,895,9.623655913978494,4168.98492592353,30.0,815,80,0.19141104294478528
2.0,5,60.0,3,5.0,10.0,-1.1,15457,93,0.26783981367665133,0.08002846606715404,0.6521317202561946,619,6.655913978494624,2883.3538202756035,40.0,541,78,0.4399260628465804
2.0,5,60.0,3,5.0,10.0,-1.0,15457,93,0.18722908714498285,0.1455004205214466,0.6672704923335705,473,5.086021505376344,2203.2735977227144,90.0,395,78,0.40253164556962023
2.0,5,60.0,3,5.0,10.0,-0.9,15457,93,0.18548230575143948,0.13301416833796986,0.6815035259105907,470,5.053763440860215,2189.2993465743675,70.0,394,76,0.4035532994923858
2.0,5,60.0,3,5.0,10.0,-0.8,15457,93,0.18160056932134308,0.1246684350132626,0.6937309956653943,470,5.053763440860215,2189.2993465743675,80.0,394,76,0.4035532994923858
2.0,5,60.0,3,5.0,10.0,-0.7,15457,93,0.17584266028336676,0.12240408876237303,0.7017532509542602,468,5.032258064516129,2179.983179142136,75.0,392,76,0.40561224489795916
2.0,5,60.0,3,5.0,10.0,-0.6,15457,93,0.17584266028336676,0.11037070582907421,0.713786633887559,468,5.032258064516129,2179.983179142136,70.0,392,76,0.40561224489795916
2.0,5,60.0,3,5.0,10.0,-0.5,15457,93,0.17422527010415992,0.11050009704341075,0.7152746328524293,469,5.043010752688172,2184.641262858252,70.0,393,76,0.40458015267175573
2.0,5,60.0,3,5.0,10.0,-0.4,15457,93,0.16355049492139484,0.0953613249660348,0.7410881801125704,532,5.720430107526882,2478.1005369735394,25.0,455,77,0.34725274725274724
2.0,5,60.0,3,5.0,10.0,-0.3,15457,93,0.14569450734295142,0.10474218800543443,0.7495633046516141,406,4.365591397849462,1891.1819887429644,50.0,330,76,0.4818181818181818
2.0,5,60.0,3,5.0,10.0,-0.2,15457,93,0.14569450734295142,0.10247784175454487,0.7518276509025037,406,4.365591397849462,1891.1819887429644,50.0,330,76,0.4818181818181818
2.0,5,60.0,3,5.0,10.0,-0.1,15457,93,0.14569450734295142,0.10040758232516012,0.7538979103318885,406,4.365591397849462,1891.1819887429644,45.0,330,76,0.4818181818181818
2.0,5,60.0,3,5.0,10.0,0.0,15457,93,0.14355955230639839,0.03635893122856958,0.820081516465032,305,3.2795698924731185,1420.715533415281,20.0,237,68,0.3628691983122363
2.0,5,60.0,3,5.0,10.0,0.1,15457,93,0.14355955230639839,0.03590606197839167,0.82053438571521,303,3.2580645161290325,1411.3993659830498,20.0,235,68,0.3617021276595745
2.0,5,60.0,3,5.0,10.0,0.2,15457,93,0.14355955230639839,0.03590606197839167,0.82053438571521,303,3.2580645161290325,1411.3993659830498,20.0,235,68,0.3617021276595745
2.0,5,60.0,3,5.0,10.0,0.3,15457,93,0.14355955230639839,0.03590606197839167,0.82053438571521,303,3.2580645161290325,1411.3993659830498,20.0,235,68,0.3617021276595745
2.0,5,60.0,3,5.0,10.0,0.4,15457,93,0.141101119234004,0.018244161221453063,0.840654719544543,178,1.913978494623656,829.1389014685903,22.5,173,5,0.4913294797687861
2.0,5,60.0,3,5.0,10.0,0.5,15457,93,0.141101119234004,0.018244161221453063,0.840654719544543,178,1.913978494623656,829.1389014685903,22.5,173,5,0.4913294797687861
2.0,5,60.0,3,5.0,10.0,0.6,15457,93,0.141101119234004,0.018244161221453063,0.840654719544543,178,1.913978494623656,829.1389014685903,22.5,173,5,0.4913294797687861
2.0,5,60.0,3,5.0,10.0,0.7,15457,93,0.141101119234004,0.018244161221453063,0.840654719544543,178,1.913978494623656,829.1389014685903,22.5,173,5,0.4913294797687861
2.0,5,60.0,3,5.0,10.0,0.8,15457,93,0.13883677298311445,0.01817946561428479,0.8429837614026008,177,1.903225806451613,824.4808177524746,25.0,172,5,0.4941860465116279
2.0,5,60.0,3,5.0,10.0,0.9,15457,93,0.13883677298311445,0.01817946561428479,0.8429837614026008,177,1.903225806451613,824.4808177524746,25.0,172,5,0.4941860465116279
2.0,5,60.0,3,5.0,10.0,1.0,15457,93,0.13883677298311445,0.01817946561428479,0.8429837614026008,177,1.903225806451613,824.4808177524746,25.0,172,5,0.4941860465116279
2.0,5,120.0,1,5.0,0.0,-4.0,15457,93,1.0,0.0,0.0,0,0.0,0.0,,0,0,
2.0,5,120.0,1,5.0,0.0,-3.9,15457,93,1.0,0.0,0.0,0,0.0,0.0,,0,0,
2.0,5,120.0,1,5.0,0.0,-3.8,15457,93,1.0,0.0,0.0,0,0.0,0.0,,0,0,
2.0,5,120.0,1,5.0,0.0,-3.7,15457,93,1.0,0.0,0.0,0,0.0,0.0,,0,0,
2.0,5,120.0,1,5.0,0.0,-3.6,15457,93,1.0,0.0,0.0,0,0.0,0.0,,0,0,
2.0,5,120.0,1,5.0,0.0,-3.5,15457,93,1.0,0.0,0.0,0,0.0,0.0,,0,0,
2.0,5,120.0,1,5.0,0.0,-3.4,15457,93,1.0,0.0,0.0,0,0.0,0.0,,0,0,
2.0,5,120.0,1,5.0,0.0,-3.3,15457,93,1.0,0.0,0.0,0,0.0,0.0,,0,0,
2.0,5,120.0,1,5.0,0.0,-3.2,15457,93,1.0,0.0,0.0,0,0.0,0.0,,0,0,
2.0,5,120.0,1,5.0,0.0,-3.1,15457,93,1.0,0.0,0.0,0,0.0,0.0,,0,0,
2.0,5,120.0,1,5.0,0.0,-3.0,15457,93,1.0,0.0,0.0,0,0.0,0.0,,0,0,
2.0,5,120.0,1,5.0,0.0,-2.9,15457,93,1.0,0.0,0.0,0,0.0,0.0,,0,0,
2.0,5,120.0,1,5.0,0.0,-2.8,15457,93,1.0,0.0,0.0,0,0.0,0.0,,0,0,
2.0,5,120.0,1,5.0,0.0,-2.7,15457,93,1.0,0.0,0.0,0,0.0,0.0,,0,0,
2.0,5,120.0,1,5.0,0.0,-2.6,15457,93,1.0,0.0,0.0,0,0.0,0.0,,0,0,
2.0,5,120.0,1,5.0,0.0,-2.5,15457,93,1.0,0.0,0.0,0,0.0,0.0,,0,0,
2.0,5,120.0,1,5.0,0.0,-2.4,15457,93,1.0,0.0,0.0,0,0.0,0.0,,0,0,
2.0,5,120.0,1,5.0,0.0,-2.3,15457,93,1.0,0.0,0.0,0,0.0,0.0,,0,0,
2.0,5,120.0,1,5.0,0.0,-2.2,15457,93,0.9061913696060038,0.09380863039399624,0.0,679,7.301075268817204,3162.8388432425436,20.0,673,6,0.09658246656760773
2.0,5,120.0,1,5.0,0.0,-2.1,15457,93,0.7743417221970628,0.22565827780293718,0.0,994,10.688172043010752,4630.135213818981,20.0,985,9,0.13705583756345177
2.0,5,120.0,1,5.0,0.0,-2.0,15457,93,0.6499967652196416,0.33538202756032864,0.01462120722002976,405,4.354838709677419,1886.5239050268485,65.0,397,8,0.345088161209068
2.0,5,120.0,1,5.0,0.0,-1.9,15457,93,0.5567703952901598,0.3244484699488905,0.11878113476094973,1175,12.634408602150538,5473.248366435919,20.0,1155,20,0.24155844155844156
2.0,5,120.0,1,5.0,0.0,-1.8,15457,93,0.5050139095555412,0.3033577020120334,0.19162838843242544,1145,12.311827956989248,5333.505854952448,20.0,1123,22,0.201246660730187
2.0,5,120.0,1,5.0,0.0,-1.7,15457,93,0.4500226434625089,0.20392055379439736,0.34605680274309375,598,6.43010752688172,2785.534062237174,70.0,546,52,0.48717948717948717
2.0,5,120.0,1,5.0,0.0,-1.6,15457,93,0.34463349938539173,0.2766384162515365,0.37872808436307176,466,5.010752688172043,2170.667011709905,95.0,414,52,0.6376811594202898
2.0,5,120.0,1,5.0,0.0,-1.5,15457,93,0.3423044575273339,0.27068642039205537,0.3870091220806107,466,5.010752688172043,2170.667011709905,90.0,414,52,0.6376811594202898
2.0,5,120.0,1,5.0,0.0,-1.4,15457,93,0.2943650126156434,0.25483599663582845,0.4507989907485282,905,9.731182795698924,4215.565763084686,35.0,825,80,0.18787878787878787
2.0,5,120.0,1,5.0,0.0,-1.3,15457,93,0.22507601733842272,0.2768971986802096,0.4980267839813677,631,6.78494623655914,2939.2508248689915,60.0,552,79,0.13949275362318841
2.0,5,120.0,1,5.0,0.0,-1.2,15457,93,0.2158892411205279,0.22255288865886005,0.561557870220612,631,6.78494623655914,2939.2508248689915,60.0,552,79,0.13949275362318841
2.0,5,120.0,1,5.0,0.0,-1.1,15457,93,0.20534385715209938,0.18289448146470855,0.6117616613831921,631,6.78494623655914,2939.2508248689915,45.0,552,79,0.286231884057971
2.0,5,120.0,1,5.0,0.0,-1.0,15457,93,0.18716439153781458,0.17551918224752538,0.63731642621466,632,6.795698924731183,2943.9089085851074,40.0,553,79,0.2857142857142857
2.0,5,120.0,1,5.0,0.0,-0.9,15457,93,0.1798537879277997,0.1520346768454422,0.6681115352267581,628,6.752688172043011,2925.2765737206446,40.0,551,77,0.29038112522686027
2.0,5,120.0,1,5.0,0.0,-0.8,15457,93,0.15701623859739924,0.12117487222617584,0.7218088891764249,404,4.344086021505376,1881.8658213107328,55.0,329,75,0.48632218844984804
2.0,5,120.0,1,5.0,0.0,-0.7,15457,93,0.15475189234650968,0.10778288154234328,0.7374652261111471,404,4.344086021505376,1881.8658213107328,45.0,329,75,0.48632218844984804
2.0,5,120.0,1,5.0,0.0,-0.6,15457,93,0.15475189234650968,0.09361454357249142,0.7516335640809989,405,4.354838709677419,1886.5239050268485,40.0,330,75,0.48484848484848486
2.0,5,120.0,1,5.0,0.0,-0.5,15457,93,0.15475189234650968,0.07957559681697612,0.7656725108365142,404,4.344086021505376,1881.8658213107328,30.0,330,74,0.48484848484848486
2.0,5,120.0,1,5.0,0.0,-0.4,15457,93,0.15242285048845183,0.02633111211748722,0.821246037394061,240,2.5806451612903225,1117.9400918677622,15.0,173,67,0.48554913294797686
2.0,5,120.0,1,5.0,0.0,-0.3,15457,93,0.15242285048845183,0.018438248042957885,0.8291389014685903,178,1.913978494623656,829.1389014685903,20.0,173,5,0.48554913294797686
2.0,5,120.0,1,5.0,0.0,-0.2,15457,93,0.15242285048845183,0.018438248042957885,0.8291389014685903,178,1.913978494623656,829.1389014685903,20.0,173,5,0.48554913294797686
2.0,5,120.0,1,5.0,0.0,-0.1,15457,93,0.15242285048845183,0.018438248042957885,0.8291389014685903,178,1.913978494623656,829.1389014685903,20.0,173,5,0.48554913294797686
2.0,5,120.0,1,5.0,0.0,0.0,15457,93,0.150093808630394,0.018438248042957885,0.8314679433266481,178,1.913978494623656,829.1389014685903,20.0,173,5,0.48554913294797686
2.0,5,120.0,1,5.0,0.0,0.1,15457,93,0.150093808630394,0.018438248042957885,0.8314679433266481,178,1.913978494623656,829.1389014685903,20.0,173,5,0.48554913294797686
2.0,5,120.0,1,5.0,0.0,0.2,15457,93,0.150093808630394,0.018438248042957885,0.8314679433266481,178,1.913978494623656,829.1389014685903,20.0,173,5,0.48554913294797686
2.0,5,120.0,1,5.0,0.0,0.3,15457,93,0.150093808630394,0.018438248042957885,0.8314679433266481,178,1.913978494623656,829.1389014685903,20.0,173,5,0.48554913294797686
2.0,5,120.0,1,5.0,0.0,0.4,15457,93,0.14782946237950442,0.018438248042957885,0.8337322895775376,178,1.913978494623656,829.1389014685903,20.0,173,5,0.48554913294797686
2.0,5,120.0,1,5.0,0.0,0.5,15457,93,0.14782946237950442,0.018438248042957885,0.8337322895775376,178,1.913978494623656,829.1389014685903,20.0,173,5,0.48554913294797686
2.0,5,120.0,1,5.0,0.0,0.6,15457,93,0.14782946237950442,0.018438248042957885,0.8337322895775376,178,1.913978494623656,829.1389014685903,20.0,173,5,0.48554913294797686
2.0,5,120.0,1,5.0,0.0,0.7,15457,93,0.14782946237950442,0.018438248042957885,0.8337322895775376,178,1.913978494623656,829.1389014685903,20.0,173,5,0.48554913294797686
2.0,5,120.0,1,5.0,0.0,0.8,15457,93,0.1454357249142783,0.018502943650126155,0.8360613314355956,179,1.924731182795699,833.7969851847059,20.0,173,6,0.48554913294797686
2.0,5,120.0,1,5.0,0.0,0.9,15457,93,0.1454357249142783,0.018502943650126155,0.8360613314355956,179,1.924731182795699,833.7969851847059,20.0,173,6,0.48554913294797686
2.0,5,120.0,1,5.0,0.0,1.0,15457,93,0.1454357249142783,0.018502943650126155,0.8360613314355956,179,1.924731182795699,833.7969851847059,20.0,173,6,0.48554913294797686
2.0,5,120.0,2,5.0,5.0,-4.0,15457,93,1.0,0.0,0.0,0,0.0,0.0,,0,0,
2.0,5,120.0,2,5.0,5.0,-3.9,15457,93,1.0,0.0,0.0,0,0.0,0.0,,0,0,
2.0,5,120.0,2,5.0,5.0,-3.8,15457,93,1.0,0.0,0.0,0,0.0,0.0,,0,0,
2.0,5,120.0,2,5.0,5.0,-3.7,15457,93,1.0,0.0,0.0,0,0.0,0.0,,0,0,
2.0,5,120.0,2,5.0,5.0,-3.6,15457,93,1.0,0.0,0.0,0,0.0,0.0,,0,0,
2.0,5,120.0,2,5.0,5.0,-3.5,15457,93,1.0,0.0,0.0,0,0.0,0.0,,0,0,
2.0,5,120.0,2,5.0,5.0,-3.4,15457,93,1.0,0.0,0.0,0,0.0,0.0,,0,0,
2.0,5,120.0,2,5.0,5.0,-3.3,15457,93,1.0,0.0,0.0,0,0.0,0.0,,0,0,
2.0,5,120.0,2,5.0,5.0,-3.2,15457,93,1.0,0.0,0.0,0,0.0,0.0,,0,0,
2.0,5,120.0,2,5.0,5.0,-3.1,15457,93,1.0,0.0,0.0,0,0.0,0.0,,0,0,
2.0,5,120.0,2,5.0,5.0,-3.0,15457,93,1.0,0.0,0.0,0,0.0,0.0,,0,0,
2.0,5,120.0,2,5.0,5.0,-2.9,15457,93,1.0,0.0,0.0,0,0.0,0.0,,0,0,
2.0,5,120.0,2,5.0,5.0,-2.8,15457,93,1.0,0.0,0.0,0,0.0,0.0,,0,0,
2.0,5,120.0,2,5.0,5.0,-2.7,15457,93,1.0,0.0,0.0,0,0.0,0.0,,0,0,
2.0,5,120.0,2,5.0,5.0,-2.6,15457,93,1.0,0.0,0.0,0,0.0,0.0,,0,0,
2.0,5,120.0,2,5.0,5.0,-2.5,15457,93,1.0,0.0,0.0,0,0.0,0.0,,0,0,
2.0,5,120.0,2,5.0,5.0,-2.4,15457,93,1.0,0.0,0.0,0,0.0,0.0,,0,0,
2.0,5,120.0,2,5.0,5.0,-2.3,15457,93,1.0,0.0,0.0,0,0.0,0.0,,0,0,
2.0,5,120.0,2,5.0,5.0,-2.2,15457,93,0.90295658924759,0.09704341075240991,0.0,568,6.10752688172043,2645.7915507537036,20.0,561,7,0.1140819964349376
2.0,5,120.0,2,5.0,5.0,-2.1,15457,93,0.7696836384809471,0.23031636151905285,0.0,830,8.924731182795698,3866.2094843760106,20.0,822,8,0.16423357664233576
2.0,5,120.0,2,5.0,5.0,-2.0,15457,93,0.6473442453257424,0.3380992430613961,0.014556511612861487,299,3.21505376344086,1392.767031118587,70.0,291,8,0.46735395189003437
2.0,5,120.0,2,5.0,5.0,-1.9,15457,93,0.5576761337905156,0.3200491686614479,0.12227469754803649,1051,11.301075268817204,4895.645985637575,20.0,1031,20,0.27061105722599416
2.0,5,120.0,2,5.0,5.0,-1.8,15457,93,0.5060490392702336,0.3007051821181342,0.19324577861163228,854,9.182795698924732,3978.003493562787,60.0,833,21,0.3385354141656663
2.0,5,120.0,2,5.0,5.0,-1.7,15457,93,0.45118716439153783,0.20178559875784435,0.34702723685061787,544,5.849462365591398,2533.9975415669273,70.0,468,76,0.5149572649572649
2.0,5,120.0,2,5.0,5.0,-1.6,15457,93,0.3459921071359255,0.27612085139419035,0.3778870414698842,466,5.010752688172043,2170.667011709905,95.0,390,76,0.6153846153846154
2.0,5,120.0,2,5.0,5.0,-1.5,15457,93,0.34359836967069934,0.27023355114187747,0.3861680791874232,464,4.989247311827957,2161.3508442776733,90.0,388,76,0.6185567010309279
2.0,5,120.0,2,5.0,5.0,-1.4,15457,93,0.29578831597334543,0.25108365142006855,0.453128032606586,798,8.580645161290322,3717.150805460309,40.0,720,78,0.2152777777777778
2.0,5,120.0,2,5.0,5.0,-1.3,15457,93,0.22669340751762956,0.27631493821569514,0.4969916542666753,631,6.78494623655914,2939.2508248689915,60.0,552,79,0.13949275362318841
2.0,5,120.0,2,5.0,5.0,-1.2,15457,93,0.21750663129973474,0.22210001940868215,0.5603933492915831,630,6.774193548387097,2934.592741152876,60.0,551,79,0.1397459165154265
2.0,5,120.0,2,5.0,5.0,-1.1,15457,93,0.2069612473313062,0.18257100342886717,0.6104677492398266,630,6.774193548387097,2934.592741152876,45.0,551,79,0.2867513611615245
2.0,5,120.0,2,5.0,5.0,-1.0,15457,93,0.18477065407258847,0.1791421362489487,0.6360872096784629,504,5.419354838709677,2347.6741929223003,60.0,425,79,0.37176470588235294
2.0,5,120.0,2,5.0,5.0,-0.9,15457,93,0.1774600504625736,0.15578702206120204,0.6667529274762244,499,5.365591397849462,2324.383774341722,40.0,422,77,0.3791469194312796
2.0,5,120.0,2,5.0,5.0,-0.8,15457,93,0.16277414763537557,0.11690496215306981,0.7203208902115547,404,4.344086021505376,1881.8658213107328,50.0,329,75,0.48632218844984804
2.0,5,120.0,2,5.0,5.0,-0.7,15457,93,0.160509801384486,0.10351297146923724,0.7359772271462768,404,4.344086021505376,1881.8658213107328,40.0,329,75,0.48632218844984804
2.0,5,120.0,2,5.0,5.0,-0.6,15457,93,0.160509801384486,0.08940932910655366,0.7500808695089604,403,4.333333333333333,1877.2077375946176,35.0,329,74,0.48632218844984804
2.0,5,120.0,2,5.0,5.0,-0.5,15457,93,0.160509801384486,0.07543507795820664,0.7640551206573074,403,4.333333333333333,1877.2077375946176,30.0,329,74,0.48632218844984804
2.0,5,120.0,2,5.0,5.0,-0.4,15457,93,0.15818075952642816,0.02231998447305428,0.8194992560005175,238,2.5591397849462365,1108.6239244355309,15.0,173,65,0.48554913294797686
2.0,5,120.0,2,5.0,5.0,-0.3,15457,93,0.15818075952642816,0.018438248042957885,0.8233809924306139,178,1.913978494623656,829.1389014685903,20.0,173,5,0.48554913294797686
2.0,5,120.0,2,5.0,5.0,-0.2,15457,93,0.15818075952642816,0.018438248042957885,0.8233809924306139,178,1.913978494623656,829.1389014685903,20.0,173,5,0.48554913294797686
2.0,5,120.0,2,5.0,5.0,-0.1,15457,93,0.15818075952642816,0.018438248042957885,0.8233809924306139,178,1.913978494623656,829.1389014685903,20.0,173,5,0.48554913294797686
2.0,5,120.0,2,5.0,5.0,0.0,15457,93,0.1558517176683703,0.018438248042957885,0.8257100342886718,178,1.913978494623656,829.1389014685903,20.0,173,5,0.48554913294797686
2.0,5,120.0,2,5.0,5.0,0.1,15457,93,0.1558517176683703,0.018438248042957885,0.8257100342886718,178,1.913978494623656,829.1389014685903,20.0,173,5,0.48554913294797686
2.0,5,120.0,2,5.0,5.0,0.2,15457,93,0.1558517176683703,0.018438248042957885,0.8257100342886718,178,1.913978494623656,829.1389014685903,20.0,173,5,0.48554913294797686
2.0,5,120.0,2,5.0,5.0,0.3,15457,93,0.1558517176683703,0.018438248042957885,0.8257100342886718,178,1.913978494623656,829.1389014685903,20.0,173,5,0.48554913294797686
2.0,5,120.0,2,5.0,5.0,0.4,15457,93,0.15358737141748074,0.018438248042957885,0.8279743805395614,178,1.913978494623656,829.1389014685903,20.0,173,5,0.48554913294797686
2.0,5,120.0,2,5.0,5.0,0.5,15457,93,0.15358737141748074,0.018438248042957885,0.8279743805395614,178,1.913978494623656,829.1389014685903,20.0,173,5,0.48554913294797686
2.0,5,120.0,2,5.0,5.0,0.6,15457,93,0.15358737141748074,0.018438248042957885,0.8279743805395614,178,1.913978494623656,829.1389014685903,20.0,173,5,0.48554913294797686
2.0,5,120.0,2,5.0,5.0,0.7,15457,93,0.15358737141748074,0.018438248042957885,0.8279743805395614,178,1.913978494623656,829.1389014685903,20.0,173,5,0.48554913294797686
2.0,5,120.0,2,5.0,5.0,0.8,15457,93,0.15125832955942292,0.018438248042957885,0.8303034223976192,178,1.913978494623656,829.1389014685903,20.0,173,5,0.48554913294797686
2.0,5,120.0,2,5.0,5.0,0.9,15457,93,0.15125832955942292,0.018438248042957885,0.8303034223976192,178,1.913978494623656,829.1389014685903,20.0,173,5,0.48554913294797686
2.0,5,120.0,2,5.0,5.0,1.0,15457,93,0.15125832955942292,0.018438248042957885,0.8303034223976192,178,1.913978494623656,829.1389014685903,20.0,173,5,0.48554913294797686
2.0,5,120.0,3,5.0,10.0,-4.0,15457,93,1.0,0.0,0.0,0,0.0,0.0,,0,0,
2.0,5,120.0,3,5.0,10.0,-3.9,15457,93,1.0,0.0,0.0,0,0.0,0.0,,0,0,
2.0,5,120.0,3,5.0,10.0,-3.8,15457,93,1.0,0.0,0.0,0,0.0,0.0,,0,0,
2.0,5,120.0,3,5.0,10.0,-3.7,15457,93,1.0,0.0,0.0,0,0.0,0.0,,0,0,
2.0,5,120.0,3,5.0,10.0,-3.6,15457,93,1.0,0.0,0.0,0,0.0,0.0,,0,0,
2.0,5,120.0,3,5.0,10.0,-3.5,15457,93,1.0,0.0,0.0,0,0.0,0.0,,0,0,
2.0,5,120.0,3,5.0,10.0,-3.4,15457,93,1.0,0.0,0.0,0,0.0,0.0,,0,0,
2.0,5,120.0,3,5.0,10.0,-3.3,15457,93,1.0,0.0,0.0,0,0.0,0.0,,0,0,
2.0,5,120.0,3,5.0,10.0,-3.2,15457,93,1.0,0.0,0.0,0,0.0,0.0,,0,0,
2.0,5,120.0,3,5.0,10.0,-3.1,15457,93,1.0,0.0,0.0,0,0.0,0.0,,0,0,
2.0,5,120.0,3,5.0,10.0,-3.0,15457,93,1.0,0.0,0.0,0,0.0,0.0,,0,0,
2.0,5,120.0,3,5.0,10.0,-2.9,15457,93,1.0,0.0,0.0,0,0.0,0.0,,0,0,
2.0,5,120.0,3,5.0,10.0,-2.8,15457,93,1.0,0.0,0.0,0,0.0,0.0,,0,0,
2.0,5,120.0,3,5.0,10.0,-2.7,15457,93,1.0,0.0,0.0,0,0.0,0.0,,0,0,
2.0,5,120.0,3,5.0,10.0,-2.6,15457,93,1.0,0.0,0.0,0,0.0,0.0,,0,0,
2.0,5,120.0,3,5.0,10.0,-2.5,15457,93,1.0,0.0,0.0,0,0.0,0.0,,0,0,
2.0,5,120.0,3,5.0,10.0,-2.4,15457,93,1.0,0.0,0.0,0,0.0,0.0,,0,0,
2.0,5,120.0,3,5.0,10.0,-2.3,15457,93,1.0,0.0,0.0,0,0.0,0.0,,0,0,
2.0,5,120.0,3,5.0,10.0,-2.2,15457,93,0.8857475577408294,0.1142524422591706,0.0,296,3.182795698924731,1378.79277997024,20.0,291,5,0.4536082474226804
2.0,5,120.0,3,5.0,10.0,-2.1,15457,93,0.746910784757715,0.25308921524228506,0.0,463,4.978494623655914,2156.692760561558,20.0,455,8,0.2989010989010989
2.0,5,120.0,3,5.0,10.0,-2.0,15457,93,0.6478618101830885,0.3395872420262664,0.012550947790645015,265,2.849462365591398,1234.3921847706542,110.0,258,7,0.5310077519379846
2.0,5,120.0,3,5.0,10.0,-1.9,15457,93,0.5520476159668759,0.33098272627288605,0.11696965776023809,809,8.698924731182796,3768.3897263375816,50.0,792,17,0.3547979797979798
2.0,5,120.0,3,5.0,10.0,-1.8,15457,93,0.5070841689849259,0.30439283172672577,0.18852299928834831,658,7.075268817204301,3065.0190852041146,70.0,639,19,0.4444444444444444
2.0,5,120.0,3,5.0,10.0,-1.7,15457,93,0.45248107653490327,0.19622177654137285,0.3512971469237239,461,4.956989247311828,2147.3765931293265,90.0,385,76,0.6233766233766234
2.0,5,120.0,3,5.0,10.0,-1.6,15457,93,0.3473507148864592,0.2756032865368441,0.37704599857669663,465,5.0,2166.0089279937893,95.0,389,76,0.6169665809768637
2.0,5,120.0,3,5.0,10.0,-1.5,15457,93,0.3449569774212331,0.2697159862845313,0.38532703629423565,464,4.989247311827957,2161.3508442776733,90.0,388,76,0.6185567010309279
2.0,5,120.0,3,5.0,10.0,-1.4,15457,93,0.2972116193310474,0.2506954777770589,0.45209290289189363,796,8.559139784946236,3707.8346380280777,40.0,718,78,0.21587743732590528
2.0,5,120.0,3,5.0,10.0,-1.3,15457,93,0.22831079769683638,0.2757326777511807,0.4959565245519829,629,6.763440860215054,2929.93465743676,60.0,550,79,0.13818181818181818
2.0,5,120.0,3,5.0,10.0,-1.2,15457,93,0.21912402147894158,0.22158245455133596,0.5592935239697224,630,6.774193548387097,2934.592741152876,60.0,550,80,0.13818181818181818
2.0,5,120.0,3,5.0,10.0,-1.1,15457,93,0.20857863751051303,0.18218282978585754,0.6092385327036294,629,6.763440860215054,2929.93465743676,45.0,550,79,0.2872727272727273
2.0,5,120.0,3,5.0,10.0,-1.0,15457,93,0.18412369800090575,0.1812770912855017,0.6345992107135926,467,5.021505376344086,2175.32509542602,90.0,389,78,0.4087403598971722
2.0,5,120.0,3,5.0,10.0,-0.9,15457,93,0.17700718121239567,0.15766319466908196,0.6653296241185224,464,4.989247311827957,2161.3508442776733,80.0,387,77,0.4134366925064599
2.0,5,120.0,3,5.0,10.0,-0.8,15457,93,0.1685320566733519,0.11263505207996377,0.7188328912466844,403,4.333333333333333,1877.2077375946176,45.0,327,76,0.48623853211009177
2.0,5,120.0,3,5.0,10.0,-0.7,15457,93,0.16626771042246233,0.0992430613961312,0.7344892281814065,402,4.32258064516129,1872.5496538785017,40.0,328,74,0.4878048780487805
2.0,5,120.0,3,5.0,10.0,-0.6,15457,93,0.16626771042246233,0.0852041146406159,0.7485281749369218,403,4.333333333333333,1877.2077375946176,35.0,329,74,0.48632218844984804
2.0,5,120.0,3,5.0,10.0,-0.5,15457,93,0.16626771042246233,0.07122986349226887,0.7625024260852689,401,4.311827956989247,1867.891570162386,30.0,329,72,0.48632218844984804
2.0,5,120.0,3,5.0,10.0,-0.4,15457,93,0.16393866856440448,0.018438248042957885,0.8176230833926377,178,1.913978494623656,829.1389014685903,20.0,173,5,0.48554913294797686
2.0,5,120.0,3,5.0,10.0,-0.3,15457,93,0.16393866856440448,0.018438248042957885,0.8176230833926377,178,1.913978494623656,829.1389014685903,20.0,173,5,0.48554913294797686
2.0,5,120.0,3,5.0,10.0,-0.2,15457,93,0.16393866856440448,0.018438248042957885,0.8176230833926377,178,1.913978494623656,829.1389014685903,20.0,173,5,0.48554913294797686
2.0,5,120.0,3,5.0,10.0,-0.1,15457,93,0.16393866856440448,0.018438248042957885,0.8176230833926377,178,1.913978494623656,829.1389014685903,20.0,173,5,0.48554913294797686
2.0,5,120.0,3,5.0,10.0,0.0,15457,93,0.16160962670634663,0.018438248042957885,0.8199521252506955,178,1.913978494623656,829.1389014685903,20.0,173,5,0.48554913294797686
2.0,5,120.0,3,5.0,10.0,0.1,15457,93,0.16160962670634663,0.018438248042957885,0.8199521252506955,178,1.913978494623656,829.1389014685903,20.0,173,5,0.48554913294797686
2.0,5,120.0,3,5.0,10.0,0.2,15457,93,0.16160962670634663,0.018438248042957885,0.8199521252506955,178,1.913978494623656,829.1389014685903,20.0,173,5,0.48554913294797686
2.0,5,120.0,3,5.0,10.0,0.3,15457,93,0.16160962670634663,0.018438248042957885,0.8199521252506955,178,1.913978494623656,829.1389014685903,20.0,173,5,0.48554913294797686
2.0,5,120.0,3,5.0,10.0,0.4,15457,93,0.15934528045545707,0.018438248042957885,0.8222164715015851,178,1.913978494623656,829.1389014685903,20.0,173,5,0.48554913294797686
2.0,5,120.0,3,5.0,10.0,0.5,15457,93,0.15934528045545707,0.018438248042957885,0.8222164715015851,178,1.913978494623656,829.1389014685903,20.0,173,5,0.48554913294797686
2.0,5,120.0,3,5.0,10.0,0.6,15457,93,0.15934528045545707,0.018438248042957885,0.8222164715015851,178,1.913978494623656,829.1389014685903,20.0,173,5,0.48554913294797686
2.0,5,120.0,3,5.0,10.0,0.7,15457,93,0.15934528045545707,0.018438248042957885,0.8222164715015851,178,1.913978494623656,829.1389014685903,20.0,173,5,0.48554913294797686
2.0,5,120.0,3,5.0,10.0,0.8,15457,93,0.15701623859739924,0.018438248042957885,0.8245455133596429,178,1.913978494623656,829.1389014685903,20.0,173,5,0.48554913294797686
2.0,5,120.0,3,5.0,10.0,0.9,15457,93,0.15701623859739924,0.018438248042957885,0.8245455133596429,178,1.913978494623656,829.1389014685903,20.0,173,5,0.48554913294797686
2.0,5,120.0,3,5.0,10.0,1.0,15457,93,0.15701623859739924,0.018438248042957885,0.8245455133596429,178,1.913978494623656,829.1389014685903,20.0,173,5,0.48554913294797686
2.0,7,15.0,1,5.0,0.0,-4.0,15457,93,1.0,0.0,0.0,0,0.0,0.0,,0,0,
2.0,7,15.0,1,5.0,0.0,-3.9,15457,93,1.0,0.0,0.0,0,0.0,0.0,,0,0,
2.0,7,15.0,1,5.0,0.0,-3.8,15457,93,1.0,0.0,0.0,0,0.0,0.0,,0,0,
2.0,7,15.0,1,5.0,0.0,-3.7,15457,93,1.0,0.0,0.0,0,0.0,0.0,,0,0,
2.0,7,15.0,1,5.0,0.0,-3.6,15457,93,1.0,0.0,0.0,0,0.0,0.0,,0,0,
2.0,7,15.0,1,5.0,0.0,-3.5,15457,93,1.0,0.0,0.0,0,0.0,0.0,,0,0,
2.0,7,15.0,1,5.0,0.0,-3.4,15457,93,1.0,0.0,0.0,0,0.0,0.0,,0,0,
2.0,7,15.0,1,5.0,0.0,-3.3,15457,93,1.0,0.0,0.0,0,0.0,0.0,,0,0,
2.0,7,15.0,1,5.0,0.0,-3.2,15457,93,1.0,0.0,0.0,0,0.0,0.0,,0,0,
2.0,7,15.0,1,5.0,0.0,-3.1,15457,93,1.0,0.0,0.0,0,0.0,0.0,,0,0,
2.0,7,15.0,1,5.0,0.0,-3.0,15457,93,1.0,0.0,0.0,0,0.0,0.0,,0,0,
2.0,7,15.0,1,5.0,0.0,-2.9,15457,93,1.0,0.0,0.0,0,0.0,0.0,,0,0,
2.0,7,15.0,1,5.0,0.0,-2.8,15457,93,1.0,0.0,0.0,0,0.0,0.0,,0,0,
2.0,7,15.0,1,5.0,0.0,-2.7,15457,93,1.0,0.0,0.0,0,0.0,0.0,,0,0,
2.0,7,15.0,1,5.0,0.0,-2.6,15457,93,1.0,0.0,0.0,0,0.0,0.0,,0,0,
2.0,7,15.0,1,5.0,0.0,-2.5,15457,93,1.0,0.0,0.0,0,0.0,0.0,,0,0,
2.0,7,15.0,1,5.0,0.0,-2.4,15457,93,0.9719868020961376,0.02801319790386233,0.0,421,4.526881720430108,1961.0532444846995,15.0,417,4,0.1606714628297362
2.0,7,15.0,1,5.0,0.0,-2.3,15457,93,0.9649996765219642,0.03493562787086757,6.469560716827328e-05,439,4.720430107526882,2044.8987513747816,15.0,435,4,0.15402298850574714
2.0,7,15.0,1,5.0,0.0,-2.2,15457,93,0.8836772983114447,0.09432619525134243,0.021996506437212914,1524,16.387096774193548,7098.91958336029,15.0,1514,10,0.08520475561426684
2.0,7,15.0,1,5.0,0.0,-2.1,15457,93,0.8119945655689979,0.13191434301610921,0.05609109141489293,2410,25.913978494623656,11225.981755838779,15.0,2395,15,0.04801670146137787
2.0,7,15.0,1,5.0,0.0,-2.0,15457,93,0.7371417480753056,0.14446529080675422,0.1183929611179401,3326,35.763440860215056,15492.786439800737,10.0,3309,17,0.061347839226352376
2.0,7,15.0,1,5.0,0.0,-1.9,15457,93,0.5844601151581807,0.25470660542149187,0.16083327942032735,4925,52.956989247311824,22941.062301869704,10.0,4900,25,0.02979591836734694
2.0,7,15.0,1,5.0,0.0,-1.8,15457,93,0.542602057320308,0.2624053826745164,0.19499256000517565,4614,49.61290322580645,21492.39826615773,15.0,4589,25,0.03159729788624973
2.0,7,15.0,1,5.0,0.0,-1.7,15457,93,0.45765672510836514,0.29352396972245587,0.24881930516917902,4423,47.55913978494624,20602.704276379634,15.0,4396,27,0.03298453139217471
2.0,7,15.0,1,5.0,0.0,-1.6,15457,93,0.39755450604903925,0.20689655172413793,0.3955489422268228,5008,53.8494623655914,23327.683250307306,10.0,4982,26,0.04375752709755119
2.0,7,15.0,1,5.0,0.0,-1.5,15457,93,0.37419939186129264,0.21783010933557612,0.40797049880313124,4537,48.784946236559136,21133.72582001682,10.0,4511,26,0.04810463311904234
2.0,7,15.0,1,5.0,0.0,-1.4,15457,93,0.34068706734812704,0.19033447628905997,0.468978456362813,4845,52.096774193548384,22568.415604580452,10.0,4820,25,0.0454356846473029
2.0,7,15.0,1,5.0,0.0,-1.3,15457,93,0.288348321148994,0.17610144271203984,0.5355502361389661,3814,41.01075268817204,17765.93129326519,10.0,3794,20,0.05745914602003163
2.0,7,15.0,1,5.0,0.0,-1.2,15457,93,0.23879148605809666,0.16672057967264023,0.5944879342692632,2946,31.677419354838708,13722.714627676782,10.0,2925,21,0.07418803418803419
2.0,7,15.0,1,5.0,0.0,-1.1,15457,93,0.22022384680080223,0.12473313062043087,0.6550430225787669,2451,26.35483870967742,11416.963188199523,10.0,2431,20,0.0711641299876594
2.0,7,15.0,1,5.0,0.0,-1.0,15457,93,0.19719221064889694,0.08818011257035648,0.7146276767807466,1887,20.29032258064516,8789.803972310281,10.0,1870,17,0.12032085561497326
2.0,7,15.0,1,5.0,0.0,-0.9,15457,93,0.17221970628194347,0.08798602574885166,0.7397942679692049,1341,14.419354838709678,6246.4902633111205,15.0,1310,31,0.16030534351145037
2.0,7,15.0,1,5.0,0.0,-0.8,15457,93,0.16782040499450088,0.07653490328006729,0.7556446917254318,1278,13.741935483870968,5953.030989195834,15.0,1247,31,0.16840417000801924
2.0,7,15.0,1,5.0,0.0,-0.7,15457,93,0.15222876366694701,0.07854046710228375,0.7692307692307693,1209,13.0,5631.623212783852,15.0,1129,80,0.14260407440212577
2.0,7,15.0,1,5.0,0.0,-0.6,15457,93,0.14795885359384098,0.07530568674387009,0.776735459662289,1234,13.268817204301076,5748.075305686744,15.0,1155,79,0.14025974025974025
2.0,7,15.0,1,5.0,0.0,-0.5,15457,93,0.1409070324124992,0.06883612602704277,0.7902568415604581,1234,13.268817204301076,5748.075305686744,10.0,1155,79,0.14025974025974025
2.0,7,15.0,1,5.0,0.0,-0.4,15457,93,0.11891052597528627,0.06107265316684997,0.8200168208578638,984,10.580645161290322,4583.554376657825,10.0,907,77,0.17640573318632854
2.0,7,15.0,1,5.0,0.0,-0.3,15457,93,0.11502878954518989,0.05279161544931099,0.8321795950054991,1079,11.602150537634408,5026.0723296888145,10.0,1004,75,0.16235059760956175
2.0,7,15.0,1,5.0,0.0,-0.2,15457,93,0.10674775182765091,0.0610079575596817,0.8322442906126674,965,10.376344086021506,4495.050786051627,10.0,890,75,0.18314606741573033
2.0,7,15.0,1,5.0,0.0,-0.1,15457,93,0.10674775182765091,0.05874361130879213,0.8345086368635569,962,10.344086021505376,4481.07653490328,10.0,888,74,0.18355855855855857
2.0,7,15.0,1,5.0,0.0,0.0,15457,93,0.09840201850294365,0.024584330723943844,0.8770136507731126,732,7.870967741935484,3409.717280196675,5.0,658,74,0.24772036474164133
2.0,7,15.0,1,5.0,0.0,0.1,15457,93,0.09193245778611632,0.026395807724655496,0.8816717344892282,610,6.559139784946237,2841.431066830562,10.0,537,73,0.3054003724394786
2.0,7,15.0,1,5.0,0.0,0.2,15457,93,0.09193245778611632,0.026395807724655496,0.8816717344892282,610,6.559139784946237,2841.431066830562,10.0,537,73,0.3054003724394786
2.0,7,15.0,1,5.0,0.0,0.3,15457,93,0.09193245778611632,0.02626641651031895,0.8818011257035647,608,6.537634408602151,2832.114899398331,10.0,535,73,0.30654205607476637
2.0,7,15.0,1,5.0,0.0,0.4,15457,93,0.08623924435530828,0.022449375687390825,0.8913113799573009,582,6.258064516129032,2711.0047227793234,10.0,510,72,0.3235294117647059
2.0,7,15.0,1,5.0,0.0,0.5,15457,93,0.08623924435530828,0.020314420650837807,0.893446334993854,582,6.258064516129032,2711.0047227793234,5.0,510,72,0.3235294117647059
2.0,7,15.0,1,5.0,0.0,0.6,15457,93,0.08623924435530828,0.013715468719673935,0.9000452869250178,412,4.43010752688172,1919.1304910396584,5.0,345,67,0.25507246376811593
2.0,7,15.0,1,5.0,0.0,0.7,15457,93,0.08623924435530828,0.013715468719673935,0.9000452869250178,412,4.43010752688172,1919.1304910396584,5.0,345,67,0.25507246376811593
2.0,7,15.0,1,5.0,0.0,0.8,15457,93,0.07892864074529339,0.01520346768454422,0.9058678915701623,308,3.3118279569892475,1434.689784563628,15.0,241,67,0.36099585062240663
2.0,7,15.0,1,5.0,0.0,0.9,15457,93,0.07892864074529339,0.01520346768454422,0.9058678915701623,308,3.3118279569892475,1434.689784563628,15.0,241,67,0.36099585062240663
2.0,7,15.0,1,5.0,0.0,1.0,15457,93,0.07892864074529339,0.01520346768454422,0.9058678915701623,308,3.3118279569892475,1434.689784563628,15.0,241,67,0.36099585062240663
2.0,7,15.0,2,5.0,5.0,-4.0,15457,93,1.0,0.0,0.0,0,0.0,0.0,,0,0,
2.0,7,15.0,2,5.0,5.0,-3.9,15457,93,1.0,0.0,0.0,0,0.0,0.0,,0,0,
2.0,7,15.0,2,5.0,5.0,-3.8,15457,93,1.0,0.0,0.0,0,0.0,0.0,,0,0,
2.0,7,15.0,2,5.0,5.0,-3.7,15457,93,1.0,0.0,0.0,0,0.0,0.0,,0,0,
2.0,7,15.0,2,5.0,5.0,-3.6,15457,93,1.0,0.0,0.0,0,0.0,0.0,,0,0,
2.0,7,15.0,2,5.0,5.0,-3.5,15457,93,1.0,0.0,0.0,0,0.0,0.0,,0,0,
2.0,7,15.0,2,5.0,5.0,-3.4,15457,93,1.0,0.0,0.0,0,0.0,0.0,,0,0,
2.0,7,15.0,2,5.0,5.0,-3.3,15457,93,1.0,0.0,0.0,0,0.0,0.0,,0,0,
2.0,7,15.0,2,5.0,5.0,-3.2,15457,93,1.0,0.0,0.0,0,0.0,0.0,,0,0,
2.0,7,15.0,2,5.0,5.0,-3.1,15457,93,1.0,0.0,0.0,0,0.0,0.0,,0,0,
2.0,7,15.0,2,5.0,5.0,-3.0,15457,93,1.0,0.0,0.0,0,0.0,0.0,,0,0,
2.0,7,15.0,2,5.0,5.0,-2.9,15457,93,1.0,0.0,0.0,0,0.0,0.0,,0,0,
2.0,7,15.0,2,5.0,5.0,-2.8,15457,93,1.0,0.0,0.0,0,0.0,0.0,,0,0,
2.0,7,15.0,2,5.0,5.0,-2.7,15457,93,1.0,0.0,0.0,0,0.0,0.0,,0,0,
2.0,7,15.0,2,5.0,5.0,-2.6,15457,93,1.0,0.0,0.0,0,0.0,0.0,,0,0,
2.0,7,15.0,2,5.0,5.0,-2.5,15457,93,1.0,0.0,0.0,0,0.0,0.0,,0,0,
2.0,7,15.0,2,5.0,5.0,-2.4,15457,93,0.9721808889176425,0.027819111082357507,0.0,418,4.494623655913978,1947.0789933363524,15.0,415,3,0.1614457831325301
2.0,7,15.0,2,5.0,5.0,-2.3,15457,93,0.9653878501649737,0.0346121498350262,0.0,435,4.67741935483871,2026.266416510319,15.0,431,4,0.1554524361948956
2.0,7,15.0,2,5.0,5.0,-2.2,15457,93,0.9026331112117487,0.07252377563563434,0.024843113152616936,1070,11.505376344086022,4984.1495762437735,15.0,1057,13,0.08420056764427625
2.0,7,15.0,2,5.0,5.0,-2.1,15457,93,0.8257747298958401,0.10014879989648703,0.0740764702076729,1916,20.602150537634408,8924.888400077634,15.0,1898,18,0.033192834562697573
2.0,7,15.0,2,5.0,5.0,-2.0,15457,93,0.7683897263375816,0.0711651678851006,0.16044510577731771,2121,22.806451612903224,9879.795561881348,15.0,2101,20,0.07187053783912423
2.0,7,15.0,2,5.0,5.0,-1.9,15457,93,0.6138966164197451,0.18677621789480495,0.19932716568544995,3291,35.38709677419355,15329.75350973669,15.0,3239,52,0.036739734485952455
2.0,7,15.0,2,5.0,5.0,-1.8,15457,93,0.5532121368959048,0.2001682085786375,0.24661965452545773,2883,31.0,13429.255353561492,15.0,2831,52,0.04168138466972801
2.0,7,15.0,2,5.0,5.0,-1.7,15457,93,0.4652261111470531,0.25140712945590993,0.2833667593970369,3451,37.10752688172043,16075.046904315197,15.0,3373,78,0.02786836643937148
2.0,7,15.0,2,5.0,5.0,-1.6,15457,93,0.4579802031442065,0.1057773177201268,0.43624247913566666,2442,26.258064516129032,11375.040434754479,15.0,2363,79,0.0414727041895895
2.0,7,15.0,2,5.0,5.0,-1.5,15457,93,0.44381186517435467,0.13851329494727307,0.4176748398783723,2670,28.70967741935484,12437.083522028854,15.0,2591,79,0.03820918564260903
2.0,7,15.0,2,5.0,5.0,-1.4,15457,93,0.39205537943973606,0.09018567639257294,0.517758944167691,2438,26.21505376344086,11356.408099890017,15.0,2348,90,0.03833049403747871
2.0,7,15.0,2,5.0,5.0,-1.3,15457,93,0.3223782105195057,0.10299540661189105,0.5746263828686032,2338,25.13978494623656,10890.59972827845,15.0,2256,82,0.06826241134751773
2.0,7,15.0,2,5.0,5.0,-1.2,15457,93,0.2546419098143236,0.11962217765413728,0.6257359125315392,1760,18.9247311827957,8198.22734036359,15.0,1676,84,0.09128878281622911
2.0,7,15.0,2,5.0,5.0,-1.1,15457,93,0.23167496926958658,0.07996377045998576,0.6883612602704277,1500,16.129032258064516,6987.125574173513,15.0,1416,84,0.05367231638418079
2.0,7,15.0,2,5.0,5.0,-1.0,15457,93,0.2149835026201721,0.0525328330206379,0.73248366435919,1273,13.688172043010752,5929.740570615255,15.0,1190,83,0.11932773109243698
2.0,7,15.0,2,5.0,5.0,-0.9,15457,93,0.1829591770718768,0.07090638545642751,0.7461344374716957,1076,11.56989247311828,5012.098078540467,20.0,995,81,0.15979899497487438
2.0,7,15.0,2,5.0,5.0,-0.8,15457,93,0.17661900756938603,0.057385003558258395,0.7659959888723555,919,9.881720430107526,4280.7789351103065,15.0,837,82,0.1875746714456392
2.0,7,15.0,2,5.0,5.0,-0.7,15457,93,0.16348579931422658,0.06301352138189817,0.7735006793038752,980,10.53763440860215,4564.922041793363,15.0,899,81,0.1746384872080089
2.0,7,15.0,2,5.0,5.0,-0.6,15457,93,0.16115675745616873,0.05777317720126803,0.7810700653425633,974,10.473118279569892,4536.973539496668,15.0,893,81,0.17581187010078386
2.0,7,15.0,2,5.0,5.0,-0.5,15457,93,0.15397554506049038,0.04612796791097885,0.7998964870285308,793,8.526881720430108,3693.860386879731,15.0,712,81,0.2205056179775281
2.0,7,15.0,2,5.0,5.0,-0.4,15457,93,0.13760755644691725,0.03894675551530051,0.8234456880377823,521,5.602150537634409,2426.861616096267,20.0,443,78,0.3544018058690745
2.0,7,15.0,2,5.0,5.0,-0.3,15457,93,0.1350197321601863,0.03040693536908844,0.8345733324707253,475,5.10752688172043,2212.589765154946,20.0,400,75,0.3625
2.0,7,15.0,2,5.0,5.0,-0.2,15457,93,0.12052791615449311,0.05007439994824352,0.8293976838972634,523,5.623655913978495,2436.1777835284984,25.0,447,76,0.3579418344519016
2.0,7,15.0,2,5.0,5.0,-0.1,15457,93,0.12052791615449311,0.04787474930452222,0.8315973345409846,521,5.602150537634409,2426.861616096267,25.0,445,76,0.3595505617977528
2.0,7,15.0,2,5.0,5.0,0.0,15457,93,0.10784757714951154,0.005822604645144594,0.8863298182053438,305,3.2795698924731185,1420.715533415281,15.0,234,71,0.49572649572649574
2.0,7,15.0,2,5.0,5.0,0.1,15457,93,0.1057773177201268,0.013197903862327748,0.8810247784175455,403,4.333333333333333,1877.2077375946176,15.0,329,74,0.48632218844984804
2.0,7,15.0,2,5.0,5.0,0.2,15457,93,0.1057773177201268,0.013197903862327748,0.8810247784175455,403,4.333333333333333,1877.2077375946176,15.0,329,74,0.48632218844984804
2.0,7,15.0,2,5.0,5.0,0.3,15457,93,0.1057773177201268,0.013068512647991202,0.881154169631882,401,4.311827956989247,1867.891570162386,15.0,327,74,0.4892966360856269
2.0,7,15.0,2,5.0,5.0,0.4,15457,93,0.09361454357249142,0.008798602574885165,0.8975868538526234,234,2.5161290322580645,1089.991589571068,265.0,212,22,0.6226415094339622
2.0,7,15.0,2,5.0,5.0,0.5,15457,93,0.09361454357249142,0.0045286925017791295,0.9018567639257294,168,1.8064516129032258,782.5580643074335,265.0,148,20,0.6824324324324325
2.0,7,15.0,2,5.0,5.0,0.6,15457,93,0.09361454357249142,0.002329041858057838,0.9040564145694507,134,1.4408602150537635,624.1832179595006,735.0,115,19,0.7391304347826086
2.0,7,15.0,2,5.0,5.0,0.7,15457,93,0.09361454357249142,0.002329041858057838,0.9040564145694507,134,1.4408602150537635,624.1832179595006,735.0,115,19,0.7391304347826086
2.0,7,15.0,2,5.0,5.0,0.8,15457,93,0.08947402471372194,0.01048068836126027,0.9000452869250178,234,2.5161290322580645,1089.991589571068,15.0,165,69,0.509090909090909
2.0,7,15.0,2,5.0,5.0,0.9,15457,93,0.08947402471372194,0.01048068836126027,0.9000452869250178,234,2.5161290322580645,1089.991589571068,15.0,165,69,0.509090909090909
2.0,7,15.0,2,5.0,5.0,1.0,15457,93,0.08947402471372194,0.01048068836126027,0.9000452869250178,234,2.5161290322580645,1089.991589571068,15.0,165,69,0.509090909090909
2.0,7,15.0,3,5.0,10.0,-4.0,15457,93,1.0,0.0,0.0,0,0.0,0.0,,0,0,
2.0,7,15.0,3,5.0,10.0,-3.9,15457,93,1.0,0.0,0.0,0,0.0,0.0,,0,0,
2.0,7,15.0,3,5.0,10.0,-3.8,15457,93,1.0,0.0,0.0,0,0.0,0.0,,0,0,
2.0,7,15.0,3,5.0,10.0,-3.7,15457,93,1.0,0.0,0.0,0,0.0,0.0,,0,0,
2.0,7,15.0,3,5.0,10.0,-3.6,15457,93,1.0,0.0,0.0,0,0.0,0.0,,0,0,
2.0,7,15.0,3,5.0,10.0,-3.5,15457,93,1.0,0.0,0.0,0,0.0,0.0,,0,0,
2.0,7,15.0,3,5.0,10.0,-3.4,15457,93,1.0,0.0,0.0,0,0.0,0.0,,0,0,
2.0,7,15.0,3,5.0,10.0,-3.3,15457,93,1.0,0.0,0.0,0,0.0,0.0,,0,0,
2.0,7,15.0,3,5.0,10.0,-3.2,15457,93,1.0,0.0,0.0,0,0.0,0.0,,0,0,
2.0,7,15.0,3,5.0,10.0,-3.1,15457,93,1.0,0.0,0.0,0,0.0,0.0,,0,0,
2.0,7,15.0,3,5.0,10.0,-3.0,15457,93,1.0,0.0,0.0,0,0.0,0.0,,0,0,
2.0,7,15.0,3,5.0,10.0,-2.9,15457,93,1.0,0.0,0.0,0,0.0,0.0,,0,0,
2.0,7,15.0,3,5.0,10.0,-2.8,15457,93,1.0,0.0,0.0,0,0.0,0.0,,0,0,
2.0,7,15.0,3,5.0,10.0,-2.7,15457,93,1.0,0.0,0.0,0,0.0,0.0,,0,0,
2.0,7,15.0,3,5.0,10.0,-2.6,15457,93,1.0,0.0,0.0,0,0.0,0.0,,0,0,
2.0,7,15.0,3,5.0,10.0,-2.5,15457,93,1.0,0.0,0.0,0,0.0,0.0,,0,0,
2.0,7,15.0,3,5.0,10.0,-2.4,15457,93,0.9978003493562787,0.002199650643721291,0.0,22,0.23655913978494625,102.47784175454485,15.0,21,1,0.09523809523809523
2.0,7,15.0,3,5.0,10.0,-2.3,15457,93,0.9808501002781911,0.01914989972180889,0.0,192,2.064516129032258,894.3520734942098,15.0,188,4,0.34574468085106386
2.0,7,15.0,3,5.0,10.0,-2.2,15457,93,0.9433913437277609,0.054667788057190914,0.0019408682150481983,548,5.89247311827957,2552.6298764313906,15.0,491,57,0.14052953156822812
2.0,7,15.0,3,5.0,10.0,-2.1,15457,93,0.8846477324189688,0.06547195445429255,0.04988031312673869,953,10.24731182795699,4439.153781458239,20.0,887,66,0.14092446448703494
2.0,7,15.0,3,5.0,10.0,-2.0,15457,93,0.8514588859416445,0.05609109141489293,0.09245002264346251,828,8.903225806451612,3856.8933169437796,20.0,763,65,0.14285714285714285
2.0,7,15.0,3,5.0,10.0,-1.9,15457,93,0.6121498350262017,0.10448340557676133,0.2833667593970369,1382,14.86021505376344,6437.471695671863,15.0,1298,84,0.13020030816640987
2.0,7,15.0,3,5.0,10.0,-1.8,15457,93,0.5374911043540144,0.15772789027625025,0.3047810053697354,1845,19.838709677419356,8594.16445623342,15.0,1758,87,0.07906712172923777
2.0,7,15.0,3,5.0,10.0,-1.7,15457,93,0.44381186517435467,0.19227534450410816,0.36391279032153717,1910,20.537634408602152,8896.939897780941,15.0,1872,38,0.11485042735042734
2.0,7,15.0,3,5.0,10.0,-1.6,15457,93,0.5744969916542667,0.06223717409587889,0.3632658342498544,570,6.129032258064516,2655.1077181859355,15.0,542,28,0.24538745387453875
2.0,7,15.0,3,5.0,10.0,-1.5,15457,93,0.5562528304328136,0.07750533738759138,0.366241832179595,820,8.817204301075268,3819.628647214854,15.0,788,32,0.15609137055837563
2.0,7,15.0,3,5.0,10.0,-1.4,15457,93,0.47991201397425115,0.02173772400853982,0.49835026201720906,674,7.247311827956989,3139.5484246619653,50.0,590,84,0.18983050847457628
2.0,7,15.0,3,5.0,10.0,-1.3,15457,93,0.29080675422138835,0.050527269198421425,0.6586659765801902,797,8.56989247311828,3712.492721744193,25.0,717,80,0.14783821478382148
2.0,7,15.0,3,5.0,10.0,-1.2,15457,93,0.2561299087791939,0.0992430613961312,0.6446270298246749,1006,10.817204301075268,4686.03221841237,20.0,924,82,0.11580086580086581
2.0,7,15.0,3,5.0,10.0,-1.1,15457,93,0.20469690108041663,0.08293976838972633,0.712363330529857,809,8.698924731182796,3768.3897263375816,45.0,727,82,0.1361760660247593
2.0,7,15.0,3,5.0,10.0,-1.0,15457,93,0.19104612796791098,0.01682085786375105,0.7921330141683379,438,4.709677419354839,2040.2406676586659,50.0,359,79,0.43454038997214484
2.0,7,15.0,3,5.0,10.0,-0.9,15457,93,0.18936404218153588,0.05680274309374393,0.7538332147247202,709,7.623655913978495,3302.581354726014,25.0,627,82,0.24880382775119617
2.0,7,15.0,3,5.0,10.0,-0.8,15457,93,0.1796597011062949,0.0525328330206379,0.7678074658730673,786,8.451612903225806,3661.2538008669208,15.0,704,82,0.2215909090909091
2.0,7,15.0,3,5.0,10.0,-0.7,15457,93,0.17034353367406352,0.04774535809018567,0.7819111082357508,749,8.053763440860216,3488.904703370641,15.0,668,81,0.23353293413173654
2.0,7,15.0,3,5.0,10.0,-0.6,15457,93,0.15895710681244743,0.03933492915831015,0.8017079640292424,549,5.903225806451613,2557.287960147506,35.0,469,80,0.3347547974413646
2.0,7,15.0,3,5.0,10.0,-0.5,15457,93,0.14782946237950442,0.02924241444005952,0.8229281231804361,413,4.440860215053763,1923.788574755774,30.0,335,78,0.46865671641791046
2.0,7,15.0,3,5.0,10.0,-0.4,15457,93,0.11794009186776218,0.026137025295982403,0.8559228828362554,281,3.021505376344086,1308.921524228505,20.0,210,71,0.4
2.0,7,15.0,3,5.0,10.0,-0.3,15457,93,0.11968687326130556,0.022643462508895647,0.8576696642297988,232,2.4946236559139785,1080.6754221388367,25.0,161,71,0.5217391304347826
2.0,7,15.0,3,5.0,10.0,-0.2,15457,93,0.11968687326130556,0.06385456427508572,0.8164585624636087,391,4.204301075268817,1821.3107330012294,40.0,314,77,0.5031847133757962
2.0,7,15.0,3,5.0,10.0,-0.1,15457,93,0.11968687326130556,0.05453839684285437,0.8257747298958401,359,3.860215053763441,1672.2520540855276,40.0,283,76,0.5053003533568905
2.0,7,15.0,3,5.0,10.0,0.0,15457,93,0.10247784175454487,0.00019408682150481982,0.8973280714239503,93,1.0,433.20178559875785,905.0,86,7,0.9883720930232558
2.0,7,15.0,3,5.0,10.0,0.1,15457,93,0.10247784175454487,0.00019408682150481982,0.8973280714239503,93,1.0,433.20178559875785,905.0,86,7,0.9883720930232558
2.0,7,15.0,3,5.0,10.0,0.2,15457,93,0.10247784175454487,0.00019408682150481982,0.8973280714239503,93,1.0,433.20178559875785,905.0,86,7,0.9883720930232558
2.0,7,15.0,3,5.0,10.0,0.3,15457,93,0.10247784175454487,0.00019408682150481982,0.8973280714239503,93,1.0,433.20178559875785,905.0,86,7,0.9883720930232558
2.0,7,15.0,3,5.0,10.0,0.4,15457,93,0.10014879989648703,0.0,0.8998512001035129,91,0.978494623655914,423.88561816652646,910.0,84,7,1.0
2.0,7,15.0,3,5.0,10.0,0.5,15457,93,0.10014879989648703,0.0,0.8998512001035129,91,0.978494623655914,423.88561816652646,910.0,84,7,1.0
2.0,7,15.0,3,5.0,10.0,0.6,15457,93,0.10014879989648703,0.0,0.8998512001035129,91,0.978494623655914,423.88561816652646,910.0,84,7,1.0
2.0,7,15.0,3,5.0,10.0,0.7,15457,93,0.10014879989648703,0.0,0.8998512001035129,91,0.978494623655914,423.88561816652646,910.0,84,7,1.0
2.0,7,15.0,3,5.0,10.0,0.8,15457,93,0.0978197580384292,0.0,0.9021802419615708,91,0.978494623655914,423.88561816652646,910.0,84,7,1.0
2.0,7,15.0,3,5.0,10.0,0.9,15457,93,0.0978197580384292,0.0,0.9021802419615708,91,0.978494623655914,423.88561816652646,910.0,84,7,1.0
2.0,7,15.0,3,5.0,10.0,1.0,15457,93,0.0978197580384292,0.0,0.9021802419615708,91,0.978494623655914,423.88561816652646,910.0,84,7,1.0
2.0,7,30.0,1,5.0,0.0,-4.0,15457,93,1.0,0.0,0.0,0,0.0,0.0,,0,0,
2.0,7,30.0,1,5.0,0.0,-3.9,15457,93,1.0,0.0,0.0,0,0.0,0.0,,0,0,
2.0,7,30.0,1,5.0,0.0,-3.8,15457,93,1.0,0.0,0.0,0,0.0,0.0,,0,0,
2.0,7,30.0,1,5.0,0.0,-3.7,15457,93,1.0,0.0,0.0,0,0.0,0.0,,0,0,
2.0,7,30.0,1,5.0,0.0,-3.6,15457,93,1.0,0.0,0.0,0,0.0,0.0,,0,0,
2.0,7,30.0,1,5.0,0.0,-3.5,15457,93,1.0,0.0,0.0,0,0.0,0.0,,0,0,
2.0,7,30.0,1,5.0,0.0,-3.4,15457,93,1.0,0.0,0.0,0,0.0,0.0,,0,0,
2.0,7,30.0,1,5.0,0.0,-3.3,15457,93,1.0,0.0,0.0,0,0.0,0.0,,0,0,
2.0,7,30.0,1,5.0,0.0,-3.2,15457,93,1.0,0.0,0.0,0,0.0,0.0,,0,0,
2.0,7,30.0,1,5.0,0.0,-3.1,15457,93,1.0,0.0,0.0,0,0.0,0.0,,0,0,
2.0,7,30.0,1,5.0,0.0,-3.0,15457,93,1.0,0.0,0.0,0,0.0,0.0,,0,0,
2.0,7,30.0,1,5.0,0.0,-2.9,15457,93,1.0,0.0,0.0,0,0.0,0.0,,0,0,
2.0,7,30.0,1,5.0,0.0,-2.8,15457,93,1.0,0.0,0.0,0,0.0,0.0,,0,0,
2.0,7,30.0,1,5.0,0.0,-2.7,15457,93,1.0,0.0,0.0,0,0.0,0.0,,0,0,
2.0,7,30.0,1,5.0,0.0,-2.6,15457,93,1.0,0.0,0.0,0,0.0,0.0,,0,0,
2.0,7,30.0,1,5.0,0.0,-2.5,15457,93,1.0,0.0,0.0,0,0.0,0.0,,0,0,
2.0,7,30.0,1,5.0,0.0,-2.4,15457,93,1.0,0.0,0.0,0,0.0,0.0,,0,0,
2.0,7,30.0,1,5.0,0.0,-2.3,15457,93,0.9990295658924759,0.0009704341075240992,0.0,4,0.043010752688172046,18.632334864462702,117.5,4,0,0.5
2.0,7,30.0,1,5.0,0.0,-2.2,15457,93,0.8699618295917707,0.1300381704082293,0.0,283,3.043010752688172,1318.2376916607361,80.0,276,7,0.7355072463768116
2.0,7,30.0,1,5.0,0.0,-2.1,15457,93,0.8544995794785534,0.1455004205214466,0.0,283,3.043010752688172,1318.2376916607361,70.0,275,8,0.7418181818181818
2.0,7,30.0,1,5.0,0.0,-2.0,15457,93,0.6316879083910203,0.3184317784822411,0.04988031312673869,300,3.225806451612903,1397.4251148347028,165.0,291,9,0.7319587628865979
2.0,7,30.0,1,5.0,0.0,-1.9,15457,93,0.5971404541631623,0.2718509413210843,0.13100860451575339,564,6.064516129032258,2627.1592158892413,70.0,488,76,0.29713114754098363
2.0,7,30.0,1,5.0,0.0,-1.8,15457,93,0.5592935239697224,0.15999223652713981,0.28071423950313773,890,9.56989247311828,4145.6945073429515,50.0,808,82,0.2524752475247525
2.0,7,30.0,1,5.0,0.0,-1.7,15457,93,0.4021478941579867,0.2914537102930711,0.3063983955489422,783,8.419354838709678,3647.2795497185743,70.0,699,84,0.4434907010014306
2.0,7,30.0,1,5.0,0.0,-1.6,15457,93,0.202173772400854,0.47111341139936597,0.32671281619978004,613,6.591397849462366,2855.4053179789094,65.0,531,82,0.583804143126177
2.0,7,30.0,1,5.0,0.0,-1.5,15457,93,0.20204438118651744,0.4616031571456298,0.33635246166785276,612,6.580645161290323,2850.7472342627934,60.0,531,81,0.5856873822975518
2.0,7,30.0,1,5.0,0.0,-1.4,15457,93,0.19835673157792585,0.4116581484117228,0.3899851200103513,479,5.150537634408602,2231.2221000194086,60.0,402,77,0.7736318407960199
2.0,7,30.0,1,5.0,0.0,-1.3,15457,93,0.18942873778870414,0.3366112440965258,0.47396001811477,646,6.946236559139785,3009.1220806107262,55.0,567,79,0.4091710758377425
2.0,7,30.0,1,5.0,0.0,-1.2,15457,93,0.18477065407258847,0.2558711263505208,0.5593582195768907,816,8.774193548387096,3800.9963123503917,45.0,736,80,0.3125
2.0,7,30.0,1,5.0,0.0,-1.1,15457,93,0.18050074399948243,0.13450216730284015,0.6849970886976774,645,6.935483870967742,3004.463996894611,45.0,566,79,0.4010600706713781
2.0,7,30.0,1,5.0,0.0,-1.0,15457,93,0.17047292488840007,0.1343727760885036,0.6951542990230963,644,6.924731182795699,2999.805913178495,35.0,565,79,0.40176991150442476
2.0,7,30.0,1,5.0,0.0,-0.9,15457,93,0.16665588406547197,0.1057773177201268,0.7275667982144013,767,8.24731182795699,3572.750210260723,30.0,688,79,0.23982558139534885
2.0,7,30.0,1,5.0,0.0,-0.8,15457,93,0.15675745616872613,0.05699682991524876,0.7862457139160252,765,8.225806451612904,3563.434042828492,15.0,686,79,0.239067055393586
2.0,7,30.0,1,5.0,0.0,-0.7,15457,93,0.15061137348774017,0.05363265834249854,0.7957559681697612,763,8.204301075268818,3554.1178753962604,15.0,684,79,0.23976608187134502
2.0,7,30.0,1,5.0,0.0,-0.6,15457,93,0.14440059519958595,0.048262922947531865,0.8073364818528822,634,6.817204301075269,2953.2250760173383,15.0,560,74,0.29285714285714287
2.0,7,30.0,1,5.0,0.0,-0.5,15457,93,0.1406482499838261,0.048262922947531865,0.811088827068642,634,6.817204301075269,2953.2250760173383,15.0,560,74,0.29464285714285715
2.0,7,30.0,1,5.0,0.0,-0.4,15457,93,0.12001035129714692,0.05272691984214272,0.8272627288607104,472,5.075268817204301,2198.615514006599,30.0,398,74,0.40954773869346733
2.0,7,30.0,1,5.0,0.0,-0.3,15457,93,0.10034288671799185,0.06476030277544155,0.8348968105065666,533,5.731182795698925,2482.7586206896553,25.0,459,74,0.355119825708061
2.0,7,30.0,1,5.0,0.0,-0.2,15457,93,0.10034288671799185,0.06269004334605681,0.8369670699359514,533,5.731182795698925,2482.7586206896553,20.0,459,74,0.355119825708061
2.0,7,30.0,1,5.0,0.0,-0.1,15457,93,0.10034288671799185,0.06061978391667206,0.8390373293653361,533,5.731182795698925,2482.7586206896553,20.0,459,74,0.355119825708061
2.0,7,30.0,1,5.0,0.0,0.0,15457,93,0.08843889499902957,0.05207996377045999,0.8594811412305104,408,4.387096774193548,1900.4981561751958,35.0,335,73,0.48656716417910445
2.0,7,30.0,1,5.0,0.0,0.1,15457,93,0.08843889499902957,0.04101701494468526,0.8705440900562852,245,2.6344086021505375,1141.2305104483407,35.0,177,68,0.4858757062146893
2.0,7,30.0,1,5.0,0.0,0.2,15457,93,0.08843889499902957,0.04101701494468526,0.8705440900562852,245,2.6344086021505375,1141.2305104483407,35.0,177,68,0.4858757062146893
2.0,7,30.0,1,5.0,0.0,0.3,15457,93,0.08843889499902957,0.04101701494468526,0.8705440900562852,245,2.6344086021505375,1141.2305104483407,35.0,177,68,0.4858757062146893
2.0,7,30.0,1,5.0,0.0,0.4,15457,93,0.08610985314097173,0.01643268422074141,0.8974574626382869,306,3.2903225806451615,1425.3736171313967,12.5,239,67,0.3598326359832636
2.0,7,30.0,1,5.0,0.0,0.5,15457,93,0.08610985314097173,0.01481529404153458,0.8990748528174937,280,3.010752688172043,1304.263440512389,12.5,226,54,0.3805309734513274
2.0,7,30.0,1,5.0,0.0,0.6,15457,93,0.08610985314097173,0.01481529404153458,0.8990748528174937,280,3.010752688172043,1304.263440512389,12.5,226,54,0.3805309734513274
2.0,7,30.0,1,5.0,0.0,0.7,15457,93,0.08610985314097173,0.01481529404153458,0.8990748528174937,280,3.010752688172043,1304.263440512389,12.5,226,54,0.3805309734513274
2.0,7,30.0,1,5.0,0.0,0.8,15457,93,0.08371611567574562,0.011709904897457463,0.904573979426797,182,1.956989247311828,847.7712363330529,12.5,177,5,0.4858757062146893
2.0,7,30.0,1,5.0,0.0,0.9,15457,93,0.08371611567574562,0.011709904897457463,0.904573979426797,182,1.956989247311828,847.7712363330529,12.5,177,5,0.4858757062146893
2.0,7,30.0,1,5.0,0.0,1.0,15457,93,0.08371611567574562,0.011709904897457463,0.904573979426797,182,1.956989247311828,847.7712363330529,12.5,177,5,0.4858757062146893
2.0,7,30.0,2,5.0,5.0,-4.0,15457,93,1.0,0.0,0.0,0,0.0,0.0,,0,0,
2.0,7,30.0,2,5.0,5.0,-3.9,15457,93,1.0,0.0,0.0,0,0.0,0.0,,0,0,
2.0,7,30.0,2,5.0,5.0,-3.8,15457,93,1.0,0.0,0.0,0,0.0,0.0,,0,0,
2.0,7,30.0,2,5.0,5.0,-3.7,15457,93,1.0,0.0,0.0,0,0.0,0.0,,0,0,
2.0,7,30.0,2,5.0,5.0,-3.6,15457,93,1.0,0.0,0.0,0,0.0,0.0,,0,0,
2.0,7,30.0,2,5.0,5.0,-3.5,15457,93,1.0,0.0,0.0,0,0.0,0.0,,0,0,
2.0,7,30.0,2,5.0,5.0,-3.4,15457,93,1.0,0.0,0.0,0,0.0,0.0,,0,0,
2.0,7,30.0,2,5.0,5.0,-3.3,15457,93,1.0,0.0,0.0,0,0.0,0.0,,0,0,
2.0,7,30.0,2,5.0,5.0,-3.2,15457,93,1.0,0.0,0.0,0,0.0,0.0,,0,0,
2.0,7,30.0,2,5.0,5.0,-3.1,15457,93,1.0,0.0,0.0,0,0.0,0.0,,0,0,
2.0,7,30.0,2,5.0,5.0,-3.0,15457,93,1.0,0.0,0.0,0,0.0,0.0,,0,0,
2.0,7,30.0,2,5.0,5.0,-2.9,15457,93,1.0,0.0,0.0,0,0.0,0.0,,0,0,
2.0,7,30.0,2,5.0,5.0,-2.8,15457,93,1.0,0.0,0.0,0,0.0,0.0,,0,0,
2.0,7,30.0,2,5.0,5.0,-2.7,15457,93,1.0,0.0,0.0,0,0.0,0.0,,0,0,
2.0,7,30.0,2,5.0,5.0,-2.6,15457,93,1.0,0.0,0.0,0,0.0,0.0,,0,0,
2.0,7,30.0,2,5.0,5.0,-2.5,15457,93,1.0,0.0,0.0,0,0.0,0.0,,0,0,
2.0,7,30.0,2,5.0,5.0,-2.4,15457,93,1.0,0.0,0.0,0,0.0,0.0,,0,0,
2.0,7,30.0,2,5.0,5.0,-2.3,15457,93,0.9990295658924759,0.0009704341075240992,0.0,4,0.043010752688172046,18.632334864462702,115.0,4,0,0.5
2.0,7,30.0,2,5.0,5.0,-2.2,15457,93,0.8702853076276121,0.12971469237238792,0.0,283,3.043010752688172,1318.2376916607361,80.0,274,9,0.7335766423357665
2.0,7,30.0,2,5.0,5.0,-2.1,15457,93,0.8548230575143948,0.14517694248560523,0.0,283,3.043010752688172,1318.2376916607361,70.0,274,9,0.7408759124087592
2.0,7,30.0,2,5.0,5.0,-2.0,15457,93,0.6324642556770396,0.31765543119622175,0.04988031312673869,298,3.204301075268817,1388.1089474024714,165.0,289,9,0.7370242214532872
2.0,7,30.0,2,5.0,5.0,-1.9,15457,93,0.5981108882706864,0.27113928964223327,0.13074982208708028,558,6.0,2599.210713592547,75.0,483,75,0.3002070393374741
2.0,7,30.0,2,5.0,5.0,-1.8,15457,93,0.5603933492915831,0.15578702206120204,0.2838196286472148,769,8.268817204301076,3582.066377692955,60.0,689,80,0.3149492017416546
2.0,7,30.0,2,5.0,5.0,-1.7,15457,93,0.4035065019085204,0.2907420586142201,0.30575143947725947,781,8.397849462365592,3637.963382286343,70.0,697,84,0.4447632711621234
2.0,7,30.0,2,5.0,5.0,-1.6,15457,93,0.20392055379439736,0.4698841948631688,0.3261952513424338,608,6.537634408602151,2832.114899398331,65.0,525,83,0.5866666666666667
2.0,7,30.0,2,5.0,5.0,-1.5,15457,93,0.2037911625800608,0.4604386362166009,0.3357702012033383,608,6.537634408602151,2832.114899398331,60.0,526,82,0.5893536121673004
2.0,7,30.0,2,5.0,5.0,-1.4,15457,93,0.20010351297146925,0.4105583230898622,0.38933816393866855,471,5.064516129032258,2193.9574302904834,65.0,394,77,0.7868020304568528
2.0,7,30.0,2,5.0,5.0,-1.3,15457,93,0.19111082357507925,0.33564080998900175,0.473248366435919,637,6.849462365591398,2967.199327165685,55.0,557,80,0.40933572710951527
2.0,7,30.0,2,5.0,5.0,-1.2,15457,93,0.18645273985896357,0.2550947790645015,0.5584524810765349,808,8.688172043010752,3763.7316426214657,45.0,727,81,0.3108665749656121
2.0,7,30.0,2,5.0,5.0,-1.1,15457,93,0.18218282978585754,0.1341139936598305,0.683703176554312,640,6.881720430107527,2981.1735783140325,40.0,561,79,0.4028520499108734
2.0,7,30.0,2,5.0,5.0,-1.0,15457,93,0.17228440188911173,0.1338552112311574,0.6938603868797308,639,6.870967741935484,2976.515494597917,35.0,560,79,0.40535714285714286
2.0,7,30.0,2,5.0,5.0,-0.9,15457,93,0.1684673610661836,0.10525975286278062,0.7262728860710358,761,8.182795698924732,3544.801707964029,30.0,682,79,0.2404692082111437
2.0,7,30.0,2,5.0,5.0,-0.8,15457,93,0.15850423756226953,0.05673804748657566,0.7847577149511548,759,8.161290322580646,3535.485540531798,20.0,681,78,0.24082232011747431
2.0,7,30.0,2,5.0,5.0,-0.7,15457,93,0.15235815488128357,0.05007439994824352,0.797567445170473,655,7.043010752688172,3051.0448340557678,20.0,579,76,0.2815198618307427
2.0,7,30.0,2,5.0,5.0,-0.6,15457,93,0.14614737659312932,0.04806883612602704,0.8057837872808437,629,6.763440860215054,2929.93465743676,15.0,554,75,0.2924187725631769
2.0,7,30.0,2,5.0,5.0,-0.5,15457,93,0.14239503137736947,0.04819822734036359,0.809406741282267,631,6.78494623655914,2939.2508248689915,15.0,556,75,0.2931654676258993
2.0,7,30.0,2,5.0,5.0,-0.4,15457,93,0.12188652390502684,0.052468137413469625,0.8256453386815035,470,5.053763440860215,2189.2993465743675,30.0,396,74,0.4116161616161616
2.0,7,30.0,2,5.0,5.0,-0.3,15457,93,0.106294882577473,0.05887300252312868,0.8348321148993983,506,5.440860215053763,2356.990360354532,20.0,433,73,0.37644341801385683
2.0,7,30.0,2,5.0,5.0,-0.2,15457,93,0.106294882577473,0.05680274309374393,0.8369023743287831,506,5.440860215053763,2356.990360354532,20.0,433,73,0.37644341801385683
2.0,7,30.0,2,5.0,5.0,-0.1,15457,93,0.106294882577473,0.05473248366435919,0.8389726337581678,506,5.440860215053763,2356.990360354532,20.0,433,73,0.37644341801385683
2.0,7,30.0,2,5.0,5.0,0.0,15457,93,0.09439089085851071,0.04787474930452222,0.8577343598369671,407,4.376344086021505,1895.8400724590801,30.0,334,73,0.4880239520958084
2.0,7,30.0,2,5.0,5.0,0.1,15457,93,0.09439089085851071,0.03687649608591577,0.8687326130555735,244,2.6236559139784945,1136.5724267322248,30.0,176,68,0.48863636363636365
2.0,7,30.0,2,5.0,5.0,0.2,15457,93,0.09439089085851071,0.03687649608591577,0.8687326130555735,244,2.6236559139784945,1136.5724267322248,30.0,176,68,0.48863636363636365
2.0,7,30.0,2,5.0,5.0,0.3,15457,93,0.09439089085851071,0.03687649608591577,0.8687326130555735,244,2.6236559139784945,1136.5724267322248,30.0,176,68,0.48863636363636365
2.0,7,30.0,2,5.0,5.0,0.4,15457,93,0.09212654460762114,0.013068512647991202,0.8948049427443877,204,2.193548387096774,950.2490780875979,15.0,187,17,0.45989304812834225
2.0,7,30.0,2,5.0,5.0,0.5,15457,93,0.09212654460762114,0.011515818075952642,0.8963576373164263,180,1.935483870967742,838.4550689008216,25.0,175,5,0.49142857142857144
2.0,7,30.0,2,5.0,5.0,0.6,15457,93,0.09212654460762114,0.011515818075952642,0.8963576373164263,180,1.935483870967742,838.4550689008216,25.0,175,5,0.49142857142857144
2.0,7,30.0,2,5.0,5.0,0.7,15457,93,0.09212654460762114,0.011515818075952642,0.8963576373164263,180,1.935483870967742,838.4550689008216,25.0,175,5,0.49142857142857144
2.0,7,30.0,2,5.0,5.0,0.8,15457,93,0.08966811153522676,0.011645209290289189,0.8986866791744841,181,1.946236559139785,843.1131526169373,10.0,176,5,0.48863636363636365
2.0,7,30.0,2,5.0,5.0,0.9,15457,93,0.08966811153522676,0.011645209290289189,0.8986866791744841,181,1.946236559139785,843.1131526169373,10.0,176,5,0.48863636363636365
2.0,7,30.0,2,5.0,5.0,1.0,15457,93,0.08966811153522676,0.011645209290289189,0.8986866791744841,181,1.946236559139785,843.1131526169373,10.0,176,5,0.48863636363636365
2.0,7,30.0,3,5.0,10.0,-4.0,15457,93,1.0,0.0,0.0,0,0.0,0.0,,0,0,
2.0,7,30.0,3,5.0,10.0,-3.9,15457,93,1.0,0.0,0.0,0,0.0,0.0,,0,0,
2.0,7,30.0,3,5.0,10.0,-3.8,15457,93,1.0,0.0,0.0,0,0.0,0.0,,0,0,
2.0,7,30.0,3,5.0,10.0,-3.7,15457,93,1.0,0.0,0.0,0,0.0,0.0,,0,0,
2.0,7,30.0,3,5.0,10.0,-3.6,15457,93,1.0,0.0,0.0,0,0.0,0.0,,0,0,
2.0,7,30.0,3,5.0,10.0,-3.5,15457,93,1.0,0.0,0.0,0,0.0,0.0,,0,0,
2.0,7,30.0,3,5.0,10.0,-3.4,15457,93,1.0,0.0,0.0,0,0.0,0.0,,0,0,
2.0,7,30.0,3,5.0,10.0,-3.3,15457,93,1.0,0.0,0.0,0,0.0,0.0,,0,0,
2.0,7,30.0,3,5.0,10.0,-3.2,15457,93,1.0,0.0,0.0,0,0.0,0.0,,0,0,
2.0,7,30.0,3,5.0,10.0,-3.1,15457,93,1.0,0.0,0.0,0,0.0,0.0,,0,0,
2.0,7,30.0,3,5.0,10.0,-3.0,15457,93,1.0,0.0,0.0,0,0.0,0.0,,0,0,
2.0,7,30.0,3,5.0,10.0,-2.9,15457,93,1.0,0.0,0.0,0,0.0,0.0,,0,0,
2.0,7,30.0,3,5.0,10.0,-2.8,15457,93,1.0,0.0,0.0,0,0.0,0.0,,0,0,
2.0,7,30.0,3,5.0,10.0,-2.7,15457,93,1.0,0.0,0.0,0,0.0,0.0,,0,0,
2.0,7,30.0,3,5.0,10.0,-2.6,15457,93,1.0,0.0,0.0,0,0.0,0.0,,0,0,
2.0,7,30.0,3,5.0,10.0,-2.5,15457,93,1.0,0.0,0.0,0,0.0,0.0,,0,0,
2.0,7,30.0,3,5.0,10.0,-2.4,15457,93,1.0,0.0,0.0,0,0.0,0.0,,0,0,
2.0,7,30.0,3,5.0,10.0,-2.3,15457,93,0.9990295658924759,0.0009704341075240992,0.0,4,0.043010752688172046,18.632334864462702,112.5,4,0,0.5
2.0,7,30.0,3,5.0,10.0,-2.2,15457,93,0.8706087856634535,0.12939121433654655,0.0,281,3.021505376344086,1308.921524228505,80.0,274,7,0.7335766423357665
2.0,7,30.0,3,5.0,10.0,-2.1,15457,93,0.8551465355502361,0.14485346444976385,0.0,282,3.032258064516129,1313.5796079446206,70.0,274,8,0.7408759124087592
2.0,7,30.0,3,5.0,10.0,-2.0,15457,93,0.6332406029630588,0.31700847512453906,0.04975092191240215,294,3.161290322580645,1369.4766125380088,165.0,285,9,0.7403508771929824
2.0,7,30.0,3,5.0,10.0,-1.9,15457,93,0.5992107135925471,0.26525198938992045,0.1355372970175325,517,5.559139784946237,2408.229281231804,75.0,441,76,0.24263038548752835
2.0,7,30.0,3,5.0,10.0,-1.8,15457,93,0.5673804748657566,0.14239503137736947,0.2902244937568739,651,7.0,3032.412499191305,75.0,571,80,0.2626970227670753
2.0,7,30.0,3,5.0,10.0,-1.7,15457,93,0.4109464967328718,0.2838196286472148,0.3052338746199133,729,7.838709677419355,3395.7430290483276,90.0,646,83,0.47523219814241485
2.0,7,30.0,3,5.0,10.0,-1.6,15457,93,0.2055379439736042,0.468978456362813,0.32548359966358287,608,6.537634408602151,2832.114899398331,65.0,525,83,0.5866666666666667
2.0,7,30.0,3,5.0,10.0,-1.5,15457,93,0.20540855275926764,0.45953289771624506,0.33505854952448727,608,6.537634408602151,2832.114899398331,60.0,525,83,0.5885714285714285
2.0,7,30.0,3,5.0,10.0,-1.4,15457,93,0.20172090315067606,0.4096525845895064,0.38862651225981754,469,5.043010752688172,2184.641262858252,65.0,391,78,0.7851662404092071
2.0,7,30.0,3,5.0,10.0,-1.3,15457,93,0.19311638739729572,0.32787733712880895,0.47900627547389535,580,6.236559139784946,2701.688555347092,65.0,501,79,0.45109780439121755
2.0,7,30.0,3,5.0,10.0,-1.2,15457,93,0.20631429125962347,0.23005757909037977,0.5636281296499968,617,6.634408602150538,2874.037652843372,70.0,536,81,0.47388059701492535
2.0,7,30.0,3,5.0,10.0,-1.1,15457,93,0.20204438118651744,0.10894740247137219,0.6890082163421104,446,4.795698924731183,2077.505337387591,115.0,365,81,0.5068493150684932
2.0,7,30.0,3,5.0,10.0,-1.0,15457,93,0.191757779646762,0.10914148929287701,0.699100731060361,448,4.817204301075269,2086.8215048198226,115.0,368,80,0.5081521739130435
2.0,7,30.0,3,5.0,10.0,-0.9,15457,93,0.1878113476094973,0.07271786245713915,0.7394707899333636,508,5.462365591397849,2366.306527786763,45.0,427,81,0.2927400468384075
2.0,7,30.0,3,5.0,10.0,-0.8,15457,93,0.1779129197127515,0.016238597399236592,0.8058484828880119,381,4.096774193548387,1774.7298958400725,35.0,304,77,0.46710526315789475
2.0,7,30.0,3,5.0,10.0,-0.7,15457,93,0.1718962282461021,0.016303293006404866,0.8118004787474931,381,4.096774193548387,1774.7298958400725,35.0,304,77,0.5197368421052632
2.0,7,30.0,3,5.0,10.0,-0.6,15457,93,0.16555605874361132,0.016109206184900044,0.8183347350714887,382,4.10752688172043,1779.3879795561882,30.0,305,77,0.5147540983606558
2.0,7,30.0,3,5.0,10.0,-0.5,15457,93,0.16180371352785147,0.0159798149705635,0.8222164715015851,382,4.10752688172043,1779.3879795561882,30.0,305,77,0.5147540983606558
2.0,7,30.0,3,5.0,10.0,-0.4,15457,93,0.13534321019602769,0.032671281619978,0.8319855081839943,316,3.3978494623655915,1471.9544542925537,197.5,241,75,0.6556016597510373
2.0,7,30.0,3,5.0,10.0,-0.3,15457,93,0.11903991718962283,0.03829979944361778,0.8426602833667594,341,3.6666666666666665,1588.4065471954455,50.0,266,75,0.5939849624060151
2.0,7,30.0,3,5.0,10.0,-0.2,15457,93,0.11903991718962283,0.036229540014233036,0.8447305427961441,341,3.6666666666666665,1588.4065471954455,50.0,266,75,0.5939849624060151
2.0,7,30.0,3,5.0,10.0,-0.1,15457,93,0.11903991718962283,0.03415928058484829,0.8468008022255289,341,3.6666666666666665,1588.4065471954455,50.0,266,75,0.5939849624060151
2.0,7,30.0,3,5.0,10.0,0.0,15457,93,0.11192340040111276,0.021867115222876366,0.8662094843760109,157,1.6881720430107527,731.3191434301611,385.0,88,69,0.9772727272727273
2.0,7,30.0,3,5.0,10.0,0.1,15457,93,0.11192340040111276,0.021155463544025362,0.8669211360548619,153,1.6451612903225807,712.6868085656984,450.0,84,69,1.0
2.0,7,30.0,3,5.0,10.0,0.2,15457,93,0.11192340040111276,0.021155463544025362,0.8669211360548619,153,1.6451612903225807,712.6868085656984,450.0,84,69,1.0
2.0,7,30.0,3,5.0,10.0,0.3,15457,93,0.11192340040111276,0.021155463544025362,0.8669211360548619,153,1.6451612903225807,712.6868085656984,450.0,84,69,1.0
2.0,7,30.0,3,5.0,10.0,0.4,15457,93,0.10952966293588666,0.0,0.8904703370641134,91,0.978494623655914,423.88561816652646,900.0,84,7,1.0
2.0,7,30.0,3,5.0,10.0,0.5,15457,93,0.10952966293588666,0.0,0.8904703370641134,91,0.978494623655914,423.88561816652646,900.0,84,7,1.0
2.0,7,30.0,3,5.0,10.0,0.6,15457,93,0.10952966293588666,0.0,0.8904703370641134,91,0.978494623655914,423.88561816652646,900.0,84,7,1.0
2.0,7,30.0,3,5.0,10.0,0.7,15457,93,0.10952966293588666,0.0,0.8904703370641134,91,0.978494623655914,423.88561816652646,900.0,84,7,1.0
2.0,7,30.0,3,5.0,10.0,0.8,15457,93,0.10720062107782881,0.0,0.8927993789221712,91,0.978494623655914,423.88561816652646,905.0,84,7,1.0
2.0,7,30.0,3,5.0,10.0,0.9,15457,93,0.10720062107782881,0.0,0.8927993789221712,91,0.978494623655914,423.88561816652646,905.0,84,7,1.0
2.0,7,30.0,3,5.0,10.0,1.0,15457,93,0.10720062107782881,0.0,0.8927993789221712,91,0.978494623655914,423.88561816652646,905.0,84,7,1.0
2.0,7,60.0,1,5.0,0.0,-4.0,15457,93,1.0,0.0,0.0,0,0.0,0.0,,0,0,
2.0,7,60.0,1,5.0,0.0,-3.9,15457,93,1.0,0.0,0.0,0,0.0,0.0,,0,0,
2.0,7,60.0,1,5.0,0.0,-3.8,15457,93,1.0,0.0,0.0,0,0.0,0.0,,0,0,
2.0,7,60.0,1,5.0,0.0,-3.7,15457,93,1.0,0.0,0.0,0,0.0,0.0,,0,0,
2.0,7,60.0,1,5.0,0.0,-3.6,15457,93,1.0,0.0,0.0,0,0.0,0.0,,0,0,
2.0,7,60.0,1,5.0,0.0,-3.5,15457,93,1.0,0.0,0.0,0,0.0,0.0,,0,0,
2.0,7,60.0,1,5.0,0.0,-3.4,15457,93,1.0,0.0,0.0,0,0.0,0.0,,0,0,
2.0,7,60.0,1,5.0,0.0,-3.3,15457,93,1.0,0.0,0.0,0,0.0,0.0,,0,0,
2.0,7,60.0,1,5.0,0.0,-3.2,15457,93,1.0,0.0,0.0,0,0.0,0.0,,0,0,
2.0,7,60.0,1,5.0,0.0,-3.1,15457,93,1.0,0.0,0.0,0,0.0,0.0,,0,0,
2.0,7,60.0,1,5.0,0.0,-3.0,15457,93,1.0,0.0,0.0,0,0.0,0.0,,0,0,
2.0,7,60.0,1,5.0,0.0,-2.9,15457,93,1.0,0.0,0.0,0,0.0,0.0,,0,0,
2.0,7,60.0,1,5.0,0.0,-2.8,15457,93,1.0,0.0,0.0,0,0.0,0.0,,0,0,
2.0,7,60.0,1,5.0,0.0,-2.7,15457,93,1.0,0.0,0.0,0,0.0,0.0,,0,0,
2.0,7,60.0,1,5.0,0.0,-2.6,15457,93,1.0,0.0,0.0,0,0.0,0.0,,0,0,
2.0,7,60.0,1,5.0,0.0,-2.5,15457,93,1.0,0.0,0.0,0,0.0,0.0,,0,0,
2.0,7,60.0,1,5.0,0.0,-2.4,15457,93,1.0,0.0,0.0,0,0.0,0.0,,0,0,
2.0,7,60.0,1,5.0,0.0,-2.3,15457,93,0.9994824351426538,0.0005175648573461862,0.0,4,0.043010752688172046,18.632334864462702,100.0,4,0,0.5
2.0,7,60.0,1,5.0,0.0,-2.2,15457,93,0.9033447628905997,0.09665523710940027,0.0,426,4.580645161290323,1984.343663065278,25.0,419,7,0.3269689737470167
2.0,7,60.0,1,5.0,0.0,-2.1,15457,93,0.8118004787474931,0.18819952125250697,0.0,403,4.333333333333333,1877.2077375946176,90.0,395,8,0.5215189873417722
2.0,7,60.0,1,5.0,0.0,-2.0,15457,93,0.6349873843566022,0.33919906838325675,0.025813547260141036,299,3.21505376344086,1392.767031118587,150.0,291,8,0.7216494845360825
2.0,7,60.0,1,5.0,0.0,-1.9,15457,93,0.599663582842725,0.2800025878242867,0.12033382933298829,600,6.451612903225806,2794.8502296694055,55.0,585,15,0.24444444444444444
2.0,7,60.0,1,5.0,0.0,-1.8,15457,93,0.5916413275538591,0.150805460309245,0.2575532121368959,462,4.967741935483871,2152.034676845442,55.0,446,16,0.3183856502242152
2.0,7,60.0,1,5.0,0.0,-1.7,15457,93,0.447434819175778,0.24396713463155853,0.3085980461926635,740,7.956989247311828,3446.9819499256,55.0,660,80,0.3378787878787879
2.0,7,60.0,1,5.0,0.0,-1.6,15457,93,0.24325548295270752,0.39425503008345736,0.36248948696383515,606,6.516129032258065,2822.7987319660997,70.0,525,81,0.5866666666666667
2.0,7,60.0,1,5.0,0.0,-1.5,15457,93,0.24092644109464967,0.37439347868279743,0.3846800802225529,605,6.505376344086022,2818.1406482499838,70.0,526,79,0.5874524714828897
2.0,7,60.0,1,5.0,0.0,-1.4,15457,93,0.22662871191046127,0.3679239179659701,0.40544737012356863,481,5.172043010752688,2240.53826745164,60.0,406,75,0.7536945812807881
2.0,7,60.0,1,5.0,0.0,-1.3,15457,93,0.18916995536003106,0.3348644627029825,0.47596558193698646,640,6.881720430107527,2981.1735783140325,40.0,562,78,0.40213523131672596
2.0,7,60.0,1,5.0,0.0,-1.2,15457,93,0.1687261434948567,0.2512777382415734,0.5799961182635699,1156,12.43010752688172,5384.744775829721,25.0,1074,82,0.1303538175046555
2.0,7,60.0,1,5.0,0.0,-1.1,15457,93,0.16277414763537557,0.1759720514977033,0.6612538008669211,642,6.903225806451613,2990.489745746264,35.0,561,81,0.35472370766488415
2.0,7,60.0,1,5.0,0.0,-1.0,15457,93,0.15028789545189883,0.16937309956653943,0.6803390049815617,643,6.913978494623656,2995.14782946238,35.0,564,79,0.30851063829787234
2.0,7,60.0,1,5.0,0.0,-0.9,15457,93,0.1355372970175325,0.13430808048133533,0.7301546225011322,887,9.53763440860215,4131.720256194605,25.0,809,78,0.20148331273176762
2.0,7,60.0,1,5.0,0.0,-0.8,15457,93,0.12330982726272886,0.0936792391796597,0.7830109335576114,475,5.10752688172043,2212.589765154946,40.0,399,76,0.40852130325814534
2.0,7,60.0,1,5.0,0.0,-0.7,15457,93,0.11464061590218025,0.08669211360548619,0.7986672704923335,475,5.10752688172043,2212.589765154946,35.0,400,75,0.41
2.0,7,60.0,1,5.0,0.0,-0.6,15457,93,0.11457592029501197,0.07860516270945203,0.806818916995536,473,5.086021505376344,2203.2735977227144,30.0,398,75,0.4120603015075377
2.0,7,60.0,1,5.0,0.0,-0.5,15457,93,0.11295853011580513,0.07498220870802873,0.8120592611761661,473,5.086021505376344,2203.2735977227144,30.0,398,75,0.4120603015075377
2.0,7,60.0,1,5.0,0.0,-0.4,15457,93,0.10726531668499709,0.03778223458627159,0.8549524487287313,311,3.3440860215053765,1448.664035711975,20.0,243,68,0.36213991769547327
2.0,7,60.0,1,5.0,0.0,-0.3,15457,93,0.1024131461473766,0.03927023355114188,0.8583166203014815,248,2.6666666666666665,1155.2047615966876,25.0,180,68,0.4888888888888889
2.0,7,60.0,1,5.0,0.0,-0.2,15457,93,0.1024131461473766,0.039205537943973606,0.8583813159086499,248,2.6666666666666665,1155.2047615966876,25.0,180,68,0.4888888888888889
2.0,7,60.0,1,5.0,0.0,-0.1,15457,93,0.1024131461473766,0.039205537943973606,0.8583813159086499,248,2.6666666666666665,1155.2047615966876,25.0,180,68,0.4888888888888889
2.0,7,60.0,1,5.0,0.0,0.0,15457,93,0.10008410428931876,0.023549201009251473,0.8763666947014298,244,2.6236559139784945,1136.5724267322248,15.0,176,68,0.48863636363636365
2.0,7,60.0,1,5.0,0.0,0.1,15457,93,0.10008410428931876,0.023549201009251473,0.8763666947014298,244,2.6236559139784945,1136.5724267322248,15.0,176,68,0.48863636363636365
2.0,7,60.0,1,5.0,0.0,0.2,15457,93,0.10008410428931876,0.023549201009251473,0.8763666947014298,244,2.6236559139784945,1136.5724267322248,15.0,176,68,0.48863636363636365
2.0,7,60.0,1,5.0,0.0,0.3,15457,93,0.10008410428931876,0.023549201009251473,0.8763666947014298,244,2.6236559139784945,1136.5724267322248,15.0,176,68,0.48863636363636365
2.0,7,60.0,1,5.0,0.0,0.4,15457,93,0.09775506243126092,0.01876172607879925,0.8834832114899398,181,1.946236559139785,843.1131526169373,20.0,176,5,0.48863636363636365
2.0,7,60.0,1,5.0,0.0,0.5,15457,93,0.09775506243126092,0.01876172607879925,0.8834832114899398,181,1.946236559139785,843.1131526169373,20.0,176,5,0.48863636363636365
2.0,7,60.0,1,5.0,0.0,0.6,15457,93,0.09775506243126092,0.01876172607879925,0.8834832114899398,181,1.946236559139785,843.1131526169373,20.0,176,5,0.48863636363636365
2.0,7,60.0,1,5.0,0.0,0.7,15457,93,0.09775506243126092,0.01876172607879925,0.8834832114899398,181,1.946236559139785,843.1131526169373,20.0,176,5,0.48863636363636365
2.0,7,60.0,1,5.0,0.0,0.8,15457,93,0.09309697871514525,0.021026072329688814,0.885876948955166,181,1.946236559139785,843.1131526169373,20.0,176,5,0.48863636363636365
2.0,7,60.0,1,5.0,0.0,0.9,15457,93,0.09309697871514525,0.021026072329688814,0.885876948955166,181,1.946236559139785,843.1131526169373,20.0,176,5,0.48863636363636365
2.0,7,60.0,1,5.0,0.0,1.0,15457,93,0.09309697871514525,0.021026072329688814,0.885876948955166,181,1.946236559139785,843.1131526169373,20.0,176,5,0.48863636363636365
2.0,7,60.0,2,5.0,5.0,-4.0,15457,93,1.0,0.0,0.0,0,0.0,0.0,,0,0,
2.0,7,60.0,2,5.0,5.0,-3.9,15457,93,1.0,0.0,0.0,0,0.0,0.0,,0,0,
2.0,7,60.0,2,5.0,5.0,-3.8,15457,93,1.0,0.0,0.0,0,0.0,0.0,,0,0,
2.0,7,60.0,2,5.0,5.0,-3.7,15457,93,1.0,0.0,0.0,0,0.0,0.0,,0,0,
2.0,7,60.0,2,5.0,5.0,-3.6,15457,93,1.0,0.0,0.0,0,0.0,0.0,,0,0,
2.0,7,60.0,2,5.0,5.0,-3.5,15457,93,1.0,0.0,0.0,0,0.0,0.0,,0,0,
2.0,7,60.0,2,5.0,5.0,-3.4,15457,93,1.0,0.0,0.0,0,0.0,0.0,,0,0,
2.0,7,60.0,2,5.0,5.0,-3.3,15457,93,1.0,0.0,0.0,0,0.0,0.0,,0,0,
2.0,7,60.0,2,5.0,5.0,-3.2,15457,93,1.0,0.0,0.0,0,0.0,0.0,,0,0,
2.0,7,60.0,2,5.0,5.0,-3.1,15457,93,1.0,0.0,0.0,0,0.0,0.0,,0,0,
2.0,7,60.0,2,5.0,5.0,-3.0,15457,93,1.0,0.0,0.0,0,0.0,0.0,,0,0,
2.0,7,60.0,2,5.0,5.0,-2.9,15457,93,1.0,0.0,0.0,0,0.0,0.0,,0,0,
2.0,7,60.0,2,5.0,5.0,-2.8,15457,93,1.0,0.0,0.0,0,0.0,0.0,,0,0,
2.0,7,60.0,2,5.0,5.0,-2.7,15457,93,1.0,0.0,0.0,0,0.0,0.0,,0,0,
2.0,7,60.0,2,5.0,5.0,-2.6,15457,93,1.0,0.0,0.0,0,0.0,0.0,,0,0,
2.0,7,60.0,2,5.0,5.0,-2.5,15457,93,1.0,0.0,0.0,0,0.0,0.0,,0,0,
2.0,7,60.0,2,5.0,5.0,-2.4,15457,93,1.0,0.0,0.0,0,0.0,0.0,,0,0,
2.0,7,60.0,2,5.0,5.0,-2.3,15457,93,0.9994824351426538,0.0005175648573461862,0.0,4,0.043010752688172046,18.632334864462702,97.5,4,0,0.5
2.0,7,60.0,2,5.0,5.0,-2.2,15457,93,0.9017920683185612,0.09820793168143883,0.0,369,3.967741935483871,1718.8328912466843,60.0,362,7,0.44751381215469616
2.0,7,60.0,2,5.0,5.0,-2.1,15457,93,0.8087597852105842,0.1912402147894158,0.0,295,3.172043010752688,1374.1346962541243,90.0,286,9,0.7132867132867133
2.0,7,60.0,2,5.0,5.0,-2.0,15457,93,0.6357637316426215,0.3384874167044058,0.025748851652972762,299,3.21505376344086,1392.767031118587,145.0,291,8,0.7216494845360825
2.0,7,60.0,2,5.0,5.0,-1.9,15457,93,0.600375234521576,0.275797373358349,0.12382739212007504,476,5.118279569892473,2217.2478488710617,80.0,460,16,0.30869565217391304
2.0,7,60.0,2,5.0,5.0,-1.8,15457,93,0.5924823704470467,0.15048198227340365,0.2570356472795497,459,4.935483870967742,2138.060425697095,55.0,443,16,0.32054176072234764
2.0,7,60.0,2,5.0,5.0,-1.7,15457,93,0.4528692501779129,0.2391796597011063,0.30795109012098076,607,6.526881720430108,2827.456815682215,60.0,526,81,0.4220532319391635
2.0,7,60.0,2,5.0,5.0,-1.6,15457,93,0.24480817752474607,0.39347868279743803,0.3617131396778159,606,6.516129032258065,2822.7987319660997,70.0,525,81,0.5866666666666667
2.0,7,60.0,2,5.0,5.0,-1.5,15457,93,0.24247913566668824,0.3736818270039464,0.38383903732936536,605,6.505376344086022,2818.1406482499838,70.0,525,80,0.5866666666666667
2.0,7,60.0,2,5.0,5.0,-1.4,15457,93,0.22818140648249985,0.3672122662871191,0.40460632723038104,480,5.161290322580645,2235.8801837355245,60.0,404,76,0.7524752475247525
2.0,7,60.0,2,5.0,5.0,-1.3,15457,93,0.19078734553923787,0.33421750663129973,0.4749951478294624,639,6.870967741935484,2976.515494597917,40.0,562,77,0.40213523131672596
2.0,7,60.0,2,5.0,5.0,-1.2,15457,93,0.1704082292812318,0.25088956459856376,0.5787022061202044,1150,12.365591397849462,5356.7962735330275,25.0,1070,80,0.1308411214953271
2.0,7,60.0,2,5.0,5.0,-1.1,15457,93,0.16445623342175067,0.17558387785469368,0.6599598887235557,638,6.860215053763441,2971.857410881801,35.0,561,77,0.35472370766488415
2.0,7,60.0,2,5.0,5.0,-1.0,15457,93,0.15190528563110564,0.16911431713786634,0.678980397231028,637,6.849462365591398,2967.199327165685,35.0,560,77,0.3107142857142857
2.0,7,60.0,2,5.0,5.0,-0.9,15457,93,0.13527851458885942,0.1360548618748787,0.7286666235362619,822,8.838709677419354,3828.9448146470854,25.0,745,77,0.21879194630872484
2.0,7,60.0,2,5.0,5.0,-0.8,15457,93,0.12505660865627224,0.09354984796532316,0.7813935433784046,472,5.075268817204301,2198.615514006599,40.0,397,75,0.4105793450881612
2.0,7,60.0,2,5.0,5.0,-0.7,15457,93,0.11638739729572362,0.08656272239114964,0.7970498803131267,472,5.075268817204301,2198.615514006599,35.0,397,75,0.4105793450881612
2.0,7,60.0,2,5.0,5.0,-0.6,15457,93,0.11638739729572362,0.07841107588794721,0.8052015268163292,471,5.064516129032258,2193.9574302904834,30.0,397,74,0.4105793450881612
2.0,7,60.0,2,5.0,5.0,-0.5,15457,93,0.11477000711651679,0.07478812188652391,0.8104418709969593,470,5.053763440860215,2189.2993465743675,30.0,396,74,0.4116161616161616
2.0,7,60.0,2,5.0,5.0,-0.4,15457,93,0.10907679368570875,0.03771753897910332,0.853205667335188,260,2.795698924731183,1211.1017661900758,20.0,192,68,0.4583333333333333
2.0,7,60.0,2,5.0,5.0,-0.3,15457,93,0.10830044639968946,0.03512971469237239,0.8565698389079381,248,2.6666666666666665,1155.2047615966876,20.0,180,68,0.4888888888888889
2.0,7,60.0,2,5.0,5.0,-0.2,15457,93,0.10830044639968946,0.03506501908520412,0.8566345345151064,248,2.6666666666666665,1155.2047615966876,20.0,180,68,0.4888888888888889
2.0,7,60.0,2,5.0,5.0,-0.1,15457,93,0.10830044639968946,0.03506501908520412,0.8566345345151064,248,2.6666666666666665,1155.2047615966876,20.0,180,68,0.4888888888888889
2.0,7,60.0,2,5.0,5.0,0.0,15457,93,0.10597140454163162,0.01940868215048198,0.8746199133078864,193,2.075268817204301,899.0101572103254,20.0,176,17,0.48863636363636365
2.0,7,60.0,2,5.0,5.0,0.1,15457,93,0.10597140454163162,0.01940868215048198,0.8746199133078864,193,2.075268817204301,899.0101572103254,20.0,176,17,0.48863636363636365
2.0,7,60.0,2,5.0,5.0,0.2,15457,93,0.10597140454163162,0.01940868215048198,0.8746199133078864,193,2.075268817204301,899.0101572103254,20.0,176,17,0.48863636363636365
2.0,7,60.0,2,5.0,5.0,0.3,15457,93,0.10597140454163162,0.01940868215048198,0.8746199133078864,193,2.075268817204301,899.0101572103254,20.0,176,17,0.48863636363636365
2.0,7,60.0,2,5.0,5.0,0.4,15457,93,0.10364236268357378,0.018697030471630977,0.8776606068447952,181,1.946236559139785,843.1131526169373,20.0,176,5,0.48863636363636365
2.0,7,60.0,2,5.0,5.0,0.5,15457,93,0.10364236268357378,0.018697030471630977,0.8776606068447952,181,1.946236559139785,843.1131526169373,20.0,176,5,0.48863636363636365
2.0,7,60.0,2,5.0,5.0,0.6,15457,93,0.10364236268357378,0.018697030471630977,0.8776606068447952,181,1.946236559139785,843.1131526169373,20.0,176,5,0.48863636363636365
2.0,7,60.0,2,5.0,5.0,0.7,15457,93,0.10364236268357378,0.018697030471630977,0.8776606068447952,181,1.946236559139785,843.1131526169373,20.0,176,5,0.48863636363636365
2.0,7,60.0,2,5.0,5.0,0.8,15457,93,0.09898427896745811,0.02096137672252054,0.8800543443100214,181,1.946236559139785,843.1131526169373,20.0,176,5,0.48863636363636365
2.0,7,60.0,2,5.0,5.0,0.9,15457,93,0.09898427896745811,0.02096137672252054,0.8800543443100214,181,1.946236559139785,843.1131526169373,20.0,176,5,0.48863636363636365
2.0,7,60.0,2,5.0,5.0,1.0,15457,93,0.09898427896745811,0.02096137672252054,0.8800543443100214,181,1.946236559139785,843.1131526169373,20.0,176,5,0.48863636363636365
2.0,7,60.0,3,5.0,10.0,-4.0,15457,93,1.0,0.0,0.0,0,0.0,0.0,,0,0,
2.0,7,60.0,3,5.0,10.0,-3.9,15457,93,1.0,0.0,0.0,0,0.0,0.0,,0,0,
2.0,7,60.0,3,5.0,10.0,-3.8,15457,93,1.0,0.0,0.0,0,0.0,0.0,,0,0,
2.0,7,60.0,3,5.0,10.0,-3.7,15457,93,1.0,0.0,0.0,0,0.0,0.0,,0,0,
2.0,7,60.0,3,5.0,10.0,-3.6,15457,93,1.0,0.0,0.0,0,0.0,0.0,,0,0,
2.0,7,60.0,3,5.0,10.0,-3.5,15457,93,1.0,0.0,0.0,0,0.0,0.0,,0,0,
2.0,7,60.0,3,5.0,10.0,-3.4,15457,93,1.0,0.0,0.0,0,0.0,0.0,,0,0,
2.0,7,60.0,3,5.0,10.0,-3.3,15457,93,1.0,0.0,0.0,0,0.0,0.0,,0,0,
2.0,7,60.0,3,5.0,10.0,-3.2,15457,93,1.0,0.0,0.0,0,0.0,0.0,,0,0,
2.0,7,60.0,3,5.0,10.0,-3.1,15457,93,1.0,0.0,0.0,0,0.0,0.0,,0,0,
2.0,7,60.0,3,5.0,10.0,-3.0,15457,93,1.0,0.0,0.0,0,0.0,0.0,,0,0,
2.0,7,60.0,3,5.0,10.0,-2.9,15457,93,1.0,0.0,0.0,0,0.0,0.0,,0,0,
2.0,7,60.0,3,5.0,10.0,-2.8,15457,93,1.0,0.0,0.0,0,0.0,0.0,,0,0,
2.0,7,60.0,3,5.0,10.0,-2.7,15457,93,1.0,0.0,0.0,0,0.0,0.0,,0,0,
2.0,7,60.0,3,5.0,10.0,-2.6,15457,93,1.0,0.0,0.0,0,0.0,0.0,,0,0,
2.0,7,60.0,3,5.0,10.0,-2.5,15457,93,1.0,0.0,0.0,0,0.0,0.0,,0,0,
2.0,7,60.0,3,5.0,10.0,-2.4,15457,93,1.0,0.0,0.0,0,0.0,0.0,,0,0,
2.0,7,60.0,3,5.0,10.0,-2.3,15457,93,0.9994824351426538,0.0005175648573461862,0.0,4,0.043010752688172046,18.632334864462702,95.0,4,0,0.5
2.0,7,60.0,3,5.0,10.0,-2.2,15457,93,0.896292941709258,0.10370705829074206,0.0,281,3.021505376344086,1308.921524228505,80.0,274,7,0.7408759124087592
2.0,7,60.0,3,5.0,10.0,-2.1,15457,93,0.8083069159604063,0.1916930840395937,0.0,280,3.010752688172043,1304.263440512389,90.0,271,9,0.7527675276752768
2.0,7,60.0,3,5.0,10.0,-2.0,15457,93,0.6365400789286407,0.3377757650255548,0.02568415604580449,299,3.21505376344086,1392.767031118587,140.0,291,8,0.7216494845360825
2.0,7,60.0,3,5.0,10.0,-1.9,15457,93,0.6008281037717539,0.27366241832179594,0.12550947790645015,439,4.720430107526882,2044.8987513747816,80.0,424,15,0.33962264150943394
2.0,7,60.0,3,5.0,10.0,-1.8,15457,93,0.5926764572685514,0.15067606909490847,0.25664747363654006,443,4.763440860215054,2063.5310862392444,55.0,427,16,0.3372365339578454
2.0,7,60.0,3,5.0,10.0,-1.7,15457,93,0.4539043798926053,0.23872679045092837,0.30736882965646634,597,6.419354838709677,2780.875978521058,60.0,516,81,0.43023255813953487
2.0,7,60.0,3,5.0,10.0,-1.6,15457,93,0.24636087209678462,0.39270233551141875,0.3609367923917966,604,6.494623655913978,2813.4825645338683,70.0,522,82,0.5862068965517241
2.0,7,60.0,3,5.0,10.0,-1.5,15457,93,0.2440318302387268,0.3641715727502103,0.39179659701106295,469,5.043010752688172,2184.641262858252,70.0,391,78,0.782608695652174
2.0,7,60.0,3,5.0,10.0,-1.4,15457,93,0.22979879666170666,0.36643591900109984,0.4037652843371935,480,5.161290322580645,2235.8801837355245,60.0,404,76,0.7524752475247525
2.0,7,60.0,3,5.0,10.0,-1.3,15457,93,0.19246943132561298,0.3335058549524487,0.4740247137219383,639,6.870967741935484,2976.515494597917,40.0,562,77,0.40213523131672596
2.0,7,60.0,3,5.0,10.0,-1.2,15457,93,0.1720903150676069,0.2500485217053762,0.5778611632270169,811,8.720430107526882,3777.705893769813,40.0,731,80,0.19151846785225718
2.0,7,60.0,3,5.0,10.0,-1.1,15457,93,0.16626771042246233,0.17519570421168404,0.6585365853658537,635,6.827956989247312,2957.883159733454,30.0,557,78,0.35547576301615796
2.0,7,60.0,3,5.0,10.0,-1.0,15457,93,0.1433007698777253,0.1791421362489487,0.677557093873326,474,5.096774193548387,2207.9316814388303,70.0,396,78,0.43686868686868685
2.0,7,60.0,3,5.0,10.0,-0.9,15457,93,0.130685126479912,0.14989972180888916,0.7194151517111989,597,6.419354838709677,2780.875978521058,40.0,519,78,0.31021194605009633
2.0,7,60.0,3,5.0,10.0,-0.8,15457,93,0.12693278126415217,0.09329106553665006,0.7797761531991978,470,5.053763440860215,2189.2993465743675,40.0,395,75,0.41012658227848103
2.0,7,60.0,3,5.0,10.0,-0.7,15457,93,0.11826356990360355,0.08630393996247655,0.7954324901339199,430,4.623655913978495,2002.9759979297405,40.0,356,74,0.4550561797752809
2.0,7,60.0,3,5.0,10.0,-0.6,15457,93,0.11826356990360355,0.0782169890664424,0.8035194410299541,429,4.612903225806452,1998.3179142136248,30.0,356,73,0.4550561797752809
2.0,7,60.0,3,5.0,10.0,-0.5,15457,93,0.11671087533156499,0.07452933945785081,0.8087597852105842,405,4.354838709677419,1886.5239050268485,30.0,332,73,0.4879518072289157
2.0,7,60.0,3,5.0,10.0,-0.4,15457,93,0.11418774665200233,0.03435336740635311,0.8514588859416445,247,2.6559139784946235,1150.546677880572,20.0,179,68,0.4860335195530726
2.0,7,60.0,3,5.0,10.0,-0.3,15457,93,0.11418774665200233,0.0309891958336029,0.8548230575143948,247,2.6559139784946235,1150.546677880572,15.0,179,68,0.4860335195530726
2.0,7,60.0,3,5.0,10.0,-0.2,15457,93,0.11418774665200233,0.030924500226434625,0.8548877531215631,247,2.6559139784946235,1150.546677880572,15.0,179,68,0.4860335195530726
2.0,7,60.0,3,5.0,10.0,-0.1,15457,93,0.11418774665200233,0.030924500226434625,0.8548877531215631,247,2.6559139784946235,1150.546677880572,15.0,179,68,0.4860335195530726
2.0,7,60.0,3,5.0,10.0,0.0,15457,93,0.11198809600828104,0.018438248042957885,0.8695736559487611,179,1.924731182795699,833.7969851847059,20.0,174,5,0.4885057471264368
2.0,7,60.0,3,5.0,10.0,0.1,15457,93,0.11198809600828104,0.018438248042957885,0.8695736559487611,179,1.924731182795699,833.7969851847059,20.0,174,5,0.4885057471264368
2.0,7,60.0,3,5.0,10.0,0.2,15457,93,0.11198809600828104,0.018438248042957885,0.8695736559487611,179,1.924731182795699,833.7969851847059,20.0,174,5,0.4885057471264368
2.0,7,60.0,3,5.0,10.0,0.3,15457,93,0.11198809600828104,0.018438248042957885,0.8695736559487611,179,1.924731182795699,833.7969851847059,20.0,174,5,0.4885057471264368
2.0,7,60.0,3,5.0,10.0,0.4,15457,93,0.10952966293588666,0.018632334864462703,0.8718380021996507,181,1.946236559139785,843.1131526169373,20.0,175,6,0.4857142857142857
2.0,7,60.0,3,5.0,10.0,0.5,15457,93,0.10952966293588666,0.018632334864462703,0.8718380021996507,181,1.946236559139785,843.1131526169373,20.0,175,6,0.4857142857142857
2.0,7,60.0,3,5.0,10.0,0.6,15457,93,0.10952966293588666,0.018632334864462703,0.8718380021996507,181,1.946236559139785,843.1131526169373,20.0,175,6,0.4857142857142857
2.0,7,60.0,3,5.0,10.0,0.7,15457,93,0.10952966293588666,0.018632334864462703,0.8718380021996507,181,1.946236559139785,843.1131526169373,20.0,175,6,0.4857142857142857
2.0,7,60.0,3,5.0,10.0,0.8,15457,93,0.10500097043410753,0.02076728990101572,0.8742317396648768,180,1.935483870967742,838.4550689008216,20.0,175,5,0.49142857142857144
2.0,7,60.0,3,5.0,10.0,0.9,15457,93,0.10500097043410753,0.02076728990101572,0.8742317396648768,180,1.935483870967742,838.4550689008216,20.0,175,5,0.49142857142857144
2.0,7,60.0,3,5.0,10.0,1.0,15457,93,0.10500097043410753,0.02076728990101572,0.8742317396648768,180,1.935483870967742,838.4550689008216,20.0,175,5,0.49142857142857144
2.0,7,120.0,1,5.0,0.0,-4.0,15457,93,1.0,0.0,0.0,0,0.0,0.0,,0,0,
2.0,7,120.0,1,5.0,0.0,-3.9,15457,93,1.0,0.0,0.0,0,0.0,0.0,,0,0,
2.0,7,120.0,1,5.0,0.0,-3.8,15457,93,1.0,0.0,0.0,0,0.0,0.0,,0,0,
2.0,7,120.0,1,5.0,0.0,-3.7,15457,93,1.0,0.0,0.0,0,0.0,0.0,,0,0,
2.0,7,120.0,1,5.0,0.0,-3.6,15457,93,1.0,0.0,0.0,0,0.0,0.0,,0,0,
2.0,7,120.0,1,5.0,0.0,-3.5,15457,93,1.0,0.0,0.0,0,0.0,0.0,,0,0,
2.0,7,120.0,1,5.0,0.0,-3.4,15457,93,1.0,0.0,0.0,0,0.0,0.0,,0,0,
2.0,7,120.0,1,5.0,0.0,-3.3,15457,93,1.0,0.0,0.0,0,0.0,0.0,,0,0,
2.0,7,120.0,1,5.0,0.0,-3.2,15457,93,1.0,0.0,0.0,0,0.0,0.0,,0,0,
2.0,7,120.0,1,5.0,0.0,-3.1,15457,93,1.0,0.0,0.0,0,0.0,0.0,,0,0,
2.0,7,120.0,1,5.0,0.0,-3.0,15457,93,1.0,0.0,0.0,0,0.0,0.0,,0,0,
2.0,7,120.0,1,5.0,0.0,-2.9,15457,93,1.0,0.0,0.0,0,0.0,0.0,,0,0,
2.0,7,120.0,1,5.0,0.0,-2.8,15457,93,1.0,0.0,0.0,0,0.0,0.0,,0,0,
2.0,7,120.0,1,5.0,0.0,-2.7,15457,93,1.0,0.0,0.0,0,0.0,0.0,,0,0,
2.0,7,120.0,1,5.0,0.0,-2.6,15457,93,1.0,0.0,0.0,0,0.0,0.0,,0,0,
2.0,7,120.0,1,5.0,0.0,-2.5,15457,93,1.0,0.0,0.0,0,0.0,0.0,,0,0,
2.0,7,120.0,1,5.0,0.0,-2.4,15457,93,1.0,0.0,0.0,0,0.0,0.0,,0,0,
2.0,7,120.0,1,5.0,0.0,-2.3,15457,93,1.0,0.0,0.0,0,0.0,0.0,,0,0,
2.0,7,120.0,1,5.0,0.0,-2.2,15457,93,0.9405447370123569,0.059455262987643136,0.0,419,4.505376344086022,1951.7370770524683,20.0,414,5,0.1570048309178744
2.0,7,120.0,1,5.0,0.0,-2.1,15457,93,0.7945914472407324,0.20540855275926764,0.0,564,6.064516129032258,2627.1592158892413,20.0,557,7,0.362657091561939
2.0,7,120.0,1,5.0,0.0,-2.0,15457,93,0.6460503331823769,0.35330271074594033,0.0006469560716827327,204,2.193548387096774,950.2490780875979,120.0,200,4,0.705
2.0,7,120.0,1,5.0,0.0,-1.9,15457,93,0.5838778546936663,0.33609367923917965,0.08002846606715404,871,9.365591397849462,4057.1909167367535,20.0,855,16,0.23859649122807017
2.0,7,120.0,1,5.0,0.0,-1.8,15457,93,0.5714562981173579,0.23206314291259622,0.19648055897004593,560,6.021505376344086,2608.526881024778,65.0,544,16,0.3713235294117647
2.0,7,120.0,1,5.0,0.0,-1.7,15457,93,0.5021673028401371,0.17221970628194347,0.3256129908779194,606,6.516129032258065,2822.7987319660997,60.0,528,78,0.3712121212121212
2.0,7,120.0,1,5.0,0.0,-1.6,15457,93,0.2851135407905803,0.32891246684350134,0.38597399236591834,722,7.763440860215054,3363.136443035518,50.0,646,76,0.37306501547987614
2.0,7,120.0,1,5.0,0.0,-1.5,15457,93,0.28071423950313773,0.31817299605356797,0.4011127644432943,620,6.666666666666667,2888.0119039917195,50.0,545,75,0.3577981651376147
2.0,7,120.0,1,5.0,0.0,-1.4,15457,93,0.21291324319078733,0.3625541825710034,0.4245325742382092,722,7.763440860215054,3363.136443035518,20.0,648,74,0.2515432098765432
2.0,7,120.0,1,5.0,0.0,-1.3,15457,93,0.18160056932134308,0.37128808953872033,0.4471113411399366,307,3.3010752688172045,1430.0317008475124,210.0,235,72,0.6893617021276596
2.0,7,120.0,1,5.0,0.0,-1.2,15457,93,0.15649867374005305,0.2745034612149835,0.5689978650449634,640,6.881720430107527,2981.1735783140325,65.0,562,78,0.2775800711743772
2.0,7,120.0,1,5.0,0.0,-1.1,15457,93,0.14465937762825903,0.21517758944167692,0.640163032930064,471,5.064516129032258,2193.9574302904834,80.0,393,78,0.40966921119592875
2.0,7,120.0,1,5.0,0.0,-1.0,15457,93,0.13935433784046064,0.15171119880960082,0.7089344633499386,599,6.440860215053763,2790.19214595329,50.0,522,77,0.3065134099616858
2.0,7,120.0,1,5.0,0.0,-0.9,15457,93,0.12596234715662807,0.1152228763666947,0.7588147764766773,409,4.397849462365591,1905.1562398913113,55.0,335,74,0.48059701492537316
2.0,7,120.0,1,5.0,0.0,-0.8,15457,93,0.12136895904768066,0.09723749757391473,0.7813935433784046,251,2.6989247311827955,1169.1790127450345,50.0,181,70,0.48066298342541436
2.0,7,120.0,1,5.0,0.0,-0.7,15457,93,0.11671087533156499,0.07420586142200944,0.8090832632464255,249,2.6774193548387095,1159.8628453128033,45.0,181,68,0.48066298342541436
2.0,7,120.0,1,5.0,0.0,-0.6,15457,93,0.11671087533156499,0.0675422138836773,0.8157469107847577,245,2.6344086021505375,1141.2305104483407,40.0,178,67,0.4887640449438202
2.0,7,120.0,1,5.0,0.0,-0.5,15457,93,0.11671087533156499,0.0571262211295853,0.8261629035388497,292,3.139784946236559,1360.1604451057772,35.0,226,66,0.38495575221238937
2.0,7,120.0,1,5.0,0.0,-0.4,15457,93,0.11444652908067542,0.0411464061590218,0.8444070647603028,179,1.924731182795699,833.7969851847059,40.0,174,5,0.4885057471264368
2.0,7,120.0,1,5.0,0.0,-0.3,15457,93,0.11444652908067542,0.0411464061590218,0.8444070647603028,179,1.924731182795699,833.7969851847059,40.0,174,5,0.4885057471264368
2.0,7,120.0,1,5.0,0.0,-0.2,15457,93,0.11444652908067542,0.03888205990813224,0.8466714110111924,179,1.924731182795699,833.7969851847059,35.0,174,5,0.4885057471264368
2.0,7,120.0,1,5.0,0.0,-0.1,15457,93,0.11444652908067542,0.03661771365724267,0.8489357572620819,179,1.924731182795699,833.7969851847059,35.0,174,5,0.4885057471264368
2.0,7,120.0,1,5.0,0.0,0.0,15457,93,0.10972374975739148,0.032283107976968366,0.8579931422656402,181,1.946236559139785,843.1131526169373,30.0,175,6,0.4857142857142857
2.0,7,120.0,1,5.0,0.0,0.1,15457,93,0.10972374975739148,0.032283107976968366,0.8579931422656402,181,1.946236559139785,843.1131526169373,30.0,175,6,0.4857142857142857
2.0,7,120.0,1,5.0,0.0,0.2,15457,93,0.10972374975739148,0.032283107976968366,0.8579931422656402,181,1.946236559139785,843.1131526169373,30.0,175,6,0.4857142857142857
2.0,7,120.0,1,5.0,0.0,0.3,15457,93,0.10972374975739148,0.032283107976968366,0.8579931422656402,181,1.946236559139785,843.1131526169373,30.0,175,6,0.4857142857142857
2.0,7,120.0,1,5.0,0.0,0.4,15457,93,0.1074594035065019,0.02988937051174225,0.8626512259817558,181,1.946236559139785,843.1131526169373,30.0,175,6,0.4857142857142857
2.0,7,120.0,1,5.0,0.0,0.5,15457,93,0.1074594035065019,0.02988937051174225,0.8626512259817558,181,1.946236559139785,843.1131526169373,30.0,175,6,0.4857142857142857
2.0,7,120.0,1,5.0,0.0,0.6,15457,93,0.1074594035065019,0.02988937051174225,0.8626512259817558,181,1.946236559139785,843.1131526169373,30.0,175,6,0.4857142857142857
2.0,7,120.0,1,5.0,0.0,0.7,15457,93,0.1074594035065019,0.02988937051174225,0.8626512259817558,181,1.946236559139785,843.1131526169373,30.0,175,6,0.4857142857142857
2.0,7,120.0,1,5.0,0.0,0.8,15457,93,0.10273662418321795,0.030148152940415347,0.8671152228763667,181,1.946236559139785,843.1131526169373,30.0,175,6,0.4857142857142857
2.0,7,120.0,1,5.0,0.0,0.9,15457,93,0.10273662418321795,0.030148152940415347,0.8671152228763667,181,1.946236559139785,843.1131526169373,30.0,175,6,0.4857142857142857
2.0,7,120.0,1,5.0,0.0,1.0,15457,93,0.10273662418321795,0.030148152940415347,0.8671152228763667,181,1.946236559139785,843.1131526169373,30.0,175,6,0.4857142857142857
2.0,7,120.0,2,5.0,5.0,-4.0,15457,93,1.0,0.0,0.0,0,0.0,0.0,,0,0,
2.0,7,120.0,2,5.0,5.0,-3.9,15457,93,1.0,0.0,0.0,0,0.0,0.0,,0,0,
2.0,7,120.0,2,5.0,5.0,-3.8,15457,93,1.0,0.0,0.0,0,0.0,0.0,,0,0,
2.0,7,120.0,2,5.0,5.0,-3.7,15457,93,1.0,0.0,0.0,0,0.0,0.0,,0,0,
2.0,7,120.0,2,5.0,5.0,-3.6,15457,93,1.0,0.0,0.0,0,0.0,0.0,,0,0,
2.0,7,120.0,2,5.0,5.0,-3.5,15457,93,1.0,0.0,0.0,0,0.0,0.0,,0,0,
2.0,7,120.0,2,5.0,5.0,-3.4,15457,93,1.0,0.0,0.0,0,0.0,0.0,,0,0,
2.0,7,120.0,2,5.0,5.0,-3.3,15457,93,1.0,0.0,0.0,0,0.0,0.0,,0,0,
2.0,7,120.0,2,5.0,5.0,-3.2,15457,93,1.0,0.0,0.0,0,0.0,0.0,,0,0,
2.0,7,120.0,2,5.0,5.0,-3.1,15457,93,1.0,0.0,0.0,0,0.0,0.0,,0,0,
2.0,7,120.0,2,5.0,5.0,-3.0,15457,93,1.0,0.0,0.0,0,0.0,0.0,,0,0,
2.0,7,120.0,2,5.0,5.0,-2.9,15457,93,1.0,0.0,0.0,0,0.0,0.0,,0,0,
2.0,7,120.0,2,5.0,5.0,-2.8,15457,93,1.0,0.0,0.0,0,0.0,0.0,,0,0,
2.0,7,120.0,2,5.0,5.0,-2.7,15457,93,1.0,0.0,0.0,0,0.0,0.0,,0,0,
2.0,7,120.0,2,5.0,5.0,-2.6,15457,93,1.0,0.0,0.0,0,0.0,0.0,,0,0,
2.0,7,120.0,2,5.0,5.0,-2.5,15457,93,1.0,0.0,0.0,0,0.0,0.0,,0,0,
2.0,7,120.0,2,5.0,5.0,-2.4,15457,93,1.0,0.0,0.0,0,0.0,0.0,,0,0,
2.0,7,120.0,2,5.0,5.0,-2.3,15457,93,1.0,0.0,0.0,0,0.0,0.0,,0,0,
2.0,7,120.0,2,5.0,5.0,-2.2,15457,93,0.9371805654396067,0.06281943456039335,0.0,308,3.3118279569892475,1434.689784563628,20.0,304,4,0.2138157894736842
2.0,7,120.0,2,5.0,5.0,-2.1,15457,93,0.7897392767031118,0.21026072329688814,0.0,397,4.268817204301075,1849.2592352979234,80.0,389,8,0.5167095115681234
2.0,7,120.0,2,5.0,5.0,-2.0,15457,93,0.6450152034676846,0.3543378404606327,0.0006469560716827327,148,1.5913978494623655,689.39638998512,127.5,144,4,0.9722222222222222
2.0,7,120.0,2,5.0,5.0,-1.9,15457,93,0.5847835931940222,0.33182376916607365,0.08339263763990425,756,8.129032258064516,3521.511289383451,20.0,739,17,0.2746955345060893
2.0,7,120.0,2,5.0,5.0,-1.8,15457,93,0.5723620366177137,0.23510383644950508,0.19253412693278127,448,4.817204301075269,2086.8215048198226,80.0,430,18,0.46511627906976744
2.0,7,120.0,2,5.0,5.0,-1.7,15457,93,0.5032024325548295,0.17176683703176554,0.3250307304134049,600,6.451612903225806,2794.8502296694055,60.0,520,80,0.3730769230769231
2.0,7,120.0,2,5.0,5.0,-1.6,15457,93,0.28757197386297473,0.3239956006987126,0.38843242543831275,462,4.967741935483871,2152.034676845442,70.0,386,76,0.6217616580310881
2.0,7,120.0,2,5.0,5.0,-1.5,15457,93,0.28213754286083975,0.3175907355890535,0.40027172155010676,494,5.311827956989247,2301.093355761144,70.0,418,76,0.46411483253588515
2.0,7,120.0,2,5.0,5.0,-1.4,15457,93,0.21466002458433073,0.35841366371223393,0.4269263117034353,493,5.301075268817204,2296.4352720450283,30.0,419,74,0.38663484486873506
2.0,7,120.0,2,5.0,5.0,-1.3,15457,93,0.18334735071488645,0.37051174225270106,0.4461409070324125,305,3.2795698924731185,1420.715533415281,205.0,233,72,0.6952789699570815
2.0,7,120.0,2,5.0,5.0,-1.2,15457,93,0.15837484634793297,0.2738565051433008,0.5677686485087663,639,6.870967741935484,2976.515494597917,65.0,560,79,0.2767857142857143
2.0,7,120.0,2,5.0,5.0,-1.1,15457,93,0.14653555023613896,0.21459532897716246,0.6388691207866986,471,5.064516129032258,2193.9574302904834,80.0,392,79,0.40816326530612246
2.0,7,120.0,2,5.0,5.0,-1.0,15457,93,0.14116581484117227,0.1471825063078217,0.711651678851006,468,5.032258064516129,2179.983179142136,55.0,392,76,0.40816326530612246
2.0,7,120.0,2,5.0,5.0,-0.9,15457,93,0.1316555605874361,0.11114705311509349,0.7571973862974704,404,4.344086021505376,1881.8658213107328,50.0,329,75,0.48936170212765956
2.0,7,120.0,2,5.0,5.0,-0.8,15457,93,0.12719156369282525,0.09303228310797697,0.7797761531991978,250,2.6881720430107525,1164.520929028919,50.0,180,70,0.48333333333333334
2.0,7,120.0,2,5.0,5.0,-0.7,15457,93,0.12253347997670958,0.07006534256323996,0.8074011774600505,247,2.6559139784946235,1150.546677880572,45.0,179,68,0.4860335195530726
2.0,7,120.0,2,5.0,5.0,-0.6,15457,93,0.12253347997670958,0.06346639063207608,0.8140001293912144,245,2.6344086021505375,1141.2305104483407,40.0,177,68,0.4858757062146893
2.0,7,120.0,2,5.0,5.0,-0.5,15457,93,0.12253347997670958,0.0515623989131138,0.8259041211101766,244,2.6236559139784945,1136.5724267322248,40.0,177,67,0.4858757062146893
2.0,7,120.0,2,5.0,5.0,-0.4,15457,93,0.12026913372582002,0.04108171055185353,0.8386491557223265,179,1.924731182795699,833.7969851847059,40.0,174,5,0.4885057471264368
2.0,7,120.0,2,5.0,5.0,-0.3,15457,93,0.12026913372582002,0.04108171055185353,0.8386491557223265,179,1.924731182795699,833.7969851847059,40.0,174,5,0.4885057471264368
2.0,7,120.0,2,5.0,5.0,-0.2,15457,93,0.12026913372582002,0.03881736430096396,0.840913501973216,179,1.924731182795699,833.7969851847059,35.0,174,5,0.4885057471264368
2.0,7,120.0,2,5.0,5.0,-0.1,15457,93,0.12026913372582002,0.0365530180500744,0.8431778482241056,179,1.924731182795699,833.7969851847059,35.0,174,5,0.4885057471264368
2.0,7,120.0,2,5.0,5.0,0.0,15457,93,0.11561105000970434,0.03221841236980009,0.8521705376204955,179,1.924731182795699,833.7969851847059,30.0,174,5,0.4885057471264368
2.0,7,120.0,2,5.0,5.0,0.1,15457,93,0.11561105000970434,0.03221841236980009,0.8521705376204955,179,1.924731182795699,833.7969851847059,30.0,174,5,0.4885057471264368
2.0,7,120.0,2,5.0,5.0,0.2,15457,93,0.11561105000970434,0.03221841236980009,0.8521705376204955,179,1.924731182795699,833.7969851847059,30.0,174,5,0.4885057471264368
2.0,7,120.0,2,5.0,5.0,0.3,15457,93,0.11561105000970434,0.03221841236980009,0.8521705376204955,179,1.924731182795699,833.7969851847059,30.0,174,5,0.4885057471264368
2.0,7,120.0,2,5.0,5.0,0.4,15457,93,0.11334670375881478,0.02982467490457398,0.8568286213366112,180,1.935483870967742,838.4550689008216,30.0,175,5,0.4857142857142857
2.0,7,120.0,2,5.0,5.0,0.5,15457,93,0.11334670375881478,0.02982467490457398,0.8568286213366112,180,1.935483870967742,838.4550689008216,30.0,175,5,0.4857142857142857
2.0,7,120.0,2,5.0,5.0,0.6,15457,93,0.11334670375881478,0.02982467490457398,0.8568286213366112,180,1.935483870967742,838.4550689008216,30.0,175,5,0.4857142857142857
2.0,7,120.0,2,5.0,5.0,0.7,15457,93,0.11334670375881478,0.02982467490457398,0.8568286213366112,180,1.935483870967742,838.4550689008216,30.0,175,5,0.4857142857142857
2.0,7,120.0,2,5.0,5.0,0.8,15457,93,0.10862392443553083,0.030083457333247073,0.861292618231222,181,1.946236559139785,843.1131526169373,30.0,175,6,0.4857142857142857
2.0,7,120.0,2,5.0,5.0,0.9,15457,93,0.10862392443553083,0.030083457333247073,0.861292618231222,181,1.946236559139785,843.1131526169373,30.0,175,6,0.4857142857142857
2.0,7,120.0,2,5.0,5.0,1.0,15457,93,0.10862392443553083,0.030083457333247073,0.861292618231222,181,1.946236559139785,843.1131526169373,30.0,175,6,0.4857142857142857
2.0,7,120.0,3,5.0,10.0,-4.0,15457,93,1.0,0.0,0.0,0,0.0,0.0,,0,0,
2.0,7,120.0,3,5.0,10.0,-3.9,15457,93,1.0,0.0,0.0,0,0.0,0.0,,0,0,
2.0,7,120.0,3,5.0,10.0,-3.8,15457,93,1.0,0.0,0.0,0,0.0,0.0,,0,0,
2.0,7,120.0,3,5.0,10.0,-3.7,15457,93,1.0,0.0,0.0,0,0.0,0.0,,0,0,
2.0,7,120.0,3,5.0,10.0,-3.6,15457,93,1.0,0.0,0.0,0,0.0,0.0,,0,0,
2.0,7,120.0,3,5.0,10.0,-3.5,15457,93,1.0,0.0,0.0,0,0.0,0.0,,0,0,
2.0,7,120.0,3,5.0,10.0,-3.4,15457,93,1.0,0.0,0.0,0,0.0,0.0,,0,0,
2.0,7,120.0,3,5.0,10.0,-3.3,15457,93,1.0,0.0,0.0,0,0.0,0.0,,0,0,
2.0,7,120.0,3,5.0,10.0,-3.2,15457,93,1.0,0.0,0.0,0,0.0,0.0,,0,0,
2.0,7,120.0,3,5.0,10.0,-3.1,15457,93,1.0,0.0,0.0,0,0.0,0.0,,0,0,
2.0,7,120.0,3,5.0,10.0,-3.0,15457,93,1.0,0.0,0.0,0,0.0,0.0,,0,0,
2.0,7,120.0,3,5.0,10.0,-2.9,15457,93,1.0,0.0,0.0,0,0.0,0.0,,0,0,
2.0,7,120.0,3,5.0,10.0,-2.8,15457,93,1.0,0.0,0.0,0,0.0,0.0,,0,0,
2.0,7,120.0,3,5.0,10.0,-2.7,15457,93,1.0,0.0,0.0,0,0.0,0.0,,0,0,
2.0,7,120.0,3,5.0,10.0,-2.6,15457,93,1.0,0.0,0.0,0,0.0,0.0,,0,0,
2.0,7,120.0,3,5.0,10.0,-2.5,15457,93,1.0,0.0,0.0,0,0.0,0.0,,0,0,
2.0,7,120.0,3,5.0,10.0,-2.4,15457,93,1.0,0.0,0.0,0,0.0,0.0,,0,0,
2.0,7,120.0,3,5.0,10.0,-2.3,15457,93,1.0,0.0,0.0,0,0.0,0.0,,0,0,
2.0,7,120.0,3,5.0,10.0,-2.2,15457,93,0.9299346574367601,0.07006534256323996,0.0,193,2.075268817204301,899.0101572103254,80.0,189,4,0.5608465608465608
2.0,7,120.0,3,5.0,10.0,-2.1,15457,93,0.7743417221970628,0.22565827780293718,0.0,148,1.5913978494623655,689.39638998512,115.0,143,5,0.951048951048951
2.0,7,120.0,3,5.0,10.0,-2.0,15457,93,0.6457915507537039,0.35356149317461344,0.0006469560716827327,148,1.5913978494623655,689.39638998512,122.5,144,4,0.9722222222222222
2.0,7,120.0,3,5.0,10.0,-1.9,15457,93,0.5854305492657048,0.3401048068836126,0.07446464385068254,496,5.333333333333333,2310.409523193375,70.0,482,14,0.42738589211618255
2.0,7,120.0,3,5.0,10.0,-1.8,15457,93,0.5728796014750599,0.2401500938086304,0.18697030471630977,358,3.849462365591398,1667.5939703694119,75.0,342,16,0.5964912280701754
2.0,7,120.0,3,5.0,10.0,-1.7,15457,93,0.5041728666623536,0.16277414763537557,0.3330529857022708,459,4.935483870967742,2138.060425697095,60.0,383,76,0.5091383812010444
2.0,7,120.0,3,5.0,10.0,-1.6,15457,93,0.27993789221711846,0.33247072523775634,0.3875913825451252,461,4.956989247311828,2147.3765931293265,65.0,385,76,0.6207792207792208
2.0,7,120.0,3,5.0,10.0,-1.5,15457,93,0.27553859092967586,0.3250307304134049,0.39943067865691917,461,4.956989247311828,2147.3765931293265,65.0,386,75,0.5025906735751295
2.0,7,120.0,3,5.0,10.0,-1.4,15457,93,0.2062495956524552,0.3677298311444653,0.4260205732030795,429,4.612903225806452,1998.3179142136248,70.0,356,73,0.4550561797752809
2.0,7,120.0,3,5.0,10.0,-1.3,15457,93,0.1851588277155981,0.36967069935951347,0.4451704729248884,305,3.2795698924731185,1420.715533415281,200.0,233,72,0.6952789699570815
2.0,7,120.0,3,5.0,10.0,-1.2,15457,93,0.1602510189558129,0.2731448534644498,0.5666041275797373,636,6.838709677419355,2962.5412434495697,65.0,557,79,0.2764811490125673
2.0,7,120.0,3,5.0,10.0,-1.1,15457,93,0.14841172284401888,0.21401306851264798,0.6375752086433332,458,4.924731182795699,2133.4023419809796,80.0,378,80,0.42063492063492064
2.0,7,120.0,3,5.0,10.0,-1.0,15457,93,0.14291259623471567,0.1469237238791486,0.7101636798861357,452,4.860215053763441,2105.4538396842854,70.0,376,76,0.42819148936170215
2.0,7,120.0,3,5.0,10.0,-0.9,15457,93,0.13747816523258072,0.09678462832373681,0.7657372064436825,248,2.6666666666666665,1155.2047615966876,50.0,178,70,0.4943820224719101
2.0,7,120.0,3,5.0,10.0,-0.8,15457,93,0.13301416833796986,0.08876237303487093,0.7782234586271592,249,2.6774193548387095,1159.8628453128033,50.0,180,69,0.48333333333333334
2.0,7,120.0,3,5.0,10.0,-0.7,15457,93,0.1283560846218542,0.06598951931163874,0.8056543960665071,247,2.6559139784946235,1150.546677880572,45.0,179,68,0.4860335195530726
2.0,7,120.0,3,5.0,10.0,-0.6,15457,93,0.1283560846218542,0.059390567380474865,0.8122533479976709,244,2.6236559139784945,1136.5724267322248,40.0,177,67,0.4858757062146893
2.0,7,120.0,3,5.0,10.0,-0.5,15457,93,0.1283560846218542,0.047551271268680854,0.8240926441094649,230,2.4731182795698925,1071.3592547066055,40.0,177,53,0.4858757062146893
2.0,7,120.0,3,5.0,10.0,-0.4,15457,93,0.1260917383709646,0.04101701494468526,0.8328912466843501,179,1.924731182795699,833.7969851847059,40.0,173,6,0.48554913294797686
2.0,7,120.0,3,5.0,10.0,-0.3,15457,93,0.1260917383709646,0.04101701494468526,0.8328912466843501,179,1.924731182795699,833.7969851847059,40.0,173,6,0.48554913294797686
2.0,7,120.0,3,5.0,10.0,-0.2,15457,93,0.1260917383709646,0.03875266869379569,0.8351555929352397,179,1.924731182795699,833.7969851847059,35.0,173,6,0.48554913294797686
2.0,7,120.0,3,5.0,10.0,-0.1,15457,93,0.1260917383709646,0.036488322442906125,0.8374199391861292,179,1.924731182795699,833.7969851847059,35.0,174,5,0.4885057471264368
2.0,7,120.0,3,5.0,10.0,0.0,15457,93,0.12143365465484894,0.03215371676263182,0.8464126285825192,179,1.924731182795699,833.7969851847059,30.0,174,5,0.4885057471264368
2.0,7,120.0,3,5.0,10.0,0.1,15457,93,0.12143365465484894,0.03215371676263182,0.8464126285825192,179,1.924731182795699,833.7969851847059,30.0,174,5,0.4885057471264368
2.0,7,120.0,3,5.0,10.0,0.2,15457,93,0.12143365465484894,0.03215371676263182,0.8464126285825192,179,1.924731182795699,833.7969851847059,30.0,174,5,0.4885057471264368
2.0,7,120.0,3,5.0,10.0,0.3,15457,93,0.12143365465484894,0.03215371676263182,0.8464126285825192,179,1.924731182795699,833.7969851847059,30.0,174,5,0.4885057471264368
2.0,7,120.0,3,5.0,10.0,0.4,15457,93,0.11916930840395937,0.02982467490457398,0.8510060166914667,179,1.924731182795699,833.7969851847059,30.0,174,5,0.4885057471264368
2.0,7,120.0,3,5.0,10.0,0.5,15457,93,0.11916930840395937,0.02982467490457398,0.8510060166914667,179,1.924731182795699,833.7969851847059,30.0,174,5,0.4885057471264368
2.0,7,120.0,3,5.0,10.0,0.6,15457,93,0.11916930840395937,0.02982467490457398,0.8510060166914667,179,1.924731182795699,833.7969851847059,30.0,174,5,0.4885057471264368
2.0,7,120.0,3,5.0,10.0,0.7,15457,93,0.11916930840395937,0.02982467490457398,0.8510060166914667,179,1.924731182795699,833.7969851847059,30.0,174,5,0.4885057471264368
2.0,7,120.0,3,5.0,10.0,0.8,15457,93,0.1145112246878437,0.0300187617260788,0.8554700135860775,180,1.935483870967742,838.4550689008216,30.0,175,5,0.4857142857142857
2.0,7,120.0,3,5.0,10.0,0.9,15457,93,0.1145112246878437,0.0300187617260788,0.8554700135860775,180,1.935483870967742,838.4550689008216,30.0,175,5,0.4857142857142857
2.0,7,120.0,3,5.0,10.0,1.0,15457,93,0.1145112246878437,0.0300187617260788,0.8554700135860775,180,1.935483870967742,838.4550689008216,30.0,175,5,0.4857142857142857
5.0,3,15.0,1,5.0,0.0,-4.0,15445,93,1.0,0.0,0.0,0,0.0,0.0,,0,0,
5.0,3,15.0,1,5.0,0.0,-3.9,15445,93,1.0,0.0,0.0,0,0.0,0.0,,0,0,
5.0,3,15.0,1,5.0,0.0,-3.8,15445,93,1.0,0.0,0.0,0,0.0,0.0,,0,0,
5.0,3,15.0,1,5.0,0.0,-3.7,15445,93,1.0,0.0,0.0,0,0.0,0.0,,0,0,
5.0,3,15.0,1,5.0,0.0,-3.6,15445,93,1.0,0.0,0.0,0,0.0,0.0,,0,0,
5.0,3,15.0,1,5.0,0.0,-3.5,15445,93,1.0,0.0,0.0,0,0.0,0.0,,0,0,
5.0,3,15.0,1,5.0,0.0,-3.4,15445,93,1.0,0.0,0.0,0,0.0,0.0,,0,0,
5.0,3,15.0,1,5.0,0.0,-3.3,15445,93,1.0,0.0,0.0,0,0.0,0.0,,0,0,
5.0,3,15.0,1,5.0,0.0,-3.2,15445,93,1.0,0.0,0.0,0,0.0,0.0,,0,0,
5.0,3,15.0,1,5.0,0.0,-3.1,15445,93,1.0,0.0,0.0,0,0.0,0.0,,0,0,
5.0,3,15.0,1,5.0,0.0,-3.0,15445,93,1.0,0.0,0.0,0,0.0,0.0,,0,0,
5.0,3,15.0,1,5.0,0.0,-2.9,15445,93,1.0,0.0,0.0,0,0.0,0.0,,0,0,
5.0,3,15.0,1,5.0,0.0,-2.8,15445,93,1.0,0.0,0.0,0,0.0,0.0,,0,0,
5.0,3,15.0,1,5.0,0.0,-2.7,15445,93,0.9895111686629977,0.010488831337002267,0.0,81,0.8709677419354839,377.5979281320816,20.0,78,3,0.5
5.0,3,15.0,1,5.0,0.0,-2.6,15445,93,0.9786338620912917,0.02136613790870832,0.0,165,1.7741935483870968,769.1809647134994,20.0,162,3,0.5
5.0,3,15.0,1,5.0,0.0,-2.5,15445,93,0.9571382324376821,0.04260278407251538,0.0002589834898025251,331,3.5591397849462365,1543.0236322434444,20.0,328,3,0.32926829268292684
5.0,3,15.0,1,5.0,0.0,-2.4,15445,93,0.9140822272580122,0.08514082227258012,0.0007769504694075753,662,7.118279569892473,3086.0472644868887,20.0,655,7,0.12213740458015267
5.0,3,15.0,1,5.0,0.0,-2.3,15445,93,0.861638070573001,0.1291680155390094,0.00919391388798964,1130,12.150537634408602,5267.72418258336,20.0,1120,10,0.1875
5.0,3,15.0,1,5.0,0.0,-2.2,15445,93,0.7840725153771447,0.18951116866299775,0.02641631595985756,1851,19.903225806451612,8628.81191324053,20.0,1835,16,0.12098092643051771
5.0,3,15.0,1,5.0,0.0,-2.1,15445,93,0.7364195532534801,0.17746843638718032,0.08611201035933959,2669,28.698924731182796,12442.08481709291,10.0,2652,17,0.083710407239819
5.0,3,15.0,1,5.0,0.0,-2.0,15445,93,0.6962771123340887,0.17300097118808677,0.13072191647782455,2990,32.1505376344086,13938.491421171899,10.0,2971,19,0.07472231571861326
5.0,3,15.0,1,5.0,0.0,-1.9,15445,93,0.6565231466494011,0.16322434444804143,0.18025250890255745,3209,34.505376344086024,14959.404337973454,10.0,3190,19,0.06959247648902821
5.0,3,15.0,1,5.0,0.0,-1.8,15445,93,0.6176756231790224,0.16238264810618322,0.21994172871479442,3232,34.75268817204301,15066.623502751701,10.0,3213,19,0.07905384375972611
5.0,3,15.0,1,5.0,0.0,-1.7,15445,93,0.5790870831984462,0.14872126901910004,0.27219164778245386,3265,35.10752688172043,15220.459695694399,10.0,3245,20,0.08289676425269646
5.0,3,15.0,1,5.0,0.0,-1.6,15445,93,0.5467788928455811,0.14703787633538362,0.3061832308190353,3379,36.333333333333336,15751.893816769181,5.0,3355,24,0.07481371087928465
5.0,3,15.0,1,5.0,0.0,-1.5,15445,93,0.5187439300744577,0.14995144059566204,0.3313046293298802,3110,33.44086021505376,14497.895759145355,10.0,3085,25,0.07617504051863858
5.0,3,15.0,1,5.0,0.0,-1.4,15445,93,0.49925542246681776,0.14393007445775333,0.35681450307542895,2745,29.516129032258064,12796.374231142765,10.0,2720,25,0.08125
5.0,3,15.0,1,5.0,0.0,-1.3,15445,93,0.4503075428941405,0.15681450307542893,0.3928779540304306,2702,29.053763440860216,12595.92101003561,15.0,2677,25,0.054912215166230856
5.0,3,15.0,1,5.0,0.0,-1.2,15445,93,0.4297183554548398,0.1273551311103917,0.4429265134347685,2278,24.49462365591398,10619.35901586274,15.0,2253,25,0.08477585441633377
5.0,3,15.0,1,5.0,0.0,-1.1,15445,93,0.4155390093881515,0.10754289414049854,0.47691809647135,2176,23.397849462365592,10143.865328585302,10.0,2151,25,0.07159460715946071
5.0,3,15.0,1,5.0,0.0,-1.0,15445,93,0.4041437358368404,0.09368727743606345,0.5021689867270962,2162,23.247311827956988,10078.601489155066,10.0,2138,24,0.06454630495790459
5.0,3,15.0,1,5.0,0.0,-0.9,15445,93,0.3860796374231143,0.09329880220135967,0.5206215603755261,2117,22.763440860215052,9868.82486241502,10.0,2066,51,0.06631171345595353
5.0,3,15.0,1,5.0,0.0,-0.8,15445,93,0.3637423114276465,0.08980252508902557,0.5464551634833279,2223,23.903225806451612,10362.96536095824,10.0,2148,75,0.05819366852886406
5.0,3,15.0,1,5.0,0.0,-0.7,15445,93,0.34373583684040143,0.0900615085788281,0.5662026545807705,2383,25.623655913978496,11108.837811589512,5.0,2296,87,0.04355400696864112
5.0,3,15.0,1,5.0,0.0,-0.6,15445,93,0.3215927484622855,0.09679507931369376,0.5816121722240207,2448,26.322580645161292,11411.848494658465,5.0,2361,87,0.036848792884371026
5.0,3,15.0,1,5.0,0.0,-0.5,15445,93,0.3003561022984785,0.10359339592101004,0.5960505017805114,2393,25.731182795698924,11155.454839753966,10.0,2306,87,0.03252385082393756
5.0,3,15.0,1,5.0,0.0,-0.4,15445,93,0.28539980576238266,0.09828423438005827,0.616315959857559,2318,24.9247311827957,10805.827128520556,10.0,2231,87,0.033617212012550426
5.0,3,15.0,1,5.0,0.0,-0.3,15445,93,0.27581741663968923,0.08727743606345095,0.6369051472968599,2253,24.225806451612904,10502.816445451603,5.0,2170,83,0.03456221198156682
5.0,3,15.0,1,5.0,0.0,-0.2,15445,93,0.2583360310780188,0.08093234056328909,0.6607316283586921,2194,23.591397849462364,10227.775979281321,7.5,2111,83,0.035528185693983895
5.0,3,15.0,1,5.0,0.0,-0.1,15445,93,0.2501133052767886,0.08196827452249919,0.6679184202007122,2111,22.698924731182796,9840.854645516349,10.0,2029,82,0.03696402168555939
5.0,3,15.0,1,5.0,0.0,0.0,15445,93,0.23625768857235352,0.07277436063450955,0.6909679507931369,1994,21.440860215053764,9295.43541599223,10.0,1914,80,0.03918495297805643
5.0,3,15.0,1,5.0,0.0,0.1,15445,93,0.2275817416639689,0.06843638718031725,0.7039818711557139,1863,20.032258064516128,8684.752347037876,10.0,1783,80,0.04206393718452047
5.0,3,15.0,1,5.0,0.0,0.2,15445,93,0.2223373259954678,0.05917772741987698,0.7184849465846552,1684,18.107526881720432,7850.30754289414,10.0,1605,79,0.04672897196261682
5.0,3,15.0,1,5.0,0.0,0.3,15445,93,0.21566850113305278,0.05807704758821625,0.726254451278731,1669,17.946236559139784,7780.382000647458,10.0,1590,79,0.04716981132075472
5.0,3,15.0,1,5.0,0.0,0.4,15445,93,0.2047911945613467,0.051537714470702496,0.7436710909679508,1492,16.043010752688172,6955.260602136614,10.0,1413,79,0.05307855626326964
5.0,3,15.0,1,5.0,0.0,0.5,15445,93,0.19935254127549368,0.053739074134023956,0.7469083845904824,1456,15.655913978494624,6787.439300744578,10.0,1377,79,0.05519244734931009
5.0,3,15.0,1,5.0,0.0,0.6,15445,93,0.18873421819359015,0.04532211071544189,0.765943671090968,1182,12.709677419354838,5510.132729038523,10.0,1103,79,0.06890299184043518
5.0,3,15.0,1,5.0,0.0,0.7,15445,93,0.1875687924894788,0.0366461638070573,0.7757850437034639,1012,10.881720430107526,4717.643250242797,12.5,936,76,0.17094017094017094
5.0,3,15.0,1,5.0,0.0,0.8,15445,93,0.18478471997410165,0.03185496924571059,0.7833603107801878,914,9.827956989247312,4260.796374231143,12.5,838,76,0.1909307875894988
5.0,3,15.0,1,5.0,0.0,0.9,15445,93,0.18187115571382326,0.029329880220135968,0.7887989640660408,862,9.268817204301076,4018.3878277759795,12.5,786,76,0.2035623409669211
5.0,3,15.0,1,5.0,0.0,1.0,15445,93,0.17979928779540305,0.026804791194561348,0.7933959210100356,810,8.709677419354838,3775.979281320816,12.5,734,76,0.21798365122615804
5.0,3,15.0,2,5.0,5.0,-4.0,15445,93,1.0,0.0,0.0,0,0.0,0.0,,0,0,
5.0,3,15.0,2,5.0,5.0,-3.9,15445,93,1.0,0.0,0.0,0,0.0,0.0,,0,0,
5.0,3,15.0,2,5.0,5.0,-3.8,15445,93,1.0,0.0,0.0,0,0.0,0.0,,0,0,
5.0,3,15.0,2,5.0,5.0,-3.7,15445,93,1.0,0.0,0.0,0,0.0,0.0,,0,0,
5.0,3,15.0,2,5.0,5.0,-3.6,15445,93,1.0,0.0,0.0,0,0.0,0.0,,0,0,
5.0,3,15.0,2,5.0,5.0,-3.5,15445,93,1.0,0.0,0.0,0,0.0,0.0,,0,0,
5.0,3,15.0,2,5.0,5.0,-3.4,15445,93,1.0,0.0,0.0,0,0.0,0.0,,0,0,
5.0,3,15.0,2,5.0,5.0,-3.3,15445,93,1.0,0.0,0.0,0,0.0,0.0,,0,0,
5.0,3,15.0,2,5.0,5.0,-3.2,15445,93,1.0,0.0,0.0,0,0.0,0.0,,0,0,
5.0,3,15.0,2,5.0,5.0,-3.1,15445,93,1.0,0.0,0.0,0,0.0,0.0,,0,0,
5.0,3,15.0,2,5.0,5.0,-3.0,15445,93,1.0,0.0,0.0,0,0.0,0.0,,0,0,
5.0,3,15.0,2,5.0,5.0,-2.9,15445,93,1.0,0.0,0.0,0,0.0,0.0,,0,0,
5.0,3,15.0,2,5.0,5.0,-2.8,15445,93,1.0,0.0,0.0,0,0.0,0.0,,0,0,
5.0,3,15.0,2,5.0,5.0,-2.7,15445,93,0.9897054062803496,0.010294593719650372,0.0,81,0.8709677419354839,377.5979281320816,20.0,78,3,0.5
5.0,3,15.0,2,5.0,5.0,-2.6,15445,93,0.9788280997086436,0.021171900291356426,0.0,165,1.7741935483870968,769.1809647134994,20.0,162,3,0.5
5.0,3,15.0,2,5.0,5.0,-2.5,15445,93,0.957332470055034,0.04240854645516348,0.0002589834898025251,331,3.5591397849462365,1543.0236322434444,20.0,326,5,0.32515337423312884
5.0,3,15.0,2,5.0,5.0,-2.4,15445,93,0.9144707024927161,0.08475234703787633,0.0007769504694075753,662,7.118279569892473,3086.0472644868887,20.0,653,9,0.11944869831546708
5.0,3,15.0,2,5.0,5.0,-2.3,15445,93,0.8647458724506313,0.12334088701845257,0.011913240530916153,1046,11.24731182795699,4876.141146001943,20.0,1034,12,0.18762088974854932
5.0,3,15.0,2,5.0,5.0,-2.2,15445,93,0.79281320815798,0.17261249595338296,0.0345742958886371,1599,17.193548387096776,7454.0628034962765,20.0,1570,29,0.13312101910828025
5.0,3,15.0,2,5.0,5.0,-2.1,15445,93,0.749951440595662,0.12146325671738427,0.1285853026869537,1574,16.9247311827957,7337.52023308514,20.0,1531,43,0.0999346832135859
5.0,3,15.0,2,5.0,5.0,-2.0,15445,93,0.6962771123340887,0.10482356749757203,0.19889932016833928,1410,15.161290322580646,6573.000971188087,20.0,1364,46,0.09017595307917889
5.0,3,15.0,2,5.0,5.0,-1.9,15445,93,0.662868242149563,0.08896082874716736,0.24817092910326966,1596,17.161290322580644,7440.077695046941,20.0,1522,74,0.06241787122207622
5.0,3,15.0,2,5.0,5.0,-1.8,15445,93,0.6276464875364196,0.08740692780835221,0.2849465846552282,1612,17.333333333333332,7514.6649401100685,20.0,1526,86,0.04325032765399738
5.0,3,15.0,2,5.0,5.0,-1.7,15445,93,0.5803172547750081,0.06629977338944643,0.35338297183554546,1339,14.397849462365592,6242.02007122046,30.0,1252,87,0.03913738019169329
5.0,3,15.0,2,5.0,5.0,-1.6,15445,93,0.5460666882486241,0.057882809970864355,0.3960505017805115,1271,13.666666666666666,5925.024279702169,45.0,1183,88,0.027049873203719356
5.0,3,15.0,2,5.0,5.0,-1.5,15445,93,0.5228876659112982,0.0736808028488184,0.40343153123988346,1383,14.870967741935484,6447.13499514406,40.0,1294,89,0.012364760432766615
5.0,3,15.0,2,5.0,5.0,-1.4,15445,93,0.5101327290385238,0.08533505988993202,0.4045322110715442,1531,16.462365591397848,7137.067011977986,25.0,1442,89,0.011095700416088766
5.0,3,15.0,2,5.0,5.0,-1.3,15445,93,0.4686953706701198,0.10631272256393655,0.42499190676594367,1792,19.268817204301076,8353.771447070249,20.0,1703,89,0.017615971814445096
5.0,3,15.0,2,5.0,5.0,-1.2,15445,93,0.45367432826157333,0.08235674975720297,0.4639689219812237,1580,16.989247311827956,7365.490449983814,20.0,1491,89,0.029510395707578806
5.0,3,15.0,2,5.0,5.0,-1.1,15445,93,0.4427970216898673,0.05594043379734542,0.5012625445127873,1376,14.795698924731182,6414.503075428942,25.0,1287,89,0.022533022533022532
5.0,3,15.0,2,5.0,5.0,-1.0,15445,93,0.4302363224344448,0.0356102298478472,0.534153447717708,1194,12.838709677419354,5566.073162835869,30.0,1105,89,0.0
5.0,3,15.0,2,5.0,5.0,-0.9,15445,93,0.4130139203625769,0.03522175461314341,0.5517643250242797,1149,12.35483870967742,5356.296536095824,30.0,1072,77,0.011194029850746268
5.0,3,15.0,2,5.0,5.0,-0.8,15445,93,0.3886694723211395,0.025380382000647458,0.585950145678213,1065,11.451612903225806,4964.713499514406,45.0,988,77,0.02631578947368421
5.0,3,15.0,2,5.0,5.0,-0.7,15445,93,0.3645192618970541,0.019423761735189383,0.6160569763677566,1003,10.78494623655914,4675.687924894788,40.0,917,86,0.04798255179934569
5.0,3,15.0,2,5.0,5.0,-0.6,15445,93,0.3354483651667206,0.026157332470055035,0.6383943023632244,947,10.182795698924732,4414.632567173842,40.0,862,85,0.08352668213457076
5.0,3,15.0,2,5.0,5.0,-0.5,15445,93,0.3190676594367109,0.04033667853674328,0.6405956620265458,1127,12.118279569892474,5253.739074134024,30.0,1039,88,0.013474494706448507
5.0,3,15.0,2,5.0,5.0,-0.4,15445,93,0.3029459371965037,0.038005827128520554,0.6590482356749757,1099,11.817204301075268,5123.211395273552,30.0,1011,88,0.013847675568743818
5.0,3,15.0,2,5.0,5.0,-0.3,15445,93,0.2896730333441243,0.023696989316931046,0.6866299773389446,898,9.655913978494624,4186.209129168015,30.0,816,82,0.08823529411764706
5.0,3,15.0,2,5.0,5.0,-0.2,15445,93,0.2740045322110715,0.020977662674004534,0.705017805114924,926,9.956989247311828,4316.736808028488,30.0,844,82,0.08530805687203792
5.0,3,15.0,2,5.0,5.0,-0.1,15445,93,0.26843638718031726,0.02848818387827776,0.703075428941405,1025,11.021505376344086,4778.245386856588,30.0,941,84,0.0765143464399575
5.0,3,15.0,2,5.0,5.0,0.0,15445,93,0.2532211071544189,0.022143088378115895,0.7246358044674652,944,10.150537634408602,4400.647458724507,30.0,861,83,0.08362369337979095
5.0,3,15.0,2,5.0,5.0,0.1,15445,93,0.24668177403690514,0.022920038847523472,0.7303981871155714,956,10.279569892473118,4456.587892521852,25.0,873,83,0.08247422680412371
5.0,3,15.0,2,5.0,5.0,0.2,15445,93,0.23955972806733572,0.018517319520880544,0.7419229524117837,840,9.03225806451613,3915.8303658141795,30.0,758,82,0.09498680738786279
5.0,3,15.0,2,5.0,5.0,0.3,15445,93,0.23185496924571058,0.018517319520880544,0.7496277112334089,842,9.053763440860216,3925.15377144707,30.0,760,82,0.09473684210526316
5.0,3,15.0,2,5.0,5.0,0.4,15445,93,0.21890579475558433,0.013337649724830042,0.7677565555195857,659,7.086021505376344,3072.0621560375525,30.0,577,82,0.15424610051993068
5.0,3,15.0,2,5.0,5.0,0.5,15445,93,0.21353188734218193,0.017610877306571706,0.7688572353512464,657,7.064516129032258,3062.738750404662,30.0,575,82,0.15478260869565216
5.0,3,15.0,2,5.0,5.0,0.6,15445,93,0.20938815150534154,0.014632567173842667,0.7759792813208158,609,6.548387096774194,2838.97701521528,30.0,528,81,0.20075757575757575
5.0,3,15.0,2,5.0,5.0,0.7,15445,93,0.2082874716736808,0.00815797992877954,0.7835545483975397,509,5.473118279569892,2372.806733570735,25.0,429,80,0.3613053613053613
5.0,3,15.0,2,5.0,5.0,0.8,15445,93,0.20550339915830365,0.004920686306247976,0.7895759145354484,459,4.935483870967742,2139.721592748462,45.0,379,80,0.40897097625329815
5.0,3,15.0,2,5.0,5.0,0.9,15445,93,0.20258983489802526,0.0032372936225315637,0.7941728714794432,433,4.655913978494624,2018.5173195208804,50.0,353,80,0.43909348441926344
5.0,3,15.0,2,5.0,5.0,1.0,15445,93,0.20051796697960506,0.0015539009388151506,0.7979281320815798,407,4.376344086021505,1897.3130462932986,80.0,327,80,0.4740061162079511
5.0,3,15.0,3,5.0,10.0,-4.0,15445,93,1.0,0.0,0.0,0,0.0,0.0,,0,0,
5.0,3,15.0,3,5.0,10.0,-3.9,15445,93,1.0,0.0,0.0,0,0.0,0.0,,0,0,
5.0,3,15.0,3,5.0,10.0,-3.8,15445,93,1.0,0.0,0.0,0,0.0,0.0,,0,0,
5.0,3,15.0,3,5.0,10.0,-3.7,15445,93,1.0,0.0,0.0,0,0.0,0.0,,0,0,
5.0,3,15.0,3,5.0,10.0,-3.6,15445,93,1.0,0.0,0.0,0,0.0,0.0,,0,0,
5.0,3,15.0,3,5.0,10.0,-3.5,15445,93,1.0,0.0,0.0,0,0.0,0.0,,0,0,
5.0,3,15.0,3,5.0,10.0,-3.4,15445,93,1.0,0.0,0.0,0,0.0,0.0,,0,0,
5.0,3,15.0,3,5.0,10.0,-3.3,15445,93,1.0,0.0,0.0,0,0.0,0.0,,0,0,
5.0,3,15.0,3,5.0,10.0,-3.2,15445,93,1.0,0.0,0.0,0,0.0,0.0,,0,0,
5.0,3,15.0,3,5.0,10.0,-3.1,15445,93,1.0,0.0,0.0,0,0.0,0.0,,0,0,
5.0,3,15.0,3,5.0,10.0,-3.0,15445,93,1.0,0.0,0.0,0,0.0,0.0,,0,0,
5.0,3,15.0,3,5.0,10.0,-2.9,15445,93,1.0,0.0,0.0,0,0.0,0.0,,0,0,
5.0,3,15.0,3,5.0,10.0,-2.8,15445,93,1.0,0.0,0.0,0,0.0,0.0,,0,0,
5.0,3,15.0,3,5.0,10.0,-2.7,15445,93,0.9898996438977016,0.010100356102298478,0.0,78,0.8387096774193549,363.6128196827452,65.0,78,0,0.5
5.0,3,15.0,3,5.0,10.0,-2.6,15445,93,0.9790223373259954,0.020977662674004534,0.0,162,1.7419354838709677,755.1958562641632,65.0,162,0,0.5
5.0,3,15.0,3,5.0,10.0,-2.5,15445,93,0.9575267076723859,0.04221430883781159,0.0002589834898025251,328,3.5268817204301075,1529.038523794108,32.5,321,7,0.32087227414330216
5.0,3,15.0,3,5.0,10.0,-2.4,15445,93,0.9008740692780836,0.0983489802525089,0.0007769504694075753,443,4.763440860215054,2065.134347685335,50.0,434,9,0.1774193548387097
5.0,3,15.0,3,5.0,10.0,-2.3,15445,93,0.8420848170929103,0.14237617351893816,0.015539009388151505,771,8.290322580645162,3594.1728714794435,45.0,758,13,0.2546174142480211
5.0,3,15.0,3,5.0,10.0,-2.2,15445,93,0.739592101003561,0.21456782130139204,0.045840077695046944,1016,10.924731182795698,4736.290061508579,45.0,987,29,0.22695035460992907
5.0,3,15.0,3,5.0,10.0,-2.1,15445,93,0.6859177727419877,0.15998705082550987,0.15409517643250242,966,10.387096774193548,4503.204920686307,45.0,922,44,0.18329718004338394
5.0,3,15.0,3,5.0,10.0,-2.0,15445,93,0.653026869537067,0.1331175137584979,0.2138556167044351,961,10.333333333333334,4479.896406604079,50.0,913,48,0.13253012048192772
5.0,3,15.0,3,5.0,10.0,-1.9,15445,93,0.6160569763677566,0.09938491421171901,0.28455810942052445,937,10.075268817204302,4368.015539009389,50.0,862,75,0.10904872389791183
5.0,3,15.0,3,5.0,10.0,-1.8,15445,93,0.5839430236322435,0.0910974425380382,0.32495953382971837,914,9.827956989247312,4260.796374231143,75.0,828,86,0.07971014492753623
5.0,3,15.0,3,5.0,10.0,-1.7,15445,93,0.5579151829070896,0.06364519261897054,0.3784396244739398,911,9.795698924731182,4246.8112657818065,80.0,824,87,0.05946601941747573
5.0,3,15.0,3,5.0,10.0,-1.6,15445,93,0.5366785367432826,0.04227905471026222,0.42104240854645514,838,9.010752688172044,3906.5069601812884,80.0,750,88,0.042666666666666665
5.0,3,15.0,3,5.0,10.0,-1.5,15445,93,0.5123340887018453,0.05950145678213014,0.4281644545160246,872,9.376344086021506,4065.0048559404336,65.0,783,89,0.020434227330779056
5.0,3,15.0,3,5.0,10.0,-1.4,15445,93,0.5026869537067012,0.05950145678213014,0.43781158951116866,872,9.376344086021506,4065.0048559404336,60.0,783,89,0.020434227330779056
5.0,3,15.0,3,5.0,10.0,-1.3,15445,93,0.4490126254451279,0.0807381029459372,0.4702492716089349,962,10.344086021505376,4484.5581094205245,55.0,873,89,0.0
5.0,3,15.0,3,5.0,10.0,-1.2,15445,93,0.43593395921010036,0.06571706053739074,0.4983489802525089,904,9.720430107526882,4214.179346066689,55.0,815,89,0.0
5.0,3,15.0,3,5.0,10.0,-1.1,15445,93,0.4184525736484299,0.05516348332793784,0.5263839430236322,901,9.688172043010752,4200.194237617352,50.0,812,89,0.0
5.0,3,15.0,3,5.0,10.0,-1.0,15445,93,0.410359339592101,0.03774684363871803,0.5518938167691809,899,9.666666666666666,4190.870831984461,50.0,810,89,0.0
5.0,3,15.0,3,5.0,10.0,-0.9,15445,93,0.3885399805762383,0.04448041437358368,0.5669796050501781,907,9.75268817204301,4228.164454516024,45.0,831,76,0.048134777376654635
5.0,3,15.0,3,5.0,10.0,-0.8,15445,93,0.36328909032049206,0.03159598575590806,0.6051149239235999,814,8.75268817204301,3794.626092586597,45.0,741,73,0.11336032388663968
5.0,3,15.0,3,5.0,10.0,-0.7,15445,93,0.34690838459048234,0.02253156361281968,0.6305600517966979,778,8.365591397849462,3626.8047911945614,45.0,693,85,0.1038961038961039
5.0,3,15.0,3,5.0,10.0,-0.6,15445,93,0.32431207510521204,0.03263191971511816,0.6430560051796698,776,8.344086021505376,3617.4813855616703,45.0,692,84,0.10404624277456648
5.0,3,15.0,3,5.0,10.0,-0.5,15445,93,0.30029135642602783,0.04247329232761411,0.657235351246358,746,8.021505376344086,3477.630301068307,40.0,663,83,0.1085972850678733
5.0,3,15.0,3,5.0,10.0,-0.4,15445,93,0.2840401424409194,0.0368404014244092,0.6791194561346714,669,7.193548387096774,3118.6791842020075,40.0,587,82,0.12265758091993186
5.0,3,15.0,3,5.0,10.0,-0.3,15445,93,0.2747167368080285,0.030819035286500485,0.694464227905471,642,6.903225806451613,2992.81320815798,40.0,560,82,0.12857142857142856
5.0,3,15.0,3,5.0,10.0,-0.2,15445,93,0.2681126578180641,0.010942052444156684,0.7209452897377793,593,6.376344086021505,2764.389770152153,40.0,511,82,0.14090019569471623
5.0,3,15.0,3,5.0,10.0,-0.1,15445,93,0.26254451278730984,0.010942052444156684,0.7265134347685335,593,6.376344086021505,2764.389770152153,40.0,511,82,0.14090019569471623
5.0,3,15.0,3,5.0,10.0,0.0,15445,93,0.25490449983813535,0.0,0.7450955001618647,554,5.956989247311828,2582.5833603107803,70.0,472,82,0.15254237288135594
5.0,3,15.0,3,5.0,10.0,0.1,15445,93,0.24519261897054062,0.0,0.7548073810294593,521,5.602150537634409,2428.74716736808,70.0,439,82,0.20045558086560364
5.0,3,15.0,3,5.0,10.0,0.2,15445,93,0.2418258336031078,0.0,0.7581741663968922,519,5.580645161290323,2419.423761735189,75.0,437,82,0.2036613272311213
5.0,3,15.0,3,5.0,10.0,0.3,15445,93,0.22408546455163483,0.0,0.7759145354483652,382,4.10752688172043,1780.7704758821624,75.0,302,80,0.5099337748344371
5.0,3,15.0,3,5.0,10.0,0.4,15445,93,0.22000647458724507,0.0,0.7799935254127549,382,4.10752688172043,1780.7704758821624,75.0,302,80,0.5132450331125827
5.0,3,15.0,3,5.0,10.0,0.5,15445,93,0.21890579475558433,0.0,0.7810942052444156,380,4.086021505376344,1771.4470702492715,75.0,300,80,0.5166666666666667
5.0,3,15.0,3,5.0,10.0,0.6,15445,93,0.21489155066364518,0.0,0.7851084493363548,380,4.086021505376344,1771.4470702492715,75.0,300,80,0.5166666666666667
5.0,3,15.0,3,5.0,10.0,0.7,15445,93,0.21379087083198445,0.0,0.7862091291680156,380,4.086021505376344,1771.4470702492715,75.0,300,80,0.5166666666666667
5.0,3,15.0,3,5.0,10.0,0.8,15445,93,0.21100679831660732,0.0,0.7889932016833927,380,4.086021505376344,1771.4470702492715,75.0,300,80,0.5166666666666667
5.0,3,15.0,3,5.0,10.0,0.9,15445,93,0.2080932340563289,0.0,0.791906765943671,380,4.086021505376344,1771.4470702492715,75.0,300,80,0.5166666666666667
5.0,3,15.0,3,5.0,10.0,1.0,15445,93,0.2060213661379087,0.0,0.7939786338620913,380,4.086021505376344,1771.4470702492715,75.0,300,80,0.5166666666666667
5.0,3,30.0,1,5.0,0.0,-4.0,15445,93,1.0,0.0,0.0,0,0.0,0.0,,0,0,
5.0,3,30.0,1,5.0,0.0,-3.9,15445,93,1.0,0.0,0.0,0,0.0,0.0,,0,0,
5.0,3,30.0,1,5.0,0.0,-3.8,15445,93,1.0,0.0,0.0,0,0.0,0.0,,0,0,
5.0,3,30.0,1,5.0,0.0,-3.7,15445,93,1.0,0.0,0.0,0,0.0,0.0,,0,0,
5.0,3,30.0,1,5.0,0.0,-3.6,15445,93,1.0,0.0,0.0,0,0.0,0.0,,0,0,
5.0,3,30.0,1,5.0,0.0,-3.5,15445,93,1.0,0.0,0.0,0,0.0,0.0,,0,0,
5.0,3,30.0,1,5.0,0.0,-3.4,15445,93,1.0,0.0,0.0,0,0.0,0.0,,0,0,
5.0,3,30.0,1,5.0,0.0,-3.3,15445,93,1.0,0.0,0.0,0,0.0,0.0,,0,0,
5.0,3,30.0,1,5.0,0.0,-3.2,15445,93,1.0,0.0,0.0,0,0.0,0.0,,0,0,
5.0,3,30.0,1,5.0,0.0,-3.1,15445,93,1.0,0.0,0.0,0,0.0,0.0,,0,0,
5.0,3,30.0,1,5.0,0.0,-3.0,15445,93,1.0,0.0,0.0,0,0.0,0.0,,0,0,
5.0,3,30.0,1,5.0,0.0,-2.9,15445,93,1.0,0.0,0.0,0,0.0,0.0,,0,0,
5.0,3,30.0,1,5.0,0.0,-2.8,15445,93,1.0,0.0,0.0,0,0.0,0.0,,0,0,
5.0,3,30.0,1,5.0,0.0,-2.7,15445,93,1.0,0.0,0.0,0,0.0,0.0,,0,0,
5.0,3,30.0,1,5.0,0.0,-2.6,15445,93,1.0,0.0,0.0,0,0.0,0.0,,0,0,
5.0,3,30.0,1,5.0,0.0,-2.5,15445,93,0.9995467788928456,0.0004532211071544189,0.0,2,0.021505376344086023,9.323405632890903,87.5,2,0,0.5
5.0,3,30.0,1,5.0,0.0,-2.4,15445,93,0.9916477824538685,0.008352217546131434,0.0,220,2.3655913978494625,1025.5746196179994,45.0,218,2,0.4954128440366973
5.0,3,30.0,1,5.0,0.0,-2.3,15445,93,0.9712528326319197,0.028747167368080286,0.0,306,3.2903225806451615,1426.4810618323081,35.0,304,2,0.40460526315789475
5.0,3,30.0,1,5.0,0.0,-2.2,15445,93,0.923794108125607,0.07529944966008417,0.0009064422143088379,672,7.225806451612903,3132.664292651343,35.0,664,8,0.34487951807228917
5.0,3,30.0,1,5.0,0.0,-2.1,15445,93,0.803172547750081,0.1797345419229524,0.017092910326966654,1022,10.989247311827956,4764.2602784072515,30.0,1007,15,0.2631578947368421
5.0,3,30.0,1,5.0,0.0,-2.0,15445,93,0.741340239559728,0.1473616056976368,0.11129815474263516,1199,12.89247311827957,5589.381676918097,35.0,1182,17,0.2233502538071066
5.0,3,30.0,1,5.0,0.0,-1.9,15445,93,0.6657818064098414,0.1687277436063451,0.16549044998381354,1268,13.634408602150538,5911.039171252833,30.0,1250,18,0.1896
5.0,3,30.0,1,5.0,0.0,-1.8,15445,93,0.6262868242149563,0.1706053739074134,0.2031078018776303,1308,14.064516129032258,6097.5072839106515,25.0,1288,20,0.17313664596273293
5.0,3,30.0,1,5.0,0.0,-1.7,15445,93,0.575072839106507,0.1552606021366138,0.2696665587568792,1429,15.365591397849462,6661.573324700551,25.0,1409,20,0.15826827537260468
5.0,3,30.0,1,5.0,0.0,-1.6,15445,93,0.5361605697636775,0.14444804143735837,0.31939138879896406,1522,16.365591397849464,7095.111686629977,25.0,1501,21,0.1692205196535643
5.0,3,30.0,1,5.0,0.0,-1.5,15445,93,0.5269019100032373,0.10955001618646812,0.3635480738102946,1529,16.440860215053764,7127.743606345096,25.0,1508,21,0.17108753315649866
5.0,3,30.0,1,5.0,0.0,-1.4,15445,93,0.5172547750080932,0.058400776950469406,0.42434444804143734,1412,15.182795698924732,6582.324376820979,25.0,1391,21,0.17613227893601727
5.0,3,30.0,1,5.0,0.0,-1.3,15445,93,0.4795079313693752,0.06642926513434769,0.4540628034962771,1429,15.365591397849462,6661.573324700551,25.0,1409,20,0.1937544357700497
5.0,3,30.0,1,5.0,0.0,-1.2,15445,93,0.45050178051149237,0.07840725153771447,0.47109096795079314,1444,15.526881720430108,6731.498866947232,20.0,1424,20,0.19171348314606743
5.0,3,30.0,1,5.0,0.0,-1.1,15445,93,0.4178051149239236,0.08889608287471673,0.4932988022013597,1478,15.89247311827957,6889.996762706377,20.0,1456,22,0.16483516483516483
5.0,3,30.0,1,5.0,0.0,-1.0,15445,93,0.3924247329232761,0.10139203625768857,0.5061832308190353,1511,16.247311827956988,7043.832955649077,20.0,1488,23,0.13911290322580644
5.0,3,30.0,1,5.0,0.0,-0.9,15445,93,0.379281320815798,0.10657170605373907,0.514146973130463,1467,15.774193548387096,6838.718031725478,20.0,1431,36,0.14465408805031446
5.0,3,30.0,1,5.0,0.0,-0.8,15445,93,0.3474263515700874,0.12230495305924248,0.5302686953706701,1395,15.0,6503.075428941404,25.0,1347,48,0.12843355605048257
5.0,3,30.0,1,5.0,0.0,-0.7,15445,93,0.3215280025898349,0.13234056328909033,0.5461314341210748,1415,15.21505376344086,6596.309485270313,20.0,1345,70,0.09516728624535316
5.0,3,30.0,1,5.0,0.0,-0.6,15445,93,0.30831984460990614,0.11246358044674652,0.5792165749433473,1412,15.182795698924732,6582.324376820979,20.0,1331,81,0.08640120210368145
5.0,3,30.0,1,5.0,0.0,-0.5,15445,93,0.29511168662997733,0.11757850437034639,0.5873098089996762,1410,15.161290322580646,6573.000971188087,20.0,1328,82,0.07605421686746988
5.0,3,30.0,1,5.0,0.0,-0.4,15445,93,0.27568792489478794,0.09193913887989641,0.6323729362253157,1341,14.419354838709678,6251.34347685335,25.0,1259,82,0.07069102462271644
5.0,3,30.0,1,5.0,0.0,-0.3,15445,93,0.25969569439948204,0.09129168015539009,0.6490126254451278,1271,13.666666666666666,5925.024279702169,25.0,1192,79,0.06375838926174497
5.0,3,30.0,1,5.0,0.0,-0.2,15445,93,0.2356102298478472,0.07076723858853998,0.6936225315636129,1182,12.709677419354838,5510.132729038523,20.0,1103,79,0.06890299184043518
5.0,3,30.0,1,5.0,0.0,-0.1,15445,93,0.23114276464875363,0.07076723858853998,0.6980899967627063,1182,12.709677419354838,5510.132729038523,15.0,1103,79,0.06890299184043518
5.0,3,30.0,1,5.0,0.0,0.0,15445,93,0.21314341210747814,0.06487536419553254,0.7219812236969894,1182,12.709677419354838,5510.132729038523,15.0,1103,79,0.06890299184043518
5.0,3,30.0,1,5.0,0.0,0.1,15445,93,0.20446746519909356,0.06591129815474263,0.7296212366461639,1146,12.32258064516129,5342.311427646488,15.0,1067,79,0.07122774133083412
5.0,3,30.0,1,5.0,0.0,0.2,15445,93,0.2001942376173519,0.04778245386856588,0.7520233085140823,1119,12.03225806451613,5216.445451602461,5.0,1041,78,0.0893371757925072
5.0,3,30.0,1,5.0,0.0,0.3,15445,93,0.19346066688248625,0.040466170281644544,0.7660731628358692,883,9.494623655913978,4116.283586921334,20.0,807,76,0.1771995043370508
5.0,3,30.0,1,5.0,0.0,0.4,15445,93,0.18931693104564584,0.02486241502104241,0.7858206539333118,766,8.236559139784946,3570.864357397216,5.0,691,75,0.23299565846599132
5.0,3,30.0,1,5.0,0.0,0.5,15445,93,0.18841048883133701,0.024732923276141145,0.7868565878925219,762,8.193548387096774,3552.2175461314337,5.0,687,75,0.23435225618631733
5.0,3,30.0,1,5.0,0.0,0.6,15445,93,0.18439624473939786,0.024732923276141145,0.790870831984461,762,8.193548387096774,3552.2175461314337,5.0,687,75,0.23435225618631733
5.0,3,30.0,1,5.0,0.0,0.7,15445,93,0.18329556490773713,0.024732923276141145,0.7919715118161217,762,8.193548387096774,3552.2175461314337,5.0,687,75,0.23435225618631733
5.0,3,30.0,1,5.0,0.0,0.8,15445,93,0.18051149239235997,0.024732923276141145,0.7947555843314988,762,8.193548387096774,3552.2175461314337,5.0,687,75,0.23435225618631733
5.0,3,30.0,1,5.0,0.0,0.9,15445,93,0.17759792813208158,0.024732923276141145,0.7976691485917773,762,8.193548387096774,3552.2175461314337,5.0,687,75,0.23435225618631733
5.0,3,30.0,1,5.0,0.0,1.0,15445,93,0.17552606021366138,0.024732923276141145,0.7997410165101975,762,8.193548387096774,3552.2175461314337,5.0,687,75,0.23435225618631733
5.0,3,30.0,2,5.0,5.0,-4.0,15445,93,1.0,0.0,0.0,0,0.0,0.0,,0,0,
5.0,3,30.0,2,5.0,5.0,-3.9,15445,93,1.0,0.0,0.0,0,0.0,0.0,,0,0,
5.0,3,30.0,2,5.0,5.0,-3.8,15445,93,1.0,0.0,0.0,0,0.0,0.0,,0,0,
5.0,3,30.0,2,5.0,5.0,-3.7,15445,93,1.0,0.0,0.0,0,0.0,0.0,,0,0,
5.0,3,30.0,2,5.0,5.0,-3.6,15445,93,1.0,0.0,0.0,0,0.0,0.0,,0,0,
5.0,3,30.0,2,5.0,5.0,-3.5,15445,93,1.0,0.0,0.0,0,0.0,0.0,,0,0,
5.0,3,30.0,2,5.0,5.0,-3.4,15445,93,1.0,0.0,0.0,0,0.0,0.0,,0,0,
5.0,3,30.0,2,5.0,5.0,-3.3,15445,93,1.0,0.0,0.0,0,0.0,0.0,,0,0,
5.0,3,30.0,2,5.0,5.0,-3.2,15445,93,1.0,0.0,0.0,0,0.0,0.0,,0,0,
5.0,3,30.0,2,5.0,5.0,-3.1,15445,93,1.0,0.0,0.0,0,0.0,0.0,,0,0,
5.0,3,30.0,2,5.0,5.0,-3.0,15445,93,1.0,0.0,0.0,0,0.0,0.0,,0,0,
5.0,3,30.0,2,5.0,5.0,-2.9,15445,93,1.0,0.0,0.0,0,0.0,0.0,,0,0,
5.0,3,30.0,2,5.0,5.0,-2.8,15445,93,1.0,0.0,0.0,0,0.0,0.0,,0,0,
5.0,3,30.0,2,5.0,5.0,-2.7,15445,93,1.0,0.0,0.0,0,0.0,0.0,,0,0,
5.0,3,30.0,2,5.0,5.0,-2.6,15445,93,1.0,0.0,0.0,0,0.0,0.0,,0,0,
5.0,3,30.0,2,5.0,5.0,-2.5,15445,93,0.9995467788928456,0.0004532211071544189,0.0,2,0.021505376344086023,9.323405632890903,85.0,2,0,0.5
5.0,3,30.0,2,5.0,5.0,-2.4,15445,93,0.9986403366785367,0.0013596633214632567,0.0,4,0.043010752688172046,18.646811265781807,67.5,4,0,0.5
5.0,3,30.0,2,5.0,5.0,-2.3,15445,93,0.9782453868565879,0.021754613143412108,0.0,90,0.967741935483871,419.55325348009063,67.5,90,0,0.5
5.0,3,30.0,2,5.0,5.0,-2.2,15445,93,0.9370670119779864,0.06196179993525413,0.0009711880867594691,260,2.795698924731183,1212.0427322758173,40.0,253,7,0.37549407114624506
5.0,3,30.0,2,5.0,5.0,-2.1,15445,93,0.8121722240207186,0.1706053739074134,0.01722240207186792,751,8.075268817204302,3500.938815150534,35.0,738,13,0.24119241192411925
5.0,3,30.0,2,5.0,5.0,-2.0,15445,93,0.7520233085140823,0.13234056328909033,0.11563612819682745,870,9.35483870967742,4055.6814503075425,40.0,853,17,0.20164126611957797
5.0,3,30.0,2,5.0,5.0,-1.9,15445,93,0.6734865652314664,0.1538361929426999,0.1726772418258336,1008,10.838709677419354,4698.996438977016,35.0,989,19,0.16380182002022245
5.0,3,30.0,2,5.0,5.0,-1.8,15445,93,0.6380058271285206,0.14982194885076078,0.21217222402071867,941,10.118279569892474,4386.66235027517,35.0,921,20,0.15960912052117263
5.0,3,30.0,2,5.0,5.0,-1.7,15445,93,0.5855616704435093,0.132923276141146,0.2815150534153448,1069,11.494623655913978,4983.360310780187,35.0,1022,47,0.11839530332681017
5.0,3,30.0,2,5.0,5.0,-1.6,15445,93,0.549239235998705,0.11725477500809324,0.33350598899320166,1076,11.56989247311828,5015.992230495305,40.0,1028,48,0.11770428015564202
5.0,3,30.0,2,5.0,5.0,-1.5,15445,93,0.545224991906766,0.07542894140498543,0.3793460666882486,936,10.064516129032258,4363.353836192942,55.0,875,61,0.13942857142857143
5.0,3,30.0,2,5.0,5.0,-1.4,15445,93,0.5404985432178698,0.016898672709614763,0.44260278407251535,700,7.526881720430108,3263.1919715118165,95.0,612,88,0.17973856209150327
5.0,3,30.0,2,5.0,5.0,-1.3,15445,93,0.5048235674975721,0.024020718679184202,0.4711557138232438,705,7.580645161290323,3286.5004855940433,95.0,617,88,0.1053484602917342
5.0,3,30.0,2,5.0,5.0,-1.2,15445,93,0.47581741663968924,0.03968921981223697,0.4844933635480738,776,8.344086021505376,3617.4813855616703,95.0,688,88,0.09447674418604651
5.0,3,30.0,2,5.0,5.0,-1.1,15445,93,0.44130786662350274,0.04732923276141146,0.5113629006150858,801,8.612903225806452,3734.0239559728066,70.0,713,88,0.06872370266479663
5.0,3,30.0,2,5.0,5.0,-1.0,15445,93,0.4138556167044351,0.06183230819035287,0.524312075105212,902,9.698924731182796,4204.8559404337975,45.0,813,89,0.03936039360393604
5.0,3,30.0,2,5.0,5.0,-0.9,15445,93,0.3998057623826481,0.06979605050178052,0.5303981871155714,914,9.827956989247312,4260.796374231143,40.0,825,89,0.03878787878787879
5.0,3,30.0,2,5.0,5.0,-0.8,15445,93,0.3659436710909679,0.09038523794108126,0.5436710909679507,929,9.989247311827956,4330.721916477824,40.0,841,88,0.0356718192627824
5.0,3,30.0,2,5.0,5.0,-0.7,15445,93,0.3423761735189382,0.09899643897701521,0.5586273875040466,915,9.838709677419354,4265.458077047589,35.0,829,86,0.05307599517490953
5.0,3,30.0,2,5.0,5.0,-0.6,15445,93,0.3318225963094853,0.0772418258336031,0.5909355778569116,870,9.35483870967742,4055.6814503075425,35.0,785,85,0.09171974522292993
5.0,3,30.0,2,5.0,5.0,-0.5,15445,93,0.31939138879896406,0.08416963418582066,0.5964389770152153,883,9.494623655913978,4116.283586921334,35.0,798,85,0.09022556390977443
5.0,3,30.0,2,5.0,5.0,-0.4,15445,93,0.29886694723211393,0.06008416963418582,0.6410488831337002,817,8.78494623655914,3808.611201035934,35.0,732,85,0.09836065573770492
5.0,3,30.0,2,5.0,5.0,-0.3,15445,93,0.2811913240530916,0.06196179993525413,0.6568468760116543,760,8.172043010752688,3542.894140498543,35.0,678,82,0.10619469026548672
5.0,3,30.0,2,5.0,5.0,-0.2,15445,93,0.2577533182259631,0.038912269342829396,0.7033344124312075,665,7.150537634408602,3100.0323729362253,30.0,584,81,0.1232876712328767
5.0,3,30.0,2,5.0,5.0,-0.1,15445,93,0.2531563612819683,0.038912269342829396,0.7079313693752023,663,7.129032258064516,3090.7089673033347,30.0,582,81,0.1254295532646048
5.0,3,30.0,2,5.0,5.0,0.0,15445,93,0.235998705082551,0.03217869860796374,0.7318225963094853,675,7.258064516129032,3146.6494011006803,30.0,594,81,0.12289562289562289
5.0,3,30.0,2,5.0,5.0,0.1,15445,93,0.2221430883781159,0.035480738102945934,0.7423761735189381,612,6.580645161290323,2852.9621236646162,25.0,531,81,0.1958568738229755
5.0,3,30.0,2,5.0,5.0,0.2,15445,93,0.2150857882809971,0.01476205891874393,0.770152152800259,460,4.946236559139785,2144.3832955649077,35.0,380,80,0.4052631578947368
5.0,3,30.0,2,5.0,5.0,0.3,15445,93,0.21256069925542248,0.015085788280997086,0.7723535124635804,458,4.924731182795699,2135.059889932017,35.0,378,80,0.4074074074074074
5.0,3,30.0,2,5.0,5.0,0.4,15445,93,0.2101651019747491,0.0,0.7898348980252509,380,4.086021505376344,1771.4470702492715,75.0,300,80,0.5166666666666667
5.0,3,30.0,2,5.0,5.0,0.5,15445,93,0.2093234056328909,0.0,0.7906765943671091,380,4.086021505376344,1771.4470702492715,75.0,300,80,0.5166666666666667
5.0,3,30.0,2,5.0,5.0,0.6,15445,93,0.20530916154095177,0.0,0.7946908384590482,380,4.086021505376344,1771.4470702492715,75.0,300,80,0.5166666666666667
5.0,3,30.0,2,5.0,5.0,0.7,15445,93,0.20420848170929104,0.0,0.7957915182907089,380,4.086021505376344,1771.4470702492715,75.0,300,80,0.5166666666666667
5.0,3,30.0,2,5.0,5.0,0.8,15445,93,0.20142440919391388,0.0,0.7985755908060861,380,4.086021505376344,1771.4470702492715,75.0,300,80,0.5166666666666667
5.0,3,30.0,2,5.0,5.0,0.9,15445,93,0.1985108449336355,0.0,0.8014891550663645,380,4.086021505376344,1771.4470702492715,75.0,300,80,0.5166666666666667
5.0,3,30.0,2,5.0,5.0,1.0,15445,93,0.1964389770152153,0.0,0.8035610229847847,380,4.086021505376344,1771.4470702492715,75.0,300,80,0.5166666666666667
5.0,3,30.0,3,5.0,10.0,-4.0,15445,93,1.0,0.0,0.0,0,0.0,0.0,,0,0,
5.0,3,30.0,3,5.0,10.0,-3.9,15445,93,1.0,0.0,0.0,0,0.0,0.0,,0,0,
5.0,3,30.0,3,5.0,10.0,-3.8,15445,93,1.0,0.0,0.0,0,0.0,0.0,,0,0,
5.0,3,30.0,3,5.0,10.0,-3.7,15445,93,1.0,0.0,0.0,0,0.0,0.0,,0,0,
5.0,3,30.0,3,5.0,10.0,-3.6,15445,93,1.0,0.0,0.0,0,0.0,0.0,,0,0,
5.0,3,30.0,3,5.0,10.0,-3.5,15445,93,1.0,0.0,0.0,0,0.0,0.0,,0,0,
5.0,3,30.0,3,5.0,10.0,-3.4,15445,93,1.0,0.0,0.0,0,0.0,0.0,,0,0,
5.0,3,30.0,3,5.0,10.0,-3.3,15445,93,1.0,0.0,0.0,0,0.0,0.0,,0,0,
5.0,3,30.0,3,5.0,10.0,-3.2,15445,93,1.0,0.0,0.0,0,0.0,0.0,,0,0,
5.0,3,30.0,3,5.0,10.0,-3.1,15445,93,1.0,0.0,0.0,0,0.0,0.0,,0,0,
5.0,3,30.0,3,5.0,10.0,-3.0,15445,93,1.0,0.0,0.0,0,0.0,0.0,,0,0,
5.0,3,30.0,3,5.0,10.0,-2.9,15445,93,1.0,0.0,0.0,0,0.0,0.0,,0,0,
5.0,3,30.0,3,5.0,10.0,-2.8,15445,93,1.0,0.0,0.0,0,0.0,0.0,,0,0,
5.0,3,30.0,3,5.0,10.0,-2.7,15445,93,1.0,0.0,0.0,0,0.0,0.0,,0,0,
5.0,3,30.0,3,5.0,10.0,-2.6,15445,93,1.0,0.0,0.0,0,0.0,0.0,,0,0,
5.0,3,30.0,3,5.0,10.0,-2.5,15445,93,0.9995467788928456,0.0004532211071544189,0.0,2,0.021505376344086023,9.323405632890903,82.5,2,0,0.5
5.0,3,30.0,3,5.0,10.0,-2.4,15445,93,0.9986403366785367,0.0013596633214632567,0.0,4,0.043010752688172046,18.646811265781807,67.5,4,0,0.5
5.0,3,30.0,3,5.0,10.0,-2.3,15445,93,0.9782453868565879,0.021754613143412108,0.0,90,0.967741935483871,419.55325348009063,65.0,90,0,0.5
5.0,3,30.0,3,5.0,10.0,-2.2,15445,93,0.9371965037228877,0.06183230819035287,0.0009711880867594691,257,2.763440860215054,1198.057623826481,40.0,250,7,0.38
5.0,3,30.0,3,5.0,10.0,-2.1,15445,93,0.8126901910003237,0.1851084493363548,0.0022013596633214632,518,5.56989247311828,2414.762058918744,65.0,505,13,0.4891089108910891
5.0,3,30.0,3,5.0,10.0,-2.0,15445,93,0.7546778892845581,0.13370022661055359,0.11162188410488831,797,8.56989247311828,3715.377144707025,40.0,781,16,0.22023047375160051
5.0,3,30.0,3,5.0,10.0,-1.9,15445,93,0.6763353836192942,0.16277112334088703,0.1608934930398187,815,8.763440860215054,3799.287795403043,65.0,796,19,0.23618090452261306
5.0,3,30.0,3,5.0,10.0,-1.8,15445,93,0.6387827775979281,0.16885723535124636,0.19235998705082552,639,6.870967741935484,2978.8280997086435,95.0,620,19,0.3967741935483871
5.0,3,30.0,3,5.0,10.0,-1.7,15445,93,0.5863386209129168,0.14522499190676594,0.26843638718031726,870,9.35483870967742,4055.6814503075425,55.0,823,47,0.18833535844471447
5.0,3,30.0,3,5.0,10.0,-1.6,15445,93,0.550145678213014,0.12631919715118162,0.32353512463580447,923,9.924731182795698,4302.751699579152,55.0,875,48,0.1382857142857143
5.0,3,30.0,3,5.0,10.0,-1.5,15445,93,0.5461961799935254,0.07924894787957268,0.3745548721269019,870,9.35483870967742,4055.6814503075425,60.0,810,60,0.1506172839506173
5.0,3,30.0,3,5.0,10.0,-1.4,15445,93,0.5414697313046293,0.016898672709614763,0.4416315959857559,698,7.505376344086022,3253.8685658789254,95.0,611,87,0.18003273322422259
5.0,3,30.0,3,5.0,10.0,-1.3,15445,93,0.5058595014567822,0.024020718679184202,0.4701197798640337,701,7.537634408602151,3267.8536743282616,95.0,614,87,0.10586319218241043
5.0,3,30.0,3,5.0,10.0,-1.2,15445,93,0.47691809647135,0.03962447393978634,0.48345742958886373,773,8.311827956989248,3603.496277112334,95.0,685,88,0.0948905109489051
5.0,3,30.0,3,5.0,10.0,-1.1,15445,93,0.4341210747814827,0.04713499514405957,0.5187439300744577,711,7.645161290322581,3314.470702492716,70.0,626,85,0.1485623003194888
5.0,3,30.0,3,5.0,10.0,-1.0,15445,93,0.401230171576562,0.0660407898996439,0.5327290385237942,688,7.397849462365591,3207.251537714471,65.0,603,85,0.1724709784411277
5.0,3,30.0,3,5.0,10.0,-0.9,15445,93,0.39352541275493685,0.07316283586921334,0.5333117513758497,757,8.13978494623656,3528.909032049207,65.0,671,86,0.11326378539493294
5.0,3,30.0,3,5.0,10.0,-0.8,15445,93,0.3637423114276465,0.09711880867594691,0.5391388798964066,742,7.978494623655914,3458.983489802525,65.0,657,85,0.136986301369863
5.0,3,30.0,3,5.0,10.0,-0.7,15445,93,0.33842667529944964,0.10909679507931369,0.5524765296212366,638,6.860215053763441,2974.166396892198,90.0,555,83,0.24864864864864866
5.0,3,30.0,3,5.0,10.0,-0.6,15445,93,0.32599546778892846,0.08235674975720297,0.5916477824538686,630,6.774193548387097,2936.8727743606346,45.0,549,81,0.1912568306010929
5.0,3,30.0,3,5.0,10.0,-0.5,15445,93,0.3196503722887666,0.08844286176756232,0.5919067659436711,697,7.494623655913978,3249.2068630624794,45.0,614,83,0.17100977198697068
5.0,3,30.0,3,5.0,10.0,-0.4,15445,93,0.3044998381353189,0.0565231466494011,0.63897701521528,817,8.78494623655914,3808.611201035934,35.0,732,85,0.09836065573770492
5.0,3,30.0,3,5.0,10.0,-0.3,15445,93,0.28682421495629656,0.05924247329232762,0.6539333117513758,760,8.172043010752688,3542.894140498543,35.0,678,82,0.10619469026548672
5.0,3,30.0,3,5.0,10.0,-0.2,15445,93,0.2631919715118161,0.04117837487860149,0.6956296536095824,613,6.591397849462366,2857.6238264810618,35.0,532,81,0.13721804511278196
5.0,3,30.0,3,5.0,10.0,-0.1,15445,93,0.2587892521851732,0.04117837487860149,0.7000323729362253,613,6.591397849462366,2857.6238264810618,35.0,532,81,0.13721804511278196
5.0,3,30.0,3,5.0,10.0,0.0,15445,93,0.23198446099061185,0.03528650048559404,0.7327290385237941,524,5.634408602150538,2442.732275817417,35.0,443,81,0.27313769751693
5.0,3,30.0,3,5.0,10.0,0.1,15445,93,0.22104240854645515,0.038394302363224345,0.7405632890903205,488,5.247311827956989,2274.91097442538,35.0,408,80,0.3382352941176471
5.0,3,30.0,3,5.0,10.0,0.2,15445,93,0.22058918743930075,0.014632567173842667,0.7647782453868566,457,4.913978494623656,2130.3981871155715,35.0,377,80,0.40848806366047746
5.0,3,30.0,3,5.0,10.0,0.3,15445,93,0.21825833603107803,0.014956296536095823,0.7667853674328261,457,4.913978494623656,2130.3981871155715,35.0,377,80,0.40848806366047746
5.0,3,30.0,3,5.0,10.0,0.4,15445,93,0.21586273875040465,0.0,0.7841372612495954,380,4.086021505376344,1771.4470702492715,70.0,300,80,0.5166666666666667
5.0,3,30.0,3,5.0,10.0,0.5,15445,93,0.21502104240854644,0.0,0.7849789575914535,380,4.086021505376344,1771.4470702492715,70.0,300,80,0.5166666666666667
5.0,3,30.0,3,5.0,10.0,0.6,15445,93,0.20848170929103269,0.0,0.7915182907089673,354,3.806451612903226,1650.2427970216897,70.0,287,67,0.5400696864111498
5.0,3,30.0,3,5.0,10.0,0.7,15445,93,0.20738102945937195,0.0,0.792618970540628,354,3.806451612903226,1650.2427970216897,70.0,287,67,0.5400696864111498
5.0,3,30.0,3,5.0,10.0,0.8,15445,93,0.19974101651019746,0.0,0.8002589834898025,304,3.2688172043010755,1417.1576561994173,250.0,262,42,0.5916030534351145
5.0,3,30.0,3,5.0,10.0,0.9,15445,93,0.19119456134671414,0.0,0.8088054386532858,246,2.6451612903225805,1146.7788928455811,255.0,219,27,0.6438356164383562
5.0,3,30.0,3,5.0,10.0,1.0,15445,93,0.18659760440271933,0.0,0.8134023955972807,220,2.3655913978494625,1025.5746196179994,260.0,206,14,0.6844660194174758
5.0,3,60.0,1,5.0,0.0,-4.0,15445,93,1.0,0.0,0.0,0,0.0,0.0,,0,0,
5.0,3,60.0,1,5.0,0.0,-3.9,15445,93,1.0,0.0,0.0,0,0.0,0.0,,0,0,
5.0,3,60.0,1,5.0,0.0,-3.8,15445,93,1.0,0.0,0.0,0,0.0,0.0,,0,0,
5.0,3,60.0,1,5.0,0.0,-3.7,15445,93,1.0,0.0,0.0,0,0.0,0.0,,0,0,
5.0,3,60.0,1,5.0,0.0,-3.6,15445,93,1.0,0.0,0.0,0,0.0,0.0,,0,0,
5.0,3,60.0,1,5.0,0.0,-3.5,15445,93,1.0,0.0,0.0,0,0.0,0.0,,0,0,
5.0,3,60.0,1,5.0,0.0,-3.4,15445,93,1.0,0.0,0.0,0,0.0,0.0,,0,0,
5.0,3,60.0,1,5.0,0.0,-3.3,15445,93,1.0,0.0,0.0,0,0.0,0.0,,0,0,
5.0,3,60.0,1,5.0,0.0,-3.2,15445,93,1.0,0.0,0.0,0,0.0,0.0,,0,0,
5.0,3,60.0,1,5.0,0.0,-3.1,15445,93,1.0,0.0,0.0,0,0.0,0.0,,0,0,
5.0,3,60.0,1,5.0,0.0,-3.0,15445,93,1.0,0.0,0.0,0,0.0,0.0,,0,0,
5.0,3,60.0,1,5.0,0.0,-2.9,15445,93,1.0,0.0,0.0,0,0.0,0.0,,0,0,
5.0,3,60.0,1,5.0,0.0,-2.8,15445,93,1.0,0.0,0.0,0,0.0,0.0,,0,0,
5.0,3,60.0,1,5.0,0.0,-2.7,15445,93,1.0,0.0,0.0,0,0.0,0.0,,0,0,
5.0,3,60.0,1,5.0,0.0,-2.6,15445,93,1.0,0.0,0.0,0,0.0,0.0,,0,0,
5.0,3,60.0,1,5.0,0.0,-2.5,15445,93,1.0,0.0,0.0,0,0.0,0.0,,0,0,
5.0,3,60.0,1,5.0,0.0,-2.4,15445,93,0.9296859825186145,0.07031401748138556,0.0,218,2.3440860215053765,1016.2512139851084,65.0,213,5,0.49295774647887325
5.0,3,60.0,1,5.0,0.0,-2.3,15445,93,0.8952411783748786,0.1047588216251214,0.0,246,2.6451612903225805,1146.7788928455811,70.0,239,7,0.606694560669456
5.0,3,60.0,1,5.0,0.0,-2.2,15445,93,0.770152152800259,0.22907089673033343,0.0007769504694075753,498,5.354838709677419,2321.528002589835,70.0,489,9,0.5746421267893661
5.0,3,60.0,1,5.0,0.0,-2.1,15445,93,0.6347685335059889,0.295694399482033,0.06953706701197798,807,8.67741935483871,3761.9941728714793,60.0,790,17,0.31265822784810127
5.0,3,60.0,1,5.0,0.0,-2.0,15445,93,0.5892521851731952,0.26772418258336034,0.14302363224344447,873,9.387096774193548,4069.6665587568796,65.0,854,19,0.25995316159250587
5.0,3,60.0,1,5.0,0.0,-1.9,15445,93,0.5175137584978957,0.2668824862415021,0.21560375526060213,993,10.67741935483871,4629.0708967303335,35.0,974,19,0.20123203285420946
5.0,3,60.0,1,5.0,0.0,-1.8,15445,93,0.4770475882162512,0.2360634509550016,0.28688896082874715,1035,11.129032258064516,4824.862415021043,35.0,1013,22,0.16189536031589338
5.0,3,60.0,1,5.0,0.0,-1.7,15445,93,0.44603431531239884,0.20336678536743283,0.35059889932016836,1068,11.483870967741936,4978.698607963743,40.0,1046,22,0.14053537284894838
5.0,3,60.0,1,5.0,0.0,-1.6,15445,93,0.40835221754613144,0.19889932016833928,0.3927484622855293,1135,12.204301075268818,5291.0326966655875,35.0,1113,22,0.21293800539083557
5.0,3,60.0,1,5.0,0.0,-1.5,15445,93,0.3750080932340563,0.21184849465846553,0.4131434121074781,1203,12.935483870967742,5608.028488183879,35.0,1178,25,0.18845500848896435
5.0,3,60.0,1,5.0,0.0,-1.4,15445,93,0.3660731628358692,0.18977015215280027,0.44415668501133054,1203,12.935483870967742,5608.028488183879,35.0,1178,25,0.17402376910016978
5.0,3,60.0,1,5.0,0.0,-1.3,15445,93,0.30922628682421494,0.19158303658141793,0.4991906765943671,1146,12.32258064516129,5342.311427646488,30.0,1121,25,0.16503122212310437
5.0,3,60.0,1,5.0,0.0,-1.2,15445,93,0.2977662674004532,0.15810942052444157,0.5441243120751053,947,10.182795698924732,4414.632567173842,35.0,925,22,0.2
5.0,3,60.0,1,5.0,0.0,-1.1,15445,93,0.2786014891550664,0.15105212042732274,0.5703463904176109,802,8.623655913978494,3738.6856587892526,25.0,784,18,0.23979591836734693
5.0,3,60.0,1,5.0,0.0,-1.0,15445,93,0.26409841372612497,0.14127549368727743,0.5946260925865976,813,8.741935483870968,3789.964389770152,30.0,796,17,0.21482412060301506
5.0,3,60.0,1,5.0,0.0,-0.9,15445,93,0.2590482356749757,0.1370670119779864,0.6038847523470379,783,8.419354838709678,3650.113305276789,30.0,768,15,0.22265625
5.0,3,60.0,1,5.0,0.0,-0.8,15445,93,0.24143735836840402,0.12521851731952088,0.6333441243120751,745,8.010752688172044,3472.9685982518613,35.0,729,16,0.2112482853223594
5.0,3,60.0,1,5.0,0.0,-0.7,15445,93,0.21540951764325025,0.12347037876335383,0.6611201035933959,715,7.688172043010753,3333.117513758498,45.0,675,40,0.18666666666666668
5.0,3,60.0,1,5.0,0.0,-0.6,15445,93,0.1948203302039495,0.1357720945289738,0.6694075752670767,711,7.645161290322581,3314.470702492716,45.0,644,67,0.15527950310559005
5.0,3,60.0,1,5.0,0.0,-0.5,15445,93,0.17572029783101328,0.1453544836516672,0.6789252185173196,706,7.591397849462366,3291.1621884104893,40.0,627,79,0.12121212121212122
5.0,3,60.0,1,5.0,0.0,-0.4,15445,93,0.17228876659112982,0.12224020718679184,0.7054710262220784,694,7.462365591397849,3235.2217546131437,40.0,615,79,0.2048780487804878
5.0,3,60.0,1,5.0,0.0,-0.3,15445,93,0.16879248947879572,0.11000323729362253,0.7212042732275817,682,7.333333333333333,3179.281320815798,35.0,604,78,0.2632450331125828
5.0,3,60.0,1,5.0,0.0,-0.2,15445,93,0.16244739397863386,0.07251537714470703,0.7650372288766591,680,7.311827956989247,3169.957915182907,25.0,602,78,0.26411960132890366
5.0,3,60.0,1,5.0,0.0,-0.1,15445,93,0.16238264810618322,0.06597604402719327,0.7716413078666235,646,6.946236559139785,3011.460019423762,25.0,569,77,0.27943760984182775
5.0,3,60.0,1,5.0,0.0,0.0,15445,93,0.15856264163159597,0.043120751052120425,0.7983166073162836,477,5.129032258064516,2223.6322434444805,25.0,403,74,0.3573200992555831
5.0,3,60.0,1,5.0,0.0,0.1,15445,93,0.1584331498866947,0.035869213337649725,0.8056976367756555,413,4.440860215053763,1925.2832631919714,25.0,340,73,0.37941176470588234
5.0,3,60.0,1,5.0,0.0,0.2,15445,93,0.15720297831013272,0.02952411783748786,0.8132729038523794,381,4.096774193548387,1776.1087730657168,20.0,309,72,0.36893203883495146
5.0,3,60.0,1,5.0,0.0,0.3,15445,93,0.15707348656523146,0.02758174166396892,0.8153447717707996,377,4.053763440860215,1757.4619617999354,20.0,305,72,0.3770491803278688
5.0,3,60.0,1,5.0,0.0,0.4,15445,93,0.15584331498866946,0.01825833603107802,0.8258983489802525,312,3.3548387096774195,1454.451278730981,12.5,243,69,0.3497942386831276
5.0,3,60.0,1,5.0,0.0,0.5,15445,93,0.15584331498866946,0.01741663968921981,0.8267400453221108,312,3.3548387096774195,1454.451278730981,12.5,243,69,0.3497942386831276
5.0,3,60.0,1,5.0,0.0,0.6,15445,93,0.15474263515700873,0.01417934606668825,0.831078018776303,262,2.817204301075269,1221.3661379087084,12.5,218,44,0.38990825688073394
5.0,3,60.0,1,5.0,0.0,0.7,15445,93,0.1546778892845581,0.01417934606668825,0.8311427646487537,262,2.817204301075269,1221.3661379087084,12.5,218,44,0.38990825688073394
5.0,3,60.0,1,5.0,0.0,0.8,15445,93,0.15351246358044673,0.012560699255422466,0.8339268371641307,212,2.2795698924731185,988.2809970864357,12.5,193,19,0.44041450777202074
5.0,3,60.0,1,5.0,0.0,0.9,15445,93,0.15351246358044673,0.01171900291356426,0.834768533505989,186,2.0,867.076723858854,12.5,180,6,0.4722222222222222
5.0,3,60.0,1,5.0,0.0,1.0,15445,93,0.15228229200388474,0.01171900291356426,0.835998705082551,186,2.0,867.076723858854,12.5,180,6,0.4722222222222222
5.0,3,60.0,2,5.0,5.0,-4.0,15445,93,1.0,0.0,0.0,0,0.0,0.0,,0,0,
5.0,3,60.0,2,5.0,5.0,-3.9,15445,93,1.0,0.0,0.0,0,0.0,0.0,,0,0,
5.0,3,60.0,2,5.0,5.0,-3.8,15445,93,1.0,0.0,0.0,0,0.0,0.0,,0,0,
5.0,3,60.0,2,5.0,5.0,-3.7,15445,93,1.0,0.0,0.0,0,0.0,0.0,,0,0,
5.0,3,60.0,2,5.0,5.0,-3.6,15445,93,1.0,0.0,0.0,0,0.0,0.0,,0,0,
5.0,3,60.0,2,5.0,5.0,-3.5,15445,93,1.0,0.0,0.0,0,0.0,0.0,,0,0,
5.0,3,60.0,2,5.0,5.0,-3.4,15445,93,1.0,0.0,0.0,0,0.0,0.0,,0,0,
5.0,3,60.0,2,5.0,5.0,-3.3,15445,93,1.0,0.0,0.0,0,0.0,0.0,,0,0,
5.0,3,60.0,2,5.0,5.0,-3.2,15445,93,1.0,0.0,0.0,0,0.0,0.0,,0,0,
5.0,3,60.0,2,5.0,5.0,-3.1,15445,93,1.0,0.0,0.0,0,0.0,0.0,,0,0,
5.0,3,60.0,2,5.0,5.0,-3.0,15445,93,1.0,0.0,0.0,0,0.0,0.0,,0,0,
5.0,3,60.0,2,5.0,5.0,-2.9,15445,93,1.0,0.0,0.0,0,0.0,0.0,,0,0,
5.0,3,60.0,2,5.0,5.0,-2.8,15445,93,1.0,0.0,0.0,0,0.0,0.0,,0,0,
5.0,3,60.0,2,5.0,5.0,-2.7,15445,93,1.0,0.0,0.0,0,0.0,0.0,,0,0,
5.0,3,60.0,2,5.0,5.0,-2.6,15445,93,1.0,0.0,0.0,0,0.0,0.0,,0,0,
5.0,3,60.0,2,5.0,5.0,-2.5,15445,93,1.0,0.0,0.0,0,0.0,0.0,,0,0,
5.0,3,60.0,2,5.0,5.0,-2.4,15445,93,0.9298154742635157,0.0701845257364843,0.0,218,2.3440860215053765,1016.2512139851084,65.0,213,5,0.49295774647887325
5.0,3,60.0,2,5.0,5.0,-2.3,15445,93,0.8953706701197799,0.10462932988022014,0.0,246,2.6451612903225805,1146.7788928455811,70.0,239,7,0.606694560669456
5.0,3,60.0,2,5.0,5.0,-2.2,15445,93,0.7707348656523146,0.22842343800582712,0.0008416963418582065,496,5.333333333333333,2312.204596956944,70.0,485,11,0.5731958762886598
5.0,3,60.0,2,5.0,5.0,-2.1,15445,93,0.6356749757202979,0.2950469407575267,0.06927808352217546,806,8.666666666666666,3757.3324700550343,60.0,789,17,0.31305449936628643
5.0,3,60.0,2,5.0,5.0,-2.0,15445,93,0.5902881191324053,0.2668824862415021,0.1428293946260926,869,9.344086021505376,4051.0197474910974,65.0,850,19,0.25882352941176473
5.0,3,60.0,2,5.0,5.0,-1.9,15445,93,0.5195208805438654,0.2651990935577857,0.215280025898349,974,10.473118279569892,4540.498543217869,35.0,955,19,0.2031413612565445
5.0,3,60.0,2,5.0,5.0,-1.8,15445,93,0.4782130139203626,0.2354159922304953,0.2863709938491421,1032,11.096774193548388,4810.877306571706,35.0,1010,22,0.1613861386138614
5.0,3,60.0,2,5.0,5.0,-1.7,15445,93,0.4472644868889608,0.20271932664292652,0.35001618646811267,1064,11.440860215053764,4960.0517966979605,40.0,1042,22,0.1401151631477927
5.0,3,60.0,2,5.0,5.0,-1.6,15445,93,0.4097118808675947,0.19818711557138233,0.392101003561023,1128,12.129032258064516,5258.400776950469,35.0,1105,23,0.21266968325791855
5.0,3,60.0,2,5.0,5.0,-1.5,15445,93,0.3765619941728715,0.21087730657170606,0.4125606992554225,1194,12.838709677419354,5566.073162835869,35.0,1167,27,0.18594687232219365
5.0,3,60.0,2,5.0,5.0,-1.4,15445,93,0.36762706377468435,0.1887989640660408,0.44357397215927485,1193,12.827956989247312,5561.411460019424,35.0,1167,26,0.17309340188517566
5.0,3,60.0,2,5.0,5.0,-1.3,15445,93,0.3080608611201036,0.18692133376497247,0.5050178051149239,1035,11.129032258064516,4824.862415021043,35.0,1010,25,0.1801980198019802
5.0,3,60.0,2,5.0,5.0,-1.2,15445,93,0.299384914211719,0.15746196179993524,0.5431531239883457,939,10.096774193548388,4377.338944642279,35.0,917,22,0.1984732824427481
5.0,3,60.0,2,5.0,5.0,-1.1,15445,93,0.28028488183878275,0.15027516995791518,0.569439948203302,792,8.516129032258064,3692.0686306247976,25.0,774,18,0.23901808785529716
5.0,3,60.0,2,5.0,5.0,-1.0,15445,93,0.2659112981547426,0.14049854321786986,0.5935901586273875,802,8.623655913978494,3738.6856587892526,30.0,785,17,0.2140127388535032
5.0,3,60.0,2,5.0,5.0,-0.9,15445,93,0.260925865976044,0.13629006150857884,0.6027840725153771,774,8.32258064516129,3608.1579799287792,30.0,758,16,0.22163588390501318
5.0,3,60.0,2,5.0,5.0,-0.8,15445,93,0.24318549692457106,0.1246358044674652,0.6321786986079637,739,7.946236559139785,3444.9983813531885,35.0,722,17,0.21052631578947367
5.0,3,60.0,2,5.0,5.0,-0.7,15445,93,0.21793460666882486,0.12211071544189057,0.6599546778892845,709,7.623655913978495,3305.147296859825,45.0,668,41,0.18562874251497005
5.0,3,60.0,2,5.0,5.0,-0.6,15445,93,0.19902881191324054,0.1327290385237941,0.6682421495629653,704,7.56989247311828,3281.838782777598,45.0,637,67,0.15384615384615385
5.0,3,60.0,2,5.0,5.0,-0.5,15445,93,0.1816121722240207,0.14069278083522174,0.6776950469407576,701,7.537634408602151,3267.8536743282616,40.0,622,79,0.12057877813504823
5.0,3,60.0,2,5.0,5.0,-0.4,15445,93,0.1782453868565879,0.11835545483975396,0.7033991583036582,687,7.387096774193548,3202.589834898025,40.0,609,78,0.20525451559934318
5.0,3,60.0,2,5.0,5.0,-0.3,15445,93,0.17481385561670443,0.10696018128844287,0.7182259630948526,673,7.236559139784946,3137.325995467789,35.0,596,77,0.26677852348993286
5.0,3,60.0,2,5.0,5.0,-0.2,15445,93,0.16840401424409193,0.07109096795079314,0.7605050178051149,672,7.225806451612903,3132.664292651343,20.0,595,77,0.2672268907563025
5.0,3,60.0,2,5.0,5.0,-0.1,15445,93,0.16833926837164132,0.06345095500161865,0.7682097766267401,604,6.494623655913978,2815.6685011330524,20.0,529,75,0.3005671077504726
5.0,3,60.0,2,5.0,5.0,0.0,15445,93,0.16451926189705407,0.04266752994496601,0.79281320815798,469,5.043010752688172,2186.3386209129167,25.0,396,73,0.36363636363636365
5.0,3,60.0,2,5.0,5.0,0.1,15445,93,0.1643897701521528,0.035415992230495304,0.8001942376173519,405,4.354838709677419,1887.989640660408,25.0,333,72,0.38738738738738737
5.0,3,60.0,2,5.0,5.0,0.2,15445,93,0.16309485270314017,0.02900615085788281,0.807898996438977,370,3.978494623655914,1724.830042084817,22.5,299,71,0.38461538461538464
5.0,3,60.0,2,5.0,5.0,0.3,15445,93,0.16303010683068955,0.02641631595985756,0.8105535772094529,346,3.7204301075268815,1612.9491744901263,20.0,287,59,0.40069686411149824
5.0,3,60.0,2,5.0,5.0,0.4,15445,93,0.16179993525412756,0.01631595985755908,0.8218841048883133,257,2.763440860215054,1198.057623826481,25.0,213,44,0.39906103286384975
5.0,3,60.0,2,5.0,5.0,0.5,15445,93,0.16179993525412756,0.014632567173842667,0.8235674975720297,231,2.4838709677419355,1076.8533505988992,25.0,200,31,0.425
5.0,3,60.0,2,5.0,5.0,0.6,15445,93,0.16069925542246682,0.011395273551311104,0.827905471026222,181,1.946236559139785,843.7682097766267,25.0,175,6,0.4857142857142857
5.0,3,60.0,2,5.0,5.0,0.7,15445,93,0.16063450955001618,0.011395273551311104,0.8279702168986727,181,1.946236559139785,843.7682097766267,20.0,175,6,0.4857142857142857
5.0,3,60.0,2,5.0,5.0,0.8,15445,93,0.15946908384590483,0.011395273551311104,0.829135642602784,181,1.946236559139785,843.7682097766267,20.0,175,6,0.4857142857142857
5.0,3,60.0,2,5.0,5.0,0.9,15445,93,0.15946908384590483,0.011395273551311104,0.829135642602784,181,1.946236559139785,843.7682097766267,20.0,175,6,0.4857142857142857
5.0,3,60.0,2,5.0,5.0,1.0,15445,93,0.15823891226934284,0.011395273551311104,0.8303658141793461,181,1.946236559139785,843.7682097766267,20.0,175,6,0.4857142857142857
5.0,3,60.0,3,5.0,10.0,-4.0,15445,93,1.0,0.0,0.0,0,0.0,0.0,,0,0,
5.0,3,60.0,3,5.0,10.0,-3.9,15445,93,1.0,0.0,0.0,0,0.0,0.0,,0,0,
5.0,3,60.0,3,5.0,10.0,-3.8,15445,93,1.0,0.0,0.0,0,0.0,0.0,,0,0,
5.0,3,60.0,3,5.0,10.0,-3.7,15445,93,1.0,0.0,0.0,0,0.0,0.0,,0,0,
5.0,3,60.0,3,5.0,10.0,-3.6,15445,93,1.0,0.0,0.0,0,0.0,0.0,,0,0,
5.0,3,60.0,3,5.0,10.0,-3.5,15445,93,1.0,0.0,0.0,0,0.0,0.0,,0,0,
5.0,3,60.0,3,5.0,10.0,-3.4,15445,93,1.0,0.0,0.0,0,0.0,0.0,,0,0,
5.0,3,60.0,3,5.0,10.0,-3.3,15445,93,1.0,0.0,0.0,0,0.0,0.0,,0,0,
5.0,3,60.0,3,5.0,10.0,-3.2,15445,93,1.0,0.0,0.0,0,0.0,0.0,,0,0,
5.0,3,60.0,3,5.0,10.0,-3.1,15445,93,1.0,0.0,0.0,0,0.0,0.0,,0,0,
5.0,3,60.0,3,5.0,10.0,-3.0,15445,93,1.0,0.0,0.0,0,0.0,0.0,,0,0,
5.0,3,60.0,3,5.0,10.0,-2.9,15445,93,1.0,0.0,0.0,0,0.0,0.0,,0,0,
5.0,3,60.0,3,5.0,10.0,-2.8,15445,93,1.0,0.0,0.0,0,0.0,0.0,,0,0,
5.0,3,60.0,3,5.0,10.0,-2.7,15445,93,1.0,0.0,0.0,0,0.0,0.0,,0,0,
5.0,3,60.0,3,5.0,10.0,-2.6,15445,93,1.0,0.0,0.0,0,0.0,0.0,,0,0,
5.0,3,60.0,3,5.0,10.0,-2.5,15445,93,1.0,0.0,0.0,0,0.0,0.0,,0,0,
5.0,3,60.0,3,5.0,10.0,-2.4,15445,93,0.9299449660084169,0.07005503399158304,0.0,218,2.3440860215053765,1016.2512139851084,65.0,213,5,0.49295774647887325
5.0,3,60.0,3,5.0,10.0,-2.3,15445,93,0.8955001618646812,0.10449983813531888,0.0,246,2.6451612903225805,1146.7788928455811,70.0,239,7,0.606694560669456
5.0,3,60.0,3,5.0,10.0,-2.2,15445,93,0.7694399482033021,0.22971835545483976,0.0008416963418582065,468,5.032258064516129,2181.676918096471,70.0,458,10,0.5786026200873362
5.0,3,60.0,3,5.0,10.0,-2.1,15445,93,0.633020394949822,0.29796050501780513,0.06901910003237294,752,8.086021505376344,3505.6005179669796,60.0,735,17,0.3360544217687075
5.0,3,60.0,3,5.0,10.0,-2.0,15445,93,0.5953382971835546,0.262156037552606,0.14250566526383943,795,8.548387096774194,3706.053739074134,65.0,776,19,0.28350515463917525
5.0,3,60.0,3,5.0,10.0,-1.9,15445,93,0.5208805438653286,0.26254451278730984,0.2165749433473616,917,9.86021505376344,4274.781482680479,40.0,897,20,0.21516164994425863
5.0,3,60.0,3,5.0,10.0,-1.8,15445,93,0.4793136937520233,0.22550987374554873,0.295176432502428,957,10.290322580645162,4461.249595338297,40.0,935,22,0.17433155080213902
5.0,3,60.0,3,5.0,10.0,-1.7,15445,93,0.45393331175137586,0.18730980899967628,0.3587568792489479,945,10.161290322580646,4405.309161540951,60.0,923,22,0.1581798483206934
5.0,3,60.0,3,5.0,10.0,-1.6,15445,93,0.4183230819035286,0.18089996762706378,0.4007769504694076,992,10.666666666666666,4624.409193913888,40.0,970,22,0.2422680412371134
5.0,3,60.0,3,5.0,10.0,-1.5,15445,93,0.38718031725477503,0.1917125283263192,0.4211071544189058,1045,11.236559139784946,4871.479443185497,40.0,1019,26,0.2129538763493621
5.0,3,60.0,3,5.0,10.0,-1.4,15445,93,0.38051149239236,0.16523146649401102,0.454257041113629,1011,10.870967741935484,4712.981547426351,35.0,985,26,0.20406091370558377
5.0,3,60.0,3,5.0,10.0,-1.3,15445,93,0.31809647134995145,0.16426027840725155,0.517643250242797,817,8.78494623655914,3808.611201035934,50.0,781,36,0.21510883482714468
5.0,3,60.0,3,5.0,10.0,-1.2,15445,93,0.3121398510844934,0.1261249595338297,0.5617351893816769,652,7.010752688172043,3039.4302363224347,65.0,609,43,0.23645320197044334
5.0,3,60.0,3,5.0,10.0,-1.1,15445,93,0.2931693104564584,0.1192618970540628,0.5875687924894788,525,5.645161290322581,2447.393978633862,65.0,473,52,0.3128964059196617
5.0,3,60.0,3,5.0,10.0,-1.0,15445,93,0.27665911298154744,0.10955001618646812,0.6137908708319845,531,5.709677419354839,2475.3641955325347,65.0,467,64,0.25267665952890794
5.0,3,60.0,3,5.0,10.0,-0.9,15445,93,0.26720621560375524,0.10566526383943024,0.6271285205568145,484,5.204301075268817,2256.264163159599,65.0,408,76,0.2622549019607843
5.0,3,60.0,3,5.0,10.0,-0.8,15445,93,0.25186144383295567,0.09841372612495954,0.6497248300420848,502,5.397849462365591,2340.174813855617,60.0,425,77,0.21176470588235294
5.0,3,60.0,3,5.0,10.0,-0.7,15445,93,0.2295888637099385,0.09938491421171901,0.6710262220783425,522,5.612903225806452,2433.4088701845258,60.0,445,77,0.1662921348314607
5.0,3,60.0,3,5.0,10.0,-0.6,15445,93,0.21443832955649078,0.11045645840077695,0.6751052120427323,550,5.913978494623656,2563.936549044998,45.0,473,77,0.15644820295983086
5.0,3,60.0,3,5.0,10.0,-0.5,15445,93,0.19876982842343802,0.11680155390093881,0.6844286176756231,548,5.89247311827957,2554.6131434121075,45.0,471,77,0.1592356687898089
5.0,3,60.0,3,5.0,10.0,-0.4,15445,93,0.19540304305600517,0.09692457105859502,0.7076723858853998,547,5.881720430107527,2549.951440595662,45.0,470,77,0.1595744680851064
5.0,3,60.0,3,5.0,10.0,-0.3,15445,93,0.1919715118161217,0.08805438653285853,0.7199741016510197,546,5.870967741935484,2545.2897377792165,55.0,470,76,0.16170212765957448
5.0,3,60.0,3,5.0,10.0,-0.2,15445,93,0.1855616704435092,0.05270314017481385,0.761735189381677,505,5.43010752688172,2354.159922304953,35.0,429,76,0.2540792540792541
5.0,3,60.0,3,5.0,10.0,-0.1,15445,93,0.1854969245710586,0.043120751052120425,0.771382324376821,406,4.365591397849462,1892.6513434768533,40.0,330,76,0.47575757575757577
5.0,3,60.0,3,5.0,10.0,0.0,15445,93,0.18167691809647135,0.02745224991906766,0.790870831984461,323,3.4731182795698925,1505.730009711881,40.0,261,62,0.5440613026819924
5.0,3,60.0,3,5.0,10.0,0.1,15445,93,0.18135318873421818,0.020200712204596957,0.7984460990611848,257,2.763440860215054,1198.057623826481,40.0,197,60,0.5736040609137056
5.0,3,60.0,3,5.0,10.0,0.2,15445,93,0.18025250890255745,0.012625445127873098,0.8071220459695695,206,2.21505376344086,960.310780187763,250.0,171,35,0.6608187134502924
5.0,3,60.0,3,5.0,10.0,0.3,15445,93,0.18018776303010683,0.009517643250242796,0.8102945937196504,174,1.8709677419354838,811.1362900615086,250.0,140,34,0.7
5.0,3,60.0,3,5.0,10.0,0.4,15445,93,0.17895759145354484,0.0,0.8210424085464552,93,1.0,433.538361929427,840.0,85,8,0.9764705882352941
5.0,3,60.0,3,5.0,10.0,0.5,15445,93,0.17895759145354484,0.0,0.8210424085464552,93,1.0,433.538361929427,840.0,85,8,0.9764705882352941
5.0,3,60.0,3,5.0,10.0,0.6,15445,93,0.1778569116218841,0.0,0.8221430883781159,93,1.0,433.538361929427,840.0,85,8,0.9764705882352941
5.0,3,60.0,3,5.0,10.0,0.7,15445,93,0.17779216574943346,0.0,0.8222078342505665,93,1.0,433.538361929427,840.0,85,8,0.9764705882352941
5.0,3,60.0,3,5.0,10.0,0.8,15445,93,0.1766267400453221,0.0,0.8233732599546779,93,1.0,433.538361929427,840.0,85,8,0.9764705882352941
5.0,3,60.0,3,5.0,10.0,0.9,15445,93,0.1766267400453221,0.0,0.8233732599546779,93,1.0,433.538361929427,840.0,85,8,0.9764705882352941
5.0,3,60.0,3,5.0,10.0,1.0,15445,93,0.17539656846876012,0.0,0.8246034315312399,93,1.0,433.538361929427,840.0,85,8,0.9764705882352941
5.0,3,120.0,1,5.0,0.0,-4.0,15445,93,1.0,0.0,0.0,0,0.0,0.0,,0,0,
5.0,3,120.0,1,5.0,0.0,-3.9,15445,93,1.0,0.0,0.0,0,0.0,0.0,,0,0,
5.0,3,120.0,1,5.0,0.0,-3.8,15445,93,1.0,0.0,0.0,0,0.0,0.0,,0,0,
5.0,3,120.0,1,5.0,0.0,-3.7,15445,93,1.0,0.0,0.0,0,0.0,0.0,,0,0,
5.0,3,120.0,1,5.0,0.0,-3.6,15445,93,1.0,0.0,0.0,0,0.0,0.0,,0,0,
5.0,3,120.0,1,5.0,0.0,-3.5,15445,93,1.0,0.0,0.0,0,0.0,0.0,,0,0,
5.0,3,120.0,1,5.0,0.0,-3.4,15445,93,1.0,0.0,0.0,0,0.0,0.0,,0,0,
5.0,3,120.0,1,5.0,0.0,-3.3,15445,93,1.0,0.0,0.0,0,0.0,0.0,,0,0,
5.0,3,120.0,1,5.0,0.0,-3.2,15445,93,1.0,0.0,0.0,0,0.0,0.0,,0,0,
5.0,3,120.0,1,5.0,0.0,-3.1,15445,93,1.0,0.0,0.0,0,0.0,0.0,,0,0,
5.0,3,120.0,1,5.0,0.0,-3.0,15445,93,1.0,0.0,0.0,0,0.0,0.0,,0,0,
5.0,3,120.0,1,5.0,0.0,-2.9,15445,93,1.0,0.0,0.0,0,0.0,0.0,,0,0,
5.0,3,120.0,1,5.0,0.0,-2.8,15445,93,1.0,0.0,0.0,0,0.0,0.0,,0,0,
5.0,3,120.0,1,5.0,0.0,-2.7,15445,93,1.0,0.0,0.0,0,0.0,0.0,,0,0,
5.0,3,120.0,1,5.0,0.0,-2.6,15445,93,1.0,0.0,0.0,0,0.0,0.0,,0,0,
5.0,3,120.0,1,5.0,0.0,-2.5,15445,93,1.0,0.0,0.0,0,0.0,0.0,,0,0,
5.0,3,120.0,1,5.0,0.0,-2.4,15445,93,1.0,0.0,0.0,0,0.0,0.0,,0,0,
5.0,3,120.0,1,5.0,0.0,-2.3,15445,93,0.964001294917449,0.035998705082550986,0.0,110,1.1827956989247312,512.7873098089997,60.0,107,3,0.3644859813084112
5.0,3,120.0,1,5.0,0.0,-2.2,15445,93,0.8842343800582713,0.11576561994172871,0.0,380,4.086021505376344,1771.4470702492715,45.0,373,7,0.1769436997319035
5.0,3,120.0,1,5.0,0.0,-2.1,15445,93,0.7249595338297183,0.27504046617028166,0.0,563,6.053763440860215,2624.5386856587893,60.0,551,12,0.3502722323049002
5.0,3,120.0,1,5.0,0.0,-2.0,15445,93,0.5974101651019748,0.34528973777921657,0.05730009711880868,734,7.89247311827957,3421.6898672709613,60.0,722,12,0.2950138504155125
5.0,3,120.0,1,5.0,0.0,-1.9,15445,93,0.50974425380382,0.3580446746519909,0.13221107154418907,694,7.462365591397849,3235.2217546131437,65.0,640,54,0.39375
5.0,3,120.0,1,5.0,0.0,-1.8,15445,93,0.4689543541599223,0.3367432826157332,0.19430236322434444,715,7.688172043010753,3333.117513758498,80.0,647,68,0.35394126738794435
5.0,3,120.0,1,5.0,0.0,-1.7,15445,93,0.42473292327614115,0.294464227905471,0.28080284881838785,747,8.03225806451613,3482.2920038847524,50.0,665,82,0.41654135338345866
5.0,3,120.0,1,5.0,0.0,-1.6,15445,93,0.38743930074457755,0.2510844933635481,0.3614762058918744,773,8.311827956989248,3603.496277112334,50.0,691,82,0.3256150506512301
5.0,3,120.0,1,5.0,0.0,-1.5,15445,93,0.3596633214632567,0.19974101651019746,0.4405956620265458,690,7.419354838709677,3216.5749433473616,50.0,613,77,0.27569331158238175
5.0,3,120.0,1,5.0,0.0,-1.4,15445,93,0.33382971835545483,0.19371965037228878,0.4724506312722564,632,6.795698924731183,2946.1961799935257,60.0,554,78,0.2815884476534296
5.0,3,120.0,1,5.0,0.0,-1.3,15445,93,0.269537067011978,0.21735189381676917,0.5131110391712528,728,7.827956989247312,3393.719650372289,45.0,650,78,0.21384615384615385
5.0,3,120.0,1,5.0,0.0,-1.2,15445,93,0.25432178698607966,0.18750404661702816,0.5581741663968922,662,7.118279569892473,3086.0472644868887,40.0,583,79,0.23842195540308747
5.0,3,120.0,1,5.0,0.0,-1.1,15445,93,0.2163807057300097,0.20420848170929104,0.5794108125606993,632,6.795698924731183,2946.1961799935257,40.0,555,77,0.27927927927927926
5.0,3,120.0,1,5.0,0.0,-1.0,15445,93,0.204920686306248,0.17999352541275493,0.6150857882809971,632,6.795698924731183,2946.1961799935257,30.0,555,77,0.3081081081081081
5.0,3,120.0,1,5.0,0.0,-0.9,15445,93,0.19799287795403042,0.1581741663968922,0.6438329556490774,599,6.440860215053763,2792.3599870508256,30.0,521,78,0.45489443378119004
5.0,3,120.0,1,5.0,0.0,-0.8,15445,93,0.1913240530916154,0.1513758497895759,0.6573000971188087,469,5.043010752688172,2186.3386209129167,90.0,392,77,0.5280612244897959
5.0,3,120.0,1,5.0,0.0,-0.7,15445,93,0.18601489155066364,0.1426351570087407,0.6713499514405956,467,5.021505376344086,2177.015215280026,90.0,390,77,0.41025641025641024
5.0,3,120.0,1,5.0,0.0,-0.6,15445,93,0.18348980252508904,0.13428293946260925,0.6822272580123017,467,5.021505376344086,2177.015215280026,75.0,390,77,0.41025641025641024
5.0,3,120.0,1,5.0,0.0,-0.5,15445,93,0.17915182907089672,0.12664292651343476,0.6942052444156686,467,5.021505376344086,2177.015215280026,65.0,390,77,0.41025641025641024
5.0,3,120.0,1,5.0,0.0,-0.4,15445,93,0.17487860148915507,0.058595014567821305,0.7665263839430236,298,3.204301075268817,1389.1874393007445,30.0,229,69,0.43231441048034935
5.0,3,120.0,1,5.0,0.0,-0.3,15445,93,0.17151181612172223,0.05471026222078342,0.7737779216574944,298,3.204301075268817,1389.1874393007445,30.0,229,69,0.43231441048034935
5.0,3,120.0,1,5.0,0.0,-0.2,15445,93,0.17034639041761088,0.03179022337325996,0.7978633862091292,290,3.118279569892473,1351.893816769181,15.0,222,68,0.3783783783783784
5.0,3,120.0,1,5.0,0.0,-0.1,15445,93,0.17034639041761088,0.03179022337325996,0.7978633862091292,290,3.118279569892473,1351.893816769181,15.0,222,68,0.3783783783783784
5.0,3,120.0,1,5.0,0.0,0.0,15445,93,0.16911621884104888,0.022078342505665264,0.8088054386532858,202,2.172043010752688,941.6639689219813,20.0,172,30,0.4883720930232558
5.0,3,120.0,1,5.0,0.0,0.1,15445,93,0.16911621884104888,0.022078342505665264,0.8088054386532858,202,2.172043010752688,941.6639689219813,20.0,172,30,0.4883720930232558
5.0,3,120.0,1,5.0,0.0,0.2,15445,93,0.16801553900938815,0.019682745224991905,0.8123017157656199,178,1.913978494623656,829.7831013272903,20.0,172,6,0.4883720930232558
5.0,3,120.0,1,5.0,0.0,0.3,15445,93,0.16801553900938815,0.019617999352541274,0.8123664616380706,178,1.913978494623656,829.7831013272903,20.0,172,6,0.4883720930232558
5.0,3,120.0,1,5.0,0.0,0.4,15445,93,0.1668501133052768,0.019553253480090644,0.8135966332146326,177,1.903225806451613,825.1213985108449,20.0,172,5,0.4883720930232558
5.0,3,120.0,1,5.0,0.0,0.5,15445,93,0.1668501133052768,0.019553253480090644,0.8135966332146326,177,1.903225806451613,825.1213985108449,20.0,172,5,0.4883720930232558
5.0,3,120.0,1,5.0,0.0,0.6,15445,93,0.16574943347361606,0.019553253480090644,0.8146973130462933,177,1.903225806451613,825.1213985108449,20.0,172,5,0.4883720930232558
5.0,3,120.0,1,5.0,0.0,0.7,15445,93,0.16574943347361606,0.019553253480090644,0.8146973130462933,177,1.903225806451613,825.1213985108449,20.0,172,5,0.4883720930232558
5.0,3,120.0,1,5.0,0.0,0.8,15445,93,0.1645840077695047,0.019553253480090644,0.8158627387504047,177,1.903225806451613,825.1213985108449,20.0,172,5,0.4883720930232558
5.0,3,120.0,1,5.0,0.0,0.9,15445,93,0.1645840077695047,0.019553253480090644,0.8158627387504047,177,1.903225806451613,825.1213985108449,20.0,172,5,0.4883720930232558
5.0,3,120.0,1,5.0,0.0,1.0,15445,93,0.1633538361929427,0.019617999352541274,0.817028164454516,177,1.903225806451613,825.1213985108449,20.0,172,5,0.4883720930232558
5.0,3,120.0,2,5.0,5.0,-4.0,15445,93,1.0,0.0,0.0,0,0.0,0.0,,0,0,
5.0,3,120.0,2,5.0,5.0,-3.9,15445,93,1.0,0.0,0.0,0,0.0,0.0,,0,0,
5.0,3,120.0,2,5.0,5.0,-3.8,15445,93,1.0,0.0,0.0,0,0.0,0.0,,0,0,
5.0,3,120.0,2,5.0,5.0,-3.7,15445,93,1.0,0.0,0.0,0,0.0,0.0,,0,0,
5.0,3,120.0,2,5.0,5.0,-3.6,15445,93,1.0,0.0,0.0,0,0.0,0.0,,0,0,
5.0,3,120.0,2,5.0,5.0,-3.5,15445,93,1.0,0.0,0.0,0,0.0,0.0,,0,0,
5.0,3,120.0,2,5.0,5.0,-3.4,15445,93,1.0,0.0,0.0,0,0.0,0.0,,0,0,
5.0,3,120.0,2,5.0,5.0,-3.3,15445,93,1.0,0.0,0.0,0,0.0,0.0,,0,0,
5.0,3,120.0,2,5.0,5.0,-3.2,15445,93,1.0,0.0,0.0,0,0.0,0.0,,0,0,
5.0,3,120.0,2,5.0,5.0,-3.1,15445,93,1.0,0.0,0.0,0,0.0,0.0,,0,0,
5.0,3,120.0,2,5.0,5.0,-3.0,15445,93,1.0,0.0,0.0,0,0.0,0.0,,0,0,
5.0,3,120.0,2,5.0,5.0,-2.9,15445,93,1.0,0.0,0.0,0,0.0,0.0,,0,0,
5.0,3,120.0,2,5.0,5.0,-2.8,15445,93,1.0,0.0,0.0,0,0.0,0.0,,0,0,
5.0,3,120.0,2,5.0,5.0,-2.7,15445,93,1.0,0.0,0.0,0,0.0,0.0,,0,0,
5.0,3,120.0,2,5.0,5.0,-2.6,15445,93,1.0,0.0,0.0,0,0.0,0.0,,0,0,
5.0,3,120.0,2,5.0,5.0,-2.5,15445,93,1.0,0.0,0.0,0,0.0,0.0,,0,0,
5.0,3,120.0,2,5.0,5.0,-2.4,15445,93,1.0,0.0,0.0,0,0.0,0.0,,0,0,
5.0,3,120.0,2,5.0,5.0,-2.3,15445,93,0.9641307866623503,0.035869213337649725,0.0,110,1.1827956989247312,512.7873098089997,60.0,107,3,0.3644859813084112
5.0,3,120.0,2,5.0,5.0,-2.2,15445,93,0.8820330203949498,0.11796697960505018,0.0,300,3.225806451612903,1398.5108449336356,60.0,294,6,0.3163265306122449
5.0,3,120.0,2,5.0,5.0,-2.1,15445,93,0.7204273227581741,0.27957267724182583,0.0,401,4.311827956989247,1869.3428293946263,65.0,390,11,0.49230769230769234
5.0,3,120.0,2,5.0,5.0,-2.0,15445,93,0.5939138879896406,0.34794431854969243,0.058141793460666884,568,6.10752688172043,2647.8471997410165,60.0,556,12,0.381294964028777
5.0,3,120.0,2,5.0,5.0,-1.9,15445,93,0.5107801877630301,0.35642602784072513,0.13279378439624473,664,7.139784946236559,3095.37067011978,65.0,610,54,0.4131147540983607
5.0,3,120.0,2,5.0,5.0,-1.8,15445,93,0.4701845257364843,0.33596633214632565,0.19384914211719004,713,7.666666666666667,3323.794108125607,80.0,633,80,0.34281200631911535
5.0,3,120.0,2,5.0,5.0,-1.7,15445,93,0.4259630948527031,0.2938167691809647,0.28022013596633216,745,8.010752688172044,3472.9685982518613,50.0,663,82,0.4177978883861237
5.0,3,120.0,2,5.0,5.0,-1.6,15445,93,0.3897054062803496,0.24959533829718356,0.36069925542246684,740,7.956989247311828,3449.660084169634,50.0,657,83,0.3409436834094368
5.0,3,120.0,2,5.0,5.0,-1.5,15445,93,0.3619294269990288,0.19844609906118485,0.4396244739397863,658,7.075268817204301,3067.400453221107,55.0,580,78,0.2896551724137931
5.0,3,120.0,2,5.0,5.0,-1.4,15445,93,0.3351893816769181,0.19333117513758497,0.47147944318549695,632,6.795698924731183,2946.1961799935257,60.0,554,78,0.2815884476534296
5.0,3,120.0,2,5.0,5.0,-1.3,15445,93,0.2709614762058919,0.21806409841372612,0.510974425380382,694,7.462365591397849,3235.2217546131437,50.0,616,78,0.22564935064935066
5.0,3,120.0,2,5.0,5.0,-1.2,15445,93,0.2558756879248948,0.18711557138232437,0.5570087406927808,662,7.118279569892473,3086.0472644868887,40.0,583,79,0.23842195540308747
5.0,3,120.0,2,5.0,5.0,-1.1,15445,93,0.2179993525412755,0.20382000647458726,0.5781806409841372,630,6.774193548387097,2936.8727743606346,40.0,552,78,0.27898550724637683
5.0,3,120.0,2,5.0,5.0,-1.0,15445,93,0.20446746519909356,0.18064098413726126,0.6148915506636452,532,5.720430107526882,2480.0258983489803,40.0,454,78,0.4118942731277533
5.0,3,120.0,2,5.0,5.0,-0.9,15445,93,0.19546778892845582,0.16205891874393008,0.6424732923276141,469,5.043010752688172,2186.3386209129167,100.0,391,78,0.6061381074168798
5.0,3,120.0,2,5.0,5.0,-0.8,15445,93,0.19294269990288118,0.1511168662997734,0.6559404337973455,467,5.021505376344086,2177.015215280026,90.0,389,78,0.5295629820051414
5.0,3,120.0,2,5.0,5.0,-0.7,15445,93,0.18769828423438006,0.14231142764648755,0.6699902881191324,467,5.021505376344086,2177.015215280026,90.0,390,77,0.41025641025641024
5.0,3,120.0,2,5.0,5.0,-0.6,15445,93,0.18517319520880543,0.1339592101003561,0.6808675946908385,467,5.021505376344086,2177.015215280026,75.0,390,77,0.41025641025641024
5.0,3,120.0,2,5.0,5.0,-0.5,15445,93,0.18083522175461314,0.12631919715118162,0.6928455810942052,440,4.731182795698925,2051.1492392359987,75.0,365,75,0.4383561643835616
5.0,3,120.0,2,5.0,5.0,-0.4,15445,93,0.17895759145354484,0.056134671414697315,0.7649077371317579,298,3.204301075268817,1389.1874393007445,25.0,229,69,0.43231441048034935
5.0,3,120.0,2,5.0,5.0,-0.3,15445,93,0.17727419876982842,0.05140822272580123,0.7713175785043703,272,2.924731182795699,1267.9831660731627,25.0,203,69,0.4876847290640394
5.0,3,120.0,2,5.0,5.0,-0.2,15445,93,0.17610877306571707,0.029265134347685334,0.7946260925865976,228,2.4516129032258065,1062.868242149563,20.0,172,56,0.4883720930232558
5.0,3,120.0,2,5.0,5.0,-0.1,15445,93,0.17610877306571707,0.029265134347685334,0.7946260925865976,228,2.4516129032258065,1062.868242149563,20.0,172,56,0.4883720930232558
5.0,3,120.0,2,5.0,5.0,0.0,15445,93,0.17487860148915507,0.020394949821948852,0.8047264486888961,190,2.043010752688172,885.7235351246358,20.0,172,18,0.4883720930232558
5.0,3,120.0,2,5.0,5.0,0.1,15445,93,0.17487860148915507,0.020394949821948852,0.8047264486888961,190,2.043010752688172,885.7235351246358,20.0,172,18,0.4883720930232558
5.0,3,120.0,2,5.0,5.0,0.2,15445,93,0.17377792165749434,0.019553253480090644,0.806668824862415,178,1.913978494623656,829.7831013272903,20.0,172,6,0.4883720930232558
5.0,3,120.0,2,5.0,5.0,0.3,15445,93,0.17377792165749434,0.019488507607640013,0.8067335707348656,177,1.903225806451613,825.1213985108449,20.0,172,5,0.4883720930232558
5.0,3,120.0,2,5.0,5.0,0.4,15445,93,0.17261249595338296,0.019488507607640013,0.807898996438977,177,1.903225806451613,825.1213985108449,20.0,172,5,0.4883720930232558
5.0,3,120.0,2,5.0,5.0,0.5,15445,93,0.17261249595338296,0.019488507607640013,0.807898996438977,177,1.903225806451613,825.1213985108449,20.0,172,5,0.4883720930232558
5.0,3,120.0,2,5.0,5.0,0.6,15445,93,0.17151181612172223,0.019488507607640013,0.8089996762706377,177,1.903225806451613,825.1213985108449,20.0,172,5,0.4883720930232558
5.0,3,120.0,2,5.0,5.0,0.7,15445,93,0.17151181612172223,0.019488507607640013,0.8089996762706377,177,1.903225806451613,825.1213985108449,20.0,172,5,0.4883720930232558
5.0,3,120.0,2,5.0,5.0,0.8,15445,93,0.17034639041761088,0.019488507607640013,0.8101651019747491,177,1.903225806451613,825.1213985108449,20.0,172,5,0.4883720930232558
5.0,3,120.0,2,5.0,5.0,0.9,15445,93,0.17034639041761088,0.019488507607640013,0.8101651019747491,177,1.903225806451613,825.1213985108449,20.0,172,5,0.4883720930232558
5.0,3,120.0,2,5.0,5.0,1.0,15445,93,0.16911621884104888,0.019553253480090644,0.8113305276788605,177,1.903225806451613,825.1213985108449,20.0,172,5,0.4883720930232558
5.0,3,120.0,3,5.0,10.0,-4.0,15445,93,1.0,0.0,0.0,0,0.0,0.0,,0,0,
5.0,3,120.0,3,5.0,10.0,-3.9,15445,93,1.0,0.0,0.0,0,0.0,0.0,,0,0,
5.0,3,120.0,3,5.0,10.0,-3.8,15445,93,1.0,0.0,0.0,0,0.0,0.0,,0,0,
5.0,3,120.0,3,5.0,10.0,-3.7,15445,93,1.0,0.0,0.0,0,0.0,0.0,,0,0,
5.0,3,120.0,3,5.0,10.0,-3.6,15445,93,1.0,0.0,0.0,0,0.0,0.0,,0,0,
5.0,3,120.0,3,5.0,10.0,-3.5,15445,93,1.0,0.0,0.0,0,0.0,0.0,,0,0,
5.0,3,120.0,3,5.0,10.0,-3.4,15445,93,1.0,0.0,0.0,0,0.0,0.0,,0,0,
5.0,3,120.0,3,5.0,10.0,-3.3,15445,93,1.0,0.0,0.0,0,0.0,0.0,,0,0,
5.0,3,120.0,3,5.0,10.0,-3.2,15445,93,1.0,0.0,0.0,0,0.0,0.0,,0,0,
5.0,3,120.0,3,5.0,10.0,-3.1,15445,93,1.0,0.0,0.0,0,0.0,0.0,,0,0,
5.0,3,120.0,3,5.0,10.0,-3.0,15445,93,1.0,0.0,0.0,0,0.0,0.0,,0,0,
5.0,3,120.0,3,5.0,10.0,-2.9,15445,93,1.0,0.0,0.0,0,0.0,0.0,,0,0,
5.0,3,120.0,3,5.0,10.0,-2.8,15445,93,1.0,0.0,0.0,0,0.0,0.0,,0,0,
5.0,3,120.0,3,5.0,10.0,-2.7,15445,93,1.0,0.0,0.0,0,0.0,0.0,,0,0,
5.0,3,120.0,3,5.0,10.0,-2.6,15445,93,1.0,0.0,0.0,0,0.0,0.0,,0,0,
5.0,3,120.0,3,5.0,10.0,-2.5,15445,93,1.0,0.0,0.0,0,0.0,0.0,,0,0,
5.0,3,120.0,3,5.0,10.0,-2.4,15445,93,1.0,0.0,0.0,0,0.0,0.0,,0,0,
5.0,3,120.0,3,5.0,10.0,-2.3,15445,93,0.9624473939786339,0.03755260602136614,0.0,82,0.8817204301075269,382.259630948527,90.0,79,3,0.6582278481012658
5.0,3,120.0,3,5.0,10.0,-2.2,15445,93,0.8754289414049854,0.12457105859501456,0.0,192,2.064516129032258,895.0469407575266,70.0,186,6,0.7096774193548387
5.0,3,120.0,3,5.0,10.0,-2.1,15445,93,0.7194561346714147,0.28054386532858533,0.0,375,4.032258064516129,1748.1385561670445,70.0,364,11,0.5274725274725275
5.0,3,120.0,3,5.0,10.0,-2.0,15445,93,0.5836840401424409,0.35830365814179344,0.05801230171576562,395,4.247311827956989,1841.3726124959535,70.0,384,11,0.5130208333333334
5.0,3,120.0,3,5.0,10.0,-1.9,15445,93,0.5079313693752023,0.35785043703463904,0.13421819359015863,574,6.172043010752688,2675.8174166396893,90.0,521,53,0.5067178502879078
5.0,3,120.0,3,5.0,10.0,-1.8,15445,93,0.47134995144059566,0.3282615733247006,0.2003884752347038,605,6.505376344086022,2820.3302039494984,90.0,524,81,0.4122137404580153
5.0,3,120.0,3,5.0,10.0,-1.7,15445,93,0.42907089673033344,0.2968598251861444,0.27406927808352216,643,6.913978494623656,2997.4749109744253,100.0,560,83,0.46785714285714286
5.0,3,120.0,3,5.0,10.0,-1.6,15445,93,0.39093557785691163,0.2490773713175785,0.35998705082550986,740,7.956989247311828,3449.660084169634,50.0,657,83,0.3409436834094368
5.0,3,120.0,3,5.0,10.0,-1.5,15445,93,0.3631595985755908,0.19818711557138233,0.4386532858530269,658,7.075268817204301,3067.400453221107,55.0,580,78,0.2896551724137931
5.0,3,120.0,3,5.0,10.0,-1.4,15445,93,0.33654904499838134,0.19294269990288118,0.47050825509873745,631,6.78494623655914,2941.5344771770797,60.0,553,78,0.2820976491862568
5.0,3,120.0,3,5.0,10.0,-1.3,15445,93,0.27044350922628685,0.2216898672709615,0.5078666235027517,630,6.774193548387097,2936.8727743606346,50.0,552,78,0.27898550724637683
5.0,3,120.0,3,5.0,10.0,-1.2,15445,93,0.255487212690191,0.18866947232113954,0.5558433149886695,629,6.763440860215054,2932.2110715441886,40.0,552,77,0.27898550724637683
5.0,3,120.0,3,5.0,10.0,-1.1,15445,93,0.2113952735513111,0.21171900291356427,0.5768857235351247,501,5.387096774193548,2335.5131110391712,50.0,424,77,0.3632075471698113
5.0,3,120.0,3,5.0,10.0,-1.0,15445,93,0.20200712204596957,0.18439624473939786,0.6135966332146325,467,5.021505376344086,2177.015215280026,105.0,390,77,0.4794871794871795
5.0,3,120.0,3,5.0,10.0,-0.9,15445,93,0.1971511816121722,0.1617351893816769,0.6411136290061509,467,5.021505376344086,2177.015215280026,100.0,391,76,0.6061381074168798
5.0,3,120.0,3,5.0,10.0,-0.8,15445,93,0.1946260925865976,0.15079313693752022,0.6545807704758821,466,5.010752688172043,2172.3535124635805,90.0,389,77,0.5295629820051414
5.0,3,120.0,3,5.0,10.0,-0.7,15445,93,0.18938167691809646,0.14198769828423438,0.6686306247976691,464,4.989247311827957,2163.0301068306894,90.0,389,75,0.4087403598971722
5.0,3,120.0,3,5.0,10.0,-0.6,15445,93,0.18685658789252185,0.13363548073810294,0.6795079313693752,425,4.56989247311828,1981.223696989317,80.0,350,75,0.4542857142857143
5.0,3,120.0,3,5.0,10.0,-0.5,15445,93,0.18413726124959534,0.12450631272256393,0.6913564260278408,401,4.311827956989247,1869.3428293946263,80.0,326,75,0.48773006134969327
5.0,3,120.0,3,5.0,10.0,-0.4,15445,93,0.1830365814179346,0.053674328261573326,0.7632890903204921,271,2.913978494623656,1263.3214632567174,30.0,202,69,0.48514851485148514
5.0,3,120.0,3,5.0,10.0,-0.3,15445,93,0.1830365814179346,0.04473939786338621,0.7722240207186792,258,2.774193548387097,1202.7193266429265,25.0,202,56,0.48514851485148514
5.0,3,120.0,3,5.0,10.0,-0.2,15445,93,0.18187115571382326,0.021042408546455164,0.7970864357397216,203,2.182795698924731,946.3256717384266,20.0,171,32,0.4853801169590643
5.0,3,120.0,3,5.0,10.0,-0.1,15445,93,0.18187115571382326,0.021042408546455164,0.7970864357397216,203,2.182795698924731,946.3256717384266,20.0,171,32,0.4853801169590643
5.0,3,120.0,3,5.0,10.0,0.0,15445,93,0.18064098413726126,0.019488507607640013,0.7998705082550988,178,1.913978494623656,829.7831013272903,20.0,171,7,0.4853801169590643
5.0,3,120.0,3,5.0,10.0,0.1,15445,93,0.18064098413726126,0.019488507607640013,0.7998705082550988,178,1.913978494623656,829.7831013272903,20.0,171,7,0.4853801169590643
5.0,3,120.0,3,5.0,10.0,0.2,15445,93,0.17954030430560053,0.019423761735189383,0.8010359339592101,177,1.903225806451613,825.1213985108449,20.0,172,5,0.4883720930232558
5.0,3,120.0,3,5.0,10.0,0.3,15445,93,0.17954030430560053,0.019423761735189383,0.8010359339592101,177,1.903225806451613,825.1213985108449,20.0,172,5,0.4883720930232558
5.0,3,120.0,3,5.0,10.0,0.4,15445,93,0.17837487860148915,0.019423761735189383,0.8022013596633215,177,1.903225806451613,825.1213985108449,20.0,172,5,0.4883720930232558
5.0,3,120.0,3,5.0,10.0,0.5,15445,93,0.17837487860148915,0.019423761735189383,0.8022013596633215,177,1.903225806451613,825.1213985108449,20.0,172,5,0.4883720930232558
5.0,3,120.0,3,5.0,10.0,0.6,15445,93,0.17727419876982842,0.019423761735189383,0.8033020394949822,177,1.903225806451613,825.1213985108449,20.0,172,5,0.4883720930232558
5.0,3,120.0,3,5.0,10.0,0.7,15445,93,0.17727419876982842,0.019423761735189383,0.8033020394949822,177,1.903225806451613,825.1213985108449,20.0,172,5,0.4883720930232558
5.0,3,120.0,3,5.0,10.0,0.8,15445,93,0.17610877306571707,0.019423761735189383,0.8044674651990935,177,1.903225806451613,825.1213985108449,20.0,172,5,0.4883720930232558
5.0,3,120.0,3,5.0,10.0,0.9,15445,93,0.17610877306571707,0.019423761735189383,0.8044674651990935,177,1.903225806451613,825.1213985108449,20.0,172,5,0.4883720930232558
5.0,3,120.0,3,5.0,10.0,1.0,15445,93,0.17487860148915507,0.019488507607640013,0.8056328909032049,177,1.903225806451613,825.1213985108449,20.0,172,5,0.4883720930232558
5.0,5,15.0,1,5.0,0.0,-4.0,15445,93,1.0,0.0,0.0,0,0.0,0.0,,0,0,
5.0,5,15.0,1,5.0,0.0,-3.9,15445,93,1.0,0.0,0.0,0,0.0,0.0,,0,0,
5.0,5,15.0,1,5.0,0.0,-3.8,15445,93,1.0,0.0,0.0,0,0.0,0.0,,0,0,
5.0,5,15.0,1,5.0,0.0,-3.7,15445,93,1.0,0.0,0.0,0,0.0,0.0,,0,0,
5.0,5,15.0,1,5.0,0.0,-3.6,15445,93,1.0,0.0,0.0,0,0.0,0.0,,0,0,
5.0,5,15.0,1,5.0,0.0,-3.5,15445,93,1.0,0.0,0.0,0,0.0,0.0,,0,0,
5.0,5,15.0,1,5.0,0.0,-3.4,15445,93,1.0,0.0,0.0,0,0.0,0.0,,0,0,
5.0,5,15.0,1,5.0,0.0,-3.3,15445,93,1.0,0.0,0.0,0,0.0,0.0,,0,0,
5.0,5,15.0,1,5.0,0.0,-3.2,15445,93,1.0,0.0,0.0,0,0.0,0.0,,0,0,
5.0,5,15.0,1,5.0,0.0,-3.1,15445,93,1.0,0.0,0.0,0,0.0,0.0,,0,0,
5.0,5,15.0,1,5.0,0.0,-3.0,15445,93,1.0,0.0,0.0,0,0.0,0.0,,0,0,
5.0,5,15.0,1,5.0,0.0,-2.9,15445,93,1.0,0.0,0.0,0,0.0,0.0,,0,0,
5.0,5,15.0,1,5.0,0.0,-2.8,15445,93,1.0,0.0,0.0,0,0.0,0.0,,0,0,
5.0,5,15.0,1,5.0,0.0,-2.7,15445,93,0.999482033020395,0.0005179669796050502,0.0,4,0.043010752688172046,18.646811265781807,55.0,4,0,0.5
5.0,5,15.0,1,5.0,0.0,-2.6,15445,93,0.9989640660407899,0.0010359339592101004,0.0,8,0.08602150537634409,37.293622531563614,55.0,8,0,0.5
5.0,5,15.0,1,5.0,0.0,-2.5,15445,93,0.9957267724182584,0.004273227581741664,0.0,40,0.43010752688172044,186.46811265781807,32.5,40,0,0.4
5.0,5,15.0,1,5.0,0.0,-2.4,15445,93,0.9892521851731952,0.010747814826804791,0.0,103,1.10752688172043,480.1553900938815,20.0,102,1,0.4117647058823529
5.0,5,15.0,1,5.0,0.0,-2.3,15445,93,0.973648429912593,0.02447393978633862,0.001877630301068307,279,3.0,1300.615085788281,15.0,278,1,0.36330935251798563
5.0,5,15.0,1,5.0,0.0,-2.2,15445,93,0.9463256717384266,0.04739397863386209,0.006280349627711233,551,5.924731182795699,2568.5982518614437,15.0,542,9,0.22140221402214022
5.0,5,15.0,1,5.0,0.0,-2.1,15445,93,0.8550339915830366,0.12819682745224992,0.016769180964713498,1497,16.096774193548388,6978.569116218841,15.0,1482,15,0.07354925775978408
5.0,5,15.0,1,5.0,0.0,-2.0,15445,93,0.7786338620912917,0.15267076723858855,0.06869537067011978,2654,28.537634408602152,12372.159274846228,15.0,2634,20,0.061883067577828396
5.0,5,15.0,1,5.0,0.0,-1.9,15445,93,0.6991259307219165,0.19164778245386857,0.10922628682421495,3611,38.82795698924731,16833.408870184525,10.0,3591,20,0.04177109440267335
5.0,5,15.0,1,5.0,0.0,-1.8,15445,93,0.6327614114600194,0.21877630301068307,0.1484622855292975,3747,40.29032258064516,17467.400453221107,15.0,3726,21,0.040257648953301126
5.0,5,15.0,1,5.0,0.0,-1.7,15445,93,0.5580446746519909,0.21741663968921981,0.22453868565878926,3844,41.333333333333336,17919.585626416316,15.0,3822,22,0.03924646781789639
5.0,5,15.0,1,5.0,0.0,-1.6,15445,93,0.5166073162835869,0.19507931369375203,0.28831337002266105,3846,41.354838709677416,17928.909032049207,10.0,3823,23,0.04237509809050484
5.0,5,15.0,1,5.0,0.0,-1.5,15445,93,0.47322758174166396,0.1946260925865976,0.3321463256717384,3768,40.516129032258064,17565.296212366462,10.0,3746,22,0.04351308061932728
5.0,5,15.0,1,5.0,0.0,-1.4,15445,93,0.4453868565878925,0.15221754613143412,0.40239559728067337,3804,40.903225806451616,17733.117513758498,10.0,3783,21,0.05815490351572826
5.0,5,15.0,1,5.0,0.0,-1.3,15445,93,0.401230171576562,0.13447717707996115,0.46429265134347686,3320,35.69892473118279,15476.853350598898,10.0,3303,17,0.06690887072358462
5.0,5,15.0,1,5.0,0.0,-1.2,15445,93,0.35480738102945936,0.1428941404985432,0.5022984784719974,2667,28.677419354838708,12432.761411460018,10.0,2649,18,0.08342770856927142
5.0,5,15.0,1,5.0,0.0,-1.1,15445,93,0.32845581094205245,0.11265781806409841,0.5588863709938492,2114,22.731182795698924,9854.839753965683,15.0,2096,18,0.09064885496183206
5.0,5,15.0,1,5.0,0.0,-1.0,15445,93,0.3052120427322758,0.0956296536095824,0.5991583036581418,1738,18.688172043010752,8102.039494982195,15.0,1720,18,0.1296511627906977
5.0,5,15.0,1,5.0,0.0,-0.9,15445,93,0.2873421819359016,0.09498219488507607,0.6176756231790224,1470,15.806451612903226,6852.703140174814,15.0,1426,44,0.14726507713884993
5.0,5,15.0,1,5.0,0.0,-0.8,15445,93,0.2631919715118161,0.10288119132405309,0.6339268371641308,1434,15.419354838709678,6684.881838782778,15.0,1365,69,0.1443223443223443
5.0,5,15.0,1,5.0,0.0,-0.7,15445,93,0.24214956296536097,0.11298154742635157,0.6448688896082875,1507,16.204301075268816,7025.186144383295,15.0,1425,82,0.12842105263157894
5.0,5,15.0,1,5.0,0.0,-0.6,15445,93,0.2290061508578828,0.10896730333441243,0.6620265458077048,1577,16.956989247311828,7351.505341534477,15.0,1496,81,0.1143048128342246
5.0,5,15.0,1,5.0,0.0,-0.5,15445,93,0.2183878277759793,0.10074457753318226,0.6808675946908385,1406,15.118279569892474,6554.3541599223045,15.0,1326,80,0.1191553544494721
5.0,5,15.0,1,5.0,0.0,-0.4,15445,93,0.20524441566850113,0.08611201035933959,0.7086435739721593,1557,16.741935483870968,7258.271285205567,10.0,1478,79,0.10757780784844384
5.0,5,15.0,1,5.0,0.0,-0.3,15445,93,0.1948203302039495,0.08909032049206864,0.7160893493039818,1524,16.387096774193548,7104.435092262867,10.0,1444,80,0.11011080332409973
5.0,5,15.0,1,5.0,0.0,-0.2,15445,93,0.17280673357073487,0.0807381029459372,0.746455163483328,1706,18.344086021505376,7952.86500485594,10.0,1628,78,0.09828009828009827
5.0,5,15.0,1,5.0,0.0,-0.1,15445,93,0.17170605373907413,0.07335707348656523,0.7549368727743606,1608,17.29032258064516,7496.018128844286,10.0,1530,78,0.10457516339869281
5.0,5,15.0,1,5.0,0.0,0.0,15445,93,0.15979281320815797,0.06325671738426675,0.7769504694075753,1587,17.06451612903226,7398.122369698932,10.0,1510,77,0.10662251655629139
5.0,5,15.0,1,5.0,0.0,0.1,15445,93,0.1513758497895759,0.06642926513434769,0.7821948850760764,1474,15.849462365591398,6871.349951440595,10.0,1397,77,0.1152469577666428
5.0,5,15.0,1,5.0,0.0,0.2,15445,93,0.14503075428941406,0.0596309485270314,0.7953382971835545,1405,15.10752688172043,6549.69245710586,10.0,1329,76,0.12189616252821671
5.0,5,15.0,1,5.0,0.0,0.3,15445,93,0.14185820653933312,0.05691162188410489,0.801230171576562,1338,14.387096774193548,6237.358368404015,10.0,1262,76,0.12836767036450078
5.0,5,15.0,1,5.0,0.0,0.4,15445,93,0.13098089996762707,0.04875364195532535,0.8202654580770475,1074,11.548387096774194,5006.668824862415,10.0,998,76,0.16132264529058116
5.0,5,15.0,1,5.0,0.0,0.5,15445,93,0.13091615409517643,0.04668177403690515,0.8224020718679185,1041,11.193548387096774,4852.832631919715,10.0,965,76,0.16683937823834197
5.0,5,15.0,1,5.0,0.0,0.6,15445,93,0.12236969893169311,0.03820006474587245,0.8394302363224344,727,7.817204301075269,3389.0579475558434,15.0,654,73,0.24770642201834864
5.0,5,15.0,1,5.0,0.0,0.7,15445,93,0.12230495305924248,0.038070573000971185,0.8396244739397863,725,7.795698924731183,3379.7345419229528,15.0,652,73,0.25
5.0,5,15.0,1,5.0,0.0,0.8,15445,93,0.11958562641631595,0.03004208481709291,0.8503722887665911,593,6.376344086021505,2764.389770152153,15.0,521,72,0.2840690978886756
5.0,5,15.0,1,5.0,0.0,0.9,15445,93,0.11874393007445776,0.02440919391388799,0.8568468760116542,509,5.473118279569892,2372.806733570735,15.0,439,70,0.30296127562642367
5.0,5,15.0,1,5.0,0.0,1.0,15445,93,0.11654257041113629,0.01877630301068307,0.8646811265781806,425,4.56989247311828,1981.223696989317,15.0,356,69,0.33146067415730335
5.0,5,15.0,2,5.0,5.0,-4.0,15445,93,1.0,0.0,0.0,0,0.0,0.0,,0,0,
5.0,5,15.0,2,5.0,5.0,-3.9,15445,93,1.0,0.0,0.0,0,0.0,0.0,,0,0,
5.0,5,15.0,2,5.0,5.0,-3.8,15445,93,1.0,0.0,0.0,0,0.0,0.0,,0,0,
5.0,5,15.0,2,5.0,5.0,-3.7,15445,93,1.0,0.0,0.0,0,0.0,0.0,,0,0,
5.0,5,15.0,2,5.0,5.0,-3.6,15445,93,1.0,0.0,0.0,0,0.0,0.0,,0,0,
5.0,5,15.0,2,5.0,5.0,-3.5,15445,93,1.0,0.0,0.0,0,0.0,0.0,,0,0,
5.0,5,15.0,2,5.0,5.0,-3.4,15445,93,1.0,0.0,0.0,0,0.0,0.0,,0,0,
5.0,5,15.0,2,5.0,5.0,-3.3,15445,93,1.0,0.0,0.0,0,0.0,0.0,,0,0,
5.0,5,15.0,2,5.0,5.0,-3.2,15445,93,1.0,0.0,0.0,0,0.0,0.0,,0,0,
5.0,5,15.0,2,5.0,5.0,-3.1,15445,93,1.0,0.0,0.0,0,0.0,0.0,,0,0,
5.0,5,15.0,2,5.0,5.0,-3.0,15445,93,1.0,0.0,0.0,0,0.0,0.0,,0,0,
5.0,5,15.0,2,5.0,5.0,-2.9,15445,93,1.0,0.0,0.0,0,0.0,0.0,,0,0,
5.0,5,15.0,2,5.0,5.0,-2.8,15445,93,1.0,0.0,0.0,0,0.0,0.0,,0,0,
5.0,5,15.0,2,5.0,5.0,-2.7,15445,93,0.999482033020395,0.0005179669796050502,0.0,4,0.043010752688172046,18.646811265781807,52.5,4,0,0.5
5.0,5,15.0,2,5.0,5.0,-2.6,15445,93,0.9989640660407899,0.0010359339592101004,0.0,8,0.08602150537634409,37.293622531563614,52.5,8,0,0.5
5.0,5,15.0,2,5.0,5.0,-2.5,15445,93,0.9957267724182584,0.004273227581741664,0.0,40,0.43010752688172044,186.46811265781807,32.5,40,0,0.4
5.0,5,15.0,2,5.0,5.0,-2.4,15445,93,0.9893169310456459,0.01068306895435416,0.0,103,1.10752688172043,480.1553900938815,20.0,102,1,0.4117647058823529
5.0,5,15.0,2,5.0,5.0,-2.3,15445,93,0.9746196179993526,0.022596309485270315,0.002784072515377145,251,2.6989247311827955,1170.0874069278084,20.0,249,2,0.40160642570281124
5.0,5,15.0,2,5.0,5.0,-2.2,15445,93,0.9475558433149887,0.04499838135318873,0.007445775331822596,515,5.537634408602151,2400.7769504694074,20.0,506,9,0.2391304347826087
5.0,5,15.0,2,5.0,5.0,-2.1,15445,93,0.8565231466494011,0.12262868242149563,0.02084817092910327,1400,15.053763440860216,6526.383943023633,15.0,1385,15,0.07870036101083032
5.0,5,15.0,2,5.0,5.0,-2.0,15445,93,0.8033667853674328,0.10229847847199741,0.09433473616056977,1865,20.053763440860216,8694.075752670768,15.0,1845,20,0.08780487804878048
5.0,5,15.0,2,5.0,5.0,-1.9,15445,93,0.7249595338297183,0.11472968598251862,0.16031078018776304,2233,24.010752688172044,10409.582389122694,15.0,2211,22,0.06648575305291723
5.0,5,15.0,2,5.0,5.0,-1.8,15445,93,0.6552929750728391,0.15305924247329233,0.19164778245386857,2609,28.053763440860216,12162.382648106182,15.0,2586,23,0.05645784996133024
5.0,5,15.0,2,5.0,5.0,-1.7,15445,93,0.5897701521528003,0.14464227905471025,0.26558756879248946,2651,28.50537634408602,12358.174166396891,15.0,2601,50,0.040753556324490584
5.0,5,15.0,2,5.0,5.0,-1.6,15445,93,0.5561670443509227,0.11337002266105536,0.33046293298802204,2573,27.666666666666668,11994.561346714147,15.0,2521,52,0.02816342721142404
5.0,5,15.0,2,5.0,5.0,-1.5,15445,93,0.512204596956944,0.11835545483975396,0.36943994820330206,2550,27.419354838709676,11887.342181935903,15.0,2486,64,0.029766693483507644
5.0,5,15.0,2,5.0,5.0,-1.4,15445,93,0.49349303981871157,0.05289737779216575,0.4536095823891227,2174,23.376344086021504,10134.541922952412,15.0,2087,87,0.05797795879252515
5.0,5,15.0,2,5.0,5.0,-1.3,15445,93,0.44707024927160893,0.04933635480738103,0.50359339592101,1978,21.268817204301076,9220.848170929105,15.0,1896,82,0.08227848101265822
5.0,5,15.0,2,5.0,5.0,-1.2,15445,93,0.38213013920362576,0.08999676270637746,0.5278730980899967,1824,19.612903225806452,8502.945937196504,15.0,1739,85,0.06958021851638872
5.0,5,15.0,2,5.0,5.0,-1.1,15445,93,0.35124635804467463,0.06908384590482357,0.5796697960505017,1441,15.494623655913978,6717.513758497895,15.0,1357,84,0.0655858511422255
5.0,5,15.0,2,5.0,5.0,-1.0,15445,93,0.3223696989316931,0.06176756231790223,0.6158627387504046,1211,13.021505376344086,5645.322110715441,15.0,1128,83,0.06560283687943262
5.0,5,15.0,2,5.0,5.0,-0.9,15445,93,0.3002266105535772,0.07381029459371966,0.6259630948527032,1152,12.387096774193548,5370.28164454516,15.0,1069,83,0.06922357343311505
5.0,5,15.0,2,5.0,5.0,-0.8,15445,93,0.2743282615733247,0.08585302686953707,0.6398187115571382,1189,12.78494623655914,5542.764648753642,15.0,1105,84,0.0660633484162896
5.0,5,15.0,2,5.0,5.0,-0.7,15445,93,0.25393331175137585,0.09478795726772418,0.6512787309809,1254,13.483870967741936,5845.775331822597,15.0,1170,84,0.0735042735042735
5.0,5,15.0,2,5.0,5.0,-0.6,15445,93,0.24454516024603432,0.08274522499190677,0.6727096147620589,1211,13.021505376344086,5645.322110715441,15.0,1128,83,0.06560283687943262
5.0,5,15.0,2,5.0,5.0,-0.5,15445,93,0.2339268371641308,0.07873098089996762,0.6873421819359016,1123,12.075268817204302,5235.092262868242,15.0,1042,81,0.07005758157389635
5.0,5,15.0,2,5.0,5.0,-0.4,15445,93,0.2254451278730981,0.05017805114923923,0.7243768209776626,980,10.53763440860215,4568.468760116542,15.0,900,80,0.08222222222222222
5.0,5,15.0,2,5.0,5.0,-0.3,15445,93,0.2146973130462933,0.05665263839430236,0.7286500485594043,1021,10.978494623655914,4759.598575590806,15.0,941,80,0.07970244420828905
5.0,5,15.0,2,5.0,5.0,-0.2,15445,93,0.19682745224991907,0.0366461638070573,0.7665263839430236,948,10.193548387096774,4419.294269990288,15.0,869,79,0.08745684695051784
5.0,5,15.0,2,5.0,5.0,-0.1,15445,93,0.19572677241825834,0.029265134347685334,0.7750080932340563,850,9.13978494623656,3962.447393978634,15.0,771,79,0.09857328145265888
5.0,5,15.0,2,5.0,5.0,0.0,15445,93,0.1801230171576562,0.018064098413726123,0.8018128844286176,719,7.731182795698925,3351.76432502428,15.0,642,77,0.14485981308411214
5.0,5,15.0,2,5.0,5.0,0.1,15445,93,0.17073486565231466,0.02848818387827776,0.8007769504694076,752,8.086021505376344,3505.6005179669796,15.0,676,76,0.1390532544378698
5.0,5,15.0,2,5.0,5.0,0.2,15445,93,0.16095823891226935,0.02253156361281968,0.8165101974749109,640,6.881720430107527,2983.489802525089,15.0,576,64,0.1909722222222222
5.0,5,15.0,2,5.0,5.0,0.3,15445,93,0.1546778892845581,0.022984784719974102,0.8223373259954678,606,6.516129032258065,2824.9919067659434,15.0,542,64,0.23247232472324722
5.0,5,15.0,2,5.0,5.0,0.4,15445,93,0.1422466817740369,0.023761735189381676,0.8339915830365814,511,5.494623655913978,2382.1301392036257,15.0,458,53,0.27292576419213976
5.0,5,15.0,2,5.0,5.0,0.5,15445,93,0.14211719002913564,0.021689867270961477,0.8361929426999029,477,5.129032258064516,2223.6322434444805,15.0,424,53,0.33254716981132076
5.0,5,15.0,2,5.0,5.0,0.6,15445,93,0.13013920362576886,0.024020718679184202,0.845840077695047,385,4.139784946236559,1794.7555843314988,15.0,310,75,0.5129032258064516
5.0,5,15.0,2,5.0,5.0,0.7,15445,93,0.13007445775331822,0.02389122693428294,0.8460343153123988,383,4.118279569892473,1785.432178698608,15.0,308,75,0.5194805194805194
5.0,5,15.0,2,5.0,5.0,0.8,15445,93,0.12890903204920687,0.01741663968921981,0.8536743282615733,299,3.21505376344086,1393.84914211719,85.0,249,50,0.5823293172690763
5.0,5,15.0,2,5.0,5.0,0.9,15445,93,0.12890903204920687,0.012625445127873098,0.85846552282292,241,2.5913978494623655,1123.470378763354,235.0,205,36,0.6341463414634146
5.0,5,15.0,2,5.0,5.0,1.0,15445,93,0.1275493687277436,0.007834250566526384,0.86461638070573,183,1.967741935483871,853.0916154095177,240.0,161,22,0.7142857142857143
5.0,5,15.0,3,5.0,10.0,-4.0,15445,93,1.0,0.0,0.0,0,0.0,0.0,,0,0,
5.0,5,15.0,3,5.0,10.0,-3.9,15445,93,1.0,0.0,0.0,0,0.0,0.0,,0,0,
5.0,5,15.0,3,5.0,10.0,-3.8,15445,93,1.0,0.0,0.0,0,0.0,0.0,,0,0,
5.0,5,15.0,3,5.0,10.0,-3.7,15445,93,1.0,0.0,0.0,0,0.0,0.0,,0,0,
5.0,5,15.0,3,5.0,10.0,-3.6,15445,93,1.0,0.0,0.0,0,0.0,0.0,,0,0,
5.0,5,15.0,3,5.0,10.0,-3.5,15445,93,1.0,0.0,0.0,0,0.0,0.0,,0,0,
5.0,5,15.0,3,5.0,10.0,-3.4,15445,93,1.0,0.0,0.0,0,0.0,0.0,,0,0,
5.0,5,15.0,3,5.0,10.0,-3.3,15445,93,1.0,0.0,0.0,0,0.0,0.0,,0,0,
5.0,5,15.0,3,5.0,10.0,-3.2,15445,93,1.0,0.0,0.0,0,0.0,0.0,,0,0,
5.0,5,15.0,3,5.0,10.0,-3.1,15445,93,1.0,0.0,0.0,0,0.0,0.0,,0,0,
5.0,5,15.0,3,5.0,10.0,-3.0,15445,93,1.0,0.0,0.0,0,0.0,0.0,,0,0,
5.0,5,15.0,3,5.0,10.0,-2.9,15445,93,1.0,0.0,0.0,0,0.0,0.0,,0,0,
5.0,5,15.0,3,5.0,10.0,-2.8,15445,93,1.0,0.0,0.0,0,0.0,0.0,,0,0,
5.0,5,15.0,3,5.0,10.0,-2.7,15445,93,0.999482033020395,0.0005179669796050502,0.0,4,0.043010752688172046,18.646811265781807,50.0,4,0,0.5
5.0,5,15.0,3,5.0,10.0,-2.6,15445,93,0.9989640660407899,0.0010359339592101004,0.0,8,0.08602150537634409,37.293622531563614,50.0,8,0,0.5
5.0,5,15.0,3,5.0,10.0,-2.5,15445,93,0.9957267724182584,0.004273227581741664,0.0,40,0.43010752688172044,186.46811265781807,32.5,39,1,0.38461538461538464
5.0,5,15.0,3,5.0,10.0,-2.4,15445,93,0.9889932016833927,0.011006798316607317,0.0,96,1.032258064516129,447.5234703787633,45.0,95,1,0.43157894736842106
5.0,5,15.0,3,5.0,10.0,-2.3,15445,93,0.9766267400453221,0.023114276464875363,0.0002589834898025251,217,2.3333333333333335,1011.589511168663,20.0,216,1,0.4027777777777778
5.0,5,15.0,3,5.0,10.0,-2.2,15445,93,0.9482680479119456,0.04629329880220136,0.005438653285853027,469,5.043010752688172,2186.3386209129167,20.0,460,9,0.26521739130434785
5.0,5,15.0,3,5.0,10.0,-2.1,15445,93,0.8575590806086112,0.12327614114600194,0.019164778245386857,1352,14.53763440860215,6302.622207834251,15.0,1337,15,0.09274495138369485
5.0,5,15.0,3,5.0,10.0,-2.0,15445,93,0.8207834250566527,0.11472968598251862,0.06448688896082874,1298,13.956989247311828,6050.890255746196,20.0,1278,20,0.18231611893583724
5.0,5,15.0,3,5.0,10.0,-1.9,15445,93,0.7331822596309485,0.11518290708967303,0.15163483327937843,1457,15.666666666666666,6792.1010035610225,15.0,1435,22,0.12195121951219512
5.0,5,15.0,3,5.0,10.0,-1.8,15445,93,0.6940110067983166,0.14056328909032048,0.1654257041113629,1691,18.182795698924732,7882.939462609259,15.0,1667,24,0.08758248350329934
5.0,5,15.0,3,5.0,10.0,-1.7,15445,93,0.5655551958562641,0.14004532211071544,0.2943994820330204,1592,17.118279569892472,7421.4308837811595,15.0,1568,24,0.1288265306122449
5.0,5,15.0,3,5.0,10.0,-1.6,15445,93,0.5660731628358692,0.1173842667529945,0.3165425704111363,1293,13.903225806451612,6027.581741663969,15.0,1269,24,0.1765169424743893
5.0,5,15.0,3,5.0,10.0,-1.5,15445,93,0.5870508255098738,0.11706053739074133,0.2958886370993849,1288,13.849462365591398,6004.273227581742,15.0,1272,16,0.17374213836477986
5.0,5,15.0,3,5.0,10.0,-1.4,15445,93,0.5288442861767563,0.04253803820006474,0.42861767562317904,754,8.10752688172043,3514.9239235998707,50.0,694,60,0.20893371757925072
5.0,5,15.0,3,5.0,10.0,-1.3,15445,93,0.3833603107801878,0.028099708643573973,0.5885399805762382,651,7.0,3034.768533505989,60.0,570,81,0.15789473684210525
5.0,5,15.0,3,5.0,10.0,-1.2,15445,93,0.32988022013596635,0.07814826804791195,0.5919715118161217,1112,11.956989247311828,5183.813531887342,15.0,1031,81,0.0863239573229874
5.0,5,15.0,3,5.0,10.0,-1.1,15445,93,0.3153123988345743,0.06409841372612496,0.6205891874393007,965,10.376344086021506,4498.543217869861,25.0,884,81,0.10180995475113122
5.0,5,15.0,3,5.0,10.0,-1.0,15445,93,0.29698931693104563,0.06312722563936549,0.6398834574295889,915,9.838709677419354,4265.458077047589,20.0,834,81,0.08872901678657075
5.0,5,15.0,3,5.0,10.0,-0.9,15445,93,0.29103269666558756,0.07497572029783102,0.6339915830365814,1021,10.978494623655914,4759.598575590806,20.0,939,82,0.07987220447284345
5.0,5,15.0,3,5.0,10.0,-0.8,15445,93,0.2701845257364843,0.08721269019100032,0.6426027840725154,1091,11.731182795698924,5085.917772741988,15.0,1008,83,0.07539682539682539
5.0,5,15.0,3,5.0,10.0,-0.7,15445,93,0.24525736484299127,0.0973130462932988,0.65742958886371,1090,11.720430107526882,5081.256069925542,15.0,1007,83,0.07447864945382324
5.0,5,15.0,3,5.0,10.0,-0.6,15445,93,0.23425056652638393,0.08423438005827129,0.6815150534153448,872,9.376344086021506,4065.0048559404336,20.0,790,82,0.0949367088607595
5.0,5,15.0,3,5.0,10.0,-0.5,15445,93,0.22369698931693105,0.07970216898672709,0.6966008416963418,778,8.365591397849462,3626.8047911945614,20.0,698,80,0.10744985673352435
5.0,5,15.0,3,5.0,10.0,-0.4,15445,93,0.22259630948527032,0.053739074134023956,0.7236646163807058,577,6.204301075268817,2689.8025250890255,35.0,496,81,0.21370967741935484
5.0,5,15.0,3,5.0,10.0,-0.3,15445,93,0.216510197474911,0.07160893493039819,0.7118808675946908,621,6.67741935483871,2894.9174490126256,30.0,541,80,0.16820702402957485
5.0,5,15.0,3,5.0,10.0,-0.2,15445,93,0.19974101651019746,0.057882809970864355,0.7423761735189381,437,4.698924731182796,2037.1641307866623,60.0,356,81,0.29775280898876405
5.0,5,15.0,3,5.0,10.0,-0.1,15445,93,0.18413726124959534,0.04545160246034315,0.7704111362900615,389,4.182795698924731,1813.4023955972807,40.0,310,79,0.4
5.0,5,15.0,3,5.0,10.0,0.0,15445,93,0.1511168662997734,0.012625445127873098,0.8362576885723535,201,2.161290322580645,937.0022661055358,135.0,154,47,0.6298701298701299
5.0,5,15.0,3,5.0,10.0,0.1,15445,93,0.14276464875364195,0.0188410488831337,0.8383943023632243,233,2.5053763440860215,1086.1767562317903,135.0,186,47,0.43548387096774194
5.0,5,15.0,3,5.0,10.0,0.2,15445,93,0.13842667529944966,0.012625445127873098,0.8489478795726773,185,1.989247311827957,862.4150210424085,235.0,162,23,0.5987654320987654
5.0,5,15.0,3,5.0,10.0,0.3,15445,93,0.13823243768209775,0.009323405632890903,0.8524441566850113,190,2.043010752688172,885.7235351246358,235.0,179,11,0.5418994413407822
5.0,5,15.0,3,5.0,10.0,0.4,15445,93,0.1370670119779864,0.012431207510521205,0.8505017805114924,222,2.3870967741935485,1034.8980252508902,235.0,211,11,0.5355450236966824
5.0,5,15.0,3,5.0,10.0,0.5,15445,93,0.1370670119779864,0.012431207510521205,0.8505017805114924,222,2.3870967741935485,1034.8980252508902,235.0,211,11,0.5355450236966824
5.0,5,15.0,3,5.0,10.0,0.6,15445,93,0.13596633214632567,0.015539009388151505,0.8484946584655229,254,2.7311827956989245,1184.0725153771448,235.0,241,13,0.6597510373443983
5.0,5,15.0,3,5.0,10.0,0.7,15445,93,0.13590158627387505,0.015539009388151505,0.8485594043379735,254,2.7311827956989245,1184.0725153771448,235.0,241,13,0.6597510373443983
5.0,5,15.0,3,5.0,10.0,0.8,15445,93,0.13473616056976367,0.012431207510521205,0.8528326319197151,222,2.3870967741935485,1034.8980252508902,235.0,210,12,0.6857142857142857
5.0,5,15.0,3,5.0,10.0,0.9,15445,93,0.13473616056976367,0.009323405632890903,0.8559404337973454,190,2.043010752688172,885.7235351246358,240.0,179,11,0.7206703910614525
5.0,5,15.0,3,5.0,10.0,1.0,15445,93,0.13337649724830042,0.006215603755260602,0.860407898996439,158,1.6989247311827957,736.5490449983814,262.5,148,10,0.7702702702702703
5.0,5,30.0,1,5.0,0.0,-4.0,15445,93,1.0,0.0,0.0,0,0.0,0.0,,0,0,
5.0,5,30.0,1,5.0,0.0,-3.9,15445,93,1.0,0.0,0.0,0,0.0,0.0,,0,0,
5.0,5,30.0,1,5.0,0.0,-3.8,15445,93,1.0,0.0,0.0,0,0.0,0.0,,0,0,
5.0,5,30.0,1,5.0,0.0,-3.7,15445,93,1.0,0.0,0.0,0,0.0,0.0,,0,0,
5.0,5,30.0,1,5.0,0.0,-3.6,15445,93,1.0,0.0,0.0,0,0.0,0.0,,0,0,
5.0,5,30.0,1,5.0,0.0,-3.5,15445,93,1.0,0.0,0.0,0,0.0,0.0,,0,0,
5.0,5,30.0,1,5.0,0.0,-3.4,15445,93,1.0,0.0,0.0,0,0.0,0.0,,0,0,
5.0,5,30.0,1,5.0,0.0,-3.3,15445,93,1.0,0.0,0.0,0,0.0,0.0,,0,0,
5.0,5,30.0,1,5.0,0.0,-3.2,15445,93,1.0,0.0,0.0,0,0.0,0.0,,0,0,
5.0,5,30.0,1,5.0,0.0,-3.1,15445,93,1.0,0.0,0.0,0,0.0,0.0,,0,0,
5.0,5,30.0,1,5.0,0.0,-3.0,15445,93,1.0,0.0,0.0,0,0.0,0.0,,0,0,
5.0,5,30.0,1,5.0,0.0,-2.9,15445,93,1.0,0.0,0.0,0,0.0,0.0,,0,0,
5.0,5,30.0,1,5.0,0.0,-2.8,15445,93,1.0,0.0,0.0,0,0.0,0.0,,0,0,
5.0,5,30.0,1,5.0,0.0,-2.7,15445,93,1.0,0.0,0.0,0,0.0,0.0,,0,0,
5.0,5,30.0,1,5.0,0.0,-2.6,15445,93,1.0,0.0,0.0,0,0.0,0.0,,0,0,
5.0,5,30.0,1,5.0,0.0,-2.5,15445,93,0.994561346714147,0.005438653285853027,0.0,28,0.3010752688172043,130.52767886047263,37.5,27,1,0.48148148148148145
5.0,5,30.0,1,5.0,0.0,-2.4,15445,93,0.9703463904176108,0.029653609582389124,0.0,461,4.956989247311828,2149.0449983813533,35.0,456,5,0.43640350877192985
5.0,5,30.0,1,5.0,0.0,-2.3,15445,93,0.9350598899320168,0.06494011006798317,0.0,547,5.881720430107527,2549.951440595662,35.0,542,5,0.2915129151291513
5.0,5,30.0,1,5.0,0.0,-2.2,15445,93,0.8573648429912593,0.1381029459371965,0.004532211071544189,1159,12.46236559139785,5402.913564260278,25.0,1146,13,0.2643979057591623
5.0,5,30.0,1,5.0,0.0,-2.1,15445,93,0.673939786338621,0.3149239235998705,0.01113629006150858,1170,12.580645161290322,5454.192295241179,25.0,1153,17,0.24978317432784042
5.0,5,30.0,1,5.0,0.0,-2.0,15445,93,0.5746196179993526,0.35636128196827455,0.06901910003237294,1197,12.870967741935484,5580.058271285206,30.0,1180,17,0.21694915254237288
5.0,5,30.0,1,5.0,0.0,-1.9,15445,93,0.46701197798640337,0.37565555195856265,0.15733247005503398,1153,12.397849462365592,5374.943347361605,35.0,1132,21,0.20229681978798586
5.0,5,30.0,1,5.0,0.0,-1.8,15445,93,0.4080932340563289,0.37630301068306893,0.21560375526060213,1109,11.924731182795698,5169.828423438005,40.0,1089,20,0.32323232323232326
5.0,5,30.0,1,5.0,0.0,-1.7,15445,93,0.35021042408546454,0.35066364519261894,0.29912593072191646,811,8.720430107526882,3780.640984137261,75.0,792,19,0.4684343434343434
5.0,5,30.0,1,5.0,0.0,-1.6,15445,93,0.3145354483651667,0.34904499838135317,0.3364195532534801,967,10.397849462365592,4507.866623502751,55.0,947,20,0.3727560718057022
5.0,5,30.0,1,5.0,0.0,-1.5,15445,93,0.3089673033344124,0.31395273551311104,0.37707996115247655,1233,13.258064516129032,5747.879572677241,25.0,1214,19,0.21911037891268534
5.0,5,30.0,1,5.0,0.0,-1.4,15445,93,0.30482356749757206,0.23567497572029783,0.4595014567821301,1588,17.0752688172043,7402.784072515377,15.0,1570,18,0.14140127388535031
5.0,5,30.0,1,5.0,0.0,-1.3,15445,93,0.2743930074457753,0.15946908384590483,0.5661379087083198,1548,16.64516129032258,7216.3159598575585,20.0,1530,18,0.11437908496732026
5.0,5,30.0,1,5.0,0.0,-1.2,15445,93,0.2685658789252185,0.10229847847199741,0.6291356426027841,1242,13.35483870967742,5789.834898025251,20.0,1224,18,0.2099673202614379
5.0,5,30.0,1,5.0,0.0,-1.1,15445,93,0.24176108773065716,0.10838459048235675,0.6498543217869861,1010,10.86021505376344,4708.319844609906,25.0,992,18,0.22580645161290322
5.0,5,30.0,1,5.0,0.0,-1.0,15445,93,0.22065393331175137,0.11239883457429589,0.6669472321139527,768,8.258064516129032,3580.1877630301065,30.0,750,18,0.2986666666666667
5.0,5,30.0,1,5.0,0.0,-0.9,15445,93,0.21890579475558433,0.09867270961476206,0.6824214956296536,687,7.387096774193548,3202.589834898025,30.0,673,14,0.3328380386329866
5.0,5,30.0,1,5.0,0.0,-0.8,15445,93,0.20142440919391388,0.10793136937520233,0.6906442214308838,587,6.311827956989247,2736.4195532534804,65.0,573,14,0.41710296684118675
5.0,5,30.0,1,5.0,0.0,-0.7,15445,93,0.18232437682097766,0.12042732275817417,0.6972483004208482,535,5.752688172043011,2494.011006798317,70.0,497,38,0.4024144869215292
5.0,5,30.0,1,5.0,0.0,-0.6,15445,93,0.1796697960505018,0.11544189057947556,0.7048883133700227,587,6.311827956989247,2736.4195532534804,45.0,523,64,0.3326959847036329
5.0,5,30.0,1,5.0,0.0,-0.5,15445,93,0.17500809323405633,0.11608934930398188,0.7089025574619618,636,6.838709677419355,2964.8429912593074,25.0,560,76,0.2892857142857143
5.0,5,30.0,1,5.0,0.0,-0.4,15445,93,0.16257688572353513,0.11472968598251862,0.7226934282939462,684,7.354838709677419,3188.604726448689,20.0,608,76,0.26644736842105265
5.0,5,30.0,1,5.0,0.0,-0.3,15445,93,0.14995144059566204,0.12314664940110068,0.7269019100032373,669,7.193548387096774,3118.6791842020075,25.0,592,77,0.2719594594594595
5.0,5,30.0,1,5.0,0.0,-0.2,15445,93,0.13182259630948526,0.11382324376820978,0.7543541599223049,726,7.806451612903226,3384.396244739398,15.0,649,77,0.2465331278890601
5.0,5,30.0,1,5.0,0.0,-0.1,15445,93,0.13175785043703464,0.10236322434444804,0.7658789252185173,694,7.462365591397849,3235.2217546131437,15.0,617,77,0.2593192868719611
5.0,5,30.0,1,5.0,0.0,0.0,15445,93,0.12198122369698931,0.08099708643573972,0.797021689867271,636,6.838709677419355,2964.8429912593074,15.0,560,76,0.2857142857142857
5.0,5,30.0,1,5.0,0.0,0.1,15445,93,0.12191647782453868,0.06332146325671738,0.814762058918744,474,5.096774193548387,2209.647134995144,20.0,400,74,0.3625
5.0,5,30.0,1,5.0,0.0,0.2,15445,93,0.12068630624797669,0.04454516024603432,0.834768533505989,440,4.731182795698925,2051.1492392359987,25.0,367,73,0.3542234332425068
5.0,5,30.0,1,5.0,0.0,0.3,15445,93,0.12062156037552606,0.040466170281644544,0.8389122693428294,403,4.333333333333333,1878.6662350275171,25.0,332,71,0.3493975903614458
5.0,5,30.0,1,5.0,0.0,0.4,15445,93,0.1194561346714147,0.019682745224991905,0.8608611201035934,312,3.3548387096774195,1454.451278730981,20.0,244,68,0.3524590163934426
5.0,5,30.0,1,5.0,0.0,0.5,15445,93,0.1194561346714147,0.01890579475558433,0.861638070573001,312,3.3548387096774195,1454.451278730981,15.0,244,68,0.3524590163934426
5.0,5,30.0,1,5.0,0.0,0.6,15445,93,0.11835545483975396,0.013402395597280674,0.8682421495629654,238,2.5591397849462365,1109.4852703140175,12.5,207,31,0.41545893719806765
5.0,5,30.0,1,5.0,0.0,0.7,15445,93,0.11829070896730333,0.013402395597280674,0.868306895435416,238,2.5591397849462365,1109.4852703140175,12.5,207,31,0.41545893719806765
5.0,5,30.0,1,5.0,0.0,0.8,15445,93,0.11712528326319196,0.011783748786014892,0.8710909679507931,188,2.021505376344086,876.4001294917449,12.5,182,6,0.4725274725274725
5.0,5,30.0,1,5.0,0.0,0.9,15445,93,0.11712528326319196,0.011783748786014892,0.8710909679507931,188,2.021505376344086,876.4001294917449,12.5,182,6,0.4725274725274725
5.0,5,30.0,1,5.0,0.0,1.0,15445,93,0.11576561994172871,0.011783748786014892,0.8724506312722564,188,2.021505376344086,876.4001294917449,10.0,182,6,0.4725274725274725
5.0,5,30.0,2,5.0,5.0,-4.0,15445,93,1.0,0.0,0.0,0,0.0,0.0,,0,0,
5.0,5,30.0,2,5.0,5.0,-3.9,15445,93,1.0,0.0,0.0,0,0.0,0.0,,0,0,
5.0,5,30.0,2,5.0,5.0,-3.8,15445,93,1.0,0.0,0.0,0,0.0,0.0,,0,0,
5.0,5,30.0,2,5.0,5.0,-3.7,15445,93,1.0,0.0,0.0,0,0.0,0.0,,0,0,
5.0,5,30.0,2,5.0,5.0,-3.6,15445,93,1.0,0.0,0.0,0,0.0,0.0,,0,0,
5.0,5,30.0,2,5.0,5.0,-3.5,15445,93,1.0,0.0,0.0,0,0.0,0.0,,0,0,
5.0,5,30.0,2,5.0,5.0,-3.4,15445,93,1.0,0.0,0.0,0,0.0,0.0,,0,0,
5.0,5,30.0,2,5.0,5.0,-3.3,15445,93,1.0,0.0,0.0,0,0.0,0.0,,0,0,
5.0,5,30.0,2,5.0,5.0,-3.2,15445,93,1.0,0.0,0.0,0,0.0,0.0,,0,0,
5.0,5,30.0,2,5.0,5.0,-3.1,15445,93,1.0,0.0,0.0,0,0.0,0.0,,0,0,
5.0,5,30.0,2,5.0,5.0,-3.0,15445,93,1.0,0.0,0.0,0,0.0,0.0,,0,0,
5.0,5,30.0,2,5.0,5.0,-2.9,15445,93,1.0,0.0,0.0,0,0.0,0.0,,0,0,
5.0,5,30.0,2,5.0,5.0,-2.8,15445,93,1.0,0.0,0.0,0,0.0,0.0,,0,0,
5.0,5,30.0,2,5.0,5.0,-2.7,15445,93,1.0,0.0,0.0,0,0.0,0.0,,0,0,
5.0,5,30.0,2,5.0,5.0,-2.6,15445,93,1.0,0.0,0.0,0,0.0,0.0,,0,0,
5.0,5,30.0,2,5.0,5.0,-2.5,15445,93,0.994561346714147,0.005438653285853027,0.0,28,0.3010752688172043,130.52767886047263,35.0,27,1,0.48148148148148145
5.0,5,30.0,2,5.0,5.0,-2.4,15445,93,0.9827128520556815,0.01728714794431855,0.0,81,0.8709677419354839,377.5979281320816,35.0,79,2,0.4936708860759494
5.0,5,30.0,2,5.0,5.0,-2.3,15445,93,0.9465846552282292,0.0534153447717708,0.0,193,2.075268817204301,899.7086435739722,65.0,191,2,0.4973821989528796
5.0,5,30.0,2,5.0,5.0,-2.2,15445,93,0.8813208157979929,0.11414697313046293,0.004532211071544189,417,4.483870967741935,1943.9300744577533,40.0,409,8,0.3569682151589242
5.0,5,30.0,2,5.0,5.0,-2.1,15445,93,0.6907737131757851,0.29808999676270637,0.01113629006150858,666,7.161290322580645,3104.6940757526704,35.0,654,12,0.24617737003058104
5.0,5,30.0,2,5.0,5.0,-2.0,15445,93,0.5871155713823244,0.3449012625445128,0.06798316607316283,810,8.709677419354838,3775.979281320816,40.0,794,16,0.3123425692695214
5.0,5,30.0,2,5.0,5.0,-1.9,15445,93,0.4703787633538362,0.3715765619941729,0.15804467465199093,1072,11.526881720430108,4997.345419229525,35.0,1051,21,0.21693625118934348
5.0,5,30.0,2,5.0,5.0,-1.8,15445,93,0.41379087083198446,0.3707996115247653,0.21540951764325025,984,10.580645161290322,4587.115571382325,45.0,965,19,0.34818652849740933
5.0,5,30.0,2,5.0,5.0,-1.7,15445,93,0.35577856911621886,0.34516024603431533,0.29906118484946587,716,7.698924731182796,3337.7792165749433,80.0,696,20,0.48419540229885055
5.0,5,30.0,2,5.0,5.0,-1.6,15445,93,0.31939138879896406,0.34859177727419877,0.3320168339268372,732,7.870967741935484,3412.3664616380706,70.0,710,22,0.4915492957746479
5.0,5,30.0,2,5.0,5.0,-1.5,15445,93,0.3171900291356426,0.31006798316607315,0.37274198769828426,894,9.612903225806452,4167.562317902234,55.0,875,19,0.29828571428571427
5.0,5,30.0,2,5.0,5.0,-1.4,15445,93,0.3130462932988022,0.23094852703140176,0.45600517966979603,1278,13.741935483870968,5957.656199417287,25.0,1258,20,0.17329093799682035
5.0,5,30.0,2,5.0,5.0,-1.3,15445,93,0.2836516672062156,0.15085788280997087,0.5654904499838135,1314,14.129032258064516,6125.477500809324,25.0,1294,20,0.1561051004636785
5.0,5,30.0,2,5.0,5.0,-1.2,15445,93,0.2745224991906766,0.0943994820330204,0.631078018776303,891,9.580645161290322,4153.5772094528975,25.0,871,20,0.32606199770378874
5.0,5,30.0,2,5.0,5.0,-1.1,15445,93,0.24584007769504695,0.10527678860472645,0.6488831337002267,832,8.946236559139784,3878.5367432826156,35.0,812,20,0.3091133004926108
5.0,5,30.0,2,5.0,5.0,-1.0,15445,93,0.22466817740369052,0.10935577856911621,0.6659760440271932,724,7.78494623655914,3375.0728391065068,35.0,704,20,0.31107954545454547
5.0,5,30.0,2,5.0,5.0,-0.9,15445,93,0.22292003884752348,0.09569439948203302,0.6813855616704435,643,6.913978494623656,2997.4749109744253,35.0,626,17,0.3498402555910543
5.0,5,30.0,2,5.0,5.0,-0.8,15445,93,0.20440271932664292,0.10534153447717708,0.69025574619618,549,5.903225806451613,2559.274846228553,65.0,521,28,0.42994241842610365
5.0,5,30.0,2,5.0,5.0,-0.7,15445,93,0.18575590806086112,0.11816121722240207,0.6960828747167368,478,5.139784946236559,2228.293946260926,90.0,462,16,0.47835497835497837
5.0,5,30.0,2,5.0,5.0,-0.6,15445,93,0.18478471997410165,0.11149239235998705,0.7037228876659113,478,5.139784946236559,2228.293946260926,85.0,462,16,0.47835497835497837
5.0,5,30.0,2,5.0,5.0,-0.5,15445,93,0.1818064098413726,0.11052120427322758,0.7076723858853998,478,5.139784946236559,2228.293946260926,85.0,462,16,0.47835497835497837
5.0,5,30.0,2,5.0,5.0,-0.4,15445,93,0.16866299773389445,0.10987374554872127,0.7214632567173843,576,6.193548387096774,2685.14082227258,45.0,524,52,0.3511450381679389
5.0,5,30.0,2,5.0,5.0,-0.3,15445,93,0.15519585626416316,0.11913240530916154,0.7256717384266753,613,6.591397849462366,2857.6238264810618,25.0,537,76,0.297951582867784
5.0,5,30.0,2,5.0,5.0,-0.2,15445,93,0.1370670119779864,0.10987374554872127,0.7530592424732924,717,7.709677419354839,3342.440919391389,15.0,641,76,0.24960998439937598
5.0,5,30.0,2,5.0,5.0,-0.1,15445,93,0.13700226610553576,0.09634185820653933,0.7666558756879249,621,6.67741935483871,2894.9174490126256,15.0,545,76,0.29357798165137616
5.0,5,30.0,2,5.0,5.0,0.0,15445,93,0.12806733570734866,0.07400453221107155,0.7979281320815798,530,5.698924731182796,2470.7024927160896,20.0,456,74,0.3508771929824561
5.0,5,30.0,2,5.0,5.0,0.1,15445,93,0.128002589834898,0.05950145678213014,0.8124959533829719,466,5.010752688172043,2172.3535124635805,20.0,393,73,0.36895674300254455
5.0,5,30.0,2,5.0,5.0,0.2,15445,93,0.1267076723858854,0.041437358368404016,0.8318549692457106,405,4.354838709677419,1887.989640660408,20.0,333,72,0.3933933933933934
5.0,5,30.0,2,5.0,5.0,0.3,15445,93,0.1267076723858854,0.03755260602136614,0.8357397215927485,373,4.010752688172043,1738.8151505341534,20.0,302,71,0.3841059602649007
5.0,5,30.0,2,5.0,5.0,0.4,15445,93,0.12554224668177405,0.016833926837164132,0.8576238264810618,230,2.4731182795698925,1072.1916477824539,32.5,200,30,0.43
5.0,5,30.0,2,5.0,5.0,0.5,15445,93,0.12554224668177405,0.016056976367756555,0.8584007769504695,230,2.4731182795698925,1072.1916477824539,32.5,200,30,0.43
5.0,5,30.0,2,5.0,5.0,0.6,15445,93,0.1244415668501133,0.011395273551311104,0.8641631595985756,182,1.956989247311828,848.4299125930722,35.0,176,6,0.48863636363636365
5.0,5,30.0,2,5.0,5.0,0.7,15445,93,0.12437682097766267,0.011395273551311104,0.8642279054710262,182,1.956989247311828,848.4299125930722,32.5,176,6,0.48863636363636365
5.0,5,30.0,2,5.0,5.0,0.8,15445,93,0.12321139527355131,0.011395273551311104,0.8653933311751376,182,1.956989247311828,848.4299125930722,32.5,176,6,0.48863636363636365
5.0,5,30.0,2,5.0,5.0,0.9,15445,93,0.12321139527355131,0.011395273551311104,0.8653933311751376,182,1.956989247311828,848.4299125930722,32.5,176,6,0.48863636363636365
5.0,5,30.0,2,5.0,5.0,1.0,15445,93,0.12185173195208805,0.011395273551311104,0.8667529944966008,182,1.956989247311828,848.4299125930722,32.5,176,6,0.48863636363636365
5.0,5,30.0,3,5.0,10.0,-4.0,15445,93,1.0,0.0,0.0,0,0.0,0.0,,0,0,
5.0,5,30.0,3,5.0,10.0,-3.9,15445,93,1.0,0.0,0.0,0,0.0,0.0,,0,0,
5.0,5,30.0,3,5.0,10.0,-3.8,15445,93,1.0,0.0,0.0,0,0.0,0.0,,0,0,
5.0,5,30.0,3,5.0,10.0,-3.7,15445,93,1.0,0.0,0.0,0,0.0,0.0,,0,0,
5.0,5,30.0,3,5.0,10.0,-3.6,15445,93,1.0,0.0,0.0,0,0.0,0.0,,0,0,
5.0,5,30.0,3,5.0,10.0,-3.5,15445,93,1.0,0.0,0.0,0,0.0,0.0,,0,0,
5.0,5,30.0,3,5.0,10.0,-3.4,15445,93,1.0,0.0,0.0,0,0.0,0.0,,0,0,
5.0,5,30.0,3,5.0,10.0,-3.3,15445,93,1.0,0.0,0.0,0,0.0,0.0,,0,0,
5.0,5,30.0,3,5.0,10.0,-3.2,15445,93,1.0,0.0,0.0,0,0.0,0.0,,0,0,
5.0,5,30.0,3,5.0,10.0,-3.1,15445,93,1.0,0.0,0.0,0,0.0,0.0,,0,0,
5.0,5,30.0,3,5.0,10.0,-3.0,15445,93,1.0,0.0,0.0,0,0.0,0.0,,0,0,
5.0,5,30.0,3,5.0,10.0,-2.9,15445,93,1.0,0.0,0.0,0,0.0,0.0,,0,0,
5.0,5,30.0,3,5.0,10.0,-2.8,15445,93,1.0,0.0,0.0,0,0.0,0.0,,0,0,
5.0,5,30.0,3,5.0,10.0,-2.7,15445,93,1.0,0.0,0.0,0,0.0,0.0,,0,0,
5.0,5,30.0,3,5.0,10.0,-2.6,15445,93,1.0,0.0,0.0,0,0.0,0.0,,0,0,
5.0,5,30.0,3,5.0,10.0,-2.5,15445,93,0.994561346714147,0.005438653285853027,0.0,28,0.3010752688172043,130.52767886047263,32.5,27,1,0.48148148148148145
5.0,5,30.0,3,5.0,10.0,-2.4,15445,93,0.9827775979281321,0.01722240207186792,0.0,80,0.8602150537634409,372.93622531563614,35.0,79,1,0.4936708860759494
5.0,5,30.0,3,5.0,10.0,-2.3,15445,93,0.9466494011006799,0.053350598899320166,0.0,192,2.064516129032258,895.0469407575266,65.0,191,1,0.4973821989528796
5.0,5,30.0,3,5.0,10.0,-2.2,15445,93,0.8834574295888638,0.11026222078342506,0.006280349627711233,385,4.139784946236559,1794.7555843314988,40.0,377,8,0.38726790450928383
5.0,5,30.0,3,5.0,10.0,-2.1,15445,93,0.6880543865328586,0.2980252508902557,0.013920362576885724,572,6.150537634408602,2666.4940110067982,40.0,561,11,0.26916221033868093
5.0,5,30.0,3,5.0,10.0,-2.0,15445,93,0.5923599870508255,0.33493039818711556,0.07270961476205892,735,7.903225806451613,3426.351570087407,40.0,720,15,0.3263888888888889
5.0,5,30.0,3,5.0,10.0,-1.9,15445,93,0.4797669148591777,0.36257688572353514,0.15765619941728715,1000,10.75268817204301,4661.702816445451,40.0,979,21,0.23391215526046988
5.0,5,30.0,3,5.0,10.0,-1.8,15445,93,0.4229200388475235,0.36283586921333766,0.21424409193913888,914,9.827956989247312,4260.796374231143,50.0,894,20,0.3143176733780761
5.0,5,30.0,3,5.0,10.0,-1.7,15445,93,0.3570087406927808,0.34516024603431533,0.29783101327290384,707,7.602150537634409,3295.8238912269344,80.0,687,20,0.49199417758369723
5.0,5,30.0,3,5.0,10.0,-1.6,15445,93,0.3207510521204273,0.34820330203949496,0.3310456458400777,726,7.806451612903226,3384.396244739398,70.0,704,22,0.4943181818181818
5.0,5,30.0,3,5.0,10.0,-1.5,15445,93,0.31867918420200714,0.3135642602784072,0.36775655551958564,825,8.870967741935484,3845.9048235674977,60.0,805,20,0.3242236024844721
5.0,5,30.0,3,5.0,10.0,-1.4,15445,93,0.3175785043703464,0.21735189381676917,0.4650696018128844,1095,11.774193548387096,5104.56458400777,25.0,1073,22,0.1724137931034483
5.0,5,30.0,3,5.0,10.0,-1.3,15445,93,0.2895435415992231,0.11544189057947556,0.5950145678213014,931,10.010752688172044,4340.0453221107155,35.0,898,33,0.17371937639198218
5.0,5,30.0,3,5.0,10.0,-1.2,15445,93,0.2904499838135319,0.058141793460666884,0.6514082227258012,623,6.698924731182796,2904.2408546455167,50.0,578,45,0.24740484429065743
5.0,5,30.0,3,5.0,10.0,-1.1,15445,93,0.2608611201035934,0.0755584331498867,0.66358044674652,614,6.602150537634409,2862.2855292975073,45.0,556,58,0.23381294964028776
5.0,5,30.0,3,5.0,10.0,-1.0,15445,93,0.23761735189381678,0.08960828747167368,0.6727743606345096,549,5.903225806451613,2559.274846228553,60.0,480,69,0.18125
5.0,5,30.0,3,5.0,10.0,-0.9,15445,93,0.23593395921010035,0.07193266429265134,0.6921333764972483,452,4.860215053763441,2107.0896730333443,65.0,374,78,0.20053475935828877
5.0,5,30.0,3,5.0,10.0,-0.8,15445,93,0.21748138556167043,0.08533505988993202,0.6971835545483975,389,4.182795698924731,1813.4023955972807,95.0,312,77,0.2980769230769231
5.0,5,30.0,3,5.0,10.0,-0.7,15445,93,0.19883457429588863,0.09867270961476206,0.7024927160893493,322,3.4623655913978495,1501.0683068954354,137.5,245,77,0.3183673469387755
5.0,5,30.0,3,5.0,10.0,-0.6,15445,93,0.19766914859177728,0.09200388475234704,0.7103269666558757,320,3.4408602150537635,1491.7449012625445,152.5,244,76,0.319672131147541
5.0,5,30.0,3,5.0,10.0,-0.5,15445,93,0.19235998705082552,0.0910974425380382,0.7165425704111363,322,3.4623655913978495,1501.0683068954354,140.0,246,76,0.3170731707317073
5.0,5,30.0,3,5.0,10.0,-0.4,15445,93,0.1809647134995144,0.0909032049206863,0.7281320815797993,424,4.559139784946237,1976.5619941728714,80.0,348,76,0.22126436781609196
5.0,5,30.0,3,5.0,10.0,-0.3,15445,93,0.1666558756879249,0.09893169310456458,0.7344124312075105,429,4.612903225806452,1999.870508255099,65.0,353,76,0.21813031161473087
5.0,5,30.0,3,5.0,10.0,-0.2,15445,93,0.1517643250242797,0.09019100032372936,0.758044674651991,454,4.881720430107527,2116.413078666235,45.0,377,77,0.20424403183023873
5.0,5,30.0,3,5.0,10.0,-0.1,15445,93,0.15169957915182908,0.08080284881838783,0.7674975720297831,422,4.537634408602151,1967.2385885399806,45.0,345,77,0.26956521739130435
5.0,5,30.0,3,5.0,10.0,0.0,15445,93,0.14528973777921658,0.060343153123988344,0.7943671090967951,345,3.7096774193548385,1608.2874716736808,60.0,270,75,0.35185185185185186
5.0,5,30.0,3,5.0,10.0,0.1,15445,93,0.14503075428941406,0.04169634185820654,0.8132729038523794,215,2.3118279569892475,1002.2661055357721,60.0,143,72,0.5804195804195804
5.0,5,30.0,3,5.0,10.0,0.2,15445,93,0.14393007445775333,0.024150210424085463,0.8319197151181612,240,2.5806451612903225,1118.8086759469084,40.0,168,72,0.49404761904761907
5.0,5,30.0,3,5.0,10.0,0.3,15445,93,0.14393007445775333,0.020265458077047587,0.8358044674651991,208,2.236559139784946,969.6341858206539,40.0,137,71,0.6131386861313869
5.0,5,30.0,3,5.0,10.0,0.4,15445,93,0.14276464875364195,0.005438653285853027,0.8517966979605051,142,1.5268817204301075,661.9617999352541,565.0,110,32,0.7636363636363637
5.0,5,30.0,3,5.0,10.0,0.5,15445,93,0.14276464875364195,0.004661702816445451,0.8525736484299126,142,1.5268817204301075,661.9617999352541,565.0,110,32,0.7636363636363637
5.0,5,30.0,3,5.0,10.0,0.6,15445,93,0.14166396892198121,0.0,0.8583360310780188,94,1.010752688172043,438.20006474587245,870.0,86,8,0.9767441860465116
5.0,5,30.0,3,5.0,10.0,0.7,15445,93,0.1415992230495306,0.0,0.8584007769504695,94,1.010752688172043,438.20006474587245,870.0,86,8,0.9767441860465116
5.0,5,30.0,3,5.0,10.0,0.8,15445,93,0.14043379734541922,0.0,0.8595662026545807,94,1.010752688172043,438.20006474587245,875.0,86,8,0.9767441860465116
5.0,5,30.0,3,5.0,10.0,0.9,15445,93,0.14043379734541922,0.0,0.8595662026545807,94,1.010752688172043,438.20006474587245,875.0,86,8,0.9767441860465116
5.0,5,30.0,3,5.0,10.0,1.0,15445,93,0.1388798964066041,0.0,0.861120103593396,92,0.989247311827957,428.87665911298154,875.0,85,7,0.9882352941176471
5.0,5,60.0,1,5.0,0.0,-4.0,15445,93,1.0,0.0,0.0,0,0.0,0.0,,0,0,
5.0,5,60.0,1,5.0,0.0,-3.9,15445,93,1.0,0.0,0.0,0,0.0,0.0,,0,0,
5.0,5,60.0,1,5.0,0.0,-3.8,15445,93,1.0,0.0,0.0,0,0.0,0.0,,0,0,
5.0,5,60.0,1,5.0,0.0,-3.7,15445,93,1.0,0.0,0.0,0,0.0,0.0,,0,0,
5.0,5,60.0,1,5.0,0.0,-3.6,15445,93,1.0,0.0,0.0,0,0.0,0.0,,0,0,
5.0,5,60.0,1,5.0,0.0,-3.5,15445,93,1.0,0.0,0.0,0,0.0,0.0,,0,0,
5.0,5,60.0,1,5.0,0.0,-3.4,15445,93,1.0,0.0,0.0,0,0.0,0.0,,0,0,
5.0,5,60.0,1,5.0,0.0,-3.3,15445,93,1.0,0.0,0.0,0,0.0,0.0,,0,0,
5.0,5,60.0,1,5.0,0.0,-3.2,15445,93,1.0,0.0,0.0,0,0.0,0.0,,0,0,
5.0,5,60.0,1,5.0,0.0,-3.1,15445,93,1.0,0.0,0.0,0,0.0,0.0,,0,0,
5.0,5,60.0,1,5.0,0.0,-3.0,15445,93,1.0,0.0,0.0,0,0.0,0.0,,0,0,
5.0,5,60.0,1,5.0,0.0,-2.9,15445,93,1.0,0.0,0.0,0,0.0,0.0,,0,0,
5.0,5,60.0,1,5.0,0.0,-2.8,15445,93,1.0,0.0,0.0,0,0.0,0.0,,0,0,
5.0,5,60.0,1,5.0,0.0,-2.7,15445,93,1.0,0.0,0.0,0,0.0,0.0,,0,0,
5.0,5,60.0,1,5.0,0.0,-2.6,15445,93,1.0,0.0,0.0,0,0.0,0.0,,0,0,
5.0,5,60.0,1,5.0,0.0,-2.5,15445,93,1.0,0.0,0.0,0,0.0,0.0,,0,0,
5.0,5,60.0,1,5.0,0.0,-2.4,15445,93,0.9991583036581418,0.0008416963418582065,0.0,2,0.021505376344086023,9.323405632890903,137.5,2,0,0.5
5.0,5,60.0,1,5.0,0.0,-2.3,15445,93,0.985432178698608,0.014567821301392036,0.0,86,0.9247311827956989,400.90644221430887,25.0,84,2,0.32142857142857145
5.0,5,60.0,1,5.0,0.0,-2.2,15445,93,0.961540951764325,0.038459048235674975,0.0,178,1.913978494623656,829.7831013272903,25.0,174,4,0.3275862068965517
5.0,5,60.0,1,5.0,0.0,-2.1,15445,93,0.8088701845257364,0.18989964389770153,0.001230171576561994,360,3.870967741935484,1678.2130139203625,70.0,351,9,0.5242165242165242
5.0,5,60.0,1,5.0,0.0,-2.0,15445,93,0.6683716413078666,0.3074134023955973,0.024214956296536097,281,3.021505376344086,1309.9384914211719,95.0,276,5,0.5797101449275363
5.0,5,60.0,1,5.0,0.0,-1.9,15445,93,0.569439948203302,0.29718355454839757,0.13337649724830042,688,7.397849462365591,3207.251537714471,45.0,671,17,0.36065573770491804
5.0,5,60.0,1,5.0,0.0,-1.8,15445,93,0.4780835221754613,0.308514082227258,0.21340239559728066,795,8.548387096774194,3706.053739074134,65.0,775,20,0.44516129032258067
5.0,5,60.0,1,5.0,0.0,-1.7,15445,93,0.4082874716736808,0.26079637423114277,0.33091615409517644,535,5.752688172043011,2494.011006798317,100.0,518,17,0.6833976833976834
5.0,5,60.0,1,5.0,0.0,-1.6,15445,93,0.3704111362900615,0.2820330203949498,0.3475558433149887,577,6.204301075268817,2689.8025250890255,95.0,561,16,0.5882352941176471
5.0,5,60.0,1,5.0,0.0,-1.5,15445,93,0.33505988993201685,0.3069601812884429,0.3579799287795403,612,6.580645161290323,2852.9621236646162,90.0,594,18,0.5538720538720538
5.0,5,60.0,1,5.0,0.0,-1.4,15445,93,0.3204920686306248,0.23930074457753317,0.440207186791842,801,8.612903225806452,3734.0239559728066,55.0,781,20,0.30089628681177977
5.0,5,60.0,1,5.0,0.0,-1.3,15445,93,0.28947879572677243,0.14710262220783424,0.5634185820653933,732,7.870967741935484,3412.3664616380706,45.0,713,19,0.30575035063113604
5.0,5,60.0,1,5.0,0.0,-1.2,15445,93,0.2738750404661703,0.11673680802848818,0.6093881515053415,793,8.526881720430108,3696.7303334412427,30.0,761,32,0.26938239159001315
5.0,5,60.0,1,5.0,0.0,-1.1,15445,93,0.2617675623179022,0.08527031401748139,0.6529621236646164,740,7.956989247311828,3449.660084169634,25.0,710,30,0.3352112676056338
5.0,5,60.0,1,5.0,0.0,-1.0,15445,93,0.23651667206215604,0.09168015539009389,0.6718031725477501,642,6.903225806451613,2992.81320815798,35.0,612,30,0.41830065359477125
5.0,5,60.0,1,5.0,0.0,-0.9,15445,93,0.22952411783748786,0.08779540304305601,0.6826804791194562,639,6.870967741935484,2978.8280997086435,35.0,585,54,0.39658119658119656
5.0,5,60.0,1,5.0,0.0,-0.8,15445,93,0.1996115247652962,0.10611848494658466,0.6942699902881191,571,6.139784946236559,2661.8323081903527,45.0,493,78,0.359026369168357
5.0,5,60.0,1,5.0,0.0,-0.7,15445,93,0.17500809323405633,0.11719002913564261,0.7078018776303011,475,5.10752688172043,2214.3088378115895,75.0,398,77,0.40703517587939697
5.0,5,60.0,1,5.0,0.0,-0.6,15445,93,0.1730657170605374,0.10618323081903529,0.7207510521204273,475,5.10752688172043,2214.3088378115895,65.0,399,76,0.40601503759398494
5.0,5,60.0,1,5.0,0.0,-0.5,15445,93,0.16859825186144384,0.09899643897701521,0.732405309161541,500,5.376344086021505,2330.8514082227257,50.0,425,75,0.3788235294117647
5.0,5,60.0,1,5.0,0.0,-0.4,15445,93,0.1571382324376821,0.09634185820653933,0.7465199093557786,498,5.354838709677419,2321.528002589835,50.0,423,75,0.3829787234042553
5.0,5,60.0,1,5.0,0.0,-0.3,15445,93,0.14567821301392037,0.10301068306895435,0.7513111039171253,497,5.344086021505376,2316.8662997733895,50.0,422,75,0.38388625592417064
5.0,5,60.0,1,5.0,0.0,-0.2,15445,93,0.13654904499838136,0.0921333764972483,0.7713175785043703,467,5.021505376344086,2177.015215280026,40.0,392,75,0.4107142857142857
5.0,5,60.0,1,5.0,0.0,-0.1,15445,93,0.13654904499838136,0.0795079313693752,0.7839430236322434,433,4.655913978494624,2018.5173195208804,40.0,359,74,0.40668523676880225
5.0,5,60.0,1,5.0,0.0,0.0,15445,93,0.1327290385237941,0.05412754936872775,0.8131434121074782,358,3.849462365591398,1668.8896082874717,20.0,287,71,0.40069686411149824
5.0,5,60.0,1,5.0,0.0,0.1,15445,93,0.1327290385237941,0.04376820977662674,0.8235027516995792,294,3.161290322580645,1370.5406280349628,20.0,225,69,0.37777777777777777
5.0,5,60.0,1,5.0,0.0,0.2,15445,93,0.13162835869213338,0.028034962771123342,0.8403366785367433,282,3.032258064516129,1314.6001942376172,20.0,225,57,0.37777777777777777
5.0,5,60.0,1,5.0,0.0,0.3,15445,93,0.13162835869213338,0.027258012301715765,0.8411136290061508,282,3.032258064516129,1314.6001942376172,20.0,225,57,0.37777777777777777
5.0,5,60.0,1,5.0,0.0,0.4,15445,93,0.130462932988022,0.017546131434121075,0.8519909355778569,181,1.946236559139785,843.7682097766267,15.0,175,6,0.4857142857142857
5.0,5,60.0,1,5.0,0.0,0.5,15445,93,0.130462932988022,0.017546131434121075,0.8519909355778569,181,1.946236559139785,843.7682097766267,15.0,175,6,0.4857142857142857
5.0,5,60.0,1,5.0,0.0,0.6,15445,93,0.1293622531563613,0.017481385561670445,0.8531563612819683,181,1.946236559139785,843.7682097766267,15.0,175,6,0.4857142857142857
5.0,5,60.0,1,5.0,0.0,0.7,15445,93,0.1293622531563613,0.017481385561670445,0.8531563612819683,181,1.946236559139785,843.7682097766267,15.0,175,6,0.4857142857142857
5.0,5,60.0,1,5.0,0.0,0.8,15445,93,0.12819682745224992,0.01741663968921981,0.8543865328585303,180,1.935483870967742,839.1065069601813,15.0,175,5,0.4857142857142857
5.0,5,60.0,1,5.0,0.0,0.9,15445,93,0.12819682745224992,0.01741663968921981,0.8543865328585303,180,1.935483870967742,839.1065069601813,15.0,175,5,0.4857142857142857
5.0,5,60.0,1,5.0,0.0,1.0,15445,93,0.1269019100032373,0.01741663968921981,0.855681450307543,180,1.935483870967742,839.1065069601813,15.0,175,5,0.4857142857142857
5.0,5,60.0,2,5.0,5.0,-4.0,15445,93,1.0,0.0,0.0,0,0.0,0.0,,0,0,
5.0,5,60.0,2,5.0,5.0,-3.9,15445,93,1.0,0.0,0.0,0,0.0,0.0,,0,0,
5.0,5,60.0,2,5.0,5.0,-3.8,15445,93,1.0,0.0,0.0,0,0.0,0.0,,0,0,
5.0,5,60.0,2,5.0,5.0,-3.7,15445,93,1.0,0.0,0.0,0,0.0,0.0,,0,0,
5.0,5,60.0,2,5.0,5.0,-3.6,15445,93,1.0,0.0,0.0,0,0.0,0.0,,0,0,
5.0,5,60.0,2,5.0,5.0,-3.5,15445,93,1.0,0.0,0.0,0,0.0,0.0,,0,0,
5.0,5,60.0,2,5.0,5.0,-3.4,15445,93,1.0,0.0,0.0,0,0.0,0.0,,0,0,
5.0,5,60.0,2,5.0,5.0,-3.3,15445,93,1.0,0.0,0.0,0,0.0,0.0,,0,0,
5.0,5,60.0,2,5.0,5.0,-3.2,15445,93,1.0,0.0,0.0,0,0.0,0.0,,0,0,
5.0,5,60.0,2,5.0,5.0,-3.1,15445,93,1.0,0.0,0.0,0,0.0,0.0,,0,0,
5.0,5,60.0,2,5.0,5.0,-3.0,15445,93,1.0,0.0,0.0,0,0.0,0.0,,0,0,
5.0,5,60.0,2,5.0,5.0,-2.9,15445,93,1.0,0.0,0.0,0,0.0,0.0,,0,0,
5.0,5,60.0,2,5.0,5.0,-2.8,15445,93,1.0,0.0,0.0,0,0.0,0.0,,0,0,
5.0,5,60.0,2,5.0,5.0,-2.7,15445,93,1.0,0.0,0.0,0,0.0,0.0,,0,0,
5.0,5,60.0,2,5.0,5.0,-2.6,15445,93,1.0,0.0,0.0,0,0.0,0.0,,0,0,
5.0,5,60.0,2,5.0,5.0,-2.5,15445,93,1.0,0.0,0.0,0,0.0,0.0,,0,0,
5.0,5,60.0,2,5.0,5.0,-2.4,15445,93,0.9991583036581418,0.0008416963418582065,0.0,2,0.021505376344086023,9.323405632890903,135.0,2,0,0.5
5.0,5,60.0,2,5.0,5.0,-2.3,15445,93,0.9845257364842991,0.015474263515700875,0.0,58,0.6236559139784946,270.3787633538362,60.0,56,2,0.48214285714285715
5.0,5,60.0,2,5.0,5.0,-2.2,15445,93,0.9608287471673681,0.03917125283263192,0.0,148,1.5913978494623655,689.9320168339268,55.0,144,4,0.3888888888888889
5.0,5,60.0,2,5.0,5.0,-2.1,15445,93,0.8095823891226934,0.18918743930074458,0.001230171576561994,358,3.849462365591398,1668.8896082874717,70.0,348,10,0.5229885057471264
5.0,5,60.0,2,5.0,5.0,-2.0,15445,93,0.6690838459048236,0.30670119779864036,0.024214956296536097,281,3.021505376344086,1309.9384914211719,95.0,276,5,0.5797101449275363
5.0,5,60.0,2,5.0,5.0,-1.9,15445,93,0.5703463904176109,0.29666558756879247,0.13298802201359664,688,7.397849462365591,3207.251537714471,45.0,671,17,0.36065573770491804
5.0,5,60.0,2,5.0,5.0,-1.8,15445,93,0.4792489478795727,0.3078018776303011,0.21294917449012626,795,8.548387096774194,3706.053739074134,65.0,775,20,0.44516129032258067
5.0,5,60.0,2,5.0,5.0,-1.7,15445,93,0.41048883133700226,0.2593072191647782,0.33020394949821946,503,5.408602150537634,2344.8365166720623,125.0,486,17,0.7283950617283951
5.0,5,60.0,2,5.0,5.0,-1.6,15445,93,0.37384266752994494,0.28041437358368404,0.345742958886371,477,5.129032258064516,2223.6322434444805,120.0,461,16,0.7136659436008677
5.0,5,60.0,2,5.0,5.0,-1.5,15445,93,0.3374554872126902,0.3074134023955973,0.3551311103917125,512,5.505376344086022,2386.7918420200713,95.0,496,16,0.6612903225806451
5.0,5,60.0,2,5.0,5.0,-1.4,15445,93,0.32288766591129814,0.23981871155713824,0.4372936225315636,701,7.537634408602151,3267.8536743282616,65.0,682,19,0.34457478005865105
5.0,5,60.0,2,5.0,5.0,-1.3,15445,93,0.29077371317578504,0.14787957267724183,0.5613467141469731,695,7.473118279569892,3239.883457429589,50.0,664,31,0.30873493975903615
5.0,5,60.0,2,5.0,5.0,-1.2,15445,93,0.2752994496600842,0.11867918420200713,0.6060213661379087,726,7.806451612903226,3384.396244739398,35.0,681,45,0.28193832599118945
5.0,5,60.0,2,5.0,5.0,-1.1,15445,93,0.26325671738426676,0.08196827452249919,0.6547750080932341,637,6.849462365591398,2969.5046940757525,30.0,583,54,0.4528301886792453
5.0,5,60.0,2,5.0,5.0,-1.0,15445,93,0.23813531887342182,0.09135642602784072,0.6705082550987375,639,6.870967741935484,2978.8280997086435,35.0,572,67,0.38286713286713286
5.0,5,60.0,2,5.0,5.0,-0.9,15445,93,0.23120751052120428,0.08747167368080284,0.6813208157979929,637,6.849462365591398,2969.5046940757525,35.0,560,77,0.36964285714285716
5.0,5,60.0,2,5.0,5.0,-0.8,15445,93,0.20129491744901262,0.1057947555843315,0.6929103269666559,569,6.118279569892473,2652.508902557462,40.0,493,76,0.359026369168357
5.0,5,60.0,2,5.0,5.0,-0.7,15445,93,0.17669148591777273,0.11686629977338944,0.7064422143088378,473,5.086021505376344,2204.985432178699,75.0,397,76,0.40554156171284633
5.0,5,60.0,2,5.0,5.0,-0.6,15445,93,0.17481385561670443,0.10585950145678213,0.7193266429265134,474,5.096774193548387,2209.647134995144,65.0,399,75,0.40601503759398494
5.0,5,60.0,2,5.0,5.0,-0.5,15445,93,0.1711880867594691,0.09789575914535448,0.7309161540951764,473,5.086021505376344,2204.985432178699,60.0,398,75,0.4045226130653266
5.0,5,60.0,2,5.0,5.0,-0.4,15445,93,0.16134671414697313,0.09362253156361282,0.745030754289414,474,5.096774193548387,2209.647134995144,50.0,399,75,0.40601503759398494
5.0,5,60.0,2,5.0,5.0,-0.3,15445,93,0.15150534153447717,0.09867270961476206,0.7498219488507608,473,5.086021505376344,2204.985432178699,45.0,398,75,0.40703517587939697
5.0,5,60.0,2,5.0,5.0,-0.2,15445,93,0.14237617351893816,0.08792489478795727,0.7696989316931045,466,5.010752688172043,2172.3535124635805,40.0,391,75,0.4117647058823529
5.0,5,60.0,2,5.0,5.0,-0.1,15445,93,0.14237617351893816,0.07529944966008417,0.7823243768209777,432,4.645161290322581,2013.8556167044353,37.5,358,74,0.40782122905027934
5.0,5,60.0,2,5.0,5.0,0.0,15445,93,0.13855616704435092,0.05244415668501133,0.8089996762706377,333,3.5806451612903225,1552.3470378763352,35.0,263,70,0.4372623574144487
5.0,5,60.0,2,5.0,5.0,0.1,15445,93,0.13855616704435092,0.04208481709291033,0.8193590158627387,269,2.89247311827957,1253.9980576238263,25.0,201,68,0.4228855721393035
5.0,5,60.0,2,5.0,5.0,0.2,15445,93,0.13745548721269019,0.027905471026222078,0.8346390417610877,281,3.021505376344086,1309.9384914211719,15.0,225,56,0.37777777777777777
5.0,5,60.0,2,5.0,5.0,0.3,15445,93,0.13745548721269019,0.026351570087406927,0.8361929426999029,257,2.763440860215054,1198.057623826481,15.0,213,44,0.39906103286384975
5.0,5,60.0,2,5.0,5.0,0.4,15445,93,0.13629006150857884,0.017481385561670445,0.8462285529297507,181,1.946236559139785,843.7682097766267,15.0,175,6,0.4857142857142857
5.0,5,60.0,2,5.0,5.0,0.5,15445,93,0.13629006150857884,0.017481385561670445,0.8462285529297507,181,1.946236559139785,843.7682097766267,15.0,175,6,0.4857142857142857
5.0,5,60.0,2,5.0,5.0,0.6,15445,93,0.1351893816769181,0.01735189381676918,0.8474587245063128,179,1.924731182795699,834.4448041437358,15.0,174,5,0.4885057471264368
5.0,5,60.0,2,5.0,5.0,0.7,15445,93,0.1351893816769181,0.01735189381676918,0.8474587245063128,179,1.924731182795699,834.4448041437358,15.0,174,5,0.4885057471264368
5.0,5,60.0,2,5.0,5.0,0.8,15445,93,0.13402395597280672,0.01741663968921981,0.8485594043379735,179,1.924731182795699,834.4448041437358,15.0,174,5,0.4885057471264368
5.0,5,60.0,2,5.0,5.0,0.9,15445,93,0.13402395597280672,0.01741663968921981,0.8485594043379735,179,1.924731182795699,834.4448041437358,15.0,174,5,0.4885057471264368
5.0,5,60.0,2,5.0,5.0,1.0,15445,93,0.1327290385237941,0.01741663968921981,0.8498543217869861,179,1.924731182795699,834.4448041437358,15.0,174,5,0.4885057471264368
5.0,5,60.0,3,5.0,10.0,-4.0,15445,93,1.0,0.0,0.0,0,0.0,0.0,,0,0,
5.0,5,60.0,3,5.0,10.0,-3.9,15445,93,1.0,0.0,0.0,0,0.0,0.0,,0,0,
5.0,5,60.0,3,5.0,10.0,-3.8,15445,93,1.0,0.0,0.0,0,0.0,0.0,,0,0,
5.0,5,60.0,3,5.0,10.0,-3.7,15445,93,1.0,0.0,0.0,0,0.0,0.0,,0,0,
5.0,5,60.0,3,5.0,10.0,-3.6,15445,93,1.0,0.0,0.0,0,0.0,0.0,,0,0,
5.0,5,60.0,3,5.0,10.0,-3.5,15445,93,1.0,0.0,0.0,0,0.0,0.0,,0,0,
5.0,5,60.0,3,5.0,10.0,-3.4,15445,93,1.0,0.0,0.0,0,0.0,0.0,,0,0,
5.0,5,60.0,3,5.0,10.0,-3.3,15445,93,1.0,0.0,0.0,0,0.0,0.0,,0,0,
5.0,5,60.0,3,5.0,10.0,-3.2,15445,93,1.0,0.0,0.0,0,0.0,0.0,,0,0,
5.0,5,60.0,3,5.0,10.0,-3.1,15445,93,1.0,0.0,0.0,0,0.0,0.0,,0,0,
5.0,5,60.0,3,5.0,10.0,-3.0,15445,93,1.0,0.0,0.0,0,0.0,0.0,,0,0,
5.0,5,60.0,3,5.0,10.0,-2.9,15445,93,1.0,0.0,0.0,0,0.0,0.0,,0,0,
5.0,5,60.0,3,5.0,10.0,-2.8,15445,93,1.0,0.0,0.0,0,0.0,0.0,,0,0,
5.0,5,60.0,3,5.0,10.0,-2.7,15445,93,1.0,0.0,0.0,0,0.0,0.0,,0,0,
5.0,5,60.0,3,5.0,10.0,-2.6,15445,93,1.0,0.0,0.0,0,0.0,0.0,,0,0,
5.0,5,60.0,3,5.0,10.0,-2.5,15445,93,1.0,0.0,0.0,0,0.0,0.0,,0,0,
5.0,5,60.0,3,5.0,10.0,-2.4,15445,93,0.9991583036581418,0.0008416963418582065,0.0,2,0.021505376344086023,9.323405632890903,132.5,2,0,0.5
5.0,5,60.0,3,5.0,10.0,-2.3,15445,93,0.9845257364842991,0.015474263515700875,0.0,58,0.6236559139784946,270.3787633538362,60.0,56,2,0.48214285714285715
5.0,5,60.0,3,5.0,10.0,-2.2,15445,93,0.9590158627387504,0.040984137261249595,0.0,117,1.2580645161290323,545.4192295241178,65.0,114,3,0.5
5.0,5,60.0,3,5.0,10.0,-2.1,15445,93,0.8028488183878277,0.19592101003561024,0.001230171576561994,243,2.6129032258064515,1132.7937843962447,160.0,234,9,0.7777777777777778
5.0,5,60.0,3,5.0,10.0,-2.0,15445,93,0.6696665587568793,0.30611848494658467,0.024214956296536097,278,2.989247311827957,1295.9533829718355,95.0,273,5,0.5824175824175825
5.0,5,60.0,3,5.0,10.0,-1.9,15445,93,0.5712528326319197,0.294464227905471,0.13428293946260925,660,7.096774193548387,3076.7238588539976,55.0,644,16,0.37577639751552794
5.0,5,60.0,3,5.0,10.0,-1.8,15445,93,0.4826157332470055,0.3047588216251214,0.2126254451278731,760,8.172043010752688,3542.894140498543,65.0,738,22,0.46476964769647694
5.0,5,60.0,3,5.0,10.0,-1.7,15445,93,0.41191324053091616,0.25846552282292,0.32962123664616383,498,5.354838709677419,2321.528002589835,125.0,482,16,0.7323651452282157
5.0,5,60.0,3,5.0,10.0,-1.6,15445,93,0.37526707672385884,0.27957267724182583,0.34516024603431533,473,5.086021505376344,2204.985432178699,120.0,457,16,0.7177242888402626
5.0,5,60.0,3,5.0,10.0,-1.5,15445,93,0.3412107478148268,0.30430560051796696,0.3544836516672062,476,5.118279569892473,2218.970540628035,95.0,459,17,0.7124183006535948
5.0,5,60.0,3,5.0,10.0,-1.4,15445,93,0.3244415668501133,0.23897701521528003,0.43658141793460664,699,7.516129032258065,3258.5302686953705,60.0,680,19,0.34558823529411764
5.0,5,60.0,3,5.0,10.0,-1.3,15445,93,0.29219812236969894,0.1474263515700874,0.5603755260602137,691,7.43010752688172,3221.2366461638067,45.0,660,31,0.3106060606060606
5.0,5,60.0,3,5.0,10.0,-1.2,15445,93,0.27691809647134996,0.10955001618646812,0.6135318873421819,688,7.397849462365591,3207.251537714471,35.0,644,44,0.37422360248447206
5.0,5,60.0,3,5.0,10.0,-1.1,15445,93,0.2649401100679832,0.08119132405309161,0.6538685658789252,633,6.806451612903226,2950.8578828099708,30.0,580,53,0.45517241379310347
5.0,5,60.0,3,5.0,10.0,-1.0,15445,93,0.2420200712204597,0.08857235351246358,0.6694075752670767,618,6.645161290322581,2880.932340563289,40.0,552,66,0.39492753623188404
5.0,5,60.0,3,5.0,10.0,-0.9,15445,93,0.23496277112334088,0.08494658465522822,0.6800906442214308,615,6.612903225806452,2866.947232113953,35.0,538,77,0.3828996282527881
5.0,5,60.0,3,5.0,10.0,-0.8,15445,93,0.2051796697960505,0.10326966655875688,0.6915506636451926,550,5.913978494623656,2563.936549044998,40.0,474,76,0.37130801687763715
5.0,5,60.0,3,5.0,10.0,-0.7,15445,93,0.1785043703463904,0.11485917772741988,0.7066364519261897,458,4.924731182795699,2135.059889932017,75.0,382,76,0.418848167539267
5.0,5,60.0,3,5.0,10.0,-0.6,15445,93,0.17669148591777273,0.10534153447717708,0.7179669796050502,471,5.064516129032258,2195.6620265458077,65.0,395,76,0.4050632911392405
5.0,5,60.0,3,5.0,10.0,-0.5,15445,93,0.17313046293298803,0.09569439948203302,0.731175137584979,457,4.913978494623656,2130.3981871155715,65.0,382,75,0.4162303664921466
5.0,5,60.0,3,5.0,10.0,-0.4,15445,93,0.16490773713175785,0.0898672709614762,0.7452249919067659,459,4.935483870967742,2139.721592748462,55.0,383,76,0.4151436031331593
5.0,5,60.0,3,5.0,10.0,-0.3,15445,93,0.15668501133052767,0.09329880220135967,0.7500161864681126,458,4.924731182795699,2135.059889932017,50.0,383,75,0.4177545691906005
5.0,5,60.0,3,5.0,10.0,-0.2,15445,93,0.14833279378439623,0.07963742311427646,0.7720297831013273,418,4.494623655913978,1948.5917772741986,40.0,343,75,0.46938775510204084
5.0,5,60.0,3,5.0,10.0,-0.1,15445,93,0.14833279378439623,0.06714146973130462,0.7845257364842991,385,4.139784946236559,1794.7555843314988,35.0,312,73,0.46794871794871795
5.0,5,60.0,3,5.0,10.0,0.0,15445,93,0.144512787309809,0.04991906765943671,0.8055681450307542,332,3.5698924731182795,1547.68533505989,30.0,262,70,0.4389312977099237
5.0,5,60.0,3,5.0,10.0,0.1,15445,93,0.144512787309809,0.03955972806733571,0.8159274846228552,268,2.881720430107527,1249.3363548073812,25.0,200,68,0.425
5.0,5,60.0,3,5.0,10.0,0.2,15445,93,0.14341210747814828,0.02589834898025251,0.8306895435415992,252,2.7096774193548385,1174.749109744254,15.0,210,42,0.40476190476190477
5.0,5,60.0,3,5.0,10.0,0.3,15445,93,0.14341210747814828,0.02589834898025251,0.8306895435415992,252,2.7096774193548385,1174.749109744254,15.0,210,42,0.40476190476190477
5.0,5,60.0,3,5.0,10.0,0.4,15445,93,0.1422466817740369,0.01715765619941729,0.8405956620265458,178,1.913978494623656,829.7831013272903,20.0,173,5,0.4913294797687861
5.0,5,60.0,3,5.0,10.0,0.5,15445,93,0.1422466817740369,0.01715765619941729,0.8405956620265458,178,1.913978494623656,829.7831013272903,20.0,173,5,0.4913294797687861
5.0,5,60.0,3,5.0,10.0,0.6,15445,93,0.14114600194237617,0.01715765619941729,0.8416963418582065,178,1.913978494623656,829.7831013272903,20.0,173,5,0.4913294797687861
5.0,5,60.0,3,5.0,10.0,0.7,15445,93,0.14114600194237617,0.01715765619941729,0.8416963418582065,178,1.913978494623656,829.7831013272903,20.0,173,5,0.4913294797687861
5.0,5,60.0,3,5.0,10.0,0.8,15445,93,0.13998057623826482,0.01722240207186792,0.8427970216898673,178,1.913978494623656,829.7831013272903,20.0,173,5,0.4913294797687861
5.0,5,60.0,3,5.0,10.0,0.9,15445,93,0.13998057623826482,0.01722240207186792,0.8427970216898673,178,1.913978494623656,829.7831013272903,20.0,173,5,0.4913294797687861
5.0,5,60.0,3,5.0,10.0,1.0,15445,93,0.13868565878925218,0.01722240207186792,0.8440919391388799,178,1.913978494623656,829.7831013272903,20.0,173,5,0.4913294797687861
5.0,5,120.0,1,5.0,0.0,-4.0,15445,93,1.0,0.0,0.0,0,0.0,0.0,,0,0,
5.0,5,120.0,1,5.0,0.0,-3.9,15445,93,1.0,0.0,0.0,0,0.0,0.0,,0,0,
5.0,5,120.0,1,5.0,0.0,-3.8,15445,93,1.0,0.0,0.0,0,0.0,0.0,,0,0,
5.0,5,120.0,1,5.0,0.0,-3.7,15445,93,1.0,0.0,0.0,0,0.0,0.0,,0,0,
5.0,5,120.0,1,5.0,0.0,-3.6,15445,93,1.0,0.0,0.0,0,0.0,0.0,,0,0,
5.0,5,120.0,1,5.0,0.0,-3.5,15445,93,1.0,0.0,0.0,0,0.0,0.0,,0,0,
5.0,5,120.0,1,5.0,0.0,-3.4,15445,93,1.0,0.0,0.0,0,0.0,0.0,,0,0,
5.0,5,120.0,1,5.0,0.0,-3.3,15445,93,1.0,0.0,0.0,0,0.0,0.0,,0,0,
5.0,5,120.0,1,5.0,0.0,-3.2,15445,93,1.0,0.0,0.0,0,0.0,0.0,,0,0,
5.0,5,120.0,1,5.0,0.0,-3.1,15445,93,1.0,0.0,0.0,0,0.0,0.0,,0,0,
5.0,5,120.0,1,5.0,0.0,-3.0,15445,93,1.0,0.0,0.0,0,0.0,0.0,,0,0,
5.0,5,120.0,1,5.0,0.0,-2.9,15445,93,1.0,0.0,0.0,0,0.0,0.0,,0,0,
5.0,5,120.0,1,5.0,0.0,-2.8,15445,93,1.0,0.0,0.0,0,0.0,0.0,,0,0,
5.0,5,120.0,1,5.0,0.0,-2.7,15445,93,1.0,0.0,0.0,0,0.0,0.0,,0,0,
5.0,5,120.0,1,5.0,0.0,-2.6,15445,93,1.0,0.0,0.0,0,0.0,0.0,,0,0,
5.0,5,120.0,1,5.0,0.0,-2.5,15445,93,1.0,0.0,0.0,0,0.0,0.0,,0,0,
5.0,5,120.0,1,5.0,0.0,-2.4,15445,93,1.0,0.0,0.0,0,0.0,0.0,,0,0,
5.0,5,120.0,1,5.0,0.0,-2.3,15445,93,1.0,0.0,0.0,0,0.0,0.0,,0,0,
5.0,5,120.0,1,5.0,0.0,-2.2,15445,93,0.9584978957591453,0.04150210424085465,0.0,250,2.6881720430107525,1165.4257041113628,20.0,245,5,0.21224489795918366
5.0,5,120.0,1,5.0,0.0,-2.1,15445,93,0.7835545483975397,0.21644545160246034,0.0,738,7.935483870967742,3440.3366785367434,20.0,729,9,0.20713305898491083
5.0,5,120.0,1,5.0,0.0,-2.0,15445,93,0.6515377144707025,0.34373583684040143,0.004726448688896083,218,2.3440860215053765,1016.2512139851084,115.0,212,6,0.6556603773584906
5.0,5,120.0,1,5.0,0.0,-1.9,15445,93,0.5821301392036258,0.3259307219164778,0.09193913887989641,684,7.354838709677419,3188.604726448689,40.0,669,15,0.31689088191330345
5.0,5,120.0,1,5.0,0.0,-1.8,15445,93,0.5164778245386856,0.27924894787957266,0.20427322758174166,980,10.53763440860215,4568.468760116542,40.0,960,20,0.2791666666666667
5.0,5,120.0,1,5.0,0.0,-1.7,15445,93,0.430560051796698,0.22123664616380706,0.34820330203949496,524,5.634408602150538,2442.732275817417,75.0,460,64,0.5804347826086956
5.0,5,120.0,1,5.0,0.0,-1.6,15445,93,0.3918420200712205,0.23755260602136613,0.3706053739074134,499,5.365591397849462,2326.18970540628,100.0,435,64,0.6114942528735632
5.0,5,120.0,1,5.0,0.0,-1.5,15445,93,0.3465846552282292,0.2661055357720945,0.38730980899967626,465,5.0,2167.691809647135,90.0,390,75,0.6128205128205129
5.0,5,120.0,1,5.0,0.0,-1.4,15445,93,0.3132405309161541,0.24940110067983165,0.43735836840401426,701,7.537634408602151,3267.8536743282616,60.0,623,78,0.30337078651685395
5.0,5,120.0,1,5.0,0.0,-1.3,15445,93,0.23625768857235352,0.2615085788280997,0.5022337325995467,697,7.494623655913978,3249.2068630624794,60.0,618,79,0.12459546925566344
5.0,5,120.0,1,5.0,0.0,-1.2,15445,93,0.21670443509226286,0.2179993525412755,0.5652962123664617,630,6.774193548387097,2936.8727743606346,60.0,551,79,0.1397459165154265
5.0,5,120.0,1,5.0,0.0,-1.1,15445,93,0.19987050825509875,0.18853998057623828,0.611589511168663,664,7.139784946236559,3095.37067011978,40.0,585,79,0.23931623931623933
5.0,5,120.0,1,5.0,0.0,-1.0,15445,93,0.18232437682097766,0.17733894464227906,0.6403366785367433,567,6.096774193548387,2643.185496924571,45.0,488,79,0.32581967213114754
5.0,5,120.0,1,5.0,0.0,-0.9,15445,93,0.17131757850437035,0.15830365814179345,0.6703787633538362,565,6.075268817204301,2633.86209129168,40.0,489,76,0.3312883435582822
5.0,5,120.0,1,5.0,0.0,-0.8,15445,93,0.15992230495305923,0.13402395597280672,0.706053739074134,429,4.612903225806452,1999.870508255099,55.0,354,75,0.4519774011299435
5.0,5,120.0,1,5.0,0.0,-0.7,15445,93,0.15636128196827453,0.10566526383943024,0.7379734541922952,416,4.473118279569892,1939.2683716413078,40.0,341,75,0.46920821114369504
5.0,5,120.0,1,5.0,0.0,-0.6,15445,93,0.15480738102945937,0.08442861767562318,0.7607640012949175,406,4.365591397849462,1892.6513434768533,45.0,331,75,0.48338368580060426
5.0,5,120.0,1,5.0,0.0,-0.5,15445,93,0.153641955325348,0.06662350275169958,0.7797345419229524,480,5.161290322580645,2237.6173518938167,20.0,406,74,0.39408866995073893
5.0,5,120.0,1,5.0,0.0,-0.4,15445,93,0.1525412754936873,0.030819035286500485,0.8166396892198122,315,3.3870967741935485,1468.4363871803173,15.0,247,68,0.340080971659919
5.0,5,120.0,1,5.0,0.0,-0.3,15445,93,0.1525412754936873,0.019617999352541274,0.8278407251537715,202,2.172043010752688,941.6639689219813,15.0,173,29,0.48554913294797686
5.0,5,120.0,1,5.0,0.0,-0.2,15445,93,0.15144059566202656,0.01728714794431855,0.8312722563936549,178,1.913978494623656,829.7831013272903,15.0,173,5,0.48554913294797686
5.0,5,120.0,1,5.0,0.0,-0.1,15445,93,0.15144059566202656,0.01728714794431855,0.8312722563936549,178,1.913978494623656,829.7831013272903,15.0,173,5,0.48554913294797686
5.0,5,120.0,1,5.0,0.0,0.0,15445,93,0.15014567821301392,0.01735189381676918,0.8325024279702169,178,1.913978494623656,829.7831013272903,17.5,173,5,0.48554913294797686
5.0,5,120.0,1,5.0,0.0,0.1,15445,93,0.15014567821301392,0.01735189381676918,0.8325024279702169,178,1.913978494623656,829.7831013272903,17.5,173,5,0.48554913294797686
5.0,5,120.0,1,5.0,0.0,0.2,15445,93,0.14904499838135318,0.01735189381676918,0.8336031078018776,178,1.913978494623656,829.7831013272903,17.5,173,5,0.48554913294797686
5.0,5,120.0,1,5.0,0.0,0.3,15445,93,0.14904499838135318,0.01735189381676918,0.8336031078018776,178,1.913978494623656,829.7831013272903,17.5,173,5,0.48554913294797686
5.0,5,120.0,1,5.0,0.0,0.4,15445,93,0.14787957267724183,0.01728714794431855,0.8348332793784397,178,1.913978494623656,829.7831013272903,17.5,173,5,0.48554913294797686
5.0,5,120.0,1,5.0,0.0,0.5,15445,93,0.14787957267724183,0.01728714794431855,0.8348332793784397,178,1.913978494623656,829.7831013272903,17.5,173,5,0.48554913294797686
5.0,5,120.0,1,5.0,0.0,0.6,15445,93,0.1467788928455811,0.01728714794431855,0.8359339592101004,178,1.913978494623656,829.7831013272903,17.5,173,5,0.48554913294797686
5.0,5,120.0,1,5.0,0.0,0.7,15445,93,0.1467788928455811,0.01728714794431855,0.8359339592101004,178,1.913978494623656,829.7831013272903,17.5,173,5,0.48554913294797686
5.0,5,120.0,1,5.0,0.0,0.8,15445,93,0.14561346714146972,0.01735189381676918,0.8370346390417611,179,1.924731182795699,834.4448041437358,15.0,174,5,0.4885057471264368
5.0,5,120.0,1,5.0,0.0,0.9,15445,93,0.14561346714146972,0.01735189381676918,0.8370346390417611,179,1.924731182795699,834.4448041437358,15.0,174,5,0.4885057471264368
5.0,5,120.0,1,5.0,0.0,1.0,15445,93,0.1443185496924571,0.01741663968921981,0.838264810618323,179,1.924731182795699,834.4448041437358,20.0,174,5,0.4885057471264368
5.0,5,120.0,2,5.0,5.0,-4.0,15445,93,1.0,0.0,0.0,0,0.0,0.0,,0,0,
5.0,5,120.0,2,5.0,5.0,-3.9,15445,93,1.0,0.0,0.0,0,0.0,0.0,,0,0,
5.0,5,120.0,2,5.0,5.0,-3.8,15445,93,1.0,0.0,0.0,0,0.0,0.0,,0,0,
5.0,5,120.0,2,5.0,5.0,-3.7,15445,93,1.0,0.0,0.0,0,0.0,0.0,,0,0,
5.0,5,120.0,2,5.0,5.0,-3.6,15445,93,1.0,0.0,0.0,0,0.0,0.0,,0,0,
5.0,5,120.0,2,5.0,5.0,-3.5,15445,93,1.0,0.0,0.0,0,0.0,0.0,,0,0,
5.0,5,120.0,2,5.0,5.0,-3.4,15445,93,1.0,0.0,0.0,0,0.0,0.0,,0,0,
5.0,5,120.0,2,5.0,5.0,-3.3,15445,93,1.0,0.0,0.0,0,0.0,0.0,,0,0,
5.0,5,120.0,2,5.0,5.0,-3.2,15445,93,1.0,0.0,0.0,0,0.0,0.0,,0,0,
5.0,5,120.0,2,5.0,5.0,-3.1,15445,93,1.0,0.0,0.0,0,0.0,0.0,,0,0,
5.0,5,120.0,2,5.0,5.0,-3.0,15445,93,1.0,0.0,0.0,0,0.0,0.0,,0,0,
5.0,5,120.0,2,5.0,5.0,-2.9,15445,93,1.0,0.0,0.0,0,0.0,0.0,,0,0,
5.0,5,120.0,2,5.0,5.0,-2.8,15445,93,1.0,0.0,0.0,0,0.0,0.0,,0,0,
5.0,5,120.0,2,5.0,5.0,-2.7,15445,93,1.0,0.0,0.0,0,0.0,0.0,,0,0,
5.0,5,120.0,2,5.0,5.0,-2.6,15445,93,1.0,0.0,0.0,0,0.0,0.0,,0,0,
5.0,5,120.0,2,5.0,5.0,-2.5,15445,93,1.0,0.0,0.0,0,0.0,0.0,,0,0,
5.0,5,120.0,2,5.0,5.0,-2.4,15445,93,1.0,0.0,0.0,0,0.0,0.0,,0,0,
5.0,5,120.0,2,5.0,5.0,-2.3,15445,93,1.0,0.0,0.0,0,0.0,0.0,,0,0,
5.0,5,120.0,2,5.0,5.0,-2.2,15445,93,0.9579151829070897,0.04208481709291033,0.0,224,2.4086021505376345,1044.221430883781,20.0,219,5,0.2968036529680365
5.0,5,120.0,2,5.0,5.0,-2.1,15445,93,0.7733247005503399,0.22667529944966008,0.0,402,4.32258064516129,1874.0045322110716,25.0,393,9,0.3842239185750636
5.0,5,120.0,2,5.0,5.0,-2.0,15445,93,0.6511492392359987,0.3441243120751052,0.004726448688896083,182,1.956989247311828,848.4299125930722,110.0,177,5,0.7909604519774012
5.0,5,120.0,2,5.0,5.0,-1.9,15445,93,0.5814826804791194,0.32495953382971837,0.09355778569116219,574,6.172043010752688,2675.8174166396893,65.0,557,17,0.3770197486535009
5.0,5,120.0,2,5.0,5.0,-1.8,15445,93,0.5175785043703464,0.27769504694075753,0.20472644868889608,948,10.193548387096774,4419.294269990288,45.0,927,21,0.28802588996763756
5.0,5,120.0,2,5.0,5.0,-1.7,15445,93,0.4326966655875688,0.21981223696989316,0.34749109744253803,492,5.290322580645161,2293.5577856911623,95.0,415,77,0.6120481927710844
5.0,5,120.0,2,5.0,5.0,-1.6,15445,93,0.39410812560699254,0.2360634509550016,0.3698284234380058,466,5.010752688172043,2172.3535124635805,120.0,390,76,0.6512820512820513
5.0,5,120.0,2,5.0,5.0,-1.5,15445,93,0.3478148268047912,0.26571706053739075,0.38646811265781805,463,4.978494623655914,2158.368404014244,90.0,388,75,0.615979381443299
5.0,5,120.0,2,5.0,5.0,-1.4,15445,93,0.31460019423761737,0.24901262544512787,0.43638718031725476,699,7.516129032258065,3258.5302686953705,60.0,620,79,0.3032258064516129
5.0,5,120.0,2,5.0,5.0,-1.3,15445,93,0.2378763353836193,0.26202654580770474,0.5000971188086759,663,7.129032258064516,3090.7089673033347,60.0,583,80,0.13036020583190394
5.0,5,120.0,2,5.0,5.0,-1.2,15445,93,0.2183878277759793,0.21748138556167043,0.5641307866623503,629,6.763440860215054,2932.2110715441886,60.0,550,79,0.14
5.0,5,120.0,2,5.0,5.0,-1.1,15445,93,0.20155390093881514,0.18815150534153446,0.6102945937196503,663,7.129032258064516,3090.7089673033347,40.0,584,79,0.23972602739726026
5.0,5,120.0,2,5.0,5.0,-1.0,15445,93,0.18193590158627387,0.17902233732599546,0.6390417610877307,501,5.387096774193548,2335.5131110391712,55.0,422,79,0.3767772511848341
5.0,5,120.0,2,5.0,5.0,-0.9,15445,93,0.16989316931045645,0.1610877306571706,0.669019100032373,464,4.989247311827957,2163.0301068306894,80.0,387,77,0.4134366925064599
5.0,5,120.0,2,5.0,5.0,-0.8,15445,93,0.16406604078989964,0.13136937520233086,0.7045645840077696,429,4.612903225806452,1999.870508255099,55.0,354,75,0.4519774011299435
5.0,5,120.0,2,5.0,5.0,-0.7,15445,93,0.16134671414697313,0.10216898672709615,0.7364842991259307,416,4.473118279569892,1939.2683716413078,40.0,341,75,0.46920821114369504
5.0,5,120.0,2,5.0,5.0,-0.6,15445,93,0.16056976367756556,0.08009064422143089,0.7593395921010035,404,4.344086021505376,1883.3279378439627,40.0,329,75,0.48632218844984804
5.0,5,120.0,2,5.0,5.0,-0.5,15445,93,0.15940433797345419,0.06001942376173519,0.7805762382648106,404,4.344086021505376,1883.3279378439627,25.0,330,74,0.48484848484848486
5.0,5,120.0,2,5.0,5.0,-0.4,15445,93,0.15830365814179345,0.024344448041437358,0.8173518938167692,228,2.4516129032258065,1062.868242149563,20.0,173,55,0.48554913294797686
5.0,5,120.0,2,5.0,5.0,-0.3,15445,93,0.15830365814179345,0.018064098413726123,0.8236322434444804,190,2.043010752688172,885.7235351246358,15.0,173,17,0.48554913294797686
5.0,5,120.0,2,5.0,5.0,-0.2,15445,93,0.15720297831013272,0.01728714794431855,0.8255098737455487,178,1.913978494623656,829.7831013272903,15.0,173,5,0.48554913294797686
5.0,5,120.0,2,5.0,5.0,-0.1,15445,93,0.15720297831013272,0.01728714794431855,0.8255098737455487,178,1.913978494623656,829.7831013272903,15.0,173,5,0.48554913294797686
5.0,5,120.0,2,5.0,5.0,0.0,15445,93,0.1559080608611201,0.01735189381676918,0.8267400453221108,178,1.913978494623656,829.7831013272903,17.5,173,5,0.48554913294797686
5.0,5,120.0,2,5.0,5.0,0.1,15445,93,0.1559080608611201,0.01735189381676918,0.8267400453221108,178,1.913978494623656,829.7831013272903,17.5,173,5,0.48554913294797686
5.0,5,120.0,2,5.0,5.0,0.2,15445,93,0.15480738102945937,0.01735189381676918,0.8278407251537715,178,1.913978494623656,829.7831013272903,17.5,173,5,0.48554913294797686
5.0,5,120.0,2,5.0,5.0,0.3,15445,93,0.15480738102945937,0.01735189381676918,0.8278407251537715,178,1.913978494623656,829.7831013272903,17.5,173,5,0.48554913294797686
5.0,5,120.0,2,5.0,5.0,0.4,15445,93,0.153641955325348,0.01728714794431855,0.8290708967303334,178,1.913978494623656,829.7831013272903,15.0,173,5,0.48554913294797686
5.0,5,120.0,2,5.0,5.0,0.5,15445,93,0.153641955325348,0.01728714794431855,0.8290708967303334,178,1.913978494623656,829.7831013272903,15.0,173,5,0.48554913294797686
5.0,5,120.0,2,5.0,5.0,0.6,15445,93,0.1525412754936873,0.01728714794431855,0.8301715765619941,178,1.913978494623656,829.7831013272903,15.0,173,5,0.48554913294797686
5.0,5,120.0,2,5.0,5.0,0.7,15445,93,0.1525412754936873,0.01728714794431855,0.8301715765619941,178,1.913978494623656,829.7831013272903,15.0,173,5,0.48554913294797686
5.0,5,120.0,2,5.0,5.0,0.8,15445,93,0.15144059566202656,0.01728714794431855,0.8312722563936549,178,1.913978494623656,829.7831013272903,15.0,173,5,0.48554913294797686
5.0,5,120.0,2,5.0,5.0,0.9,15445,93,0.15144059566202656,0.01728714794431855,0.8312722563936549,178,1.913978494623656,829.7831013272903,15.0,173,5,0.48554913294797686
5.0,5,120.0,2,5.0,5.0,1.0,15445,93,0.15014567821301392,0.01735189381676918,0.8325024279702169,178,1.913978494623656,829.7831013272903,17.5,173,5,0.48554913294797686
5.0,5,120.0,3,5.0,10.0,-4.0,15445,93,1.0,0.0,0.0,0,0.0,0.0,,0,0,
5.0,5,120.0,3,5.0,10.0,-3.9,15445,93,1.0,0.0,0.0,0,0.0,0.0,,0,0,
5.0,5,120.0,3,5.0,10.0,-3.8,15445,93,1.0,0.0,0.0,0,0.0,0.0,,0,0,
5.0,5,120.0,3,5.0,10.0,-3.7,15445,93,1.0,0.0,0.0,0,0.0,0.0,,0,0,
5.0,5,120.0,3,5.0,10.0,-3.6,15445,93,1.0,0.0,0.0,0,0.0,0.0,,0,0,
5.0,5,120.0,3,5.0,10.0,-3.5,15445,93,1.0,0.0,0.0,0,0.0,0.0,,0,0,
5.0,5,120.0,3,5.0,10.0,-3.4,15445,93,1.0,0.0,0.0,0,0.0,0.0,,0,0,
5.0,5,120.0,3,5.0,10.0,-3.3,15445,93,1.0,0.0,0.0,0,0.0,0.0,,0,0,
5.0,5,120.0,3,5.0,10.0,-3.2,15445,93,1.0,0.0,0.0,0,0.0,0.0,,0,0,
5.0,5,120.0,3,5.0,10.0,-3.1,15445,93,1.0,0.0,0.0,0,0.0,0.0,,0,0,
5.0,5,120.0,3,5.0,10.0,-3.0,15445,93,1.0,0.0,0.0,0,0.0,0.0,,0,0,
5.0,5,120.0,3,5.0,10.0,-2.9,15445,93,1.0,0.0,0.0,0,0.0,0.0,,0,0,
5.0,5,120.0,3,5.0,10.0,-2.8,15445,93,1.0,0.0,0.0,0,0.0,0.0,,0,0,
5.0,5,120.0,3,5.0,10.0,-2.7,15445,93,1.0,0.0,0.0,0,0.0,0.0,,0,0,
5.0,5,120.0,3,5.0,10.0,-2.6,15445,93,1.0,0.0,0.0,0,0.0,0.0,,0,0,
5.0,5,120.0,3,5.0,10.0,-2.5,15445,93,1.0,0.0,0.0,0,0.0,0.0,,0,0,
5.0,5,120.0,3,5.0,10.0,-2.4,15445,93,1.0,0.0,0.0,0,0.0,0.0,,0,0,
5.0,5,120.0,3,5.0,10.0,-2.3,15445,93,1.0,0.0,0.0,0,0.0,0.0,,0,0,
5.0,5,120.0,3,5.0,10.0,-2.2,15445,93,0.9527355131110392,0.04726448688896083,0.0,139,1.4946236559139785,647.9766914859177,50.0,135,4,0.4888888888888889
5.0,5,120.0,3,5.0,10.0,-2.1,15445,93,0.7739721592748462,0.22602784072515378,0.0,402,4.32258064516129,1874.0045322110716,25.0,393,9,0.3842239185750636
5.0,5,120.0,3,5.0,10.0,-2.0,15445,93,0.6516672062156037,0.34360634509550014,0.004726448688896083,178,1.913978494623656,829.7831013272903,105.0,172,6,0.8081395348837209
5.0,5,120.0,3,5.0,10.0,-1.9,15445,93,0.5823243768209777,0.3224991906765944,0.09517643250242797,485,5.21505376344086,2260.925865976044,75.0,470,15,0.44893617021276594
5.0,5,120.0,3,5.0,10.0,-1.8,15445,93,0.5142117190029135,0.28002589834898023,0.20576238264810617,629,6.763440860215054,2932.2110715441886,70.0,608,21,0.4621710526315789
5.0,5,120.0,3,5.0,10.0,-1.7,15445,93,0.43379734541922954,0.21955325348009064,0.3466494011006798,490,5.268817204301075,2284.234380058271,95.0,412,78,0.6140776699029126
5.0,5,120.0,3,5.0,10.0,-1.6,15445,93,0.39533829718355457,0.23554548397539657,0.3691162188410489,466,5.010752688172043,2172.3535124635805,120.0,389,77,0.6503856041131105
5.0,5,120.0,3,5.0,10.0,-1.5,15445,93,0.3491097442538038,0.26526383943023635,0.38562641631595984,462,4.967741935483871,2153.7067011977983,90.0,386,76,0.616580310880829
5.0,5,120.0,3,5.0,10.0,-1.4,15445,93,0.3160246034315312,0.24855940433797347,0.4354159922304953,696,7.483870967741935,3244.5451602460344,60.0,617,79,0.3047001620745543
5.0,5,120.0,3,5.0,10.0,-1.3,15445,93,0.24156685011330528,0.25937196503722887,0.4990611848494658,628,6.752688172043011,2927.5493687277435,60.0,549,79,0.1384335154826958
5.0,5,120.0,3,5.0,10.0,-1.2,15445,93,0.22007122045969568,0.21689867270961477,0.5630301068306895,629,6.763440860215054,2932.2110715441886,60.0,549,80,0.1384335154826958
5.0,5,120.0,3,5.0,10.0,-1.1,15445,93,0.19928779540304306,0.18951116866299775,0.6112010359339592,566,6.086021505376344,2638.5237941081255,45.0,487,79,0.3860369609856263
5.0,5,120.0,3,5.0,10.0,-1.0,15445,93,0.18148268047911945,0.18077047588216252,0.637746843638718,466,5.010752688172043,2172.3535124635805,90.0,388,78,0.4097938144329897
5.0,5,120.0,3,5.0,10.0,-0.9,15445,93,0.17170605373907413,0.16069925542246682,0.667594690838459,440,4.731182795698925,2051.1492392359987,80.0,363,77,0.44077134986225897
5.0,5,120.0,3,5.0,10.0,-0.8,15445,93,0.16820977662674005,0.12871479443185496,0.703075428941405,415,4.462365591397849,1934.6066688248623,60.0,339,76,0.4690265486725664
5.0,5,120.0,3,5.0,10.0,-0.7,15445,93,0.16633214632567173,0.09867270961476206,0.7349951440595662,403,4.333333333333333,1878.6662350275171,40.0,328,75,0.4878048780487805
5.0,5,120.0,3,5.0,10.0,-0.6,15445,93,0.16633214632567173,0.07581741663968922,0.7578504370346391,402,4.32258064516129,1874.0045322110716,35.0,329,73,0.48632218844984804
5.0,5,120.0,3,5.0,10.0,-0.5,15445,93,0.16516672062156038,0.055875687924894786,0.7789575914535448,401,4.311827956989247,1869.3428293946263,25.0,329,72,0.48632218844984804
5.0,5,120.0,3,5.0,10.0,-0.4,15445,93,0.16406604078989964,0.021107154418905795,0.8148268047911945,201,2.161290322580645,937.0022661055358,20.0,172,29,0.4883720930232558
5.0,5,120.0,3,5.0,10.0,-0.3,15445,93,0.16406604078989964,0.01728714794431855,0.8186468112657818,178,1.913978494623656,829.7831013272903,15.0,173,5,0.48554913294797686
5.0,5,120.0,3,5.0,10.0,-0.2,15445,93,0.1629653609582389,0.01728714794431855,0.8197474910974425,178,1.913978494623656,829.7831013272903,15.0,173,5,0.48554913294797686
5.0,5,120.0,3,5.0,10.0,-0.1,15445,93,0.1629653609582389,0.01728714794431855,0.8197474910974425,178,1.913978494623656,829.7831013272903,15.0,173,5,0.48554913294797686
5.0,5,120.0,3,5.0,10.0,0.0,15445,93,0.1616704435092263,0.01735189381676918,0.8209776626740045,178,1.913978494623656,829.7831013272903,17.5,173,5,0.48554913294797686
5.0,5,120.0,3,5.0,10.0,0.1,15445,93,0.1616704435092263,0.01735189381676918,0.8209776626740045,178,1.913978494623656,829.7831013272903,17.5,173,5,0.48554913294797686
5.0,5,120.0,3,5.0,10.0,0.2,15445,93,0.16056976367756556,0.01735189381676918,0.8220783425056652,178,1.913978494623656,829.7831013272903,17.5,173,5,0.48554913294797686
5.0,5,120.0,3,5.0,10.0,0.3,15445,93,0.16056976367756556,0.01735189381676918,0.8220783425056652,178,1.913978494623656,829.7831013272903,17.5,173,5,0.48554913294797686
5.0,5,120.0,3,5.0,10.0,0.4,15445,93,0.15940433797345419,0.01728714794431855,0.8233085140822273,178,1.913978494623656,829.7831013272903,15.0,173,5,0.48554913294797686
5.0,5,120.0,3,5.0,10.0,0.5,15445,93,0.15940433797345419,0.01728714794431855,0.8233085140822273,178,1.913978494623656,829.7831013272903,15.0,173,5,0.48554913294797686
5.0,5,120.0,3,5.0,10.0,0.6,15445,93,0.15830365814179345,0.01728714794431855,0.824409193913888,178,1.913978494623656,829.7831013272903,15.0,173,5,0.48554913294797686
5.0,5,120.0,3,5.0,10.0,0.7,15445,93,0.15830365814179345,0.01728714794431855,0.824409193913888,178,1.913978494623656,829.7831013272903,15.0,173,5,0.48554913294797686
5.0,5,120.0,3,5.0,10.0,0.8,15445,93,0.15720297831013272,0.01728714794431855,0.8255098737455487,178,1.913978494623656,829.7831013272903,15.0,173,5,0.48554913294797686
5.0,5,120.0,3,5.0,10.0,0.9,15445,93,0.15720297831013272,0.01728714794431855,0.8255098737455487,178,1.913978494623656,829.7831013272903,15.0,173,5,0.48554913294797686
5.0,5,120.0,3,5.0,10.0,1.0,15445,93,0.1559080608611201,0.01735189381676918,0.8267400453221108,178,1.913978494623656,829.7831013272903,17.5,173,5,0.48554913294797686
5.0,7,15.0,1,5.0,0.0,-4.0,15445,93,1.0,0.0,0.0,0,0.0,0.0,,0,0,
5.0,7,15.0,1,5.0,0.0,-3.9,15445,93,1.0,0.0,0.0,0,0.0,0.0,,0,0,
5.0,7,15.0,1,5.0,0.0,-3.8,15445,93,1.0,0.0,0.0,0,0.0,0.0,,0,0,
5.0,7,15.0,1,5.0,0.0,-3.7,15445,93,1.0,0.0,0.0,0,0.0,0.0,,0,0,
5.0,7,15.0,1,5.0,0.0,-3.6,15445,93,1.0,0.0,0.0,0,0.0,0.0,,0,0,
5.0,7,15.0,1,5.0,0.0,-3.5,15445,93,1.0,0.0,0.0,0,0.0,0.0,,0,0,
5.0,7,15.0,1,5.0,0.0,-3.4,15445,93,1.0,0.0,0.0,0,0.0,0.0,,0,0,
5.0,7,15.0,1,5.0,0.0,-3.3,15445,93,1.0,0.0,0.0,0,0.0,0.0,,0,0,
5.0,7,15.0,1,5.0,0.0,-3.2,15445,93,1.0,0.0,0.0,0,0.0,0.0,,0,0,
5.0,7,15.0,1,5.0,0.0,-3.1,15445,93,1.0,0.0,0.0,0,0.0,0.0,,0,0,
5.0,7,15.0,1,5.0,0.0,-3.0,15445,93,1.0,0.0,0.0,0,0.0,0.0,,0,0,
5.0,7,15.0,1,5.0,0.0,-2.9,15445,93,1.0,0.0,0.0,0,0.0,0.0,,0,0,
5.0,7,15.0,1,5.0,0.0,-2.8,15445,93,1.0,0.0,0.0,0,0.0,0.0,,0,0,
5.0,7,15.0,1,5.0,0.0,-2.7,15445,93,0.9997410165101974,0.0002589834898025251,0.0,2,0.021505376344086023,9.323405632890903,55.0,2,0,0.5
5.0,7,15.0,1,5.0,0.0,-2.6,15445,93,0.999482033020395,0.0005179669796050502,0.0,4,0.043010752688172046,18.646811265781807,55.0,4,0,0.5
5.0,7,15.0,1,5.0,0.0,-2.5,15445,93,0.9910650696018128,0.008934930398187116,0.0,90,0.967741935483871,419.55325348009063,32.5,90,0,0.4777777777777778
5.0,7,15.0,1,5.0,0.0,-2.4,15445,93,0.9747491097442538,0.025250890255746197,0.0,255,2.7419354838709675,1188.7342181935903,15.0,252,3,0.2698412698412698
5.0,7,15.0,1,5.0,0.0,-2.3,15445,93,0.9471026222078343,0.04765296212366461,0.0052444156685011335,591,6.354838709677419,2755.0663645192617,15.0,588,3,0.19047619047619047
5.0,7,15.0,1,5.0,0.0,-2.2,15445,93,0.8980252508902558,0.07795403043056005,0.024020718679184202,1143,12.290322580645162,5328.326319197151,15.0,1131,12,0.09283819628647215
5.0,7,15.0,1,5.0,0.0,-2.1,15445,93,0.8113952735513111,0.11485917772741988,0.07374554872126902,1979,21.27956989247312,9225.509873745548,15.0,1962,17,0.039755351681957186
5.0,7,15.0,1,5.0,0.0,-2.0,15445,93,0.7170605373907414,0.14775008093234057,0.1351893816769181,3042,32.70967741935484,14180.899967627065,15.0,3018,24,0.06428098078197482
5.0,7,15.0,1,5.0,0.0,-1.9,15445,93,0.6126901910003237,0.2056328909032049,0.18167691809647135,4109,44.18279569892473,19154.93687277436,15.0,4085,24,0.03598531211750306
5.0,7,15.0,1,5.0,0.0,-1.8,15445,93,0.5271608934930399,0.24331498866947232,0.22952411783748786,4205,45.215053763440864,19602.460343153125,15.0,4180,25,0.034928229665071774
5.0,7,15.0,1,5.0,0.0,-1.7,15445,93,0.44130786662350274,0.23295564907737132,0.32573648429912594,4273,45.946236559139784,19919.456134671414,15.0,4247,26,0.034377207440546266
5.0,7,15.0,1,5.0,0.0,-1.6,15445,93,0.39954677889284557,0.1968921981223697,0.40356102298478475,4410,47.41935483870968,20558.10942052444,10.0,4383,27,0.049053159936116815
5.0,7,15.0,1,5.0,0.0,-1.5,15445,93,0.35474263515700877,0.18750404661702816,0.4577533182259631,4250,45.69892473118279,19812.23696989317,10.0,4225,25,0.05136094674556213
5.0,7,15.0,1,5.0,0.0,-1.4,15445,93,0.3214632567173843,0.1581741663968922,0.5203625768857235,4134,44.45161290322581,19271.479443185497,10.0,4111,23,0.05327171004621747
5.0,7,15.0,1,5.0,0.0,-1.3,15445,93,0.27478148268047914,0.1494982194885076,0.5757202978310133,3499,37.623655913978496,16311.298154742635,10.0,3481,18,0.05458201666187877
5.0,7,15.0,1,5.0,0.0,-1.2,15445,93,0.22777597928132082,0.13700226610553576,0.6352217546131435,2640,28.387096774193548,12306.89543541599,10.0,2620,20,0.0717557251908397
5.0,7,15.0,1,5.0,0.0,-1.1,15445,93,0.20854645516348333,0.09569439948203302,0.6957591453544837,1974,21.225806451612904,9202.201359663322,10.0,1956,18,0.08026584867075665
5.0,7,15.0,1,5.0,0.0,-1.0,15445,93,0.19365490449983813,0.06921333764972483,0.737131757850437,1528,16.43010752688172,7123.0819035286495,10.0,1512,16,0.1488095238095238
5.0,7,15.0,1,5.0,0.0,-0.9,15445,93,0.17915182907089672,0.06578180640984137,0.7550663645192619,1238,13.311827956989248,5771.188086759469,15.0,1209,29,0.17535153019023986
5.0,7,15.0,1,5.0,0.0,-0.8,15445,93,0.1645840077695047,0.06752994496600842,0.7678860472644868,1106,11.89247311827957,5155.84331498867,15.0,1064,42,0.18703007518796994
5.0,7,15.0,1,5.0,0.0,-0.7,15445,93,0.1528002589834898,0.06843638718031725,0.778763353836193,1093,11.75268817204301,5095.2411783748785,15.0,1026,67,0.1695906432748538
5.0,7,15.0,1,5.0,0.0,-0.6,15445,93,0.14509550016186468,0.061314341210747816,0.7935901586273875,1077,11.580645161290322,5020.653933311752,10.0,1011,66,0.17210682492581603
5.0,7,15.0,1,5.0,0.0,-0.5,15445,93,0.13797345419229523,0.053091615409517644,0.8089349303981871,883,9.494623655913978,4116.283586921334,15.0,806,77,0.19975186104218362
5.0,7,15.0,1,5.0,0.0,-0.4,15445,93,0.12994496600841696,0.045904823567497574,0.8241502104240854,883,9.494623655913978,4116.283586921334,10.0,807,76,0.20074349442379183
5.0,7,15.0,1,5.0,0.0,-0.3,15445,93,0.12042732275817417,0.050696018128844285,0.8288766591129816,826,8.881720430107526,3850.566526383943,10.0,749,77,0.2162883845126836
5.0,7,15.0,1,5.0,0.0,-0.2,15445,93,0.10424085464551634,0.04985432178698608,0.8459048235674975,832,8.946236559139784,3878.5367432826156,10.0,757,75,0.21532364597093792
5.0,7,15.0,1,5.0,0.0,-0.1,15445,93,0.10320492068630625,0.043509226286824215,0.8532858530268695,750,8.064516129032258,3496.277112334089,10.0,675,75,0.2414814814814815
5.0,7,15.0,1,5.0,0.0,0.0,15445,93,0.09608287471673681,0.03418582065393331,0.8697313046293299,689,7.408602150537634,3211.913240530916,10.0,614,75,0.26547231270358307
5.0,7,15.0,1,5.0,0.0,0.1,15445,93,0.09388151505341534,0.033214632567173843,0.8729038523794108,640,6.881720430107527,2983.489802525089,10.0,566,74,0.28975265017667845
5.0,7,15.0,1,5.0,0.0,0.2,15445,93,0.09122693428293946,0.02855292975072839,0.8802201359663322,628,6.752688172043011,2927.5493687277435,10.0,555,73,0.2972972972972973
5.0,7,15.0,1,5.0,0.0,0.3,15445,93,0.09122693428293946,0.023826481061832307,0.8849465846552282,594,6.387096774193548,2769.0514729685983,10.0,522,72,0.28735632183908044
5.0,7,15.0,1,5.0,0.0,0.4,15445,93,0.0881838782777598,0.016769180964713498,0.8950469407575267,509,5.473118279569892,2372.806733570735,5.0,439,70,0.27107061503416857
5.0,7,15.0,1,5.0,0.0,0.5,15445,93,0.0881838782777598,0.015668501133052768,0.8961476205891874,475,5.10752688172043,2214.3088378115895,5.0,406,69,0.2561576354679803
5.0,7,15.0,1,5.0,0.0,0.6,15445,93,0.08546455163483328,0.01424409193913888,0.9002913564260279,434,4.666666666666667,2023.179022337326,5.0,367,67,0.23978201634877383
5.0,7,15.0,1,5.0,0.0,0.7,15445,93,0.08546455163483328,0.01424409193913888,0.9002913564260279,434,4.666666666666667,2023.179022337326,5.0,367,67,0.23978201634877383
5.0,7,15.0,1,5.0,0.0,0.8,15445,93,0.08274522499190677,0.012560699255422466,0.9046940757526708,384,4.129032258064516,1790.0938815150532,5.0,318,66,0.27672955974842767
5.0,7,15.0,1,5.0,0.0,0.9,15445,93,0.08190352865004856,0.01171900291356426,0.9063774684363872,358,3.849462365591398,1668.8896082874717,5.0,292,66,0.3013698630136986
5.0,7,15.0,1,5.0,0.0,1.0,15445,93,0.07970216898672709,0.010877306571706054,0.9094205244415668,332,3.5698924731182795,1547.68533505989,5.0,266,66,0.3308270676691729
5.0,7,15.0,2,5.0,5.0,-4.0,15445,93,1.0,0.0,0.0,0,0.0,0.0,,0,0,
5.0,7,15.0,2,5.0,5.0,-3.9,15445,93,1.0,0.0,0.0,0,0.0,0.0,,0,0,
5.0,7,15.0,2,5.0,5.0,-3.8,15445,93,1.0,0.0,0.0,0,0.0,0.0,,0,0,
5.0,7,15.0,2,5.0,5.0,-3.7,15445,93,1.0,0.0,0.0,0,0.0,0.0,,0,0,
5.0,7,15.0,2,5.0,5.0,-3.6,15445,93,1.0,0.0,0.0,0,0.0,0.0,,0,0,
5.0,7,15.0,2,5.0,5.0,-3.5,15445,93,1.0,0.0,0.0,0,0.0,0.0,,0,0,
5.0,7,15.0,2,5.0,5.0,-3.4,15445,93,1.0,0.0,0.0,0,0.0,0.0,,0,0,
5.0,7,15.0,2,5.0,5.0,-3.3,15445,93,1.0,0.0,0.0,0,0.0,0.0,,0,0,
5.0,7,15.0,2,5.0,5.0,-3.2,15445,93,1.0,0.0,0.0,0,0.0,0.0,,0,0,
5.0,7,15.0,2,5.0,5.0,-3.1,15445,93,1.0,0.0,0.0,0,0.0,0.0,,0,0,
5.0,7,15.0,2,5.0,5.0,-3.0,15445,93,1.0,0.0,0.0,0,0.0,0.0,,0,0,
5.0,7,15.0,2,5.0,5.0,-2.9,15445,93,1.0,0.0,0.0,0,0.0,0.0,,0,0,
5.0,7,15.0,2,5.0,5.0,-2.8,15445,93,1.0,0.0,0.0,0,0.0,0.0,,0,0,
5.0,7,15.0,2,5.0,5.0,-2.7,15445,93,0.9997410165101974,0.0002589834898025251,0.0,2,0.021505376344086023,9.323405632890903,52.5,2,0,0.5
5.0,7,15.0,2,5.0,5.0,-2.6,15445,93,0.999482033020395,0.0005179669796050502,0.0,4,0.043010752688172046,18.646811265781807,52.5,4,0,0.5
5.0,7,15.0,2,5.0,5.0,-2.5,15445,93,0.9910650696018128,0.008934930398187116,0.0,90,0.967741935483871,419.55325348009063,32.5,90,0,0.4777777777777778
5.0,7,15.0,2,5.0,5.0,-2.4,15445,93,0.9749433473616057,0.0250566526383943,0.0,255,2.7419354838709675,1188.7342181935903,15.0,252,3,0.2698412698412698
5.0,7,15.0,2,5.0,5.0,-2.3,15445,93,0.9498866947232114,0.04227905471026222,0.007834250566526384,511,5.494623655913978,2382.1301392036257,15.0,507,4,0.21893491124260356
5.0,7,15.0,2,5.0,5.0,-2.2,15445,93,0.904823567497572,0.06468112657818065,0.03049530592424733,943,10.13978494623656,4395.98575590806,15.0,931,12,0.09881847475832438
5.0,7,15.0,2,5.0,5.0,-2.1,15445,93,0.8183230819035286,0.09595338297183555,0.0857235351246358,1678,18.043010752688172,7822.337325995467,15.0,1661,17,0.04695966285370259
5.0,7,15.0,2,5.0,5.0,-2.0,15445,93,0.743282615733247,0.09478795726772418,0.16192942699902882,2221,23.881720430107528,10353.641955325347,15.0,2197,24,0.08830223031406463
5.0,7,15.0,2,5.0,5.0,-1.9,15445,93,0.6214956296536096,0.12703140174813857,0.25147296859825186,2433,26.161290322580644,11341.922952411784,15.0,2408,25,0.0606312292358804
5.0,7,15.0,2,5.0,5.0,-1.8,15445,93,0.529426999028812,0.18070573000971188,0.2898672709614762,2785,29.946236559139784,12982.842343800581,15.0,2758,27,0.046410442349528645
5.0,7,15.0,2,5.0,5.0,-1.7,15445,93,0.45742958886370993,0.15610229847847198,0.38646811265781805,2639,28.376344086021504,12302.233732599547,15.0,2586,53,0.03944315545243619
5.0,7,15.0,2,5.0,5.0,-1.6,15445,93,0.4353512463580447,0.09498219488507607,0.46966655875687924,2503,26.913978494623656,11668.242149562964,15.0,2450,53,0.05142857142857143
5.0,7,15.0,2,5.0,5.0,-1.5,15445,93,0.4031078018776303,0.08753641955325348,0.5093557785691162,2510,26.989247311827956,11700.874069278085,15.0,2445,65,0.05930470347648262
5.0,7,15.0,2,5.0,5.0,-1.4,15445,93,0.37584978957591453,0.04875364195532535,0.5753965684687601,2353,25.301075268817204,10968.986727096148,15.0,2266,87,0.06001765225066196
5.0,7,15.0,2,5.0,5.0,-1.3,15445,93,0.3153123988345743,0.06487536419553254,0.6198122369698932,2088,22.451612903225808,9733.635480738103,15.0,2005,83,0.06234413965087282
5.0,7,15.0,2,5.0,5.0,-1.2,15445,93,0.2473939786338621,0.08416963418582066,0.6684363871803173,1672,17.978494623655912,7794.367109096795,15.0,1588,84,0.057304785894206546
5.0,7,15.0,2,5.0,5.0,-1.1,15445,93,0.2275169957915183,0.05147296859825186,0.7210100356102298,1213,13.043010752688172,5654.645516348333,15.0,1131,82,0.08134394341290893
5.0,7,15.0,2,5.0,5.0,-1.0,15445,93,0.21107154418905794,0.033862091291680156,0.7550663645192619,949,10.204301075268818,4423.955972806733,15.0,867,82,0.18108419838523646
5.0,7,15.0,2,5.0,5.0,-0.9,15445,93,0.19229524117837488,0.043120751052120425,0.7645840077695047,868,9.333333333333334,4046.358044674652,20.0,785,83,0.19872611464968154
5.0,7,15.0,2,5.0,5.0,-0.8,15445,93,0.1757850437034639,0.05127873098089997,0.7729362253156361,875,9.408602150537634,4078.98996438977,15.0,792,83,0.19696969696969696
5.0,7,15.0,2,5.0,5.0,-0.7,15445,93,0.1647782453868566,0.051019747491097445,0.784202007122046,856,9.204301075268818,3990.4176108773067,15.0,774,82,0.20155038759689922
5.0,7,15.0,2,5.0,5.0,-0.6,15445,93,0.15888637099384914,0.0397539656846876,0.8013596633214632,787,8.46236559139785,3668.76011654257,15.0,706,81,0.22096317280453256
5.0,7,15.0,2,5.0,5.0,-0.5,15445,93,0.15163483327937843,0.03567497572029783,0.8126901910003237,672,7.225806451612903,3132.664292651343,15.0,593,79,0.2630691399662732
5.0,7,15.0,2,5.0,5.0,-0.4,15445,93,0.14334736160569764,0.024279702168986728,0.8323729362253156,529,5.688172043010753,2466.040789899644,15.0,451,78,0.34811529933481156
5.0,7,15.0,2,5.0,5.0,-0.3,15445,93,0.13279378439624473,0.03425056652638394,0.8329556490773713,574,6.172043010752688,2675.8174166396893,15.0,496,78,0.3165322580645161
5.0,7,15.0,2,5.0,5.0,-0.2,15445,93,0.11809647134995144,0.03314988669472321,0.8487536419553253,549,5.903225806451613,2559.274846228553,15.0,473,76,0.33403805496828753
5.0,7,15.0,2,5.0,5.0,-0.1,15445,93,0.11602460343153125,0.025768857235351248,0.8582065393331175,419,4.505376344086022,1953.2534800906442,15.0,345,74,0.3710144927536232
5.0,7,15.0,2,5.0,5.0,0.0,15445,93,0.10980899967627064,0.018064098413726123,0.8721269019100032,374,4.021505376344086,1743.476853350599,15.0,301,73,0.43521594684385384
5.0,7,15.0,2,5.0,5.0,0.1,15445,93,0.10961476205891875,0.01832308190352865,0.8720621560375527,375,4.032258064516129,1748.1385561670445,15.0,302,73,0.4337748344370861
5.0,7,15.0,2,5.0,5.0,0.2,15445,93,0.1054062803496277,0.012884428617675624,0.8817092910326967,327,3.5161290322580645,1524.3768209776629,15.0,266,61,0.4924812030075188
5.0,7,15.0,2,5.0,5.0,0.3,15445,93,0.1054062803496277,0.00815797992877954,0.8864357397215927,293,3.150537634408602,1365.8789252185175,15.0,233,60,0.4978540772532189
5.0,7,15.0,2,5.0,5.0,0.4,15445,93,0.09899643897701521,0.0004532211071544189,0.9005503399158303,145,1.5591397849462365,675.9469083845905,575.0,114,31,0.7543859649122807
5.0,7,15.0,2,5.0,5.0,0.5,15445,93,0.09899643897701521,0.0004532211071544189,0.9005503399158303,145,1.5591397849462365,675.9469083845905,575.0,114,31,0.7543859649122807
5.0,7,15.0,2,5.0,5.0,0.6,15445,93,0.09323405632890903,0.0003237293622531564,0.9064422143088378,95,1.021505376344086,442.8617675623179,915.0,87,8,0.9770114942528736
5.0,7,15.0,2,5.0,5.0,0.7,15445,93,0.09323405632890903,0.0003237293622531564,0.9064422143088378,95,1.021505376344086,442.8617675623179,915.0,87,8,0.9770114942528736
5.0,7,15.0,2,5.0,5.0,0.8,15445,93,0.09206863062479767,0.00019423761735189383,0.9077371317578504,93,1.0,433.538361929427,915.0,86,7,0.9883720930232558
5.0,7,15.0,2,5.0,5.0,0.9,15445,93,0.09206863062479767,0.00019423761735189383,0.9077371317578504,93,1.0,433.538361929427,915.0,86,7,0.9883720930232558
5.0,7,15.0,2,5.0,5.0,1.0,15445,93,0.09070896730333441,0.00019423761735189383,0.9090967950793137,93,1.0,433.538361929427,915.0,86,7,0.9883720930232558
5.0,7,15.0,3,5.0,10.0,-4.0,15445,93,1.0,0.0,0.0,0,0.0,0.0,,0,0,
5.0,7,15.0,3,5.0,10.0,-3.9,15445,93,1.0,0.0,0.0,0,0.0,0.0,,0,0,
5.0,7,15.0,3,5.0,10.0,-3.8,15445,93,1.0,0.0,0.0,0,0.0,0.0,,0,0,
5.0,7,15.0,3,5.0,10.0,-3.7,15445,93,1.0,0.0,0.0,0,0.0,0.0,,0,0,
5.0,7,15.0,3,5.0,10.0,-3.6,15445,93,1.0,0.0,0.0,0,0.0,0.0,,0,0,
5.0,7,15.0,3,5.0,10.0,-3.5,15445,93,1.0,0.0,0.0,0,0.0,0.0,,0,0,
5.0,7,15.0,3,5.0,10.0,-3.4,15445,93,1.0,0.0,0.0,0,0.0,0.0,,0,0,
5.0,7,15.0,3,5.0,10.0,-3.3,15445,93,1.0,0.0,0.0,0,0.0,0.0,,0,0,
5.0,7,15.0,3,5.0,10.0,-3.2,15445,93,1.0,0.0,0.0,0,0.0,0.0,,0,0,
5.0,7,15.0,3,5.0,10.0,-3.1,15445,93,1.0,0.0,0.0,0,0.0,0.0,,0,0,
5.0,7,15.0,3,5.0,10.0,-3.0,15445,93,1.0,0.0,0.0,0,0.0,0.0,,0,0,
5.0,7,15.0,3,5.0,10.0,-2.9,15445,93,1.0,0.0,0.0,0,0.0,0.0,,0,0,
5.0,7,15.0,3,5.0,10.0,-2.8,15445,93,1.0,0.0,0.0,0,0.0,0.0,,0,0,
5.0,7,15.0,3,5.0,10.0,-2.7,15445,93,0.9997410165101974,0.0002589834898025251,0.0,2,0.021505376344086023,9.323405632890903,50.0,2,0,0.5
5.0,7,15.0,3,5.0,10.0,-2.6,15445,93,0.999482033020395,0.0005179669796050502,0.0,4,0.043010752688172046,18.646811265781807,50.0,4,0,0.5
5.0,7,15.0,3,5.0,10.0,-2.5,15445,93,0.9910650696018128,0.008934930398187116,0.0,90,0.967741935483871,419.55325348009063,32.5,87,3,0.45977011494252873
5.0,7,15.0,3,5.0,10.0,-2.4,15445,93,0.9748786014891551,0.025121398510844932,0.0,248,2.6666666666666665,1156.102298478472,15.0,244,4,0.26639344262295084
5.0,7,15.0,3,5.0,10.0,-2.3,15445,93,0.9572029783101327,0.04253803820006474,0.0002589834898025251,425,4.56989247311828,1981.223696989317,15.0,421,4,0.2589073634204275
5.0,7,15.0,3,5.0,10.0,-2.2,15445,93,0.9228229200388475,0.06526383943023632,0.011913240530916153,734,7.89247311827957,3421.6898672709613,15.0,710,24,0.1704225352112676
5.0,7,15.0,3,5.0,10.0,-2.1,15445,93,0.8168986727096148,0.0962771123340887,0.08682421495629654,1333,14.333333333333334,6214.049854321787,15.0,1290,43,0.04108527131782946
5.0,7,15.0,3,5.0,10.0,-2.0,15445,93,0.6912916801553901,0.11693104564584007,0.19177727419876983,1381,14.849462365591398,6437.811589511169,20.0,1331,50,0.12697220135236664
5.0,7,15.0,3,5.0,10.0,-1.9,15445,93,0.5788280997086436,0.12327614114600194,0.2978957591453545,1578,16.967741935483872,7356.167044350922,15.0,1505,73,0.08305647840531562
5.0,7,15.0,3,5.0,10.0,-1.8,15445,93,0.4907089673033344,0.16943994820330205,0.33985108449336354,1818,19.548387096774192,8474.97572029783,15.0,1731,87,0.07221259387637204
5.0,7,15.0,3,5.0,10.0,-1.7,15445,93,0.4418258336031078,0.16451926189705407,0.39365490449983814,1618,17.397849462365592,7542.635157008741,15.0,1558,60,0.11424903722721438
5.0,7,15.0,3,5.0,10.0,-1.6,15445,93,0.4643573972159275,0.10236322434444804,0.4332793784396245,1202,12.924731182795698,5603.366785367432,15.0,1142,60,0.1733800350262697
5.0,7,15.0,3,5.0,10.0,-1.5,15445,93,0.4598251861443833,0.08397539656846877,0.45619941728714797,1070,11.505376344086022,4988.022013596634,20.0,1026,44,0.22807017543859648
5.0,7,15.0,3,5.0,10.0,-1.4,15445,93,0.39235998705082553,0.032890903204920684,0.5747491097442537,712,7.655913978494624,3319.132405309161,60.0,629,83,0.18441971383147854
5.0,7,15.0,3,5.0,10.0,-1.3,15445,93,0.2564584007769505,0.04422143088378116,0.6993201683392684,790,8.494623655913978,3682.745224991907,30.0,710,80,0.10704225352112676
5.0,7,15.0,3,5.0,10.0,-1.2,15445,93,0.2062156037552606,0.07258012301715766,0.7212042732275817,1056,11.35483870967742,4922.758174166397,15.0,976,80,0.07684426229508197
5.0,7,15.0,3,5.0,10.0,-1.1,15445,93,0.19818711557138233,0.04227905471026222,0.7595338297183555,744,8.0,3468.306895435416,50.0,663,81,0.13725490196078433
5.0,7,15.0,3,5.0,10.0,-1.0,15445,93,0.1861443832955649,0.029070896730333442,0.7847847199741016,564,6.064516129032258,2629.2003884752344,45.0,485,79,0.3237113402061856
5.0,7,15.0,3,5.0,10.0,-0.9,15445,93,0.18355454839753965,0.038523794108125606,0.7779216574943347,654,7.032258064516129,3048.7536419553257,30.0,573,81,0.27399650959860383
5.0,7,15.0,3,5.0,10.0,-0.8,15445,93,0.17228876659112982,0.046163807057300096,0.78154742635157,683,7.344086021505376,3183.9430236322432,25.0,602,81,0.26245847176079734
5.0,7,15.0,3,5.0,10.0,-0.7,15445,93,0.15785043703463905,0.04577533182259631,0.7963742311427646,618,6.645161290322581,2880.932340563289,30.0,537,81,0.29236499068901306
5.0,7,15.0,3,5.0,10.0,-0.6,15445,93,0.14438329556490773,0.028164454516024603,0.8274522499190676,378,4.064516129032258,1762.123664616381,35.0,301,77,0.4717607973421927
5.0,7,15.0,3,5.0,10.0,-0.5,15445,93,0.13900938815150535,0.028811913240530916,0.8321786986079638,391,4.204301075268817,1822.7258012301716,30.0,314,77,0.45222929936305734
5.0,7,15.0,3,5.0,10.0,-0.4,15445,93,0.12994496600841696,0.02233732599546779,0.8477177079961152,301,3.236559139784946,1403.1725477500809,30.0,227,74,0.4977973568281938
5.0,7,15.0,3,5.0,10.0,-0.3,15445,93,0.12638394302363223,0.04066040789899644,0.8329556490773713,377,4.053763440860215,1757.4619617999354,40.0,302,75,0.4768211920529801
5.0,7,15.0,3,5.0,10.0,-0.2,15445,93,0.11550663645192619,0.033797345419229526,0.8506960181288443,296,3.182795698924731,1379.8640336678536,40.0,224,72,0.5089285714285714
5.0,7,15.0,3,5.0,10.0,-0.1,15445,93,0.11550663645192619,0.026545807704758822,0.857947555843315,264,2.838709677419355,1230.6895435415993,40.0,193,71,0.5129533678756477
5.0,7,15.0,3,5.0,10.0,0.0,15445,93,0.1056005179669796,0.012625445127873098,0.8817740369051473,164,1.7634408602150538,764.519261897054,280.0,120,44,0.7
5.0,7,15.0,3,5.0,10.0,0.1,15445,93,0.1056005179669796,0.012819682745224992,0.8815797992877954,166,1.7849462365591398,773.842667529945,250.0,122,44,0.6967213114754098
5.0,7,15.0,3,5.0,10.0,0.2,15445,93,0.10139203625768857,0.00660407898996439,0.892003884752347,118,1.2688172043010753,550.0809323405633,860.0,98,20,0.8673469387755102
5.0,7,15.0,3,5.0,10.0,0.3,15445,93,0.10139203625768857,0.00019423761735189383,0.8984137261249595,93,1.0,433.538361929427,905.0,86,7,0.9883720930232558
5.0,7,15.0,3,5.0,10.0,0.4,15445,93,0.1002266105535772,0.00019423761735189383,0.8995791518290709,93,1.0,433.538361929427,910.0,86,7,0.9883720930232558
5.0,7,15.0,3,5.0,10.0,0.5,15445,93,0.1002266105535772,0.00019423761735189383,0.8995791518290709,93,1.0,433.538361929427,910.0,86,7,0.9883720930232558
5.0,7,15.0,3,5.0,10.0,0.6,15445,93,0.09912593072191647,0.00019423761735189383,0.9006798316607316,93,1.0,433.538361929427,910.0,86,7,0.9883720930232558
5.0,7,15.0,3,5.0,10.0,0.7,15445,93,0.09912593072191647,0.00019423761735189383,0.9006798316607316,93,1.0,433.538361929427,910.0,86,7,0.9883720930232558
5.0,7,15.0,3,5.0,10.0,0.8,15445,93,0.09796050501780512,0.00019423761735189383,0.901845257364843,93,1.0,433.538361929427,910.0,86,7,0.9883720930232558
5.0,7,15.0,3,5.0,10.0,0.9,15445,93,0.09796050501780512,0.00019423761735189383,0.901845257364843,93,1.0,433.538361929427,910.0,86,7,0.9883720930232558
5.0,7,15.0,3,5.0,10.0,1.0,15445,93,0.09660084169634185,0.00019423761735189383,0.9032049206863062,93,1.0,433.538361929427,910.0,86,7,0.9883720930232558
5.0,7,30.0,1,5.0,0.0,-4.0,15445,93,1.0,0.0,0.0,0,0.0,0.0,,0,0,
5.0,7,30.0,1,5.0,0.0,-3.9,15445,93,1.0,0.0,0.0,0,0.0,0.0,,0,0,
5.0,7,30.0,1,5.0,0.0,-3.8,15445,93,1.0,0.0,0.0,0,0.0,0.0,,0,0,
5.0,7,30.0,1,5.0,0.0,-3.7,15445,93,1.0,0.0,0.0,0,0.0,0.0,,0,0,
5.0,7,30.0,1,5.0,0.0,-3.6,15445,93,1.0,0.0,0.0,0,0.0,0.0,,0,0,
5.0,7,30.0,1,5.0,0.0,-3.5,15445,93,1.0,0.0,0.0,0,0.0,0.0,,0,0,
5.0,7,30.0,1,5.0,0.0,-3.4,15445,93,1.0,0.0,0.0,0,0.0,0.0,,0,0,
5.0,7,30.0,1,5.0,0.0,-3.3,15445,93,1.0,0.0,0.0,0,0.0,0.0,,0,0,
5.0,7,30.0,1,5.0,0.0,-3.2,15445,93,1.0,0.0,0.0,0,0.0,0.0,,0,0,
5.0,7,30.0,1,5.0,0.0,-3.1,15445,93,1.0,0.0,0.0,0,0.0,0.0,,0,0,
5.0,7,30.0,1,5.0,0.0,-3.0,15445,93,1.0,0.0,0.0,0,0.0,0.0,,0,0,
5.0,7,30.0,1,5.0,0.0,-2.9,15445,93,1.0,0.0,0.0,0,0.0,0.0,,0,0,
5.0,7,30.0,1,5.0,0.0,-2.8,15445,93,1.0,0.0,0.0,0,0.0,0.0,,0,0,
5.0,7,30.0,1,5.0,0.0,-2.7,15445,93,1.0,0.0,0.0,0,0.0,0.0,,0,0,
5.0,7,30.0,1,5.0,0.0,-2.6,15445,93,1.0,0.0,0.0,0,0.0,0.0,,0,0,
5.0,7,30.0,1,5.0,0.0,-2.5,15445,93,0.9996115247652962,0.00038847523470378765,0.0,2,0.021505376344086023,9.323405632890903,102.5,2,0,0.5
5.0,7,30.0,1,5.0,0.0,-2.4,15445,93,0.9924894787957268,0.007510521204273228,0.0,170,1.8279569892473118,792.4894787957268,20.0,168,2,0.4166666666666667
5.0,7,30.0,1,5.0,0.0,-2.3,15445,93,0.9729362253156362,0.027063774684363873,0.0,226,2.4301075268817205,1053.5448365166721,35.0,224,2,0.3705357142857143
5.0,7,30.0,1,5.0,0.0,-2.2,15445,93,0.9227581741663969,0.0772418258336031,0.0,386,4.150537634408602,1799.4172871479443,40.0,381,5,0.3700787401574803
5.0,7,30.0,1,5.0,0.0,-2.1,15445,93,0.8263515700874069,0.1595985755908061,0.014049854321786986,775,8.333333333333334,3612.8196827452252,25.0,761,14,0.22207621550591328
5.0,7,30.0,1,5.0,0.0,-2.0,15445,93,0.6865652314664941,0.2509550016186468,0.06247976691485918,1144,12.301075268817204,5332.9880220135965,25.0,1129,15,0.06111603188662533
5.0,7,30.0,1,5.0,0.0,-1.9,15445,93,0.6058271285205569,0.24532211071544188,0.1488507607640013,1581,17.0,7370.152152800259,20.0,1563,18,0.1490722968650032
5.0,7,30.0,1,5.0,0.0,-1.8,15445,93,0.5532534800906442,0.1422466817740369,0.3044998381353189,1174,12.623655913978494,5472.839106506961,35.0,1152,22,0.3532986111111111
5.0,7,30.0,1,5.0,0.0,-1.7,15445,93,0.4259630948527031,0.24383295564907737,0.33020394949821946,1510,16.236559139784948,7039.171252832632,25.0,1463,47,0.18181818181818182
5.0,7,30.0,1,5.0,0.0,-1.6,15445,93,0.31421171900291356,0.33810294593719653,0.3476853350598899,1350,14.516129032258064,6293.298802201361,35.0,1301,49,0.21598770176787088
5.0,7,30.0,1,5.0,0.0,-1.5,15445,93,0.2562641631595986,0.34626092586597607,0.3974749109744254,1277,13.731182795698924,5952.994496600842,30.0,1218,59,0.2315270935960591
5.0,7,30.0,1,5.0,0.0,-1.4,15445,93,0.19876982842343802,0.3748786014891551,0.42635157008740693,944,10.150537634408602,4400.647458724507,45.0,865,79,0.33641618497109826
5.0,7,30.0,1,5.0,0.0,-1.3,15445,93,0.19015862738750405,0.2953059242473292,0.5145354483651667,1022,10.989247311827956,4764.2602784072515,35.0,944,78,0.225635593220339
5.0,7,30.0,1,5.0,0.0,-1.2,15445,93,0.18471997410165103,0.17209452897377792,0.643185496924571,1131,12.161290322580646,5272.385885399805,30.0,1049,82,0.13536701620591038
5.0,7,30.0,1,5.0,0.0,-1.1,15445,93,0.17740369051472968,0.12165749433473616,0.7009388151505341,734,7.89247311827957,3421.6898672709613,35.0,655,79,0.28549618320610687
5.0,7,30.0,1,5.0,0.0,-1.0,15445,93,0.1699579151829071,0.10980899967627064,0.7202330851408223,802,8.623655913978494,3738.6856587892526,20.0,723,79,0.22544951590594745
5.0,7,30.0,1,5.0,0.0,-0.9,15445,93,0.16529621236646164,0.07989640660407898,0.7548073810294593,875,9.408602150537634,4078.98996438977,20.0,797,78,0.20451693851944794
5.0,7,30.0,1,5.0,0.0,-0.8,15445,93,0.1569439948203302,0.05645840077695047,0.7865976044027193,771,8.290322580645162,3594.1728714794435,20.0,694,77,0.23487031700288186
5.0,7,30.0,1,5.0,0.0,-0.7,15445,93,0.14891550663645192,0.05419229524117838,0.7968921981223697,762,8.193548387096774,3552.2175461314337,20.0,687,75,0.23871906841339155
5.0,7,30.0,1,5.0,0.0,-0.6,15445,93,0.13985108449336356,0.04292651343476853,0.8172224020718679,656,7.053763440860215,3058.077047588216,15.0,582,74,0.281786941580756
5.0,7,30.0,1,5.0,0.0,-0.5,15445,93,0.13324700550339916,0.04441566850113305,0.8223373259954678,681,7.32258064516129,3174.619617999352,15.0,607,74,0.2701812191103789
5.0,7,30.0,1,5.0,0.0,-0.4,15445,93,0.11816121722240207,0.04894787957267724,0.8328909032049207,602,6.473118279569892,2806.3450955001617,15.0,528,74,0.3106060606060606
5.0,7,30.0,1,5.0,0.0,-0.3,15445,93,0.11039171252832632,0.05199093557785691,0.8376173518938168,590,6.344086021505376,2750.404661702816,15.0,516,74,0.3178294573643411
5.0,7,30.0,1,5.0,0.0,-0.2,15445,93,0.09621236646163807,0.05801230171576562,0.8457753318225963,452,4.860215053763441,2107.0896730333443,20.0,378,74,0.4312169312169312
5.0,7,30.0,1,5.0,0.0,-0.1,15445,93,0.09621236646163807,0.052767886047264484,0.8510197474910974,452,4.860215053763441,2107.0896730333443,20.0,378,74,0.4312169312169312
5.0,7,30.0,1,5.0,0.0,0.0,15445,93,0.09064422143088378,0.04519261897054063,0.8641631595985756,363,3.903225806451613,1692.198122369699,30.0,291,72,0.4570446735395189
5.0,7,30.0,1,5.0,0.0,0.1,15445,93,0.09064422143088378,0.03865328585302687,0.8707024927160893,265,2.849462365591398,1235.3512463580448,30.0,196,69,0.4489795918367347
5.0,7,30.0,1,5.0,0.0,0.2,15445,93,0.08844286176756232,0.03185496924571059,0.8797021689867272,287,3.086021505376344,1337.9087083198447,20.0,218,69,0.4036697247706422
5.0,7,30.0,1,5.0,0.0,0.3,15445,93,0.08844286176756232,0.03101327290385238,0.8805438653285853,286,3.075268817204301,1333.2470055033991,20.0,218,68,0.4036697247706422
5.0,7,30.0,1,5.0,0.0,0.4,15445,93,0.08611201035933959,0.02188410488831337,0.892003884752347,306,3.2903225806451615,1426.4810618323081,15.0,239,67,0.3598326359832636
5.0,7,30.0,1,5.0,0.0,0.5,15445,93,0.08611201035933959,0.021107154418905795,0.8927808352217547,306,3.2903225806451615,1426.4810618323081,15.0,239,67,0.3598326359832636
5.0,7,30.0,1,5.0,0.0,0.6,15445,93,0.08391065069601814,0.016704435092262868,0.899384914211719,232,2.4946236559139785,1081.5150534153447,15.0,202,30,0.42574257425742573
5.0,7,30.0,1,5.0,0.0,0.7,15445,93,0.08391065069601814,0.016704435092262868,0.899384914211719,232,2.4946236559139785,1081.5150534153447,15.0,202,30,0.42574257425742573
5.0,7,30.0,1,5.0,0.0,0.8,15445,93,0.08157979928779541,0.01625121398510845,0.9021689867270961,182,1.956989247311828,848.4299125930722,15.0,177,5,0.4858757062146893
5.0,7,30.0,1,5.0,0.0,0.9,15445,93,0.08157979928779541,0.01625121398510845,0.9021689867270961,182,1.956989247311828,848.4299125930722,15.0,177,5,0.4858757062146893
5.0,7,30.0,1,5.0,0.0,1.0,15445,93,0.07898996438977016,0.017481385561670445,0.9035286500485594,182,1.956989247311828,848.4299125930722,15.0,177,5,0.4858757062146893
5.0,7,30.0,2,5.0,5.0,-4.0,15445,93,1.0,0.0,0.0,0,0.0,0.0,,0,0,
5.0,7,30.0,2,5.0,5.0,-3.9,15445,93,1.0,0.0,0.0,0,0.0,0.0,,0,0,
5.0,7,30.0,2,5.0,5.0,-3.8,15445,93,1.0,0.0,0.0,0,0.0,0.0,,0,0,
5.0,7,30.0,2,5.0,5.0,-3.7,15445,93,1.0,0.0,0.0,0,0.0,0.0,,0,0,
5.0,7,30.0,2,5.0,5.0,-3.6,15445,93,1.0,0.0,0.0,0,0.0,0.0,,0,0,
5.0,7,30.0,2,5.0,5.0,-3.5,15445,93,1.0,0.0,0.0,0,0.0,0.0,,0,0,
5.0,7,30.0,2,5.0,5.0,-3.4,15445,93,1.0,0.0,0.0,0,0.0,0.0,,0,0,
5.0,7,30.0,2,5.0,5.0,-3.3,15445,93,1.0,0.0,0.0,0,0.0,0.0,,0,0,
5.0,7,30.0,2,5.0,5.0,-3.2,15445,93,1.0,0.0,0.0,0,0.0,0.0,,0,0,
5.0,7,30.0,2,5.0,5.0,-3.1,15445,93,1.0,0.0,0.0,0,0.0,0.0,,0,0,
5.0,7,30.0,2,5.0,5.0,-3.0,15445,93,1.0,0.0,0.0,0,0.0,0.0,,0,0,
5.0,7,30.0,2,5.0,5.0,-2.9,15445,93,1.0,0.0,0.0,0,0.0,0.0,,0,0,
5.0,7,30.0,2,5.0,5.0,-2.8,15445,93,1.0,0.0,0.0,0,0.0,0.0,,0,0,
5.0,7,30.0,2,5.0,5.0,-2.7,15445,93,1.0,0.0,0.0,0,0.0,0.0,,0,0,
5.0,7,30.0,2,5.0,5.0,-2.6,15445,93,1.0,0.0,0.0,0,0.0,0.0,,0,0,
5.0,7,30.0,2,5.0,5.0,-2.5,15445,93,0.9996115247652962,0.00038847523470378765,0.0,2,0.021505376344086023,9.323405632890903,100.0,2,0,0.5
5.0,7,30.0,2,5.0,5.0,-2.4,15445,93,0.9962447393978634,0.003755260602136614,0.0,54,0.5806451612903226,251.7319520880544,80.0,54,0,0.5
5.0,7,30.0,2,5.0,5.0,-2.3,15445,93,0.9759145354483652,0.024085464551634832,0.0,134,1.4408602150537635,624.6681774036906,45.0,134,0,0.40298507462686567
5.0,7,30.0,2,5.0,5.0,-2.2,15445,93,0.9233408870184526,0.07665911298154743,0.0,366,3.935483870967742,1706.1832308190353,40.0,361,5,0.3878116343490305
5.0,7,30.0,2,5.0,5.0,-2.1,15445,93,0.8271285205568145,0.1623179022337326,0.010553577209452897,653,7.021505376344086,3044.0919391388798,30.0,639,14,0.3223787167449139
5.0,7,30.0,2,5.0,5.0,-2.0,15445,93,0.6876659112981548,0.2598899320168339,0.05244415668501133,826,8.881720430107526,3850.566526383943,35.0,811,15,0.17385943279901356
5.0,7,30.0,2,5.0,5.0,-1.9,15445,93,0.6067335707348657,0.2532858530268695,0.13998057623826482,1306,14.043010752688172,6088.1838782777595,25.0,1288,18,0.19254658385093168
5.0,7,30.0,2,5.0,5.0,-1.8,15445,93,0.5553900938815151,0.1389446422790547,0.3056652638394302,1102,11.849462365591398,5137.196503722887,50.0,1078,24,0.3515769944341373
5.0,7,30.0,2,5.0,5.0,-1.7,15445,93,0.43010683068954353,0.23755260602136613,0.33234056328909034,1375,14.78494623655914,6409.841372612496,35.0,1326,49,0.19683257918552036
5.0,7,30.0,2,5.0,5.0,-1.6,15445,93,0.31751375849789576,0.33363548073810295,0.3488507607640013,1235,13.279569892473118,5757.2029783101325,40.0,1186,49,0.23524451939291738
5.0,7,30.0,2,5.0,5.0,-1.5,15445,93,0.2580123017157656,0.34749109744253803,0.39449660084169635,1105,11.881720430107526,5151.181612172224,45.0,1046,59,0.26673040152963673
5.0,7,30.0,2,5.0,5.0,-1.4,15445,93,0.20077695046940758,0.3777921657494335,0.42143088378115895,741,7.967741935483871,3454.3217869860796,55.0,661,80,0.41603630862329805
5.0,7,30.0,2,5.0,5.0,-1.3,15445,93,0.19223049530592426,0.2971188086759469,0.5106506960181288,910,9.78494623655914,4242.149562965361,40.0,829,81,0.25211097708082025
5.0,7,30.0,2,5.0,5.0,-1.2,15445,93,0.18659760440271933,0.16736808028488184,0.6460343153123989,990,10.64516129032258,4615.085788280997,30.0,909,81,0.1562156215621562
5.0,7,30.0,2,5.0,5.0,-1.1,15445,93,0.17921657494334736,0.12113952735513112,0.6996438977015216,725,7.795698924731183,3379.7345419229528,35.0,646,79,0.2894736842105263
5.0,7,30.0,2,5.0,5.0,-1.0,15445,93,0.17384266752994496,0.10553577209452897,0.720621560375526,713,7.666666666666667,3323.794108125607,40.0,632,81,0.254746835443038
5.0,7,30.0,2,5.0,5.0,-0.9,15445,93,0.16918096471349953,0.07413402395597281,0.7566850113305277,746,8.021505376344086,3477.630301068307,30.0,668,78,0.2410179640718563
5.0,7,30.0,2,5.0,5.0,-0.8,15445,93,0.16199417287147944,0.05050178051149239,0.7875040466170282,665,7.150537634408602,3100.0323729362253,30.0,588,77,0.2755102040816326
5.0,7,30.0,2,5.0,5.0,-0.7,15445,93,0.15461314341210747,0.04745872450631272,0.7979281320815798,645,6.935483870967742,3006.7983166073163,30.0,568,77,0.2852112676056338
5.0,7,30.0,2,5.0,5.0,-0.6,15445,93,0.14626092586597605,0.03412107478148268,0.8196179993525413,494,5.311827956989247,2302.881191324053,30.0,418,76,0.38516746411483255
5.0,7,30.0,2,5.0,5.0,-0.5,15445,93,0.14056328909032048,0.03554548397539657,0.823891226934283,506,5.440860215053763,2358.8216251213985,25.0,430,76,0.3744186046511628
5.0,7,30.0,2,5.0,5.0,-0.4,15445,93,0.1244415668501133,0.04214956296536096,0.8334088701845257,484,5.204301075268817,2256.264163159599,20.0,410,74,0.3951219512195122
5.0,7,30.0,2,5.0,5.0,-0.3,15445,93,0.11673680802848818,0.04512787309808999,0.8381353188734219,497,5.344086021505376,2316.8662997733895,20.0,423,74,0.3829787234042553
5.0,7,30.0,2,5.0,5.0,-0.2,15445,93,0.10132729038523794,0.05458077047588216,0.8440919391388799,450,4.838709677419355,2097.766267400453,20.0,377,73,0.4323607427055703
5.0,7,30.0,2,5.0,5.0,-0.1,15445,93,0.10132729038523794,0.048300420848170926,0.8503722887665911,418,4.494623655913978,1948.5917772741986,15.0,346,72,0.4277456647398844
5.0,7,30.0,2,5.0,5.0,0.0,15445,93,0.09660084169634185,0.04176108773065717,0.861638070573001,359,3.860215053763441,1673.551311103917,25.0,288,71,0.4618055555555556
5.0,7,30.0,2,5.0,5.0,0.1,15445,93,0.09660084169634185,0.03528650048559404,0.8681126578180641,263,2.827956989247312,1226.0278407251537,25.0,195,68,0.4512820512820513
5.0,7,30.0,2,5.0,5.0,0.2,15445,93,0.0943994820330204,0.029265134347685334,0.8763353836192943,261,2.806451612903226,1216.7044350922629,20.0,205,56,0.4292682926829268
5.0,7,30.0,2,5.0,5.0,0.3,15445,93,0.0943994820330204,0.02848818387827776,0.8771123340887018,261,2.806451612903226,1216.7044350922629,20.0,205,56,0.4292682926829268
5.0,7,30.0,2,5.0,5.0,0.4,15445,93,0.09206863062479767,0.01935901586273875,0.8885723535124636,229,2.4623655913978495,1067.5299449660085,15.0,200,29,0.43
5.0,7,30.0,2,5.0,5.0,0.5,15445,93,0.09206863062479767,0.018582065393331175,0.8893493039818712,229,2.4623655913978495,1067.5299449660085,15.0,200,29,0.43
5.0,7,30.0,2,5.0,5.0,0.6,15445,93,0.0898672709614762,0.015021042408546455,0.8951116866299773,181,1.946236559139785,843.7682097766267,15.0,176,5,0.48863636363636365
5.0,7,30.0,2,5.0,5.0,0.7,15445,93,0.0898672709614762,0.015021042408546455,0.8951116866299773,181,1.946236559139785,843.7682097766267,15.0,176,5,0.48863636363636365
5.0,7,30.0,2,5.0,5.0,0.8,15445,93,0.08753641955325348,0.01618646811265782,0.8962771123340887,181,1.946236559139785,843.7682097766267,15.0,176,5,0.48863636363636365
5.0,7,30.0,2,5.0,5.0,0.9,15445,93,0.08753641955325348,0.01618646811265782,0.8962771123340887,181,1.946236559139785,843.7682097766267,15.0,176,5,0.48863636363636365
5.0,7,30.0,2,5.0,5.0,1.0,15445,93,0.08494658465522822,0.01741663968921981,0.897636775655552,181,1.946236559139785,843.7682097766267,15.0,176,5,0.48863636363636365
5.0,7,30.0,3,5.0,10.0,-4.0,15445,93,1.0,0.0,0.0,0,0.0,0.0,,0,0,
5.0,7,30.0,3,5.0,10.0,-3.9,15445,93,1.0,0.0,0.0,0,0.0,0.0,,0,0,
5.0,7,30.0,3,5.0,10.0,-3.8,15445,93,1.0,0.0,0.0,0,0.0,0.0,,0,0,
5.0,7,30.0,3,5.0,10.0,-3.7,15445,93,1.0,0.0,0.0,0,0.0,0.0,,0,0,
5.0,7,30.0,3,5.0,10.0,-3.6,15445,93,1.0,0.0,0.0,0,0.0,0.0,,0,0,
5.0,7,30.0,3,5.0,10.0,-3.5,15445,93,1.0,0.0,0.0,0,0.0,0.0,,0,0,
5.0,7,30.0,3,5.0,10.0,-3.4,15445,93,1.0,0.0,0.0,0,0.0,0.0,,0,0,
5.0,7,30.0,3,5.0,10.0,-3.3,15445,93,1.0,0.0,0.0,0,0.0,0.0,,0,0,
5.0,7,30.0,3,5.0,10.0,-3.2,15445,93,1.0,0.0,0.0,0,0.0,0.0,,0,0,
5.0,7,30.0,3,5.0,10.0,-3.1,15445,93,1.0,0.0,0.0,0,0.0,0.0,,0,0,
5.0,7,30.0,3,5.0,10.0,-3.0,15445,93,1.0,0.0,0.0,0,0.0,0.0,,0,0,
5.0,7,30.0,3,5.0,10.0,-2.9,15445,93,1.0,0.0,0.0,0,0.0,0.0,,0,0,
5.0,7,30.0,3,5.0,10.0,-2.8,15445,93,1.0,0.0,0.0,0,0.0,0.0,,0,0,
5.0,7,30.0,3,5.0,10.0,-2.7,15445,93,1.0,0.0,0.0,0,0.0,0.0,,0,0,
5.0,7,30.0,3,5.0,10.0,-2.6,15445,93,1.0,0.0,0.0,0,0.0,0.0,,0,0,
5.0,7,30.0,3,5.0,10.0,-2.5,15445,93,0.9996115247652962,0.00038847523470378765,0.0,2,0.021505376344086023,9.323405632890903,97.5,2,0,0.5
5.0,7,30.0,3,5.0,10.0,-2.4,15445,93,0.9996115247652962,0.00038847523470378765,0.0,2,0.021505376344086023,9.323405632890903,97.5,2,0,0.5
5.0,7,30.0,3,5.0,10.0,-2.3,15445,93,0.979281320815798,0.020718679184202008,0.0,82,0.8817204301075269,382.259630948527,60.0,82,0,0.5
5.0,7,30.0,3,5.0,10.0,-2.2,15445,93,0.9286500485594044,0.07134995144059567,0.0,284,3.053763440860215,1323.9235998705083,45.0,279,5,0.45161290322580644
5.0,7,30.0,3,5.0,10.0,-2.1,15445,93,0.8410488831337002,0.15603755260602137,0.0029135642602784073,322,3.4623655913978495,1501.0683068954354,70.0,313,9,0.7348242811501597
5.0,7,30.0,3,5.0,10.0,-2.0,15445,93,0.6941404985432179,0.25017805114923924,0.055681450307542894,736,7.913978494623656,3431.0132729038523,40.0,721,15,0.1955617198335645
5.0,7,30.0,3,5.0,10.0,-1.9,15445,93,0.6343800582712852,0.21897054062803498,0.14664940110067984,861,9.258064516129032,4013.726124959534,35.0,843,18,0.11387900355871886
5.0,7,30.0,3,5.0,10.0,-1.8,15445,93,0.6018128844286177,0.09012625445127873,0.3080608611201036,417,4.483870967741935,1943.9300744577533,100.0,399,18,0.42857142857142855
5.0,7,30.0,3,5.0,10.0,-1.7,15445,93,0.46474587245063126,0.20394949821948852,0.3313046293298802,869,9.344086021505376,4051.0197474910974,45.0,825,44,0.27515151515151515
5.0,7,30.0,3,5.0,10.0,-1.6,15445,93,0.32573648429912594,0.32631919715118163,0.34794431854969243,1122,12.064516129032258,5230.430560051797,45.0,1074,48,0.25884543761638734
5.0,7,30.0,3,5.0,10.0,-1.5,15445,93,0.26183230819035286,0.33363548073810295,0.4045322110715442,903,9.709677419354838,4209.517643250243,45.0,848,55,0.3125
5.0,7,30.0,3,5.0,10.0,-1.4,15445,93,0.20233085140822274,0.365231466494011,0.4324376820977663,628,6.752688172043011,2927.5493687277435,57.5,550,78,0.49818181818181817
5.0,7,30.0,3,5.0,10.0,-1.3,15445,93,0.19598575590806086,0.26617028164454515,0.537843962447394,640,6.881720430107527,2983.489802525089,55.0,560,80,0.36964285714285716
5.0,7,30.0,3,5.0,10.0,-1.2,15445,93,0.19721592748462285,0.12457105859501456,0.6782130139203626,487,5.236559139784946,2270.2492716089346,55.0,408,79,0.5049019607843137
5.0,7,30.0,3,5.0,10.0,-1.1,15445,93,0.1968921981223697,0.0921333764972483,0.710974425380382,489,5.258064516129032,2279.5726772418257,50.0,408,81,0.3627450980392157
5.0,7,30.0,3,5.0,10.0,-1.0,15445,93,0.1894464227905471,0.08287471673680803,0.7276788604726449,535,5.752688172043011,2494.011006798317,40.0,453,82,0.3090507726269316
5.0,7,30.0,3,5.0,10.0,-0.9,15445,93,0.18478471997410165,0.04538685658789252,0.7698284234380058,470,5.053763440860215,2191.000323729362,40.0,391,79,0.3989769820971867
5.0,7,30.0,3,5.0,10.0,-0.8,15445,93,0.17733894464227906,0.02447393978633862,0.7981871155713823,409,4.397849462365591,1906.6364519261897,35.0,331,78,0.4259818731117825
5.0,7,30.0,3,5.0,10.0,-0.7,15445,93,0.17190029135642604,0.021171900291356426,0.8069278083522176,388,4.172043010752688,1808.7406927808352,35.0,310,78,0.5064516129032258
5.0,7,30.0,3,5.0,10.0,-0.6,15445,93,0.16160569763677565,0.016639689219812237,0.8217546131434121,355,3.817204301075269,1654.9044998381353,35.0,277,78,0.5595667870036101
5.0,7,30.0,3,5.0,10.0,-0.5,15445,93,0.15344771770799612,0.022207834250566525,0.8243444480414374,381,4.096774193548387,1776.1087730657168,25.0,302,79,0.5132450331125827
5.0,7,30.0,3,5.0,10.0,-0.4,15445,93,0.13382971835545485,0.029653609582389124,0.8365166720621561,323,3.4731182795698925,1505.730009711881,35.0,248,75,0.5725806451612904
5.0,7,30.0,3,5.0,10.0,-0.3,15445,93,0.12230495305924248,0.033473616056976366,0.8442214308837812,281,3.021505376344086,1309.9384914211719,40.0,208,73,0.6153846153846154
5.0,7,30.0,3,5.0,10.0,-0.2,15445,93,0.1163483327937844,0.04117837487860149,0.8424732923276141,331,3.5591397849462365,1543.0236322434444,95.0,256,75,0.6171875
5.0,7,30.0,3,5.0,10.0,-0.1,15445,93,0.1163483327937844,0.030754289414049854,0.8528973777921658,235,2.5268817204301075,1095.500161864681,150.0,163,72,0.6932515337423313
5.0,7,30.0,3,5.0,10.0,0.0,15445,93,0.11414697313046293,0.020394949821948852,0.8654580770475883,168,1.8064516129032258,783.1660731628358,230.0,99,69,0.8585858585858586
5.0,7,30.0,3,5.0,10.0,0.1,15445,93,0.11414697313046293,0.020006474587245065,0.865846552282292,166,1.7849462365591398,773.842667529945,240.0,97,69,0.865979381443299
5.0,7,30.0,3,5.0,10.0,0.2,15445,93,0.10974425380382001,0.017869860796374232,0.8723858853998058,183,1.967741935483871,853.0916154095177,25.0,126,57,0.6666666666666666
5.0,7,30.0,3,5.0,10.0,0.3,15445,93,0.10974425380382001,0.017092910326966654,0.8731628358692133,183,1.967741935483871,853.0916154095177,25.0,126,57,0.6666666666666666
5.0,7,30.0,3,5.0,10.0,0.4,15445,93,0.10508255098737455,0.01223696989316931,0.8826804791194561,173,1.8602150537634408,806.4745872450632,130.0,144,29,0.5902777777777778
5.0,7,30.0,3,5.0,10.0,0.5,15445,93,0.10508255098737455,0.011460019423761736,0.8834574295888638,173,1.8602150537634408,806.4745872450632,130.0,144,29,0.5902777777777778
5.0,7,30.0,3,5.0,10.0,0.6,15445,93,0.10067983166073163,0.010100356102298478,0.8892198122369699,142,1.5268817204301075,661.9617999352541,625.0,137,5,0.6204379562043796
5.0,7,30.0,3,5.0,10.0,0.7,15445,93,0.10067983166073163,0.010100356102298478,0.8892198122369699,142,1.5268817204301075,661.9617999352541,625.0,137,5,0.6204379562043796
5.0,7,30.0,3,5.0,10.0,0.8,15445,93,0.09601812884428618,0.013596633214632567,0.8903852379410813,161,1.7311827956989247,750.5341534477177,325.0,156,5,0.5512820512820513
5.0,7,30.0,3,5.0,10.0,0.9,15445,93,0.09601812884428618,0.013596633214632567,0.8903852379410813,161,1.7311827956989247,750.5341534477177,325.0,156,5,0.5512820512820513
5.0,7,30.0,3,5.0,10.0,1.0,15445,93,0.09096795079313694,0.01728714794431855,0.8917449012625445,180,1.935483870967742,839.1065069601813,25.0,175,5,0.49142857142857144
5.0,7,60.0,1,5.0,0.0,-4.0,15445,93,1.0,0.0,0.0,0,0.0,0.0,,0,0,
5.0,7,60.0,1,5.0,0.0,-3.9,15445,93,1.0,0.0,0.0,0,0.0,0.0,,0,0,
5.0,7,60.0,1,5.0,0.0,-3.8,15445,93,1.0,0.0,0.0,0,0.0,0.0,,0,0,
5.0,7,60.0,1,5.0,0.0,-3.7,15445,93,1.0,0.0,0.0,0,0.0,0.0,,0,0,
5.0,7,60.0,1,5.0,0.0,-3.6,15445,93,1.0,0.0,0.0,0,0.0,0.0,,0,0,
5.0,7,60.0,1,5.0,0.0,-3.5,15445,93,1.0,0.0,0.0,0,0.0,0.0,,0,0,
5.0,7,60.0,1,5.0,0.0,-3.4,15445,93,1.0,0.0,0.0,0,0.0,0.0,,0,0,
5.0,7,60.0,1,5.0,0.0,-3.3,15445,93,1.0,0.0,0.0,0,0.0,0.0,,0,0,
5.0,7,60.0,1,5.0,0.0,-3.2,15445,93,1.0,0.0,0.0,0,0.0,0.0,,0,0,
5.0,7,60.0,1,5.0,0.0,-3.1,15445,93,1.0,0.0,0.0,0,0.0,0.0,,0,0,
5.0,7,60.0,1,5.0,0.0,-3.0,15445,93,1.0,0.0,0.0,0,0.0,0.0,,0,0,
5.0,7,60.0,1,5.0,0.0,-2.9,15445,93,1.0,0.0,0.0,0,0.0,0.0,,0,0,
5.0,7,60.0,1,5.0,0.0,-2.8,15445,93,1.0,0.0,0.0,0,0.0,0.0,,0,0,
5.0,7,60.0,1,5.0,0.0,-2.7,15445,93,1.0,0.0,0.0,0,0.0,0.0,,0,0,
5.0,7,60.0,1,5.0,0.0,-2.6,15445,93,1.0,0.0,0.0,0,0.0,0.0,,0,0,
5.0,7,60.0,1,5.0,0.0,-2.5,15445,93,1.0,0.0,0.0,0,0.0,0.0,,0,0,
5.0,7,60.0,1,5.0,0.0,-2.4,15445,93,1.0,0.0,0.0,0,0.0,0.0,,0,0,
5.0,7,60.0,1,5.0,0.0,-2.3,15445,93,0.9783101327290386,0.021689867270961477,0.0,86,0.9247311827956989,400.90644221430887,55.0,84,2,0.47619047619047616
5.0,7,60.0,1,5.0,0.0,-2.2,15445,93,0.9239235998705082,0.07607640012949174,0.0,264,2.838709677419355,1230.6895435415993,82.5,259,5,0.528957528957529
5.0,7,60.0,1,5.0,0.0,-2.1,15445,93,0.8016833926837165,0.1983166073162836,0.0,289,3.10752688172043,1347.2321139527355,100.0,282,7,0.7411347517730497
5.0,7,60.0,1,5.0,0.0,-2.0,15445,93,0.6363871803172548,0.34561346714146973,0.017999352541275493,299,3.21505376344086,1393.84914211719,145.0,292,7,0.678082191780822
5.0,7,60.0,1,5.0,0.0,-1.9,15445,93,0.602460343153124,0.34315312398834574,0.05438653285853027,392,4.21505376344086,1827.387504046617,120.0,382,10,0.5575916230366492
5.0,7,60.0,1,5.0,0.0,-1.8,15445,93,0.5644545160246034,0.1836840401424409,0.25186144383295567,654,7.032258064516129,3048.7536419553257,55.0,634,20,0.222397476340694
5.0,7,60.0,1,5.0,0.0,-1.7,15445,93,0.40071220459695694,0.29303981871155715,0.3062479766914859,780,8.387096774193548,3636.128196827452,70.0,713,67,0.4600280504908836
5.0,7,60.0,1,5.0,0.0,-1.6,15445,93,0.2739397863386209,0.39035286500485594,0.33570734865652313,719,7.731182795698925,3351.76432502428,70.0,649,70,0.43605546995377503
5.0,7,60.0,1,5.0,0.0,-1.5,15445,93,0.24486888960828748,0.38433149886694723,0.3707996115247653,609,6.548387096774194,2838.97701521528,85.0,529,80,0.5822306238185255
5.0,7,60.0,1,5.0,0.0,-1.4,15445,93,0.2179993525412755,0.3806409841372613,0.4013596633214633,530,5.698924731182796,2470.7024927160896,65.0,452,78,0.6438053097345132
5.0,7,60.0,1,5.0,0.0,-1.3,15445,93,0.17792165749433472,0.37436063450955004,0.44771770799611527,570,6.129032258064516,2657.170605373907,50.0,494,76,0.4089068825910931
5.0,7,60.0,1,5.0,0.0,-1.2,15445,93,0.1590158627387504,0.2978957591453545,0.5430883781158952,847,9.10752688172043,3948.4622855292973,40.0,765,82,0.16601307189542483
5.0,7,60.0,1,5.0,0.0,-1.1,15445,93,0.14651990935577858,0.19812236969893168,0.6553577209452898,650,6.989247311827957,3030.1068306895436,35.0,570,80,0.3473684210526316
5.0,7,60.0,1,5.0,0.0,-1.0,15445,93,0.1327290385237941,0.18931693104564584,0.67795403043056,612,6.580645161290323,2852.9621236646162,35.0,533,79,0.39399624765478425
5.0,7,60.0,1,5.0,0.0,-0.9,15445,93,0.12385885399805763,0.15564907737131758,0.7204920686306248,626,6.731182795698925,2918.225963094853,30.0,549,77,0.33879781420765026
5.0,7,60.0,1,5.0,0.0,-0.8,15445,93,0.11608934930398188,0.12489478795726773,0.7590158627387504,600,6.451612903225806,2797.021689867271,40.0,523,77,0.31166347992351817
5.0,7,60.0,1,5.0,0.0,-0.7,15445,93,0.11278730980899968,0.10385237941081256,0.7833603107801878,522,5.612903225806452,2433.4088701845258,40.0,446,76,0.36771300448430494
5.0,7,60.0,1,5.0,0.0,-0.6,15445,93,0.11110391712528327,0.08552929750728391,0.8033667853674328,473,5.086021505376344,2204.985432178699,35.0,398,75,0.4120603015075377
5.0,7,60.0,1,5.0,0.0,-0.5,15445,93,0.10747814826804791,0.07892521851731953,0.8135966332146326,472,5.075268817204301,2200.3237293622533,30.0,398,74,0.40954773869346733
5.0,7,60.0,1,5.0,0.0,-0.4,15445,93,0.1047588216251214,0.05432178698607964,0.840919391388799,427,4.591397849462366,1990.5471026222078,25.0,354,73,0.4180790960451977
5.0,7,60.0,1,5.0,0.0,-0.3,15445,93,0.10229847847199741,0.0420200712204597,0.855681450307543,287,3.086021505376344,1337.9087083198447,20.0,219,68,0.4063926940639269
5.0,7,60.0,1,5.0,0.0,-0.2,15445,93,0.09880220135966332,0.035480738102945934,0.8657170605373907,261,2.806451612903226,1216.7044350922629,20.0,193,68,0.45595854922279794
5.0,7,60.0,1,5.0,0.0,-0.1,15445,93,0.09880220135966332,0.035415992230495304,0.8657818064098414,261,2.806451612903226,1216.7044350922629,20.0,193,68,0.45595854922279794
5.0,7,60.0,1,5.0,0.0,0.0,15445,93,0.09660084169634185,0.03056005179669796,0.8728391065069602,231,2.4838709677419355,1076.8533505988992,20.0,176,55,0.48863636363636365
5.0,7,60.0,1,5.0,0.0,0.1,15445,93,0.09660084169634185,0.03056005179669796,0.8728391065069602,231,2.4838709677419355,1076.8533505988992,20.0,176,55,0.48863636363636365
5.0,7,60.0,1,5.0,0.0,0.2,15445,93,0.09550016186468113,0.025509873745548722,0.8789899643897702,219,2.3548387096774195,1020.9129168015538,20.0,176,43,0.48863636363636365
5.0,7,60.0,1,5.0,0.0,0.3,15445,93,0.09550016186468113,0.024732923276141145,0.8797669148591777,207,2.225806451612903,964.9724830042085,20.0,176,31,0.48863636363636365
5.0,7,60.0,1,5.0,0.0,0.4,15445,93,0.09433473616056977,0.021042408546455164,0.884622855292975,181,1.946236559139785,843.7682097766267,20.0,176,5,0.48863636363636365
5.0,7,60.0,1,5.0,0.0,0.5,15445,93,0.09433473616056977,0.021042408546455164,0.884622855292975,181,1.946236559139785,843.7682097766267,20.0,176,5,0.48863636363636365
5.0,7,60.0,1,5.0,0.0,0.6,15445,93,0.09323405632890903,0.01994172871479443,0.8868242149562965,181,1.946236559139785,843.7682097766267,20.0,176,5,0.48863636363636365
5.0,7,60.0,1,5.0,0.0,0.7,15445,93,0.09323405632890903,0.01994172871479443,0.8868242149562965,181,1.946236559139785,843.7682097766267,20.0,176,5,0.48863636363636365
5.0,7,60.0,1,5.0,0.0,0.8,15445,93,0.09206863062479767,0.01994172871479443,0.8879896406604079,181,1.946236559139785,843.7682097766267,20.0,176,5,0.48863636363636365
5.0,7,60.0,1,5.0,0.0,0.9,15445,93,0.09206863062479767,0.01994172871479443,0.8879896406604079,181,1.946236559139785,843.7682097766267,20.0,176,5,0.48863636363636365
5.0,7,60.0,1,5.0,0.0,1.0,15445,93,0.09070896730333441,0.020071220459695695,0.8892198122369699,181,1.946236559139785,843.7682097766267,20.0,176,5,0.48863636363636365
5.0,7,60.0,2,5.0,5.0,-4.0,15445,93,1.0,0.0,0.0,0,0.0,0.0,,0,0,
5.0,7,60.0,2,5.0,5.0,-3.9,15445,93,1.0,0.0,0.0,0,0.0,0.0,,0,0,
5.0,7,60.0,2,5.0,5.0,-3.8,15445,93,1.0,0.0,0.0,0,0.0,0.0,,0,0,
5.0,7,60.0,2,5.0,5.0,-3.7,15445,93,1.0,0.0,0.0,0,0.0,0.0,,0,0,
5.0,7,60.0,2,5.0,5.0,-3.6,15445,93,1.0,0.0,0.0,0,0.0,0.0,,0,0,
5.0,7,60.0,2,5.0,5.0,-3.5,15445,93,1.0,0.0,0.0,0,0.0,0.0,,0,0,
5.0,7,60.0,2,5.0,5.0,-3.4,15445,93,1.0,0.0,0.0,0,0.0,0.0,,0,0,
5.0,7,60.0,2,5.0,5.0,-3.3,15445,93,1.0,0.0,0.0,0,0.0,0.0,,0,0,
5.0,7,60.0,2,5.0,5.0,-3.2,15445,93,1.0,0.0,0.0,0,0.0,0.0,,0,0,
5.0,7,60.0,2,5.0,5.0,-3.1,15445,93,1.0,0.0,0.0,0,0.0,0.0,,0,0,
5.0,7,60.0,2,5.0,5.0,-3.0,15445,93,1.0,0.0,0.0,0,0.0,0.0,,0,0,
5.0,7,60.0,2,5.0,5.0,-2.9,15445,93,1.0,0.0,0.0,0,0.0,0.0,,0,0,
5.0,7,60.0,2,5.0,5.0,-2.8,15445,93,1.0,0.0,0.0,0,0.0,0.0,,0,0,
5.0,7,60.0,2,5.0,5.0,-2.7,15445,93,1.0,0.0,0.0,0,0.0,0.0,,0,0,
5.0,7,60.0,2,5.0,5.0,-2.6,15445,93,1.0,0.0,0.0,0,0.0,0.0,,0,0,
5.0,7,60.0,2,5.0,5.0,-2.5,15445,93,1.0,0.0,0.0,0,0.0,0.0,,0,0,
5.0,7,60.0,2,5.0,5.0,-2.4,15445,93,1.0,0.0,0.0,0,0.0,0.0,,0,0,
5.0,7,60.0,2,5.0,5.0,-2.3,15445,93,0.9782453868565879,0.021754613143412108,0.0,84,0.9032258064516129,391.5830365814179,55.0,82,2,0.4878048780487805
5.0,7,60.0,2,5.0,5.0,-2.2,15445,93,0.9241178374878601,0.07588216251213985,0.0,258,2.774193548387097,1202.7193266429265,90.0,251,7,0.5338645418326693
5.0,7,60.0,2,5.0,5.0,-2.1,15445,93,0.8022013596633215,0.19779864033667854,0.0,287,3.086021505376344,1337.9087083198447,100.0,278,9,0.7410071942446043
5.0,7,60.0,2,5.0,5.0,-2.0,15445,93,0.6371641307866623,0.3449012625445128,0.017934606668824862,299,3.21505376344086,1393.84914211719,140.0,292,7,0.678082191780822
5.0,7,60.0,2,5.0,5.0,-1.9,15445,93,0.6032372936225315,0.34069278083522175,0.056069925542246685,332,3.5698924731182795,1547.68533505989,135.0,322,10,0.6614906832298136
5.0,7,60.0,2,5.0,5.0,-1.8,15445,93,0.5652962123664617,0.18064098413726126,0.25406280349627713,568,6.10752688172043,2647.8471997410165,55.0,550,18,0.33454545454545453
5.0,7,60.0,2,5.0,5.0,-1.7,15445,93,0.40155390093881516,0.29368727743606343,0.3047588216251214,748,8.043010752688172,3486.953706701198,70.0,681,67,0.4801762114537445
5.0,7,60.0,2,5.0,5.0,-1.6,15445,93,0.27627063774684363,0.3895759145354484,0.334153447717708,657,7.064516129032258,3062.738750404662,80.0,586,71,0.4812286689419795
5.0,7,60.0,2,5.0,5.0,-1.5,15445,93,0.24642279054710262,0.383489802525089,0.37008740692780834,607,6.526881720430108,2829.653609582389,85.0,526,81,0.5817490494296578
5.0,7,60.0,2,5.0,5.0,-1.4,15445,93,0.21961799935254128,0.37895759145354485,0.40142440919391387,502,5.397849462365591,2340.174813855617,65.0,425,77,0.6847058823529412
5.0,7,60.0,2,5.0,5.0,-1.3,15445,93,0.17954030430560053,0.3735189381676918,0.4469407575267077,568,6.10752688172043,2647.8471997410165,50.0,492,76,0.40853658536585363
5.0,7,60.0,2,5.0,5.0,-1.2,15445,93,0.16069925542246682,0.29737779216574944,0.5419229524117838,842,9.053763440860216,3925.15377144707,40.0,760,82,0.16710526315789473
5.0,7,60.0,2,5.0,5.0,-1.1,15445,93,0.14820330203949497,0.19766914859177728,0.6541275493687277,642,6.903225806451613,2992.81320815798,35.0,562,80,0.35231316725978645
5.0,7,60.0,2,5.0,5.0,-1.0,15445,93,0.13344124312075106,0.18989964389770153,0.6766591129815475,578,6.21505376344086,2694.464227905471,35.0,499,79,0.42084168336673344
5.0,7,60.0,2,5.0,5.0,-0.9,15445,93,0.1246358044674652,0.15642602784072515,0.7189381676918096,594,6.387096774193548,2769.0514729685983,35.0,517,77,0.3597678916827853
5.0,7,60.0,2,5.0,5.0,-0.8,15445,93,0.11790223373259955,0.12385885399805763,0.7582389122693428,576,6.193548387096774,2685.14082227258,40.0,499,77,0.32665330661322645
5.0,7,60.0,2,5.0,5.0,-0.7,15445,93,0.11460019423761736,0.10359339592101004,0.7818064098413726,522,5.612903225806452,2433.4088701845258,40.0,445,77,0.36629213483146067
5.0,7,60.0,2,5.0,5.0,-0.6,15445,93,0.11291680155390094,0.08533505988993202,0.801748138556167,472,5.075268817204301,2200.3237293622533,35.0,396,76,0.4116161616161616
5.0,7,60.0,2,5.0,5.0,-0.5,15445,93,0.10929103269666558,0.07879572677241826,0.8119132405309162,458,4.924731182795699,2135.059889932017,30.0,383,75,0.42297650130548303
5.0,7,60.0,2,5.0,5.0,-0.4,15445,93,0.10741340239559728,0.05127873098089997,0.8413078666235028,349,3.752688172043011,1626.9342829394627,20.0,278,71,0.420863309352518
5.0,7,60.0,2,5.0,5.0,-0.3,15445,93,0.1057947555843315,0.04027193266429265,0.8539333117513759,262,2.817204301075269,1221.3661379087084,20.0,193,69,0.45595854922279794
5.0,7,60.0,2,5.0,5.0,-0.2,15445,93,0.10385237941081256,0.03217869860796374,0.8639689219812237,248,2.6666666666666665,1156.102298478472,20.0,180,68,0.4888888888888889
5.0,7,60.0,2,5.0,5.0,-0.1,15445,93,0.10385237941081256,0.03211395273551311,0.8640336678536743,248,2.6666666666666665,1156.102298478472,20.0,180,68,0.4888888888888889
5.0,7,60.0,2,5.0,5.0,0.0,15445,93,0.1024927160893493,0.027258012301715765,0.870249271608935,218,2.3440860215053765,1016.2512139851084,20.0,176,42,0.48863636363636365
5.0,7,60.0,2,5.0,5.0,0.1,15445,93,0.1024927160893493,0.027258012301715765,0.870249271608935,218,2.3440860215053765,1016.2512139851084,20.0,176,42,0.48863636363636365
5.0,7,60.0,2,5.0,5.0,0.2,15445,93,0.10139203625768857,0.022984784719974102,0.8756231790223373,193,2.075268817204301,899.7086435739722,20.0,176,17,0.48863636363636365
5.0,7,60.0,2,5.0,5.0,0.3,15445,93,0.10139203625768857,0.022984784719974102,0.8756231790223373,193,2.075268817204301,899.7086435739722,20.0,176,17,0.48863636363636365
5.0,7,60.0,2,5.0,5.0,0.4,15445,93,0.1002266105535772,0.020977662674004534,0.8787957267724182,181,1.946236559139785,843.7682097766267,20.0,176,5,0.48863636363636365
5.0,7,60.0,2,5.0,5.0,0.5,15445,93,0.1002266105535772,0.020977662674004534,0.8787957267724182,181,1.946236559139785,843.7682097766267,20.0,176,5,0.48863636363636365
5.0,7,60.0,2,5.0,5.0,0.6,15445,93,0.09912593072191647,0.0198769828423438,0.8809970864357397,181,1.946236559139785,843.7682097766267,20.0,176,5,0.48863636363636365
5.0,7,60.0,2,5.0,5.0,0.7,15445,93,0.09912593072191647,0.0198769828423438,0.8809970864357397,181,1.946236559139785,843.7682097766267,20.0,176,5,0.48863636363636365
5.0,7,60.0,2,5.0,5.0,0.8,15445,93,0.09796050501780512,0.0198769828423438,0.8821625121398511,181,1.946236559139785,843.7682097766267,20.0,176,5,0.48863636363636365
5.0,7,60.0,2,5.0,5.0,0.9,15445,93,0.09796050501780512,0.0198769828423438,0.8821625121398511,181,1.946236559139785,843.7682097766267,20.0,176,5,0.48863636363636365
5.0,7,60.0,2,5.0,5.0,1.0,15445,93,0.09660084169634185,0.020006474587245065,0.8833926837164131,181,1.946236559139785,843.7682097766267,20.0,176,5,0.48863636363636365
5.0,7,60.0,3,5.0,10.0,-4.0,15445,93,1.0,0.0,0.0,0,0.0,0.0,,0,0,
5.0,7,60.0,3,5.0,10.0,-3.9,15445,93,1.0,0.0,0.0,0,0.0,0.0,,0,0,
5.0,7,60.0,3,5.0,10.0,-3.8,15445,93,1.0,0.0,0.0,0,0.0,0.0,,0,0,
5.0,7,60.0,3,5.0,10.0,-3.7,15445,93,1.0,0.0,0.0,0,0.0,0.0,,0,0,
5.0,7,60.0,3,5.0,10.0,-3.6,15445,93,1.0,0.0,0.0,0,0.0,0.0,,0,0,
5.0,7,60.0,3,5.0,10.0,-3.5,15445,93,1.0,0.0,0.0,0,0.0,0.0,,0,0,
5.0,7,60.0,3,5.0,10.0,-3.4,15445,93,1.0,0.0,0.0,0,0.0,0.0,,0,0,
5.0,7,60.0,3,5.0,10.0,-3.3,15445,93,1.0,0.0,0.0,0,0.0,0.0,,0,0,
5.0,7,60.0,3,5.0,10.0,-3.2,15445,93,1.0,0.0,0.0,0,0.0,0.0,,0,0,
5.0,7,60.0,3,5.0,10.0,-3.1,15445,93,1.0,0.0,0.0,0,0.0,0.0,,0,0,
5.0,7,60.0,3,5.0,10.0,-3.0,15445,93,1.0,0.0,0.0,0,0.0,0.0,,0,0,
5.0,7,60.0,3,5.0,10.0,-2.9,15445,93,1.0,0.0,0.0,0,0.0,0.0,,0,0,
5.0,7,60.0,3,5.0,10.0,-2.8,15445,93,1.0,0.0,0.0,0,0.0,0.0,,0,0,
5.0,7,60.0,3,5.0,10.0,-2.7,15445,93,1.0,0.0,0.0,0,0.0,0.0,,0,0,
5.0,7,60.0,3,5.0,10.0,-2.6,15445,93,1.0,0.0,0.0,0,0.0,0.0,,0,0,
5.0,7,60.0,3,5.0,10.0,-2.5,15445,93,1.0,0.0,0.0,0,0.0,0.0,,0,0,
5.0,7,60.0,3,5.0,10.0,-2.4,15445,93,1.0,0.0,0.0,0,0.0,0.0,,0,0,
5.0,7,60.0,3,5.0,10.0,-2.3,15445,93,0.9782453868565879,0.021754613143412108,0.0,84,0.9032258064516129,391.5830365814179,55.0,82,2,0.4878048780487805
5.0,7,60.0,3,5.0,10.0,-2.2,15445,93,0.9241178374878601,0.07588216251213985,0.0,254,2.7311827956989245,1184.0725153771448,90.0,247,7,0.5465587044534413
5.0,7,60.0,3,5.0,10.0,-2.1,15445,93,0.8025250890255746,0.19747491097442538,0.0,284,3.053763440860215,1323.9235998705083,100.0,276,8,0.7463768115942029
5.0,7,60.0,3,5.0,10.0,-2.0,15445,93,0.6378115895111687,0.3443185496924571,0.017869860796374232,296,3.182795698924731,1379.8640336678536,135.0,290,6,0.6827586206896552
5.0,7,60.0,3,5.0,10.0,-1.9,15445,93,0.6040142440919392,0.3400453221107154,0.05594043379734542,330,3.5483870967741935,1538.3619294269988,130.0,320,10,0.6625
5.0,7,60.0,3,5.0,10.0,-1.8,15445,93,0.5695046940757527,0.1770152152800259,0.25348009064422145,514,5.526881720430108,2396.115247652962,60.0,496,18,0.3467741935483871
5.0,7,60.0,3,5.0,10.0,-1.7,15445,93,0.4047911945613467,0.2910974425380382,0.3041113629006151,715,7.688172043010753,3333.117513758498,70.0,647,68,0.47913446676970634
5.0,7,60.0,3,5.0,10.0,-1.6,15445,93,0.2777597928132082,0.3888637099384914,0.33337649724830043,653,7.021505376344086,3044.0919391388798,80.0,584,69,0.4828767123287671
5.0,7,60.0,3,5.0,10.0,-1.5,15445,93,0.24810618323081904,0.3826481061832308,0.3692457105859501,604,6.494623655913978,2815.6685011330524,85.0,524,80,0.583969465648855
5.0,7,60.0,3,5.0,10.0,-1.4,15445,93,0.22123664616380706,0.3781806409841373,0.40058271285205566,501,5.387096774193548,2335.5131110391712,65.0,425,76,0.6847058823529412
5.0,7,60.0,3,5.0,10.0,-1.3,15445,93,0.1811589511168663,0.37481385561670444,0.44402719326642925,534,5.741935483870968,2489.3493039818713,50.0,460,74,0.4369565217391304
5.0,7,60.0,3,5.0,10.0,-1.2,15445,93,0.16238264810618322,0.29433473616056977,0.543282615733247,805,8.655913978494624,3752.6707672385883,40.0,725,80,0.17655172413793102
5.0,7,60.0,3,5.0,10.0,-1.1,15445,93,0.1480090644221431,0.19902881191324054,0.6529621236646164,608,6.537634408602151,2834.3153123988345,35.0,530,78,0.37358490566037733
5.0,7,60.0,3,5.0,10.0,-1.0,15445,93,0.1310456458400777,0.19365490449983813,0.6752994496600842,510,5.483870967741935,2377.4684363871806,70.0,432,78,0.4837962962962963
5.0,7,60.0,3,5.0,10.0,-0.9,15445,93,0.1221754613143412,0.1604402719326643,0.7173842667529945,527,5.666666666666667,2456.717384266753,60.0,451,76,0.4124168514412417
5.0,7,60.0,3,5.0,10.0,-0.8,15445,93,0.11971511816121722,0.11880867594690839,0.7614762058918744,501,5.387096774193548,2335.5131110391712,40.0,426,75,0.3826291079812207
5.0,7,60.0,3,5.0,10.0,-0.7,15445,93,0.11641307866623503,0.10009711880867594,0.783489802525089,458,4.924731182795699,2135.059889932017,40.0,383,75,0.4255874673629243
5.0,7,60.0,3,5.0,10.0,-0.6,15445,93,0.11479443185496925,0.08507607640012949,0.8001294917449012,433,4.655913978494624,2018.5173195208804,35.0,358,75,0.4553072625698324
5.0,7,60.0,3,5.0,10.0,-0.5,15445,93,0.1120103593395921,0.07775979281320816,0.8102298478471998,407,4.376344086021505,1897.3130462932986,35.0,333,74,0.4864864864864865
5.0,7,60.0,3,5.0,10.0,-0.4,15445,93,0.11090967950793137,0.04953059242473292,0.8395597280673357,311,3.3440860215053765,1449.7895759145354,25.0,241,70,0.4854771784232365
5.0,7,60.0,3,5.0,10.0,-0.3,15445,93,0.11090967950793137,0.03690514729685983,0.8521851731952088,249,2.6774193548387095,1160.7640012949175,20.0,181,68,0.4861878453038674
5.0,7,60.0,3,5.0,10.0,-0.2,15445,93,0.10974425380382001,0.027193266429265135,0.8630624797669149,222,2.3870967741935485,1034.8980252508902,20.0,179,43,0.4860335195530726
5.0,7,60.0,3,5.0,10.0,-0.1,15445,93,0.10974425380382001,0.027128520556814504,0.8631272256393655,222,2.3870967741935485,1034.8980252508902,20.0,179,43,0.4860335195530726
5.0,7,60.0,3,5.0,10.0,0.0,15445,93,0.10838459048235675,0.024797669148591776,0.8668177403690515,205,2.204301075268817,955.6490773713175,20.0,175,30,0.4857142857142857
5.0,7,60.0,3,5.0,10.0,0.1,15445,93,0.10838459048235675,0.024797669148591776,0.8668177403690515,205,2.204301075268817,955.6490773713175,20.0,175,30,0.4857142857142857
5.0,7,60.0,3,5.0,10.0,0.2,15445,93,0.10728391065069602,0.022143088378115895,0.8705730009711881,181,1.946236559139785,843.7682097766267,20.0,176,5,0.48863636363636365
5.0,7,60.0,3,5.0,10.0,0.3,15445,93,0.10728391065069602,0.022143088378115895,0.8705730009711881,181,1.946236559139785,843.7682097766267,20.0,176,5,0.48863636363636365
5.0,7,60.0,3,5.0,10.0,0.4,15445,93,0.10611848494658466,0.0209129168015539,0.8729685982518615,181,1.946236559139785,843.7682097766267,20.0,176,5,0.48863636363636365
5.0,7,60.0,3,5.0,10.0,0.5,15445,93,0.10611848494658466,0.0209129168015539,0.8729685982518615,181,1.946236559139785,843.7682097766267,20.0,176,5,0.48863636363636365
5.0,7,60.0,3,5.0,10.0,0.6,15445,93,0.10501780511492392,0.01981223696989317,0.8751699579151829,181,1.946236559139785,843.7682097766267,20.0,176,5,0.48863636363636365
5.0,7,60.0,3,5.0,10.0,0.7,15445,93,0.10501780511492392,0.01981223696989317,0.8751699579151829,181,1.946236559139785,843.7682097766267,20.0,176,5,0.48863636363636365
5.0,7,60.0,3,5.0,10.0,0.8,15445,93,0.10385237941081256,0.01981223696989317,0.8763353836192943,181,1.946236559139785,843.7682097766267,20.0,176,5,0.48863636363636365
5.0,7,60.0,3,5.0,10.0,0.9,15445,93,0.10385237941081256,0.01981223696989317,0.8763353836192943,181,1.946236559139785,843.7682097766267,20.0,176,5,0.48863636363636365
5.0,7,60.0,3,5.0,10.0,1.0,15445,93,0.1024927160893493,0.01994172871479443,0.8775655551958562,181,1.946236559139785,843.7682097766267,20.0,176,5,0.48863636363636365
5.0,7,120.0,1,5.0,0.0,-4.0,15445,93,1.0,0.0,0.0,0,0.0,0.0,,0,0,
5.0,7,120.0,1,5.0,0.0,-3.9,15445,93,1.0,0.0,0.0,0,0.0,0.0,,0,0,
5.0,7,120.0,1,5.0,0.0,-3.8,15445,93,1.0,0.0,0.0,0,0.0,0.0,,0,0,
5.0,7,120.0,1,5.0,0.0,-3.7,15445,93,1.0,0.0,0.0,0,0.0,0.0,,0,0,
5.0,7,120.0,1,5.0,0.0,-3.6,15445,93,1.0,0.0,0.0,0,0.0,0.0,,0,0,
5.0,7,120.0,1,5.0,0.0,-3.5,15445,93,1.0,0.0,0.0,0,0.0,0.0,,0,0,
5.0,7,120.0,1,5.0,0.0,-3.4,15445,93,1.0,0.0,0.0,0,0.0,0.0,,0,0,
5.0,7,120.0,1,5.0,0.0,-3.3,15445,93,1.0,0.0,0.0,0,0.0,0.0,,0,0,
5.0,7,120.0,1,5.0,0.0,-3.2,15445,93,1.0,0.0,0.0,0,0.0,0.0,,0,0,
5.0,7,120.0,1,5.0,0.0,-3.1,15445,93,1.0,0.0,0.0,0,0.0,0.0,,0,0,
5.0,7,120.0,1,5.0,0.0,-3.0,15445,93,1.0,0.0,0.0,0,0.0,0.0,,0,0,
5.0,7,120.0,1,5.0,0.0,-2.9,15445,93,1.0,0.0,0.0,0,0.0,0.0,,0,0,
5.0,7,120.0,1,5.0,0.0,-2.8,15445,93,1.0,0.0,0.0,0,0.0,0.0,,0,0,
5.0,7,120.0,1,5.0,0.0,-2.7,15445,93,1.0,0.0,0.0,0,0.0,0.0,,0,0,
5.0,7,120.0,1,5.0,0.0,-2.6,15445,93,1.0,0.0,0.0,0,0.0,0.0,,0,0,
5.0,7,120.0,1,5.0,0.0,-2.5,15445,93,1.0,0.0,0.0,0,0.0,0.0,,0,0,
5.0,7,120.0,1,5.0,0.0,-2.4,15445,93,1.0,0.0,0.0,0,0.0,0.0,,0,0,
5.0,7,120.0,1,5.0,0.0,-2.3,15445,93,1.0,0.0,0.0,0,0.0,0.0,,0,0,
5.0,7,120.0,1,5.0,0.0,-2.2,15445,93,0.9540304305600518,0.045969569439948205,0.0,279,3.0,1300.615085788281,20.0,275,4,0.24
5.0,7,120.0,1,5.0,0.0,-2.1,15445,93,0.7694399482033021,0.23056005179669797,0.0,357,3.838709677419355,1664.2279054710261,60.0,350,7,0.5057142857142857
5.0,7,120.0,1,5.0,0.0,-2.0,15445,93,0.6444804143735837,0.35519585626416317,0.0003237293622531564,154,1.6559139784946237,717.9022337325995,115.0,150,4,0.9333333333333333
5.0,7,120.0,1,5.0,0.0,-1.9,15445,93,0.5840077695046941,0.367691809647135,0.048300420848170926,609,6.548387096774194,2838.97701521528,20.0,597,12,0.34505862646566166
5.0,7,120.0,1,5.0,0.0,-1.8,15445,93,0.5690514729685983,0.2209129168015539,0.21003561022984785,582,6.258064516129032,2713.1110391712527,55.0,565,17,0.35398230088495575
5.0,7,120.0,1,5.0,0.0,-1.7,15445,93,0.41379087083198446,0.2492716089349304,0.33693752023308515,837,9.0,3901.8452573648433,50.0,757,80,0.27080581241743723
5.0,7,120.0,1,5.0,0.0,-1.6,15445,93,0.3260602136613791,0.2967303334412431,0.3772094528973778,545,5.860215053763441,2540.628034962771,70.0,470,75,0.5170212765957447
5.0,7,120.0,1,5.0,0.0,-1.5,15445,93,0.2742635157008741,0.32618970540628034,0.39954677889284557,621,6.67741935483871,2894.9174490126256,45.0,544,77,0.29963235294117646
5.0,7,120.0,1,5.0,0.0,-1.4,15445,93,0.20440271932664292,0.37999352541275494,0.4156037552606021,499,5.365591397849462,2326.18970540628,35.0,426,73,0.38497652582159625
5.0,7,120.0,1,5.0,0.0,-1.3,15445,93,0.18225963094852704,0.36613790870831986,0.4516024603431531,408,4.387096774193548,1901.9747491097442,80.0,334,74,0.5718562874251497
5.0,7,120.0,1,5.0,0.0,-1.2,15445,93,0.15564907737131758,0.2760116542570411,0.5683392683716413,676,7.268817204301075,3151.3111039171254,65.0,597,79,0.23450586264656617
5.0,7,120.0,1,5.0,0.0,-1.1,15445,93,0.1443185496924571,0.21612172224020718,0.6395597280673357,472,5.075268817204301,2200.3237293622533,80.0,393,79,0.3994910941475827
5.0,7,120.0,1,5.0,0.0,-1.0,15445,93,0.1339592101003561,0.15305924247329233,0.7129815474263516,626,6.731182795698925,2918.225963094853,50.0,549,77,0.29326047358834245
5.0,7,120.0,1,5.0,0.0,-0.9,15445,93,0.12178698607963742,0.11349951440595663,0.7647134995144059,363,3.903225806451613,1692.198122369699,55.0,290,73,0.4586206896551724
5.0,7,120.0,1,5.0,0.0,-0.8,15445,93,0.11900291356426028,0.09692457105859502,0.7840725153771447,249,2.6774193548387095,1160.7640012949175,50.0,179,70,0.4860335195530726
5.0,7,120.0,1,5.0,0.0,-0.7,15445,93,0.11680155390093881,0.08060861120103593,0.8025898348980253,251,2.6989247311827955,1170.0874069278084,45.0,181,70,0.48066298342541436
5.0,7,120.0,1,5.0,0.0,-0.6,15445,93,0.11680155390093881,0.06468112657818065,0.8185173195208806,268,2.881720430107527,1249.3363548073812,35.0,202,66,0.4306930693069307
5.0,7,120.0,1,5.0,0.0,-0.5,15445,93,0.11440595662026545,0.05477500809323406,0.8308190352865005,291,3.129032258064516,1356.5555195856264,35.0,226,65,0.38495575221238937
5.0,7,120.0,1,5.0,0.0,-0.4,15445,93,0.112204596956944,0.045904823567497574,0.8418905794755585,203,2.182795698924731,946.3256717384266,40.0,174,29,0.4885057471264368
5.0,7,120.0,1,5.0,0.0,-0.3,15445,93,0.112204596956944,0.04247329232761411,0.8453221107154419,179,1.924731182795699,834.4448041437358,40.0,174,5,0.4885057471264368
5.0,7,120.0,1,5.0,0.0,-0.2,15445,93,0.1099384914211719,0.041307866623502755,0.8487536419553253,180,1.935483870967742,839.1065069601813,40.0,174,6,0.4885057471264368
5.0,7,120.0,1,5.0,0.0,-0.1,15445,93,0.1099384914211719,0.03787633538361929,0.8521851731952088,181,1.946236559139785,843.7682097766267,35.0,175,6,0.4857142857142857
5.0,7,120.0,1,5.0,0.0,0.0,15445,93,0.10864357397215928,0.03107801877630301,0.8602784072515377,181,1.946236559139785,843.7682097766267,35.0,175,6,0.4857142857142857
5.0,7,120.0,1,5.0,0.0,0.1,15445,93,0.10864357397215928,0.02997733894464228,0.8613790870831984,181,1.946236559139785,843.7682097766267,30.0,175,6,0.4857142857142857
5.0,7,120.0,1,5.0,0.0,0.2,15445,93,0.10644221430883781,0.02997733894464228,0.8635804467465199,181,1.946236559139785,843.7682097766267,30.0,175,6,0.4857142857142857
5.0,7,120.0,1,5.0,0.0,0.3,15445,93,0.10644221430883781,0.02997733894464228,0.8635804467465199,181,1.946236559139785,843.7682097766267,30.0,175,6,0.4857142857142857
5.0,7,120.0,1,5.0,0.0,0.4,15445,93,0.10404661702816445,0.03114276464875364,0.8648106183230819,181,1.946236559139785,843.7682097766267,30.0,175,6,0.4857142857142857
5.0,7,120.0,1,5.0,0.0,0.5,15445,93,0.10404661702816445,0.03114276464875364,0.8648106183230819,181,1.946236559139785,843.7682097766267,30.0,175,6,0.4857142857142857
5.0,7,120.0,1,5.0,0.0,0.6,15445,93,0.101845257364843,0.03114276464875364,0.8670119779864034,181,1.946236559139785,843.7682097766267,30.0,175,6,0.4857142857142857
5.0,7,120.0,1,5.0,0.0,0.7,15445,93,0.101845257364843,0.03114276464875364,0.8670119779864034,181,1.946236559139785,843.7682097766267,30.0,175,6,0.4857142857142857
5.0,7,120.0,1,5.0,0.0,0.8,15445,93,0.09951440595662027,0.03120751052120427,0.8692780835221755,181,1.946236559139785,843.7682097766267,30.0,175,6,0.4857142857142857
5.0,7,120.0,1,5.0,0.0,0.9,15445,93,0.09951440595662027,0.03120751052120427,0.8692780835221755,181,1.946236559139785,843.7682097766267,30.0,175,6,0.4857142857142857
5.0,7,120.0,1,5.0,0.0,1.0,15445,93,0.09705406280349628,0.03004208481709291,0.8729038523794108,181,1.946236559139785,843.7682097766267,30.0,175,6,0.4857142857142857
5.0,7,120.0,2,5.0,5.0,-4.0,15445,93,1.0,0.0,0.0,0,0.0,0.0,,0,0,
5.0,7,120.0,2,5.0,5.0,-3.9,15445,93,1.0,0.0,0.0,0,0.0,0.0,,0,0,
5.0,7,120.0,2,5.0,5.0,-3.8,15445,93,1.0,0.0,0.0,0,0.0,0.0,,0,0,
5.0,7,120.0,2,5.0,5.0,-3.7,15445,93,1.0,0.0,0.0,0,0.0,0.0,,0,0,
5.0,7,120.0,2,5.0,5.0,-3.6,15445,93,1.0,0.0,0.0,0,0.0,0.0,,0,0,
5.0,7,120.0,2,5.0,5.0,-3.5,15445,93,1.0,0.0,0.0,0,0.0,0.0,,0,0,
5.0,7,120.0,2,5.0,5.0,-3.4,15445,93,1.0,0.0,0.0,0,0.0,0.0,,0,0,
5.0,7,120.0,2,5.0,5.0,-3.3,15445,93,1.0,0.0,0.0,0,0.0,0.0,,0,0,
5.0,7,120.0,2,5.0,5.0,-3.2,15445,93,1.0,0.0,0.0,0,0.0,0.0,,0,0,
5.0,7,120.0,2,5.0,5.0,-3.1,15445,93,1.0,0.0,0.0,0,0.0,0.0,,0,0,
5.0,7,120.0,2,5.0,5.0,-3.0,15445,93,1.0,0.0,0.0,0,0.0,0.0,,0,0,
5.0,7,120.0,2,5.0,5.0,-2.9,15445,93,1.0,0.0,0.0,0,0.0,0.0,,0,0,
5.0,7,120.0,2,5.0,5.0,-2.8,15445,93,1.0,0.0,0.0,0,0.0,0.0,,0,0,
5.0,7,120.0,2,5.0,5.0,-2.7,15445,93,1.0,0.0,0.0,0,0.0,0.0,,0,0,
5.0,7,120.0,2,5.0,5.0,-2.6,15445,93,1.0,0.0,0.0,0,0.0,0.0,,0,0,
5.0,7,120.0,2,5.0,5.0,-2.5,15445,93,1.0,0.0,0.0,0,0.0,0.0,,0,0,
5.0,7,120.0,2,5.0,5.0,-2.4,15445,93,1.0,0.0,0.0,0,0.0,0.0,,0,0,
5.0,7,120.0,2,5.0,5.0,-2.3,15445,93,1.0,0.0,0.0,0,0.0,0.0,,0,0,
5.0,7,120.0,2,5.0,5.0,-2.2,15445,93,0.952411783748786,0.04758821625121398,0.0,223,2.3978494623655915,1039.5597280673358,20.0,219,4,0.365296803652968
5.0,7,120.0,2,5.0,5.0,-2.1,15445,93,0.7686629977338945,0.23133700226610554,0.0,315,3.3870967741935485,1468.4363871803173,90.0,308,7,0.6201298701298701
5.0,7,120.0,2,5.0,5.0,-2.0,15445,93,0.6450631272256394,0.3546131434121075,0.0003237293622531564,148,1.5913978494623655,689.9320168339268,127.5,144,4,0.9722222222222222
5.0,7,120.0,2,5.0,5.0,-1.9,15445,93,0.5831013272903852,0.3687277436063451,0.048170929103269665,551,5.924731182795699,2568.5982518614437,20.0,539,12,0.3821892393320965
5.0,7,120.0,2,5.0,5.0,-1.8,15445,93,0.5700226610553577,0.2204596956943995,0.2095176432502428,580,6.236559139784946,2703.787633538362,55.0,563,17,0.3552397868561279
5.0,7,120.0,2,5.0,5.0,-1.7,15445,93,0.4168986727096148,0.24512787309809,0.33797345419229524,719,7.731182795698925,3351.76432502428,55.0,637,82,0.31868131868131866
5.0,7,120.0,2,5.0,5.0,-1.6,15445,93,0.32748462285529295,0.294464227905471,0.378051149239236,493,5.301075268817204,2298.2194885076074,85.0,416,77,0.5793269230769231
5.0,7,120.0,2,5.0,5.0,-1.5,15445,93,0.2735513111039171,0.3277436063450955,0.39870508255098736,555,5.967741935483871,2587.245063127226,45.0,478,77,0.3410041841004184
5.0,7,120.0,2,5.0,5.0,-1.4,15445,93,0.20401424409193913,0.38128844286176755,0.4146973130462933,432,4.645161290322581,2013.8556167044353,85.0,359,73,0.4568245125348189
5.0,7,120.0,2,5.0,5.0,-1.3,15445,93,0.1851084493363548,0.3654257041113629,0.4494658465522823,338,3.6344086021505375,1575.6555519585627,130.0,265,73,0.6641509433962264
5.0,7,120.0,2,5.0,5.0,-1.2,15445,93,0.15869213337649724,0.27419876982842345,0.5671090967950793,639,6.870967741935484,2978.8280997086435,65.0,560,79,0.25
5.0,7,120.0,2,5.0,5.0,-1.1,15445,93,0.14626092586597605,0.21547426351570087,0.6382648106183231,472,5.075268817204301,2200.3237293622533,80.0,393,79,0.3994910941475827
5.0,7,120.0,2,5.0,5.0,-1.0,15445,93,0.13700226610553576,0.14962771123340887,0.7133700226610553,531,5.709677419354839,2475.3641955325347,55.0,455,76,0.35384615384615387
5.0,7,120.0,2,5.0,5.0,-0.9,15445,93,0.1267076723858854,0.10909679507931369,0.7641955325348009,325,3.4946236559139785,1515.0534153447718,55.0,253,72,0.466403162055336
5.0,7,120.0,2,5.0,5.0,-0.8,15445,93,0.12483004208481709,0.09271608934930398,0.782453868565879,249,2.6774193548387095,1160.7640012949175,50.0,179,70,0.4860335195530726
5.0,7,120.0,2,5.0,5.0,-0.7,15445,93,0.12262868242149563,0.07633538361929428,0.8010359339592101,248,2.6666666666666665,1156.102298478472,45.0,179,69,0.4860335195530726
5.0,7,120.0,2,5.0,5.0,-0.6,15445,93,0.12262868242149563,0.05988993201683393,0.8174813855616705,244,2.6236559139784945,1137.45548721269,45.0,177,67,0.4858757062146893
5.0,7,120.0,2,5.0,5.0,-0.5,15445,93,0.12023308514082227,0.0492716089349304,0.8304953059242474,231,2.4838709677419355,1076.8533505988992,40.0,178,53,0.4887640449438202
5.0,7,120.0,2,5.0,5.0,-0.4,15445,93,0.1180317254775008,0.04428617675623179,0.8376820977662675,191,2.053763440860215,890.3852379410812,40.0,174,17,0.4885057471264368
5.0,7,120.0,2,5.0,5.0,-0.3,15445,93,0.1180317254775008,0.04240854645516348,0.8395597280673357,179,1.924731182795699,834.4448041437358,40.0,174,5,0.4885057471264368
5.0,7,120.0,2,5.0,5.0,-0.2,15445,93,0.11583036581417934,0.04117837487860149,0.8429912593072192,179,1.924731182795699,834.4448041437358,40.0,174,5,0.4885057471264368
5.0,7,120.0,2,5.0,5.0,-0.1,15445,93,0.11583036581417934,0.03781158951116866,0.846358044674652,180,1.935483870967742,839.1065069601813,35.0,175,5,0.4857142857142857
5.0,7,120.0,2,5.0,5.0,0.0,15445,93,0.11453544836516671,0.03101327290385238,0.8544512787309809,180,1.935483870967742,839.1065069601813,35.0,175,5,0.4857142857142857
5.0,7,120.0,2,5.0,5.0,0.1,15445,93,0.11453544836516671,0.029912593072191646,0.8555519585626417,180,1.935483870967742,839.1065069601813,30.0,175,5,0.4857142857142857
5.0,7,120.0,2,5.0,5.0,0.2,15445,93,0.11233408870184526,0.029912593072191646,0.8577533182259631,180,1.935483870967742,839.1065069601813,30.0,175,5,0.4857142857142857
5.0,7,120.0,2,5.0,5.0,0.3,15445,93,0.11233408870184526,0.029912593072191646,0.8577533182259631,180,1.935483870967742,839.1065069601813,30.0,175,5,0.4857142857142857
5.0,7,120.0,2,5.0,5.0,0.4,15445,93,0.1099384914211719,0.03107801877630301,0.858983489802525,180,1.935483870967742,839.1065069601813,30.0,175,5,0.4857142857142857
5.0,7,120.0,2,5.0,5.0,0.5,15445,93,0.1099384914211719,0.03107801877630301,0.858983489802525,180,1.935483870967742,839.1065069601813,30.0,175,5,0.4857142857142857
5.0,7,120.0,2,5.0,5.0,0.6,15445,93,0.10773713175785044,0.03107801877630301,0.8611848494658465,180,1.935483870967742,839.1065069601813,30.0,175,5,0.4857142857142857
5.0,7,120.0,2,5.0,5.0,0.7,15445,93,0.10773713175785044,0.03107801877630301,0.8611848494658465,180,1.935483870967742,839.1065069601813,30.0,175,5,0.4857142857142857
5.0,7,120.0,2,5.0,5.0,0.8,15445,93,0.1054062803496277,0.03114276464875364,0.8634509550016186,181,1.946236559139785,843.7682097766267,30.0,175,6,0.4857142857142857
5.0,7,120.0,2,5.0,5.0,0.9,15445,93,0.1054062803496277,0.03114276464875364,0.8634509550016186,181,1.946236559139785,843.7682097766267,30.0,175,6,0.4857142857142857
5.0,7,120.0,2,5.0,5.0,1.0,15445,93,0.10294593719650372,0.02997733894464228,0.867076723858854,181,1.946236559139785,843.7682097766267,30.0,175,6,0.4857142857142857
5.0,7,120.0,3,5.0,10.0,-4.0,15445,93,1.0,0.0,0.0,0,0.0,0.0,,0,0,
5.0,7,120.0,3,5.0,10.0,-3.9,15445,93,1.0,0.0,0.0,0,0.0,0.0,,0,0,
5.0,7,120.0,3,5.0,10.0,-3.8,15445,93,1.0,0.0,0.0,0,0.0,0.0,,0,0,
5.0,7,120.0,3,5.0,10.0,-3.7,15445,93,1.0,0.0,0.0,0,0.0,0.0,,0,0,
5.0,7,120.0,3,5.0,10.0,-3.6,15445,93,1.0,0.0,0.0,0,0.0,0.0,,0,0,
5.0,7,120.0,3,5.0,10.0,-3.5,15445,93,1.0,0.0,0.0,0,0.0,0.0,,0,0,
5.0,7,120.0,3,5.0,10.0,-3.4,15445,93,1.0,0.0,0.0,0,0.0,0.0,,0,0,
5.0,7,120.0,3,5.0,10.0,-3.3,15445,93,1.0,0.0,0.0,0,0.0,0.0,,0,0,
5.0,7,120.0,3,5.0,10.0,-3.2,15445,93,1.0,0.0,0.0,0,0.0,0.0,,0,0,
5.0,7,120.0,3,5.0,10.0,-3.1,15445,93,1.0,0.0,0.0,0,0.0,0.0,,0,0,
5.0,7,120.0,3,5.0,10.0,-3.0,15445,93,1.0,0.0,0.0,0,0.0,0.0,,0,0,
5.0,7,120.0,3,5.0,10.0,-2.9,15445,93,1.0,0.0,0.0,0,0.0,0.0,,0,0,
5.0,7,120.0,3,5.0,10.0,-2.8,15445,93,1.0,0.0,0.0,0,0.0,0.0,,0,0,
5.0,7,120.0,3,5.0,10.0,-2.7,15445,93,1.0,0.0,0.0,0,0.0,0.0,,0,0,
5.0,7,120.0,3,5.0,10.0,-2.6,15445,93,1.0,0.0,0.0,0,0.0,0.0,,0,0,
5.0,7,120.0,3,5.0,10.0,-2.5,15445,93,1.0,0.0,0.0,0,0.0,0.0,,0,0,
5.0,7,120.0,3,5.0,10.0,-2.4,15445,93,1.0,0.0,0.0,0,0.0,0.0,,0,0,
5.0,7,120.0,3,5.0,10.0,-2.3,15445,93,1.0,0.0,0.0,0,0.0,0.0,,0,0,
5.0,7,120.0,3,5.0,10.0,-2.2,15445,93,0.9489802525089026,0.051019747491097445,0.0,166,1.7849462365591398,773.842667529945,85.0,162,4,0.5740740740740741
5.0,7,120.0,3,5.0,10.0,-2.1,15445,93,0.7584978957591454,0.24150210424085464,0.0,149,1.6021505376344085,694.5937196503722,110.0,144,5,0.9583333333333334
5.0,7,120.0,3,5.0,10.0,-2.0,15445,93,0.6457105859501456,0.35396568468760115,0.0003237293622531564,146,1.5698924731182795,680.608611201036,155.0,142,4,0.9859154929577465
5.0,7,120.0,3,5.0,10.0,-1.9,15445,93,0.5840077695046941,0.36257688572353514,0.0534153447717708,354,3.806451612903226,1650.2427970216897,75.0,344,10,0.6017441860465116
5.0,7,120.0,3,5.0,10.0,-1.8,15445,93,0.5707996115247653,0.22538038200064747,0.20382000647458726,436,4.688172043010753,2032.5024279702168,75.0,418,18,0.4784688995215311
5.0,7,120.0,3,5.0,10.0,-1.7,15445,93,0.4092586597604403,0.2545807704758822,0.3361605697636776,557,5.989247311827957,2596.5684687601165,85.0,476,81,0.4957983193277311
5.0,7,120.0,3,5.0,10.0,-1.6,15445,93,0.33078666235027515,0.2919391388798964,0.37727419876982843,463,4.978494623655914,2158.368404014244,90.0,385,78,0.6233766233766234
5.0,7,120.0,3,5.0,10.0,-1.5,15445,93,0.27898996438977014,0.32314664940110066,0.39786338620912914,491,5.279569892473118,2288.8960828747167,60.0,414,77,0.46618357487922707
5.0,7,120.0,3,5.0,10.0,-1.4,15445,93,0.20174813855616705,0.3843962447393979,0.4138556167044351,368,3.956989247311828,1715.5066364519262,90.0,295,73,0.5525423728813559
5.0,7,120.0,3,5.0,10.0,-1.3,15445,93,0.18685658789252185,0.3646487536419553,0.44849465846552283,337,3.6236559139784945,1570.9938491421171,130.0,264,73,0.6666666666666666
5.0,7,120.0,3,5.0,10.0,-1.2,15445,93,0.16056976367756556,0.27348656523146647,0.565943671090968,636,6.838709677419355,2964.8429912593074,65.0,557,79,0.2495511669658887
5.0,7,120.0,3,5.0,10.0,-1.1,15445,93,0.14820330203949497,0.2146973130462933,0.6370993849142117,457,4.913978494623656,2130.3981871155715,80.0,378,79,0.41534391534391535
5.0,7,120.0,3,5.0,10.0,-1.0,15445,93,0.13881515053415344,0.14528973777921658,0.71589511168663,443,4.763440860215054,2065.134347685335,55.0,368,75,0.39945652173913043
5.0,7,120.0,3,5.0,10.0,-0.9,15445,93,0.13175785043703464,0.10359339592101004,0.7646487536419553,280,3.010752688172043,1305.2767886047266,55.0,209,71,0.49282296650717705
5.0,7,120.0,3,5.0,10.0,-0.8,15445,93,0.1306571706053739,0.08850760764001295,0.7808352217546132,248,2.6666666666666665,1156.102298478472,50.0,178,70,0.4887640449438202
5.0,7,120.0,3,5.0,10.0,-0.7,15445,93,0.12845581094205244,0.0720621560375526,0.799482033020395,244,2.6236559139784945,1137.45548721269,45.0,177,67,0.4858757062146893
5.0,7,120.0,3,5.0,10.0,-0.6,15445,93,0.12845581094205244,0.055875687924894786,0.8156685011330528,244,2.6236559139784945,1137.45548721269,45.0,177,67,0.4858757062146893
5.0,7,120.0,3,5.0,10.0,-0.5,15445,93,0.1260602136613791,0.046099061184849466,0.8278407251537715,207,2.225806451612903,964.9724830042085,40.0,177,30,0.4858757062146893
5.0,7,120.0,3,5.0,10.0,-0.4,15445,93,0.12385885399805763,0.043444480414373585,0.8326966655875688,179,1.924731182795699,834.4448041437358,40.0,173,6,0.48554913294797686
5.0,7,120.0,3,5.0,10.0,-0.3,15445,93,0.12385885399805763,0.04234380058271285,0.8337973454192296,179,1.924731182795699,834.4448041437358,40.0,173,6,0.48554913294797686
5.0,7,120.0,3,5.0,10.0,-0.2,15445,93,0.12165749433473616,0.041113629006150856,0.8372288766591129,179,1.924731182795699,834.4448041437358,40.0,174,5,0.4885057471264368
5.0,7,120.0,3,5.0,10.0,-0.1,15445,93,0.12165749433473616,0.03781158951116866,0.8405309161540951,179,1.924731182795699,834.4448041437358,35.0,174,5,0.4885057471264368
5.0,7,120.0,3,5.0,10.0,0.0,15445,93,0.12036257688572354,0.03101327290385238,0.848624150210424,179,1.924731182795699,834.4448041437358,35.0,174,5,0.4885057471264368
5.0,7,120.0,3,5.0,10.0,0.1,15445,93,0.12036257688572354,0.029912593072191646,0.8497248300420848,179,1.924731182795699,834.4448041437358,30.0,174,5,0.4885057471264368
5.0,7,120.0,3,5.0,10.0,0.2,15445,93,0.11816121722240207,0.029912593072191646,0.8519261897054062,179,1.924731182795699,834.4448041437358,30.0,174,5,0.4885057471264368
5.0,7,120.0,3,5.0,10.0,0.3,15445,93,0.11816121722240207,0.029912593072191646,0.8519261897054062,179,1.924731182795699,834.4448041437358,30.0,174,5,0.4885057471264368
5.0,7,120.0,3,5.0,10.0,0.4,15445,93,0.11576561994172871,0.03107801877630301,0.8531563612819683,180,1.935483870967742,839.1065069601813,30.0,175,5,0.4857142857142857
5.0,7,120.0,3,5.0,10.0,0.5,15445,93,0.11576561994172871,0.03107801877630301,0.8531563612819683,180,1.935483870967742,839.1065069601813,30.0,175,5,0.4857142857142857
5.0,7,120.0,3,5.0,10.0,0.6,15445,93,0.11356426027840726,0.03107801877630301,0.8553577209452897,180,1.935483870967742,839.1065069601813,30.0,175,5,0.4857142857142857
5.0,7,120.0,3,5.0,10.0,0.7,15445,93,0.11356426027840726,0.03107801877630301,0.8553577209452897,180,1.935483870967742,839.1065069601813,30.0,175,5,0.4857142857142857
5.0,7,120.0,3,5.0,10.0,0.8,15445,93,0.11129815474263516,0.03107801877630301,0.8576238264810618,181,1.946236559139785,843.7682097766267,30.0,175,6,0.4857142857142857
5.0,7,120.0,3,5.0,10.0,0.9,15445,93,0.11129815474263516,0.03107801877630301,0.8576238264810618,181,1.946236559139785,843.7682097766267,30.0,175,6,0.4857142857142857
5.0,7,120.0,3,5.0,10.0,1.0,15445,93,0.10883781158951117,0.029912593072191646,0.8612495953382971,181,1.946236559139785,843.7682097766267,30.0,175,6,0.4857142857142857
