dt_radio_s,group_size,window_s,persistence_k,policy_update_s,minimum_confirmation_delay_s,threshold_db,valid_observations,sequence_count,c_share,r_share,f_share,switches,mean_switches_per_sequence,switches_per_100_group_h,median_post_switch_dwell_s,aks_actionability_evaluable_transitions,aks_actionability_right_censored_transitions,aks_completion_before_next_switch_fraction
1.0,3,15.0,1,5.0,0.0,-4.0,11286,90,1.0,0.0,0.0,0,0.0,0.0,,0,0,
1.0,3,15.0,1,5.0,0.0,-3.9,11286,90,1.0,0.0,0.0,0,0.0,0.0,,0,0,
1.0,3,15.0,1,5.0,0.0,-3.8,11286,90,1.0,0.0,0.0,0,0.0,0.0,,0,0,
1.0,3,15.0,1,5.0,0.0,-3.7,11286,90,1.0,0.0,0.0,0,0.0,0.0,,0,0,
1.0,3,15.0,1,5.0,0.0,-3.6,11286,90,1.0,0.0,0.0,0,0.0,0.0,,0,0,
1.0,3,15.0,1,5.0,0.0,-3.5,11286,90,1.0,0.0,0.0,0,0.0,0.0,,0,0,
1.0,3,15.0,1,5.0,0.0,-3.4,11286,90,1.0,0.0,0.0,0,0.0,0.0,,0,0,
1.0,3,15.0,1,5.0,0.0,-3.3,11286,90,1.0,0.0,0.0,0,0.0,0.0,,0,0,
1.0,3,15.0,1,5.0,0.0,-3.2,11286,90,1.0,0.0,0.0,0,0.0,0.0,,0,0,
1.0,3,15.0,1,5.0,0.0,-3.1,11286,90,1.0,0.0,0.0,0,0.0,0.0,,0,0,
1.0,3,15.0,1,5.0,0.0,-3.0,11286,90,1.0,0.0,0.0,0,0.0,0.0,,0,0,
1.0,3,15.0,1,5.0,0.0,-2.9,11286,90,1.0,0.0,0.0,0,0.0,0.0,,0,0,
1.0,3,15.0,1,5.0,0.0,-2.8,11286,90,1.0,0.0,0.0,0,0.0,0.0,,0,0,
1.0,3,15.0,1,5.0,0.0,-2.7,11286,90,1.0,0.0,0.0,0,0.0,0.0,,0,0,
1.0,3,15.0,1,5.0,0.0,-2.6,11286,90,1.0,0.0,0.0,0,0.0,0.0,,0,0,
1.0,3,15.0,1,5.0,0.0,-2.5,11286,90,1.0,0.0,0.0,0,0.0,0.0,,0,0,
1.0,3,15.0,1,5.0,0.0,-2.4,11286,90,0.9011164274322169,0.09888357256778309,0.0,741,8.233333333333333,4727.272727272727,15.0,733,8,0.165075034106412
1.0,3,15.0,1,5.0,0.0,-2.3,11286,90,0.8947368421052632,0.06220095693779904,0.0430622009569378,885,9.833333333333334,5645.933014354067,15.0,877,8,0.08323831242873432
1.0,3,15.0,1,5.0,0.0,-2.2,11286,90,0.7865497076023392,0.08506113769271664,0.1283891547049442,1920,21.333333333333332,12248.803827751197,15.0,1867,53,0.05838243170862346
1.0,3,15.0,1,5.0,0.0,-2.1,11286,90,0.7562466772993088,0.05289739500265816,0.19085592769803297,2073,23.033333333333335,13224.880382775118,15.0,2019,54,0.05299653293709757
1.0,3,15.0,1,5.0,0.0,-2.0,11286,90,0.7291334396597554,0.051745525429735956,0.2191210349105086,2060,22.88888888888889,13141.94577352472,15.0,2005,55,0.05336658354114713
1.0,3,15.0,1,5.0,0.0,-1.9,11286,90,0.6701222753854332,0.08417508417508418,0.24570264043948253,2305,25.61111111111111,14704.94417862839,15.0,2249,56,0.04757670075589151
1.0,3,15.0,1,5.0,0.0,-1.8,11286,90,0.6404394825447457,0.06255537834485203,0.29700513911040227,2308,25.644444444444446,14724.08293460925,15.0,2250,58,0.04711111111111111
1.0,3,15.0,1,5.0,0.0,-1.7,11286,90,0.6084529505582137,0.051745525429735956,0.3398015240120503,1967,21.855555555555554,12548.644338118022,15.0,1910,57,0.05602094240837696
1.0,3,15.0,1,5.0,0.0,-1.6,11286,90,0.5358851674641149,0.10366826156299841,0.36044657097288674,2354,26.155555555555555,15017.543859649124,15.0,2293,61,0.03139991277802006
1.0,3,15.0,1,5.0,0.0,-1.5,11286,90,0.5164805954279639,0.09330143540669857,0.3902179691653376,2079,23.1,13263.157894736842,15.0,2018,61,0.035678889990089196
1.0,3,15.0,1,5.0,0.0,-1.4,11286,90,0.49016480595427964,0.09427609427609428,0.4155590997696261,2049,22.766666666666666,13071.770334928231,15.0,1989,60,0.036701860231272
1.0,3,15.0,1,5.0,0.0,-1.3,11286,90,0.44541910331384016,0.06849193691298955,0.4860889597731703,2100,23.333333333333332,13397.129186602871,15.0,2039,61,0.023540951446787643
1.0,3,15.0,1,5.0,0.0,-1.2,11286,90,0.41431862484494064,0.04926457558036505,0.5364167995746943,1779,19.766666666666666,11349.282296650717,15.0,1718,61,0.027939464493597205
1.0,3,15.0,1,5.0,0.0,-1.1,11286,90,0.39225589225589225,0.045011518695729225,0.5627325890483785,1580,17.555555555555557,10079.744816586923,15.0,1520,60,0.06907894736842106
1.0,3,15.0,1,5.0,0.0,-1.0,11286,90,0.37356016303384726,0.04403685982633351,0.5824029771398193,1460,16.22222222222222,9314.194577352471,15.0,1400,60,0.03357142857142857
1.0,3,15.0,1,5.0,0.0,-0.9,11286,90,0.36478823320928583,0.03092326776537303,0.6042884990253411,1212,13.466666666666667,7732.057416267942,15.0,1152,60,0.04079861111111111
1.0,3,15.0,1,5.0,0.0,-0.8,11286,90,0.3506999822789296,0.030746057061846535,0.6185539606592239,1210,13.444444444444445,7719.298245614034,15.0,1150,60,0.0408695652173913
1.0,3,15.0,1,5.0,0.0,-0.7,11286,90,0.3092326776537303,0.06122629806840333,0.6295410242778664,1430,15.88888888888889,9122.807017543859,15.0,1344,86,0.01711309523809524
1.0,3,15.0,1,5.0,0.0,-0.6,11286,90,0.29354953039163567,0.06370724791777424,0.6427432216905901,1419,15.766666666666667,9052.631578947368,15.0,1333,86,0.0172543135783946
1.0,3,15.0,1,5.0,0.0,-0.5,11286,90,0.27928406875775297,0.03969519758993443,0.6810207336523126,1520,16.88888888888889,9696.969696969696,15.0,1433,87,0.015352407536636426
1.0,3,15.0,1,5.0,0.0,-0.4,11286,90,0.2616516037568669,0.03969519758993443,0.6986531986531986,1457,16.18888888888889,9295.05582137161,15.0,1370,87,0.016058394160583942
1.0,3,15.0,1,5.0,0.0,-0.3,11286,90,0.24853801169590642,0.03526493000177211,0.7161970583023215,1333,14.811111111111112,8503.987240829347,15.0,1251,82,0.04476418864908074
1.0,3,15.0,1,5.0,0.0,-0.2,11286,90,0.2301967038809144,0.03482190324295587,0.7349813928761297,1315,14.61111111111111,8389.154704944178,15.0,1233,82,0.0454176804541768
1.0,3,15.0,1,5.0,0.0,-0.1,11286,90,0.2223994329257487,0.03499911394648237,0.7426014531277689,1316,14.622222222222222,8395.534290271133,15.0,1235,81,0.045344129554655874
1.0,3,15.0,1,5.0,0.0,0.0,11286,90,0.20281765018607123,0.03615098351940457,0.7610313662945242,1257,13.966666666666667,8019.138755980862,15.0,1176,81,0.047619047619047616
1.0,3,15.0,1,5.0,0.0,0.1,11286,90,0.19528619528619529,0.02711323763955343,0.7776005670742513,1058,11.755555555555556,6749.601275917065,20.0,980,78,0.05714285714285714
1.0,3,15.0,1,5.0,0.0,0.2,11286,90,0.18669147616516038,0.025784157363104732,0.7875243664717348,995,11.055555555555555,6347.68740031898,20.0,917,78,0.061068702290076333
1.0,3,15.0,1,5.0,0.0,0.3,11286,90,0.1823498139287613,0.025695552011341487,0.7919546340598972,995,11.055555555555555,6347.68740031898,20.0,916,79,0.060043668122270744
1.0,3,15.0,1,5.0,0.0,0.4,11286,90,0.16542619174198123,0.02986000354421407,0.8047138047138047,1013,11.255555555555556,6462.519936204148,20.0,935,78,0.059893048128342244
1.0,3,15.0,1,5.0,0.0,0.5,11286,90,0.16002126528442318,0.029682792840687578,0.8102959418748893,1012,11.244444444444444,6456.140350877193,20.0,934,78,0.059957173447537475
1.0,3,15.0,1,5.0,0.0,0.6,11286,90,0.1503632819422293,0.018607123870281767,0.8310295941874889,717,7.966666666666667,4574.162679425837,20.0,639,78,0.08763693270735524
1.0,3,15.0,1,5.0,0.0,0.7,11286,90,0.1447811447811448,0.015328725855041645,0.8398901293638136,580,6.444444444444445,3700.159489633174,25.0,503,77,0.220675944333996
1.0,3,15.0,1,5.0,0.0,0.8,11286,90,0.1369838738259791,0.017543859649122806,0.8454722665248982,555,6.166666666666667,3540.6698564593303,25.0,479,76,0.23382045929018788
1.0,3,15.0,1,5.0,0.0,0.9,11286,90,0.13370547581073897,0.01648059542796385,0.8498139287612971,555,6.166666666666667,3540.6698564593303,20.0,480,75,0.23333333333333334
1.0,3,15.0,1,5.0,0.0,1.0,11286,90,0.13157894736842105,0.010987063618642566,0.8574339890129363,432,4.8,2755.9808612440193,25.0,357,75,0.31092436974789917
1.0,3,15.0,2,5.0,5.0,-4.0,11286,90,1.0,0.0,0.0,0,0.0,0.0,,0,0,
1.0,3,15.0,2,5.0,5.0,-3.9,11286,90,1.0,0.0,0.0,0,0.0,0.0,,0,0,
1.0,3,15.0,2,5.0,5.0,-3.8,11286,90,1.0,0.0,0.0,0,0.0,0.0,,0,0,
1.0,3,15.0,2,5.0,5.0,-3.7,11286,90,1.0,0.0,0.0,0,0.0,0.0,,0,0,
1.0,3,15.0,2,5.0,5.0,-3.6,11286,90,1.0,0.0,0.0,0,0.0,0.0,,0,0,
1.0,3,15.0,2,5.0,5.0,-3.5,11286,90,1.0,0.0,0.0,0,0.0,0.0,,0,0,
1.0,3,15.0,2,5.0,5.0,-3.4,11286,90,1.0,0.0,0.0,0,0.0,0.0,,0,0,
1.0,3,15.0,2,5.0,5.0,-3.3,11286,90,1.0,0.0,0.0,0,0.0,0.0,,0,0,
1.0,3,15.0,2,5.0,5.0,-3.2,11286,90,1.0,0.0,0.0,0,0.0,0.0,,0,0,
1.0,3,15.0,2,5.0,5.0,-3.1,11286,90,1.0,0.0,0.0,0,0.0,0.0,,0,0,
1.0,3,15.0,2,5.0,5.0,-3.0,11286,90,1.0,0.0,0.0,0,0.0,0.0,,0,0,
1.0,3,15.0,2,5.0,5.0,-2.9,11286,90,1.0,0.0,0.0,0,0.0,0.0,,0,0,
1.0,3,15.0,2,5.0,5.0,-2.8,11286,90,1.0,0.0,0.0,0,0.0,0.0,,0,0,
1.0,3,15.0,2,5.0,5.0,-2.7,11286,90,1.0,0.0,0.0,0,0.0,0.0,,0,0,
1.0,3,15.0,2,5.0,5.0,-2.6,11286,90,1.0,0.0,0.0,0,0.0,0.0,,0,0,
1.0,3,15.0,2,5.0,5.0,-2.5,11286,90,1.0,0.0,0.0,0,0.0,0.0,,0,0,
1.0,3,15.0,2,5.0,5.0,-2.4,11286,90,0.9013822434875066,0.09861775651249335,0.0,741,8.233333333333333,4727.272727272727,15.0,732,9,0.16393442622950818
1.0,3,15.0,2,5.0,5.0,-2.3,11286,90,0.9013822434875066,0.049441786283891544,0.04917597022860181,741,8.233333333333333,4727.272727272727,15.0,732,9,0.08196721311475409
1.0,3,15.0,2,5.0,5.0,-2.2,11286,90,0.8064859117490697,0.046251993620414676,0.14726209463051568,1476,16.4,9416.267942583732,15.0,1399,77,0.04360257326661901
1.0,3,15.0,2,5.0,5.0,-2.1,11286,90,0.7833599149388623,0.000531632110579479,0.21610845295055822,1479,16.433333333333334,9435.406698564593,15.0,1399,80,0.04145818441744103
1.0,3,15.0,2,5.0,5.0,-2.0,11286,90,0.7419812156654262,0.000531632110579479,0.2574871522239943,1331,14.78888888888889,8491.228070175439,15.0,1251,80,0.04636290967226219
1.0,3,15.0,2,5.0,5.0,-1.9,11286,90,0.6719829877724615,0.03384724437356016,0.29416976785397836,1388,15.422222222222222,8854.864433811803,15.0,1305,83,0.04367816091954023
1.0,3,15.0,2,5.0,5.0,-1.8,11286,90,0.6528442317916002,0.001240474924685451,0.34591529328371434,1286,14.28888888888889,8204.14673046252,20.0,1203,83,0.04738154613466334
1.0,3,15.0,2,5.0,5.0,-1.7,11286,90,0.6184653553074606,0.009037745879851143,0.37249689881268827,1282,14.244444444444444,8178.628389154705,20.0,1199,83,0.04837364470391994
1.0,3,15.0,2,5.0,5.0,-1.6,11286,90,0.5390749601275917,0.05085947191210349,0.4100655679603048,1432,15.911111111111111,9135.566188197768,20.0,1347,85,0.0
1.0,3,15.0,2,5.0,5.0,-1.5,11286,90,0.512227538543328,0.051568314726209465,0.43620414673046254,1260,14.0,8038.277511961723,20.0,1175,85,0.0
1.0,3,15.0,2,5.0,5.0,-1.4,11286,90,0.4768740031897927,0.050505050505050504,0.47262094630515683,997,11.077777777777778,6360.4465709728875,40.0,912,85,0.0010964912280701754
1.0,3,15.0,2,5.0,5.0,-1.3,11286,90,0.4371788055998582,0.025341130604288498,0.5374800637958532,1088,12.088888888888889,6940.988835725679,25.0,1003,85,0.0009970089730807576
1.0,3,15.0,2,5.0,5.0,-1.2,11286,90,0.4163565479354953,0.00708842814105972,0.5765550239234449,945,10.5,6028.708133971292,35.0,860,85,0.015116279069767442
1.0,3,15.0,2,5.0,5.0,-1.1,11286,90,0.40040758461811093,0.009569377990430622,0.5900230373914584,967,10.744444444444444,6169.059011164274,30.0,882,85,0.0
1.0,3,15.0,2,5.0,5.0,-1.0,11286,90,0.38826865142654615,0.004961899698741804,0.6067694488747121,912,10.133333333333333,5818.181818181818,30.0,827,85,0.0
1.0,3,15.0,2,5.0,5.0,-0.9,11286,90,0.379585326953748,0.000531632110579479,0.6198830409356725,863,9.588888888888889,5505.582137161085,30.0,778,85,0.0
1.0,3,15.0,2,5.0,5.0,-0.8,11286,90,0.3652312599681021,0.000531632110579479,0.6342371079213185,863,9.588888888888889,5505.582137161085,25.0,778,85,0.0
1.0,3,15.0,2,5.0,5.0,-0.7,11286,90,0.3260676944887471,0.028885344674818358,0.6450469608364345,1048,11.644444444444444,6685.805422647527,20.0,961,87,0.0
1.0,3,15.0,2,5.0,5.0,-0.6,11286,90,0.30976430976430974,0.029505582137161084,0.6607301080985292,1019,11.322222222222223,6500.797448165869,20.0,933,86,0.011789924973204717
1.0,3,15.0,2,5.0,5.0,-0.5,11286,90,0.29452418926103135,0.0,0.7054758107389686,920,10.222222222222221,5869.218500797448,20.0,837,83,0.06451612903225806
1.0,3,15.0,2,5.0,5.0,-0.4,11286,90,0.2713095870990608,0.004341662236399079,0.7243487506645402,869,9.655555555555555,5543.859649122807,35.0,785,84,0.04203821656050955
1.0,3,15.0,2,5.0,5.0,-0.3,11286,90,0.2616516037568669,0.0,0.7383483962431331,820,9.11111111111111,5231.259968102074,30.0,737,83,0.07327001356852103
1.0,3,15.0,2,5.0,5.0,-0.2,11286,90,0.23560163033847245,0.000177210703526493,0.764221158958001,676,7.511111111111111,4312.599681020733,30.0,594,82,0.09090909090909091
1.0,3,15.0,2,5.0,5.0,-0.1,11286,90,0.22434875066454013,0.000531632110579479,0.7751196172248804,603,6.7,3846.88995215311,30.0,523,80,0.10325047801147227
1.0,3,15.0,2,5.0,5.0,0.0,11286,90,0.20813397129186603,0.002480949849370902,0.7893850788587631,579,6.433333333333334,3693.7799043062196,30.0,498,81,0.10843373493975904
1.0,3,15.0,2,5.0,5.0,0.1,11286,90,0.20166578061314902,0.004430267588162325,0.7939039517986887,602,6.688888888888889,3840.5103668261563,30.0,522,80,0.10344827586206896
1.0,3,15.0,2,5.0,5.0,0.2,11286,90,0.19076732234626972,0.008506113769271665,0.8007265638844586,601,6.677777777777778,3834.1307814992024,30.0,521,80,0.1036468330134357
1.0,3,15.0,2,5.0,5.0,0.3,11286,90,0.18642566010987063,0.008506113769271665,0.8050682261208577,601,6.677777777777778,3834.1307814992024,30.0,521,80,0.1036468330134357
1.0,3,15.0,2,5.0,5.0,0.4,11286,90,0.17446393762183235,0.0,0.8255360623781677,455,5.055555555555555,2902.7113237639555,45.0,376,79,0.14627659574468085
1.0,3,15.0,2,5.0,5.0,0.5,11286,90,0.16471734892787523,0.0,0.8352826510721247,382,4.2444444444444445,2437.001594896332,45.0,304,78,0.28618421052631576
1.0,3,15.0,2,5.0,5.0,0.6,11286,90,0.1538188906609959,0.004253056884635832,0.8419280524543682,356,3.9555555555555557,2271.1323763955343,45.0,278,78,0.35251798561151076
1.0,3,15.0,2,5.0,5.0,0.7,11286,90,0.15266702108807373,0.002126528442317916,0.8452064504696084,332,3.688888888888889,2118.0223285486445,45.0,254,78,0.42913385826771655
1.0,3,15.0,2,5.0,5.0,0.8,11286,90,0.1490342016657806,0.002303739145844409,0.848662059188375,332,3.688888888888889,2118.0223285486445,50.0,254,78,0.42913385826771655
1.0,3,15.0,2,5.0,5.0,0.9,11286,90,0.1457558036505405,0.000177210703526493,0.854066985645933,308,3.422222222222222,1964.9122807017545,50.0,230,78,0.47391304347826085
1.0,3,15.0,2,5.0,5.0,1.0,11286,90,0.14362927520822258,0.0,0.8563707247917774,307,3.411111111111111,1958.5326953748006,50.0,230,77,0.47391304347826085
1.0,3,15.0,3,5.0,10.0,-4.0,11286,90,1.0,0.0,0.0,0,0.0,0.0,,0,0,
1.0,3,15.0,3,5.0,10.0,-3.9,11286,90,1.0,0.0,0.0,0,0.0,0.0,,0,0,
1.0,3,15.0,3,5.0,10.0,-3.8,11286,90,1.0,0.0,0.0,0,0.0,0.0,,0,0,
1.0,3,15.0,3,5.0,10.0,-3.7,11286,90,1.0,0.0,0.0,0,0.0,0.0,,0,0,
1.0,3,15.0,3,5.0,10.0,-3.6,11286,90,1.0,0.0,0.0,0,0.0,0.0,,0,0,
1.0,3,15.0,3,5.0,10.0,-3.5,11286,90,1.0,0.0,0.0,0,0.0,0.0,,0,0,
1.0,3,15.0,3,5.0,10.0,-3.4,11286,90,1.0,0.0,0.0,0,0.0,0.0,,0,0,
1.0,3,15.0,3,5.0,10.0,-3.3,11286,90,1.0,0.0,0.0,0,0.0,0.0,,0,0,
1.0,3,15.0,3,5.0,10.0,-3.2,11286,90,1.0,0.0,0.0,0,0.0,0.0,,0,0,
1.0,3,15.0,3,5.0,10.0,-3.1,11286,90,1.0,0.0,0.0,0,0.0,0.0,,0,0,
1.0,3,15.0,3,5.0,10.0,-3.0,11286,90,1.0,0.0,0.0,0,0.0,0.0,,0,0,
1.0,3,15.0,3,5.0,10.0,-2.9,11286,90,1.0,0.0,0.0,0,0.0,0.0,,0,0,
1.0,3,15.0,3,5.0,10.0,-2.8,11286,90,1.0,0.0,0.0,0,0.0,0.0,,0,0,
1.0,3,15.0,3,5.0,10.0,-2.7,11286,90,1.0,0.0,0.0,0,0.0,0.0,,0,0,
1.0,3,15.0,3,5.0,10.0,-2.6,11286,90,1.0,0.0,0.0,0,0.0,0.0,,0,0,
1.0,3,15.0,3,5.0,10.0,-2.5,11286,90,1.0,0.0,0.0,0,0.0,0.0,,0,0,
1.0,3,15.0,3,5.0,10.0,-2.4,11286,90,0.9016480595427964,0.09835194045720362,0.0,738,8.2,4708.133971291866,15.0,730,8,0.1643835616438356
1.0,3,15.0,3,5.0,10.0,-2.3,11286,90,0.9207868155236576,0.049441786283891544,0.029771398192450824,594,6.6,3789.4736842105262,15.0,585,9,0.10256410256410256
1.0,3,15.0,3,5.0,10.0,-2.2,11286,90,0.8625730994152047,0.03934077618288145,0.09808612440191387,912,10.133333333333333,5818.181818181818,15.0,836,76,0.0861244019138756
1.0,3,15.0,3,5.0,10.0,-2.1,11286,90,0.779284068757753,0.0007974481658692185,0.21991848307637782,842,9.355555555555556,5371.610845295056,20.0,764,78,0.07722513089005235
1.0,3,15.0,3,5.0,10.0,-2.0,11286,90,0.733652312599681,0.0007974481658692185,0.26555023923444976,718,7.977777777777778,4580.542264752791,50.0,639,79,0.09076682316118936
1.0,3,15.0,3,5.0,10.0,-1.9,11286,90,0.6290979975190502,0.0341130604288499,0.33678894205209997,991,11.011111111111111,6322.169059011164,20.0,908,83,0.06277533039647577
1.0,3,15.0,3,5.0,10.0,-1.8,11286,90,0.6275917065390749,0.00177210703526493,0.3706361864256601,749,8.322222222222223,4778.309409888358,50.0,666,83,0.08408408408408409
1.0,3,15.0,3,5.0,10.0,-1.7,11286,90,0.569377990430622,0.0002658160552897395,0.43035619351408827,595,6.611111111111111,3795.8532695374797,80.0,512,83,0.111328125
1.0,3,15.0,3,5.0,10.0,-1.6,11286,90,0.4984937090200248,0.03987240829346093,0.4616338826865143,818,9.088888888888889,5218.500797448166,65.0,733,85,0.01637107776261937
1.0,3,15.0,3,5.0,10.0,-1.5,11286,90,0.47802587276271485,0.049441786283891544,0.4725323409533936,866,9.622222222222222,5524.720893141945,50.0,781,85,0.0
1.0,3,15.0,3,5.0,10.0,-1.4,11286,90,0.4656211235158604,0.050948077263866735,0.4834307992202729,868,9.644444444444444,5537.480063795853,50.0,783,85,0.002554278416347382
1.0,3,15.0,3,5.0,10.0,-1.3,11286,90,0.44745702640439483,0.017100832890306575,0.5354421407052986,795,8.833333333333334,5071.770334928229,50.0,710,85,0.0028169014084507044
1.0,3,15.0,3,5.0,10.0,-1.2,11286,90,0.4354066985645933,0.000531632110579479,0.5640616693248273,722,8.022222222222222,4606.060606060606,60.0,637,85,0.0031397174254317113
1.0,3,15.0,3,5.0,10.0,-1.1,11286,90,0.4031543505227716,0.001063264221158958,0.5957823852560694,744,8.266666666666667,4746.411483253589,50.0,659,85,0.0
1.0,3,15.0,3,5.0,10.0,-1.0,11286,90,0.3753322700691122,0.001063264221158958,0.6236044657097288,768,8.533333333333333,4899.521531100479,50.0,683,85,0.0
1.0,3,15.0,3,5.0,10.0,-0.9,11286,90,0.366648945596314,0.0007974481658692185,0.6325536062378168,765,8.5,4880.382775119618,50.0,680,85,0.0
1.0,3,15.0,3,5.0,10.0,-0.8,11286,90,0.3416622363990785,0.0007974481658692185,0.6575403154350523,668,7.4222222222222225,4261.562998405104,50.0,584,84,0.03595890410958904
1.0,3,15.0,3,5.0,10.0,-0.7,11286,90,0.30285309232677654,0.020113414850256955,0.6770334928229665,716,7.955555555555556,4567.783094098884,40.0,633,83,0.0679304897314376
1.0,3,15.0,3,5.0,10.0,-0.6,11286,90,0.2795498848130427,0.023923444976076555,0.6965266702108808,676,7.511111111111111,4312.599681020733,40.0,593,83,0.09106239460370995
1.0,3,15.0,3,5.0,10.0,-0.5,11286,90,0.28619528619528617,0.0,0.7138047138047138,565,6.277777777777778,3604.4657097288678,45.0,483,82,0.11180124223602485
1.0,3,15.0,3,5.0,10.0,-0.4,11286,90,0.26643629275208225,0.0,0.7335637072479178,551,6.122222222222222,3515.151515151515,40.0,470,81,0.1148936170212766
1.0,3,15.0,3,5.0,10.0,-0.3,11286,90,0.2429558745348219,0.0,0.7570441254651781,491,5.455555555555556,3132.37639553429,35.0,412,79,0.13106796116504854
1.0,3,15.0,3,5.0,10.0,-0.2,11286,90,0.2216019847598795,0.0002658160552897395,0.7781321991848308,480,5.333333333333333,3062.200956937799,35.0,400,80,0.135
1.0,3,15.0,3,5.0,10.0,-0.1,11286,90,0.21672869041290094,0.0007974481658692185,0.7824738614212299,481,5.344444444444444,3068.580542264753,35.0,401,80,0.13466334164588528
1.0,3,15.0,3,5.0,10.0,0.0,11286,90,0.20051391104022684,0.000531632110579479,0.7989544568491936,433,4.811111111111111,2762.3604465709727,40.0,353,80,0.1529745042492918
1.0,3,15.0,3,5.0,10.0,0.1,11286,90,0.19404572036150983,0.0002658160552897395,0.8056884635832005,432,4.8,2755.9808612440193,40.0,352,80,0.1534090909090909
1.0,3,15.0,3,5.0,10.0,0.2,11286,90,0.18961545277334751,0.0,0.8103845472266525,431,4.788888888888889,2749.6012759170653,40.0,351,80,0.15384615384615385
1.0,3,15.0,3,5.0,10.0,0.3,11286,90,0.18208399787347157,0.0,0.8179160021265285,407,4.522222222222222,2596.4912280701756,40.0,328,79,0.19817073170731708
1.0,3,15.0,3,5.0,10.0,0.4,11286,90,0.16790714159135212,0.0,0.8320928584086479,332,3.688888888888889,2118.0223285486445,45.0,253,79,0.38735177865612647
1.0,3,15.0,3,5.0,10.0,0.5,11286,90,0.16365408470671627,0.0,0.8363459152932837,308,3.422222222222222,1964.9122807017545,45.0,229,79,0.47161572052401746
1.0,3,15.0,3,5.0,10.0,0.6,11286,90,0.1593124224703172,0.0,0.8406875775296828,308,3.422222222222222,1964.9122807017545,45.0,229,79,0.47161572052401746
1.0,3,15.0,3,5.0,10.0,0.7,11286,90,0.158160552897395,0.0,0.8418394471026049,308,3.422222222222222,1964.9122807017545,45.0,229,79,0.47161572052401746
1.0,3,15.0,3,5.0,10.0,0.8,11286,90,0.15443912812333865,0.0002658160552897395,0.8452950558213717,307,3.411111111111111,1958.5326953748006,45.0,229,78,0.47161572052401746
1.0,3,15.0,3,5.0,10.0,0.9,11286,90,0.15116073010809852,0.0002658160552897395,0.8485734538366118,307,3.411111111111111,1958.5326953748006,45.0,229,78,0.47161572052401746
1.0,3,15.0,3,5.0,10.0,1.0,11286,90,0.1490342016657806,0.0,0.8509657983342194,306,3.4,1952.153110047847,45.0,229,77,0.47161572052401746
1.0,3,30.0,1,5.0,0.0,-4.0,11100,89,1.0,0.0,0.0,0,0.0,0.0,,0,0,
1.0,3,30.0,1,5.0,0.0,-3.9,11100,89,1.0,0.0,0.0,0,0.0,0.0,,0,0,
1.0,3,30.0,1,5.0,0.0,-3.8,11100,89,1.0,0.0,0.0,0,0.0,0.0,,0,0,
1.0,3,30.0,1,5.0,0.0,-3.7,11100,89,1.0,0.0,0.0,0,0.0,0.0,,0,0,
1.0,3,30.0,1,5.0,0.0,-3.6,11100,89,1.0,0.0,0.0,0,0.0,0.0,,0,0,
1.0,3,30.0,1,5.0,0.0,-3.5,11100,89,1.0,0.0,0.0,0,0.0,0.0,,0,0,
1.0,3,30.0,1,5.0,0.0,-3.4,11100,89,1.0,0.0,0.0,0,0.0,0.0,,0,0,
1.0,3,30.0,1,5.0,0.0,-3.3,11100,89,1.0,0.0,0.0,0,0.0,0.0,,0,0,
1.0,3,30.0,1,5.0,0.0,-3.2,11100,89,1.0,0.0,0.0,0,0.0,0.0,,0,0,
1.0,3,30.0,1,5.0,0.0,-3.1,11100,89,1.0,0.0,0.0,0,0.0,0.0,,0,0,
1.0,3,30.0,1,5.0,0.0,-3.0,11100,89,1.0,0.0,0.0,0,0.0,0.0,,0,0,
1.0,3,30.0,1,5.0,0.0,-2.9,11100,89,1.0,0.0,0.0,0,0.0,0.0,,0,0,
1.0,3,30.0,1,5.0,0.0,-2.8,11100,89,1.0,0.0,0.0,0,0.0,0.0,,0,0,
1.0,3,30.0,1,5.0,0.0,-2.7,11100,89,1.0,0.0,0.0,0,0.0,0.0,,0,0,
1.0,3,30.0,1,5.0,0.0,-2.6,11100,89,1.0,0.0,0.0,0,0.0,0.0,,0,0,
1.0,3,30.0,1,5.0,0.0,-2.5,11100,89,1.0,0.0,0.0,0,0.0,0.0,,0,0,
1.0,3,30.0,1,5.0,0.0,-2.4,11100,89,1.0,0.0,0.0,0,0.0,0.0,,0,0,
1.0,3,30.0,1,5.0,0.0,-2.3,11100,89,0.8973873873873874,0.10261261261261262,0.0,124,1.3932584269662922,804.3243243243244,95.0,120,4,1.0
1.0,3,30.0,1,5.0,0.0,-2.2,11100,89,0.7035135135135135,0.2964864864864865,0.0,620,6.966292134831461,4021.6216216216217,30.0,608,12,0.39473684210526316
1.0,3,30.0,1,5.0,0.0,-2.1,11100,89,0.5942342342342343,0.33225225225225224,0.07351351351351351,1116,12.539325842696629,7238.918918918919,25.0,1099,17,0.272975432211101
1.0,3,30.0,1,5.0,0.0,-2.0,11100,89,0.571981981981982,0.22855855855855856,0.19945945945945945,744,8.359550561797754,4825.945945945946,70.0,726,18,0.4118457300275482
1.0,3,30.0,1,5.0,0.0,-1.9,11100,89,0.5618918918918919,0.23189189189189188,0.20621621621621622,731,8.213483146067416,4741.621621621622,65.0,714,17,0.42016806722689076
1.0,3,30.0,1,5.0,0.0,-1.8,11100,89,0.4938738738738739,0.21963963963963964,0.2864864864864865,1239,13.92134831460674,8036.756756756757,25.0,1219,20,0.19688269073010664
1.0,3,30.0,1,5.0,0.0,-1.7,11100,89,0.47594594594594597,0.10594594594594595,0.4181081081081081,991,11.134831460674157,6428.108108108107,30.0,970,21,0.18556701030927836
1.0,3,30.0,1,5.0,0.0,-1.6,11100,89,0.4681981981981982,0.055855855855855854,0.47594594594594597,1115,12.52808988764045,7232.4324324324325,10.0,1094,21,0.16453382084095064
1.0,3,30.0,1,5.0,0.0,-1.5,11100,89,0.4603603603603604,0.044684684684684686,0.49495495495495495,992,11.146067415730338,6434.594594594595,5.0,971,21,0.19464469618949537
1.0,3,30.0,1,5.0,0.0,-1.4,11100,89,0.4491891891891892,0.044684684684684686,0.5061261261261262,992,11.146067415730338,6434.594594594595,5.0,971,21,0.1822863027806385
1.0,3,30.0,1,5.0,0.0,-1.3,11100,89,0.32981981981981984,0.1483783783783784,0.5218018018018018,1113,12.50561797752809,7219.45945945946,25.0,1091,22,0.17415215398716774
1.0,3,30.0,1,5.0,0.0,-1.2,11100,89,0.2963963963963964,0.1472972972972973,0.5563063063063063,1115,12.52808988764045,7232.4324324324325,15.0,1093,22,0.16285452881976212
1.0,3,30.0,1,5.0,0.0,-1.1,11100,89,0.28297297297297297,0.1483783783783784,0.5686486486486486,1112,12.49438202247191,7212.9729729729725,10.0,1090,22,0.163302752293578
1.0,3,30.0,1,5.0,0.0,-1.0,11100,89,0.27297297297297296,0.14945945945945946,0.5775675675675676,1111,12.48314606741573,7206.486486486487,10.0,1089,22,0.16345270890725436
1.0,3,30.0,1,5.0,0.0,-0.9,11100,89,0.2640540540540541,0.14945945945945946,0.5864864864864865,1110,12.47191011235955,7200.0,10.0,1088,22,0.1636029411764706
1.0,3,30.0,1,5.0,0.0,-0.8,11100,89,0.24972972972972973,0.15252252252252252,0.5977477477477477,986,11.07865168539326,6395.675675675676,15.0,964,22,0.18464730290456433
1.0,3,30.0,1,5.0,0.0,-0.7,11100,89,0.24288288288288287,0.07792792792792792,0.6791891891891891,1355,15.224719101123595,8789.18918918919,10.0,1333,22,0.08852213053263316
1.0,3,30.0,1,5.0,0.0,-0.6,11100,89,0.23396396396396396,0.0445945945945946,0.7214414414414414,986,11.07865168539326,6395.675675675676,5.0,968,18,0.12190082644628099
1.0,3,30.0,1,5.0,0.0,-0.5,11100,89,0.1782882882882883,0.09261261261261261,0.7290990990990991,1173,13.179775280898877,7608.648648648648,5.0,1093,80,0.053064958828911254
1.0,3,30.0,1,5.0,0.0,-0.4,11100,89,0.16153153153153152,0.10045045045045045,0.738018018018018,926,10.404494382022472,6006.486486486487,20.0,847,79,0.06847697756788666
1.0,3,30.0,1,5.0,0.0,-0.3,11100,89,0.15603603603603602,0.08801801801801802,0.755945945945946,802,9.01123595505618,5202.162162162162,20.0,726,76,0.07851239669421488
1.0,3,30.0,1,5.0,0.0,-0.2,11100,89,0.1471171171171171,0.0891891891891892,0.7636936936936937,802,9.01123595505618,5202.162162162162,20.0,726,76,0.07851239669421488
1.0,3,30.0,1,5.0,0.0,-0.1,11100,89,0.14270270270270272,0.0891891891891892,0.7681081081081081,802,9.01123595505618,5202.162162162162,15.0,726,76,0.07851239669421488
1.0,3,30.0,1,5.0,0.0,0.0,11100,89,0.1327027027027027,0.03891891891891892,0.8283783783783784,862,9.685393258426966,5591.351351351352,7.5,786,76,0.07251908396946564
1.0,3,30.0,1,5.0,0.0,0.1,11100,89,0.12486486486486487,0.03891891891891892,0.8362162162162162,862,9.685393258426966,5591.351351351352,5.0,786,76,0.07251908396946564
1.0,3,30.0,1,5.0,0.0,0.2,11100,89,0.12027027027027028,0.03783783783783784,0.8418918918918918,799,8.97752808988764,5182.702702702703,5.0,723,76,0.07883817427385892
1.0,3,30.0,1,5.0,0.0,0.3,11100,89,0.11468468468468468,0.034594594594594595,0.8507207207207207,739,8.303370786516854,4793.513513513513,10.0,663,76,0.08597285067873303
1.0,3,30.0,1,5.0,0.0,0.4,11100,89,0.11036036036036036,0.027927927927927927,0.8617117117117117,616,6.921348314606742,3995.675675675676,7.5,544,72,0.2113970588235294
1.0,3,30.0,1,5.0,0.0,0.5,11100,89,0.10918918918918918,0.027927927927927927,0.8628828828828828,616,6.921348314606742,3995.675675675676,7.5,544,72,0.2113970588235294
1.0,3,30.0,1,5.0,0.0,0.6,11100,89,0.10468468468468468,0.027927927927927927,0.8673873873873874,617,6.932584269662922,4002.162162162162,5.0,545,72,0.21100917431192662
1.0,3,30.0,1,5.0,0.0,0.7,11100,89,0.10351351351351351,0.027927927927927927,0.8685585585585586,617,6.932584269662922,4002.162162162162,5.0,545,72,0.21100917431192662
1.0,3,30.0,1,5.0,0.0,0.8,11100,89,0.10018018018018018,0.027927927927927927,0.8718918918918919,617,6.932584269662922,4002.162162162162,5.0,545,72,0.21100917431192662
1.0,3,30.0,1,5.0,0.0,0.9,11100,89,0.09693693693693693,0.027927927927927927,0.8751351351351352,617,6.932584269662922,4002.162162162162,5.0,545,72,0.21100917431192662
1.0,3,30.0,1,5.0,0.0,1.0,11100,89,0.09477477477477478,0.027927927927927927,0.8772972972972973,617,6.932584269662922,4002.162162162162,5.0,545,72,0.21100917431192662
1.0,3,30.0,2,5.0,5.0,-4.0,11100,89,1.0,0.0,0.0,0,0.0,0.0,,0,0,
1.0,3,30.0,2,5.0,5.0,-3.9,11100,89,1.0,0.0,0.0,0,0.0,0.0,,0,0,
1.0,3,30.0,2,5.0,5.0,-3.8,11100,89,1.0,0.0,0.0,0,0.0,0.0,,0,0,
1.0,3,30.0,2,5.0,5.0,-3.7,11100,89,1.0,0.0,0.0,0,0.0,0.0,,0,0,
1.0,3,30.0,2,5.0,5.0,-3.6,11100,89,1.0,0.0,0.0,0,0.0,0.0,,0,0,
1.0,3,30.0,2,5.0,5.0,-3.5,11100,89,1.0,0.0,0.0,0,0.0,0.0,,0,0,
1.0,3,30.0,2,5.0,5.0,-3.4,11100,89,1.0,0.0,0.0,0,0.0,0.0,,0,0,
1.0,3,30.0,2,5.0,5.0,-3.3,11100,89,1.0,0.0,0.0,0,0.0,0.0,,0,0,
1.0,3,30.0,2,5.0,5.0,-3.2,11100,89,1.0,0.0,0.0,0,0.0,0.0,,0,0,
1.0,3,30.0,2,5.0,5.0,-3.1,11100,89,1.0,0.0,0.0,0,0.0,0.0,,0,0,
1.0,3,30.0,2,5.0,5.0,-3.0,11100,89,1.0,0.0,0.0,0,0.0,0.0,,0,0,
1.0,3,30.0,2,5.0,5.0,-2.9,11100,89,1.0,0.0,0.0,0,0.0,0.0,,0,0,
1.0,3,30.0,2,5.0,5.0,-2.8,11100,89,1.0,0.0,0.0,0,0.0,0.0,,0,0,
1.0,3,30.0,2,5.0,5.0,-2.7,11100,89,1.0,0.0,0.0,0,0.0,0.0,,0,0,
1.0,3,30.0,2,5.0,5.0,-2.6,11100,89,1.0,0.0,0.0,0,0.0,0.0,,0,0,
1.0,3,30.0,2,5.0,5.0,-2.5,11100,89,1.0,0.0,0.0,0,0.0,0.0,,0,0,
1.0,3,30.0,2,5.0,5.0,-2.4,11100,89,1.0,0.0,0.0,0,0.0,0.0,,0,0,
1.0,3,30.0,2,5.0,5.0,-2.3,11100,89,0.8973873873873874,0.10261261261261262,0.0,124,1.3932584269662922,804.3243243243244,95.0,119,5,1.0
1.0,3,30.0,2,5.0,5.0,-2.2,11100,89,0.6923423423423424,0.3076576576576577,0.0,371,4.168539325842697,2406.4864864864862,75.0,358,13,0.8324022346368715
1.0,3,30.0,2,5.0,5.0,-2.1,11100,89,0.5886486486486486,0.33225225225225224,0.0790990990990991,744,8.359550561797754,4825.945945945946,40.0,727,17,0.4938101788170564
1.0,3,30.0,2,5.0,5.0,-2.0,11100,89,0.5831531531531532,0.20621621621621622,0.21063063063063064,496,5.573033707865169,3217.2972972972975,90.0,478,18,0.5
1.0,3,30.0,2,5.0,5.0,-1.9,11100,89,0.5718918918918919,0.21072072072072073,0.2173873873873874,496,5.573033707865169,3217.2972972972975,95.0,478,18,0.5
1.0,3,30.0,2,5.0,5.0,-1.8,11100,89,0.49963963963963964,0.19711711711711713,0.30324324324324325,804,9.03370786516854,5215.135135135135,60.0,724,80,0.16574585635359115
1.0,3,30.0,2,5.0,5.0,-1.7,11100,89,0.4927027027027027,0.06675675675675675,0.44054054054054054,556,6.247191011235955,3606.4864864864862,90.0,472,84,0.12076271186440678
1.0,3,30.0,2,5.0,5.0,-1.6,11100,89,0.4905405405405405,0.01126126126126126,0.4981981981981982,618,6.943820224719101,4008.6486486486488,70.0,534,84,0.10674157303370786
1.0,3,30.0,2,5.0,5.0,-1.5,11100,89,0.4827027027027027,0.0,0.5172972972972973,493,5.53932584269663,3197.837837837838,95.0,409,84,0.1393643031784841
1.0,3,30.0,2,5.0,5.0,-1.4,11100,89,0.47153153153153154,0.0,0.5284684684684685,494,5.550561797752809,3204.324324324324,95.0,410,84,0.13902439024390245
1.0,3,30.0,2,5.0,5.0,-1.3,11100,89,0.35234234234234235,0.10486486486486486,0.5427927927927928,630,7.078651685393258,4086.4864864864867,70.0,546,84,0.10989010989010989
1.0,3,30.0,2,5.0,5.0,-1.2,11100,89,0.31882882882882885,0.10252252252252252,0.5786486486486486,615,6.910112359550562,3989.189189189189,70.0,531,84,0.11299435028248588
1.0,3,30.0,2,5.0,5.0,-1.1,11100,89,0.3054054054054054,0.10378378378378378,0.5908108108108108,615,6.910112359550562,3989.189189189189,70.0,531,84,0.11487758945386065
1.0,3,30.0,2,5.0,5.0,-1.0,11100,89,0.2911711711711712,0.10486486486486486,0.603963963963964,567,6.370786516853933,3677.837837837838,70.0,484,83,0.16942148760330578
1.0,3,30.0,2,5.0,5.0,-0.9,11100,89,0.27756756756756756,0.10504504504504504,0.6173873873873874,517,5.808988764044944,3353.5135135135133,70.0,436,81,0.23853211009174313
1.0,3,30.0,2,5.0,5.0,-0.8,11100,89,0.2665765765765766,0.11927927927927928,0.6141441441441442,615,6.910112359550562,3989.189189189189,70.0,531,84,0.11487758945386065
1.0,3,30.0,2,5.0,5.0,-0.7,11100,89,0.26522522522522524,0.03405405405405405,0.7007207207207207,862,9.685393258426966,5591.351351351352,30.0,777,85,0.001287001287001287
1.0,3,30.0,2,5.0,5.0,-0.6,11100,89,0.24936936936936938,0.0007207207207207207,0.7499099099099099,420,4.719101123595506,2724.324324324324,70.0,342,78,0.1608187134502924
1.0,3,30.0,2,5.0,5.0,-0.5,11100,89,0.1890990990990991,0.04900900900900901,0.7618918918918919,434,4.876404494382022,2815.1351351351354,45.0,356,78,0.1544943820224719
1.0,3,30.0,2,5.0,5.0,-0.4,11100,89,0.18351351351351353,0.06198198198198198,0.7545045045045045,556,6.247191011235955,3606.4864864864862,45.0,474,82,0.1160337552742616
1.0,3,30.0,2,5.0,5.0,-0.3,11100,89,0.17801801801801803,0.04936936936936937,0.7726126126126126,432,4.853932584269663,2802.162162162162,45.0,354,78,0.15254237288135594
1.0,3,30.0,2,5.0,5.0,-0.2,11100,89,0.1690990990990991,0.05054054054054054,0.7803603603603604,432,4.853932584269663,2802.162162162162,45.0,354,78,0.15254237288135594
1.0,3,30.0,2,5.0,5.0,-0.1,11100,89,0.1646846846846847,0.05054054054054054,0.7847747747747748,432,4.853932584269663,2802.162162162162,45.0,354,78,0.15254237288135594
1.0,3,30.0,2,5.0,5.0,0.0,11100,89,0.16036036036036036,0.00018018018018018018,0.8394594594594594,431,4.842696629213483,2795.675675675676,40.0,353,78,0.1529745042492918
1.0,3,30.0,2,5.0,5.0,0.1,11100,89,0.14153153153153153,0.00018018018018018018,0.8582882882882883,308,3.460674157303371,1997.837837837838,40.0,231,77,0.47186147186147187
1.0,3,30.0,2,5.0,5.0,0.2,11100,89,0.139009009009009,0.004864864864864865,0.8561261261261262,358,4.022471910112359,2322.162162162162,40.0,281,77,0.3096085409252669
1.0,3,30.0,2,5.0,5.0,0.3,11100,89,0.13684684684684684,0.0025225225225225223,0.8606306306306306,332,3.730337078651685,2153.5135135135133,40.0,255,77,0.3843137254901961
1.0,3,30.0,2,5.0,5.0,0.4,11100,89,0.13252252252252253,0.00036036036036036037,0.8671171171171171,308,3.460674157303371,1997.837837837838,45.0,231,77,0.47186147186147187
1.0,3,30.0,2,5.0,5.0,0.5,11100,89,0.13135135135135134,0.00036036036036036037,0.8682882882882883,308,3.460674157303371,1997.837837837838,45.0,231,77,0.47186147186147187
1.0,3,30.0,2,5.0,5.0,0.6,11100,89,0.12684684684684686,0.00018018018018018018,0.8729729729729729,308,3.460674157303371,1997.837837837838,45.0,231,77,0.47186147186147187
1.0,3,30.0,2,5.0,5.0,0.7,11100,89,0.12567567567567567,0.00018018018018018018,0.8741441441441441,308,3.460674157303371,1997.837837837838,45.0,231,77,0.47186147186147187
1.0,3,30.0,2,5.0,5.0,0.8,11100,89,0.12234234234234234,0.00018018018018018018,0.8774774774774775,308,3.460674157303371,1997.837837837838,45.0,231,77,0.47186147186147187
1.0,3,30.0,2,5.0,5.0,0.9,11100,89,0.11693693693693694,0.00018018018018018018,0.8828828828828829,284,3.191011235955056,1842.1621621621623,45.0,219,65,0.4977168949771689
1.0,3,30.0,2,5.0,5.0,1.0,11100,89,0.11261261261261261,0.00018018018018018018,0.8872072072072072,260,2.9213483146067416,1686.4864864864865,45.0,207,53,0.5265700483091788
1.0,3,30.0,3,5.0,10.0,-4.0,11100,89,1.0,0.0,0.0,0,0.0,0.0,,0,0,
1.0,3,30.0,3,5.0,10.0,-3.9,11100,89,1.0,0.0,0.0,0,0.0,0.0,,0,0,
1.0,3,30.0,3,5.0,10.0,-3.8,11100,89,1.0,0.0,0.0,0,0.0,0.0,,0,0,
1.0,3,30.0,3,5.0,10.0,-3.7,11100,89,1.0,0.0,0.0,0,0.0,0.0,,0,0,
1.0,3,30.0,3,5.0,10.0,-3.6,11100,89,1.0,0.0,0.0,0,0.0,0.0,,0,0,
1.0,3,30.0,3,5.0,10.0,-3.5,11100,89,1.0,0.0,0.0,0,0.0,0.0,,0,0,
1.0,3,30.0,3,5.0,10.0,-3.4,11100,89,1.0,0.0,0.0,0,0.0,0.0,,0,0,
1.0,3,30.0,3,5.0,10.0,-3.3,11100,89,1.0,0.0,0.0,0,0.0,0.0,,0,0,
1.0,3,30.0,3,5.0,10.0,-3.2,11100,89,1.0,0.0,0.0,0,0.0,0.0,,0,0,
1.0,3,30.0,3,5.0,10.0,-3.1,11100,89,1.0,0.0,0.0,0,0.0,0.0,,0,0,
1.0,3,30.0,3,5.0,10.0,-3.0,11100,89,1.0,0.0,0.0,0,0.0,0.0,,0,0,
1.0,3,30.0,3,5.0,10.0,-2.9,11100,89,1.0,0.0,0.0,0,0.0,0.0,,0,0,
1.0,3,30.0,3,5.0,10.0,-2.8,11100,89,1.0,0.0,0.0,0,0.0,0.0,,0,0,
1.0,3,30.0,3,5.0,10.0,-2.7,11100,89,1.0,0.0,0.0,0,0.0,0.0,,0,0,
1.0,3,30.0,3,5.0,10.0,-2.6,11100,89,1.0,0.0,0.0,0,0.0,0.0,,0,0,
1.0,3,30.0,3,5.0,10.0,-2.5,11100,89,1.0,0.0,0.0,0,0.0,0.0,,0,0,
1.0,3,30.0,3,5.0,10.0,-2.4,11100,89,1.0,0.0,0.0,0,0.0,0.0,,0,0,
1.0,3,30.0,3,5.0,10.0,-2.3,11100,89,0.8973873873873874,0.10261261261261262,0.0,124,1.3932584269662922,804.3243243243244,95.0,119,5,1.0
1.0,3,30.0,3,5.0,10.0,-2.2,11100,89,0.6922522522522523,0.30774774774774777,0.0,370,4.157303370786517,2400.0,75.0,357,13,0.8319327731092437
1.0,3,30.0,3,5.0,10.0,-2.1,11100,89,0.5886486486486486,0.3099099099099099,0.10144144144144145,493,5.53932584269663,3197.837837837838,90.0,477,16,0.750524109014675
1.0,3,30.0,3,5.0,10.0,-2.0,11100,89,0.5831531531531532,0.20621621621621622,0.21063063063063064,493,5.53932584269663,3197.837837837838,90.0,475,18,0.5010526315789474
1.0,3,30.0,3,5.0,10.0,-1.9,11100,89,0.5718918918918919,0.21072072072072073,0.2173873873873874,492,5.52808988764045,3191.3513513513517,95.0,474,18,0.5021097046413502
1.0,3,30.0,3,5.0,10.0,-1.8,11100,89,0.49963963963963964,0.17468468468468468,0.3256756756756757,555,6.235955056179775,3600.0,90.0,474,81,0.2510548523206751
1.0,3,30.0,3,5.0,10.0,-1.7,11100,89,0.49261261261261263,0.06666666666666667,0.4407207207207207,551,6.191011235955056,3574.054054054054,90.0,468,83,0.12179487179487179
1.0,3,30.0,3,5.0,10.0,-1.6,11100,89,0.49045045045045044,0.00036036036036036037,0.5091891891891892,491,5.51685393258427,3184.8648648648646,95.0,408,83,0.13970588235294118
1.0,3,30.0,3,5.0,10.0,-1.5,11100,89,0.4827927927927928,0.0,0.5172072072072073,491,5.51685393258427,3184.8648648648646,95.0,408,83,0.13970588235294118
1.0,3,30.0,3,5.0,10.0,-1.4,11100,89,0.4717117117117117,0.0,0.5282882882882883,491,5.51685393258427,3184.8648648648646,95.0,407,84,0.14004914004914004
1.0,3,30.0,3,5.0,10.0,-1.3,11100,89,0.3526126126126126,0.10243243243243243,0.5449549549549549,614,6.898876404494382,3982.702702702703,65.0,530,84,0.11320754716981132
1.0,3,30.0,3,5.0,10.0,-1.2,11100,89,0.316036036036036,0.10243243243243243,0.5815315315315316,590,6.629213483146067,3827.027027027027,65.0,507,83,0.14003944773175542
1.0,3,30.0,3,5.0,10.0,-1.1,11100,89,0.28927927927927927,0.10378378378378378,0.606936936936937,492,5.52808988764045,3191.3513513513517,65.0,412,80,0.279126213592233
1.0,3,30.0,3,5.0,10.0,-1.0,11100,89,0.28153153153153154,0.10486486486486486,0.6136036036036036,492,5.52808988764045,3191.3513513513517,65.0,412,80,0.279126213592233
1.0,3,30.0,3,5.0,10.0,-0.9,11100,89,0.27135135135135136,0.10513513513513513,0.6235135135135135,468,5.258426966292135,3035.6756756756754,65.0,389,79,0.29562982005141386
1.0,3,30.0,3,5.0,10.0,-0.8,11100,89,0.2536036036036036,0.1127027027027027,0.6336936936936937,443,4.977528089887641,2873.5135135135138,65.0,364,79,0.31868131868131866
1.0,3,30.0,3,5.0,10.0,-0.7,11100,89,0.24891891891891893,0.0015315315315315315,0.7495495495495496,374,4.202247191011236,2425.945945945946,65.0,297,77,0.18855218855218855
1.0,3,30.0,3,5.0,10.0,-0.6,11100,89,0.24288288288288287,0.001081081081081081,0.7560360360360361,372,4.179775280898877,2412.972972972973,65.0,295,77,0.1864406779661017
1.0,3,30.0,3,5.0,10.0,-0.5,11100,89,0.1945945945945946,0.04387387387387388,0.7615315315315315,434,4.876404494382022,2815.1351351351354,40.0,356,78,0.1544943820224719
1.0,3,30.0,3,5.0,10.0,-0.4,11100,89,0.18900900900900902,0.05027027027027027,0.7607207207207207,484,5.438202247191011,3139.459459459459,40.0,404,80,0.13613861386138615
1.0,3,30.0,3,5.0,10.0,-0.3,11100,89,0.18351351351351353,0.043963963963963966,0.7725225225225225,432,4.853932584269663,2802.162162162162,40.0,354,78,0.15254237288135594
1.0,3,30.0,3,5.0,10.0,-0.2,11100,89,0.1745945945945946,0.04513513513513513,0.7802702702702703,432,4.853932584269663,2802.162162162162,40.0,354,78,0.15254237288135594
1.0,3,30.0,3,5.0,10.0,-0.1,11100,89,0.1701801801801802,0.04513513513513513,0.7846846846846847,431,4.842696629213483,2795.675675675676,40.0,353,78,0.1529745042492918
1.0,3,30.0,3,5.0,10.0,0.0,11100,89,0.14936936936936937,0.0002702702702702703,0.8503603603603603,307,3.449438202247191,1991.3513513513515,35.0,230,77,0.47391304347826085
1.0,3,30.0,3,5.0,10.0,0.1,11100,89,0.1471171171171171,0.0002702702702702703,0.8526126126126126,307,3.449438202247191,1991.3513513513515,35.0,230,77,0.47391304347826085
1.0,3,30.0,3,5.0,10.0,0.2,11100,89,0.1445045045045045,0.0005405405405405405,0.854954954954955,308,3.460674157303371,1997.837837837838,35.0,231,77,0.47186147186147187
1.0,3,30.0,3,5.0,10.0,0.3,11100,89,0.14234234234234233,0.0005405405405405405,0.8571171171171171,308,3.460674157303371,1997.837837837838,35.0,231,77,0.47186147186147187
1.0,3,30.0,3,5.0,10.0,0.4,11100,89,0.13477477477477479,0.0005405405405405405,0.8646846846846847,284,3.191011235955056,1842.1621621621623,40.0,219,65,0.4977168949771689
1.0,3,30.0,3,5.0,10.0,0.5,11100,89,0.1300900900900901,0.0005405405405405405,0.8693693693693694,258,2.898876404494382,1673.5135135135135,40.0,206,52,0.529126213592233
1.0,3,30.0,3,5.0,10.0,0.6,11100,89,0.12234234234234234,0.0002702702702702703,0.8773873873873874,234,2.6292134831460676,1517.8378378378377,97.5,194,40,0.5618556701030928
1.0,3,30.0,3,5.0,10.0,0.7,11100,89,0.11765765765765766,0.0002702702702702703,0.882072072072072,208,2.337078651685393,1349.1891891891892,115.0,170,38,0.5764705882352941
1.0,3,30.0,3,5.0,10.0,0.8,11100,89,0.10783783783783783,0.0002702702702702703,0.8918918918918919,160,1.797752808988764,1037.837837837838,260.0,146,14,0.6712328767123288
1.0,3,30.0,3,5.0,10.0,0.9,11100,89,0.09918918918918919,0.0002702702702702703,0.9005405405405406,112,1.2584269662921348,726.4864864864865,260.0,100,12,0.76
1.0,3,30.0,3,5.0,10.0,1.0,11100,89,0.0981081081081081,0.0002702702702702703,0.9016216216216216,112,1.2584269662921348,726.4864864864865,260.0,100,12,0.76
1.0,3,60.0,1,5.0,0.0,-4.0,10729,88,1.0,0.0,0.0,0,0.0,0.0,,0,0,
1.0,3,60.0,1,5.0,0.0,-3.9,10729,88,1.0,0.0,0.0,0,0.0,0.0,,0,0,
1.0,3,60.0,1,5.0,0.0,-3.8,10729,88,1.0,0.0,0.0,0,0.0,0.0,,0,0,
1.0,3,60.0,1,5.0,0.0,-3.7,10729,88,1.0,0.0,0.0,0,0.0,0.0,,0,0,
1.0,3,60.0,1,5.0,0.0,-3.6,10729,88,1.0,0.0,0.0,0,0.0,0.0,,0,0,
1.0,3,60.0,1,5.0,0.0,-3.5,10729,88,1.0,0.0,0.0,0,0.0,0.0,,0,0,
1.0,3,60.0,1,5.0,0.0,-3.4,10729,88,1.0,0.0,0.0,0,0.0,0.0,,0,0,
1.0,3,60.0,1,5.0,0.0,-3.3,10729,88,1.0,0.0,0.0,0,0.0,0.0,,0,0,
1.0,3,60.0,1,5.0,0.0,-3.2,10729,88,1.0,0.0,0.0,0,0.0,0.0,,0,0,
1.0,3,60.0,1,5.0,0.0,-3.1,10729,88,1.0,0.0,0.0,0,0.0,0.0,,0,0,
1.0,3,60.0,1,5.0,0.0,-3.0,10729,88,1.0,0.0,0.0,0,0.0,0.0,,0,0,
1.0,3,60.0,1,5.0,0.0,-2.9,10729,88,1.0,0.0,0.0,0,0.0,0.0,,0,0,
1.0,3,60.0,1,5.0,0.0,-2.8,10729,88,1.0,0.0,0.0,0,0.0,0.0,,0,0,
1.0,3,60.0,1,5.0,0.0,-2.7,10729,88,1.0,0.0,0.0,0,0.0,0.0,,0,0,
1.0,3,60.0,1,5.0,0.0,-2.6,10729,88,1.0,0.0,0.0,0,0.0,0.0,,0,0,
1.0,3,60.0,1,5.0,0.0,-2.5,10729,88,1.0,0.0,0.0,0,0.0,0.0,,0,0,
1.0,3,60.0,1,5.0,0.0,-2.4,10729,88,1.0,0.0,0.0,0,0.0,0.0,,0,0,
1.0,3,60.0,1,5.0,0.0,-2.3,10729,88,0.9355019107092926,0.06449808929070742,0.0,224,2.5454545454545454,1503.215583931401,30.0,220,4,0.2727272727272727
1.0,3,60.0,1,5.0,0.0,-2.2,10729,88,0.8049212414950135,0.1950787585049865,0.0,594,6.75,3986.2056109609466,30.0,583,11,0.31046312178387653
1.0,3,60.0,1,5.0,0.0,-2.1,10729,88,0.6598937459222668,0.2894025538260789,0.050703700251654396,868,9.863636363636363,5824.960387734179,30.0,852,16,0.21244131455399062
1.0,3,60.0,1,5.0,0.0,-2.0,10729,88,0.5849566595209246,0.2708546928884332,0.14418864759064218,844,9.590909090909092,5663.901575170099,40.0,826,18,0.14527845036319612
1.0,3,60.0,1,5.0,0.0,-1.9,10729,88,0.5594183987324075,0.25715350918072516,0.18342809208686736,744,8.454545454545455,4992.823189486438,45.0,726,18,0.1652892561983471
1.0,3,60.0,1,5.0,0.0,-1.8,10729,88,0.4625780594650014,0.2710411035511231,0.2663808369838755,991,11.261363636363637,6650.386802125081,30.0,923,68,0.0780065005417118
1.0,3,60.0,1,5.0,0.0,-1.7,10729,88,0.3945381675831858,0.2386056482430795,0.3668561841737347,991,11.261363636363637,6650.386802125081,30.0,910,81,0.06703296703296703
1.0,3,60.0,1,5.0,0.0,-1.6,10729,88,0.34718985925994966,0.20877994221269455,0.44403019852735576,868,9.863636363636363,5824.960387734179,35.0,786,82,0.15012722646310434
1.0,3,60.0,1,5.0,0.0,-1.5,10729,88,0.3414111287165626,0.20076428371702862,0.4578245875664088,868,9.863636363636363,5824.960387734179,35.0,786,82,0.15012722646310434
1.0,3,60.0,1,5.0,0.0,-1.4,10729,88,0.33209059558206727,0.18687668934663063,0.4810327150713021,868,9.863636363636363,5824.960387734179,30.0,786,82,0.15012722646310434
1.0,3,60.0,1,5.0,0.0,-1.3,10729,88,0.2491378506850592,0.23292012303103737,0.5179420262839034,1088,12.363636363636363,7301.332836238233,30.0,1003,85,0.11665004985044865
1.0,3,60.0,1,5.0,0.0,-1.2,10729,88,0.2273278031503402,0.19591760648709106,0.5767545903625687,964,10.954545454545455,6469.195637990492,35.0,880,84,0.11931818181818182
1.0,3,60.0,1,5.0,0.0,-1.1,10729,88,0.21446546742473668,0.14418864759064218,0.6413458849846211,741,8.420454545454545,4972.690837915929,40.0,662,79,0.08610271903323263
1.0,3,60.0,1,5.0,0.0,-1.0,10729,88,0.20644980892907075,0.11771833348867555,0.6758318575822537,619,7.034090909090909,4153.975207381862,35.0,543,76,0.10497237569060773
1.0,3,60.0,1,5.0,0.0,-0.9,10729,88,0.20067107838568365,0.11874359213347004,0.6805853294808463,619,7.034090909090909,4153.975207381862,35.0,543,76,0.10497237569060773
1.0,3,60.0,1,5.0,0.0,-0.8,10729,88,0.19256221455867276,0.12349706403206263,0.6839407214092647,619,7.034090909090909,4153.975207381862,35.0,543,76,0.10497237569060773
1.0,3,60.0,1,5.0,0.0,-0.7,10729,88,0.1221921893932333,0.1384099170472551,0.7393978935595116,741,8.420454545454545,4972.690837915929,20.0,665,76,0.08571428571428572
1.0,3,60.0,1,5.0,0.0,-0.6,10729,88,0.1164134588498462,0.12470873333954702,0.7588778078106068,618,7.0227272727272725,4147.264423525025,30.0,542,76,0.10516605166051661
1.0,3,60.0,1,5.0,0.0,-0.5,10729,88,0.08304595022835307,0.15211110075496317,0.7648429490166837,557,6.329545454545454,3737.9066082579925,45.0,480,77,0.11875
1.0,3,60.0,1,5.0,0.0,-0.4,10729,88,0.07950414763724485,0.1453071115667816,0.7751887407959736,556,6.318181818181818,3731.1958244011553,40.0,479,77,0.11899791231732777
1.0,3,60.0,1,5.0,0.0,-0.3,10729,88,0.07605555037748159,0.14418864759064218,0.7797558020318762,555,6.306818181818182,3724.485040544319,40.0,478,77,0.1192468619246862
1.0,3,60.0,1,5.0,0.0,-0.2,10729,88,0.06803989188181564,0.11184639761394352,0.8201137105042409,556,6.318181818181818,3731.1958244011553,20.0,479,77,0.23799582463465555
1.0,3,60.0,1,5.0,0.0,-0.1,10729,88,0.06803989188181564,0.10606766707055644,0.8258924410476279,556,6.318181818181818,3731.1958244011553,20.0,479,77,0.23799582463465555
1.0,3,60.0,1,5.0,0.0,0.0,10729,88,0.05191536955913878,0.0841644142044925,0.8639202162363687,445,5.056818181818182,2986.298816292292,25.0,369,76,0.3089430894308943
1.0,3,60.0,1,5.0,0.0,0.1,10729,88,0.05191536955913878,0.05769410010252587,0.8903905303383354,372,4.2272727272727275,2496.411594743219,20.0,299,73,0.38127090301003347
1.0,3,60.0,1,5.0,0.0,0.2,10729,88,0.050703700251654396,0.04958523627551496,0.8997110634728307,372,4.2272727272727275,2496.411594743219,20.0,299,73,0.38127090301003347
1.0,3,60.0,1,5.0,0.0,0.3,10729,88,0.050703700251654396,0.04734830832323609,0.9019479914251095,372,4.2272727272727275,2496.411594743219,20.0,299,73,0.38127090301003347
1.0,3,60.0,1,5.0,0.0,0.4,10729,88,0.04958523627551496,0.02647031410196663,0.9239444496225184,247,2.8068181818181817,1657.563612638643,15.0,180,67,0.31666666666666665
1.0,3,60.0,1,5.0,0.0,0.5,10729,88,0.04958523627551496,0.025351850125827198,0.9250629135986579,247,2.8068181818181817,1657.563612638643,15.0,180,67,0.31666666666666665
1.0,3,60.0,1,5.0,0.0,0.6,10729,88,0.04837356696803057,0.019573119582440117,0.9320533134495294,247,2.8068181818181817,1657.563612638643,15.0,180,67,0.31666666666666665
1.0,3,60.0,1,5.0,0.0,0.7,10729,88,0.04837356696803057,0.019573119582440117,0.9320533134495294,247,2.8068181818181817,1657.563612638643,15.0,180,67,0.31666666666666665
1.0,3,60.0,1,5.0,0.0,0.8,10729,88,0.04725510299189114,0.010438997110634729,0.9423058998974742,124,1.4090909090909092,832.1371982477397,12.5,119,5,0.4789915966386555
1.0,3,60.0,1,5.0,0.0,0.9,10729,88,0.04725510299189114,0.010438997110634729,0.9423058998974742,124,1.4090909090909092,832.1371982477397,12.5,119,5,0.4789915966386555
1.0,3,60.0,1,5.0,0.0,1.0,10729,88,0.0461366390157517,0.010345791779289775,0.9435175692049586,124,1.4090909090909092,832.1371982477397,12.5,119,5,0.4789915966386555
1.0,3,60.0,2,5.0,5.0,-4.0,10729,88,1.0,0.0,0.0,0,0.0,0.0,,0,0,
1.0,3,60.0,2,5.0,5.0,-3.9,10729,88,1.0,0.0,0.0,0,0.0,0.0,,0,0,
1.0,3,60.0,2,5.0,5.0,-3.8,10729,88,1.0,0.0,0.0,0,0.0,0.0,,0,0,
1.0,3,60.0,2,5.0,5.0,-3.7,10729,88,1.0,0.0,0.0,0,0.0,0.0,,0,0,
1.0,3,60.0,2,5.0,5.0,-3.6,10729,88,1.0,0.0,0.0,0,0.0,0.0,,0,0,
1.0,3,60.0,2,5.0,5.0,-3.5,10729,88,1.0,0.0,0.0,0,0.0,0.0,,0,0,
1.0,3,60.0,2,5.0,5.0,-3.4,10729,88,1.0,0.0,0.0,0,0.0,0.0,,0,0,
1.0,3,60.0,2,5.0,5.0,-3.3,10729,88,1.0,0.0,0.0,0,0.0,0.0,,0,0,
1.0,3,60.0,2,5.0,5.0,-3.2,10729,88,1.0,0.0,0.0,0,0.0,0.0,,0,0,
1.0,3,60.0,2,5.0,5.0,-3.1,10729,88,1.0,0.0,0.0,0,0.0,0.0,,0,0,
1.0,3,60.0,2,5.0,5.0,-3.0,10729,88,1.0,0.0,0.0,0,0.0,0.0,,0,0,
1.0,3,60.0,2,5.0,5.0,-2.9,10729,88,1.0,0.0,0.0,0,0.0,0.0,,0,0,
1.0,3,60.0,2,5.0,5.0,-2.8,10729,88,1.0,0.0,0.0,0,0.0,0.0,,0,0,
1.0,3,60.0,2,5.0,5.0,-2.7,10729,88,1.0,0.0,0.0,0,0.0,0.0,,0,0,
1.0,3,60.0,2,5.0,5.0,-2.6,10729,88,1.0,0.0,0.0,0,0.0,0.0,,0,0,
1.0,3,60.0,2,5.0,5.0,-2.5,10729,88,1.0,0.0,0.0,0,0.0,0.0,,0,0,
1.0,3,60.0,2,5.0,5.0,-2.4,10729,88,1.0,0.0,0.0,0,0.0,0.0,,0,0,
1.0,3,60.0,2,5.0,5.0,-2.3,10729,88,0.930841644142045,0.06915835585795507,0.0,124,1.4090909090909092,832.1371982477397,60.0,120,4,0.5
1.0,3,60.0,2,5.0,5.0,-2.2,10729,88,0.7968123776680026,0.2031876223319974,0.0,420,4.7727272727272725,2818.529219871377,65.0,408,12,0.4411764705882353
1.0,3,60.0,2,5.0,5.0,-2.1,10729,88,0.6564451486625035,0.2928511510858421,0.050703700251654396,794,9.022727272727273,5328.362382328269,40.0,777,17,0.23166023166023167
1.0,3,60.0,2,5.0,5.0,-2.0,10729,88,0.580296392953677,0.2755149594556809,0.14418864759064218,744,8.454545454545455,4992.823189486438,50.0,726,18,0.1652892561983471
1.0,3,60.0,2,5.0,5.0,-1.9,10729,88,0.5628669959921707,0.2537049119209619,0.18342809208686736,707,8.034090909090908,4744.524186783484,60.0,689,18,0.1741654571843251
1.0,3,60.0,2,5.0,5.0,-1.8,10729,88,0.4625780594650014,0.27001584490632863,0.26740609562866996,976,11.090909090909092,6549.725044272533,30.0,896,80,0.06696428571428571
1.0,3,60.0,2,5.0,5.0,-1.7,10729,88,0.3945381675831858,0.23748718426694007,0.3679746481498742,976,11.090909090909092,6549.725044272533,30.0,894,82,0.06711409395973154
1.0,3,60.0,2,5.0,5.0,-1.6,10729,88,0.34840152856743406,0.20644980892907075,0.4451486625034952,842,9.568181818181818,5650.480007456426,45.0,759,83,0.1541501976284585
1.0,3,60.0,2,5.0,5.0,-1.5,10729,88,0.342529592692702,0.1984341504334048,0.4590362568738932,842,9.568181818181818,5650.480007456426,40.0,759,83,0.1541501976284585
1.0,3,60.0,2,5.0,5.0,-1.4,10729,88,0.33330226488955167,0.1845465560630068,0.48215117904744154,842,9.568181818181818,5650.480007456426,40.0,759,83,0.1541501976284585
1.0,3,60.0,2,5.0,5.0,-1.3,10729,88,0.24606207475067574,0.23021716842203374,0.5237207568272905,915,10.397727272727273,6140.367229005498,40.0,831,84,0.1407942238267148
1.0,3,60.0,2,5.0,5.0,-1.2,10729,88,0.22406561655326684,0.19806132910802499,0.5778730543387082,840,9.545454545454545,5637.058439742754,40.0,756,84,0.12301587301587301
1.0,3,60.0,2,5.0,5.0,-1.1,10729,88,0.21670239537701558,0.14083325566222388,0.6424643489607605,702,7.9772727272727275,4710.970267499301,40.0,623,79,0.09149277688603531
1.0,3,60.0,2,5.0,5.0,-1.0,10729,88,0.20877994221269455,0.11315127225277286,0.6780687855345325,568,6.454545454545454,3811.725230683195,40.0,491,77,0.11405295315682282
1.0,3,60.0,2,5.0,5.0,-0.9,10729,88,0.20300121166930749,0.11520178954236182,0.6817969987883307,578,6.568181818181818,3878.8330692515615,40.0,501,77,0.11177644710578842
1.0,3,60.0,2,5.0,5.0,-0.8,10729,88,0.19479914251095162,0.12014167210364433,0.685059185385404,580,6.590909090909091,3892.254636965234,40.0,504,76,0.1130952380952381
1.0,3,60.0,2,5.0,5.0,-0.7,10729,88,0.12340385870071768,0.13626619442632118,0.7403299468729612,716,8.136363636363637,4804.921241495013,20.0,640,76,0.0890625
1.0,3,60.0,2,5.0,5.0,-0.6,10729,88,0.1176251281573306,0.12247180538726815,0.7599030664554013,593,6.738636363636363,3979.4948271041103,35.0,517,76,0.1102514506769826
1.0,3,60.0,2,5.0,5.0,-0.5,10729,88,0.09003635007922453,0.14521390623543667,0.7647497436853388,542,6.159090909090909,3637.244850405443,45.0,465,77,0.12258064516129032
1.0,3,60.0,2,5.0,5.0,-0.4,10729,88,0.08640134215677137,0.1384099170472551,0.7751887407959736,542,6.159090909090909,3637.244850405443,40.0,465,77,0.12258064516129032
1.0,3,60.0,2,5.0,5.0,-0.3,10729,88,0.08295274489700812,0.1373846584024606,0.7796625967005313,542,6.159090909090909,3637.244850405443,40.0,465,77,0.12258064516129032
1.0,3,60.0,2,5.0,5.0,-0.2,10729,88,0.0750302917326871,0.10355112312424271,0.8214185851430702,531,6.034090909090909,3563.42622798024,20.0,454,77,0.22687224669603523
1.0,3,60.0,2,5.0,5.0,-0.1,10729,88,0.0750302917326871,0.09777239258085563,0.8271973156864573,531,6.034090909090909,3563.42622798024,20.0,454,77,0.22687224669603523
1.0,3,60.0,2,5.0,5.0,0.0,10729,88,0.05890576941001025,0.07950414763724485,0.8615900829527449,358,4.068181818181818,2402.4606207475067,35.0,284,74,0.397887323943662
1.0,3,60.0,2,5.0,5.0,0.1,10729,88,0.05890576941001025,0.05648243079504148,0.8846117997949483,357,4.056818181818182,2395.74983689067,25.0,284,73,0.397887323943662
1.0,3,60.0,2,5.0,5.0,0.2,10729,88,0.05760089477118091,0.04846677229937552,0.8939323329294435,358,4.068181818181818,2402.4606207475067,20.0,286,72,0.3986013986013986
1.0,3,60.0,2,5.0,5.0,0.3,10729,88,0.05760089477118091,0.046229844347096656,0.8961692608817224,358,4.068181818181818,2402.4606207475067,15.0,286,72,0.3986013986013986
1.0,3,60.0,2,5.0,5.0,0.4,10729,88,0.05657563612638643,0.025351850125827198,0.9180725137477864,234,2.659090909090909,1570.3234224997668,15.0,166,68,0.3373493975903614
1.0,3,60.0,2,5.0,5.0,0.5,10729,88,0.05657563612638643,0.02423338614968776,0.9191909777239258,234,2.659090909090909,1570.3234224997668,15.0,166,68,0.3373493975903614
1.0,3,60.0,2,5.0,5.0,0.6,10729,88,0.05527076148755709,0.01621772765402181,0.9285115108584211,185,2.102272727272727,1241.495013514773,20.0,143,42,0.3986013986013986
1.0,3,60.0,2,5.0,5.0,0.7,10729,88,0.05527076148755709,0.01621772765402181,0.9285115108584211,185,2.102272727272727,1241.495013514773,20.0,143,42,0.3986013986013986
1.0,3,60.0,2,5.0,5.0,0.8,10729,88,0.05415229751141765,0.009320533134495292,0.9365271693540871,112,1.2727272727272727,751.6077919657005,185.0,107,5,0.5327102803738317
1.0,3,60.0,2,5.0,5.0,0.9,10729,88,0.05415229751141765,0.009320533134495292,0.9365271693540871,112,1.2727272727272727,751.6077919657005,185.0,107,5,0.5327102803738317
1.0,3,60.0,2,5.0,5.0,1.0,10729,88,0.05312703886662317,0.009134122471805388,0.9377388386615715,111,1.2613636363636365,744.8970081088639,205.0,105,6,0.5333333333333333
1.0,3,60.0,3,5.0,10.0,-4.0,10729,88,1.0,0.0,0.0,0,0.0,0.0,,0,0,
1.0,3,60.0,3,5.0,10.0,-3.9,10729,88,1.0,0.0,0.0,0,0.0,0.0,,0,0,
1.0,3,60.0,3,5.0,10.0,-3.8,10729,88,1.0,0.0,0.0,0,0.0,0.0,,0,0,
1.0,3,60.0,3,5.0,10.0,-3.7,10729,88,1.0,0.0,0.0,0,0.0,0.0,,0,0,
1.0,3,60.0,3,5.0,10.0,-3.6,10729,88,1.0,0.0,0.0,0,0.0,0.0,,0,0,
1.0,3,60.0,3,5.0,10.0,-3.5,10729,88,1.0,0.0,0.0,0,0.0,0.0,,0,0,
1.0,3,60.0,3,5.0,10.0,-3.4,10729,88,1.0,0.0,0.0,0,0.0,0.0,,0,0,
1.0,3,60.0,3,5.0,10.0,-3.3,10729,88,1.0,0.0,0.0,0,0.0,0.0,,0,0,
1.0,3,60.0,3,5.0,10.0,-3.2,10729,88,1.0,0.0,0.0,0,0.0,0.0,,0,0,
1.0,3,60.0,3,5.0,10.0,-3.1,10729,88,1.0,0.0,0.0,0,0.0,0.0,,0,0,
1.0,3,60.0,3,5.0,10.0,-3.0,10729,88,1.0,0.0,0.0,0,0.0,0.0,,0,0,
1.0,3,60.0,3,5.0,10.0,-2.9,10729,88,1.0,0.0,0.0,0,0.0,0.0,,0,0,
1.0,3,60.0,3,5.0,10.0,-2.8,10729,88,1.0,0.0,0.0,0,0.0,0.0,,0,0,
1.0,3,60.0,3,5.0,10.0,-2.7,10729,88,1.0,0.0,0.0,0,0.0,0.0,,0,0,
1.0,3,60.0,3,5.0,10.0,-2.6,10729,88,1.0,0.0,0.0,0,0.0,0.0,,0,0,
1.0,3,60.0,3,5.0,10.0,-2.5,10729,88,1.0,0.0,0.0,0,0.0,0.0,,0,0,
1.0,3,60.0,3,5.0,10.0,-2.4,10729,88,1.0,0.0,0.0,0,0.0,0.0,,0,0,
1.0,3,60.0,3,5.0,10.0,-2.3,10729,88,0.930841644142045,0.06915835585795507,0.0,124,1.4090909090909092,832.1371982477397,60.0,120,4,0.5
1.0,3,60.0,3,5.0,10.0,-2.2,10729,88,0.7923385217634449,0.20766147823655512,0.0,370,4.204545454545454,2482.990027029546,65.0,359,11,0.5013927576601671
1.0,3,60.0,3,5.0,10.0,-2.1,10729,88,0.6517848820952559,0.2859539565663156,0.06226116133842856,616,7.0,4133.842855811353,60.0,600,16,0.3
1.0,3,60.0,3,5.0,10.0,-2.0,10729,88,0.580296392953677,0.2755149594556809,0.14418864759064218,741,8.420454545454545,4972.690837915929,50.0,723,18,0.16597510373443983
1.0,3,60.0,3,5.0,10.0,-1.9,10729,88,0.5675272625594184,0.24904464535371423,0.18342809208686736,680,7.7272727272727275,4563.333022648896,60.0,662,18,0.18126888217522658
1.0,3,60.0,3,5.0,10.0,-1.8,10729,88,0.4580109982290987,0.25389132258365177,0.2880976791872495,754,8.568181818181818,5059.931028054805,40.0,674,80,0.08902077151335312
1.0,3,60.0,3,5.0,10.0,-1.7,10729,88,0.3829807064964116,0.24028334420728867,0.3767359492962997,802,9.113636363636363,5382.048653182962,40.0,721,81,0.08321775312066575
1.0,3,60.0,3,5.0,10.0,-1.6,10729,88,0.3574424457078945,0.18799515332277006,0.4545624009693354,741,8.420454545454545,4972.690837915929,45.0,659,82,0.17754172989377845
1.0,3,60.0,3,5.0,10.0,-1.5,10729,88,0.3517569204958524,0.1799794948271041,0.46826358467704354,740,8.409090909090908,4965.980054059092,40.0,658,82,0.1778115501519757
1.0,3,60.0,3,5.0,10.0,-1.4,10729,88,0.3423431820300121,0.16609190045670613,0.49156491751328174,740,8.409090909090908,4965.980054059092,40.0,658,82,0.1778115501519757
1.0,3,60.0,3,5.0,10.0,-1.3,10729,88,0.25100195731195823,0.22080342995619348,0.5281946127318483,839,9.534090909090908,5630.347655885917,40.0,754,85,0.15384615384615385
1.0,3,60.0,3,5.0,10.0,-1.2,10729,88,0.2334793550191071,0.17690371889272066,0.5896169260881723,714,8.113636363636363,4791.49967378134,40.0,631,83,0.08874801901743265
1.0,3,60.0,3,5.0,10.0,-1.1,10729,88,0.2352502563146612,0.10634728306459129,0.6584024606207475,477,5.420454545454546,3201.0438997110637,50.0,399,78,0.13784461152882205
1.0,3,60.0,3,5.0,10.0,-1.0,10729,88,0.22686177649361544,0.07633516637151645,0.6968030571348681,369,4.193181818181818,2476.2792431727094,50.0,292,77,0.18835616438356165
1.0,3,60.0,3,5.0,10.0,-0.9,10729,88,0.2211762512815733,0.07633516637151645,0.7024885823469103,368,4.181818181818182,2469.568459315873,45.0,292,76,0.18835616438356165
1.0,3,60.0,3,5.0,10.0,-0.8,10729,88,0.21316059278590735,0.08313915555969802,0.7037002516543946,380,4.318181818181818,2550.0978655979125,45.0,304,76,0.18092105263157895
1.0,3,60.0,3,5.0,10.0,-0.7,10729,88,0.1304874638829341,0.09963649920775468,0.7698760369093112,444,5.045454545454546,2979.5880324354557,50.0,370,74,0.15405405405405406
1.0,3,60.0,3,5.0,10.0,-0.6,10729,88,0.11557461086774164,0.09935688321371983,0.7850685059185385,406,4.613636363636363,2724.578245875664,50.0,332,74,0.1716867469879518
1.0,3,60.0,3,5.0,10.0,-0.5,10729,88,0.10504240842576196,0.12797091993662038,0.7669866716376177,479,5.443181818181818,3214.465467424737,45.0,403,76,0.141439205955335
1.0,3,60.0,3,5.0,10.0,-0.4,10729,88,0.1015938111659987,0.12331065336937273,0.7750955354646286,491,5.579545454545454,3294.994873706776,40.0,415,76,0.13734939759036144
1.0,3,60.0,3,5.0,10.0,-0.3,10729,88,0.09814521390623544,0.12228539472457825,0.7795693913691863,491,5.579545454545454,3294.994873706776,40.0,415,76,0.13734939759036144
1.0,3,60.0,3,5.0,10.0,-0.2,10729,88,0.0857489048373567,0.07931773697455495,0.8349333581880883,407,4.625,2731.2890297325007,40.0,332,75,0.1716867469879518
1.0,3,60.0,3,5.0,10.0,-0.1,10729,88,0.0857489048373567,0.07130207847888899,0.8429490166837543,382,4.340909090909091,2563.5194333115855,40.0,307,75,0.22149837133550487
1.0,3,60.0,3,5.0,10.0,0.0,10729,88,0.07381862242520272,0.07046323049678442,0.8557181470780129,308,3.5,2066.9214279056764,35.0,234,74,0.47863247863247865
1.0,3,60.0,3,5.0,10.0,0.1,10729,88,0.07381862242520272,0.04734830832323609,0.8788330692515612,307,3.4886363636363638,2060.2106440488396,25.0,234,73,0.47863247863247865
1.0,3,60.0,3,5.0,10.0,0.2,10729,88,0.07270015844906329,0.03672290054991145,0.8905769410010252,281,3.1931818181818183,1885.7302637710877,20.0,209,72,0.4784688995215311
1.0,3,60.0,3,5.0,10.0,0.3,10729,88,0.07270015844906329,0.03224904464535371,0.895050796905583,257,2.9204545454545454,1724.6714512070089,20.0,186,71,0.478494623655914
1.0,3,60.0,3,5.0,10.0,0.4,10729,88,0.0714884891415789,0.014074005033087892,0.9144375058253332,161,1.8295454545454546,1080.4362009506945,15.0,104,57,0.5288461538461539
1.0,3,60.0,3,5.0,10.0,0.5,10729,88,0.0714884891415789,0.010718613104669587,0.9177928977537515,137,1.5568181818181819,919.3773883866157,15.0,92,45,0.5978260869565217
1.0,3,60.0,3,5.0,10.0,0.6,10729,88,0.07037002516543946,0.0002796159940348588,0.9293503588405256,63,0.7159090909090909,422.77938298070654,805.0,55,8,1.0
1.0,3,60.0,3,5.0,10.0,0.7,10729,88,0.07037002516543946,0.0002796159940348588,0.9293503588405256,63,0.7159090909090909,422.77938298070654,805.0,55,8,1.0
1.0,3,60.0,3,5.0,10.0,0.8,10729,88,0.06925156118930002,0.0,0.9307484388107,62,0.7045454545454546,416.06859912386983,805.0,55,7,1.0
1.0,3,60.0,3,5.0,10.0,0.9,10729,88,0.06925156118930002,0.0,0.9307484388107,62,0.7045454545454546,416.06859912386983,805.0,55,7,1.0
1.0,3,60.0,3,5.0,10.0,1.0,10729,88,0.06803989188181564,0.0,0.9319601081181843,62,0.7045454545454546,416.06859912386983,805.0,55,7,1.0
1.0,3,120.0,1,5.0,0.0,-4.0,9986,87,1.0,0.0,0.0,0,0.0,0.0,,0,0,
1.0,3,120.0,1,5.0,0.0,-3.9,9986,87,1.0,0.0,0.0,0,0.0,0.0,,0,0,
1.0,3,120.0,1,5.0,0.0,-3.8,9986,87,1.0,0.0,0.0,0,0.0,0.0,,0,0,
1.0,3,120.0,1,5.0,0.0,-3.7,9986,87,1.0,0.0,0.0,0,0.0,0.0,,0,0,
1.0,3,120.0,1,5.0,0.0,-3.6,9986,87,1.0,0.0,0.0,0,0.0,0.0,,0,0,
1.0,3,120.0,1,5.0,0.0,-3.5,9986,87,1.0,0.0,0.0,0,0.0,0.0,,0,0,
1.0,3,120.0,1,5.0,0.0,-3.4,9986,87,1.0,0.0,0.0,0,0.0,0.0,,0,0,
1.0,3,120.0,1,5.0,0.0,-3.3,9986,87,1.0,0.0,0.0,0,0.0,0.0,,0,0,
1.0,3,120.0,1,5.0,0.0,-3.2,9986,87,1.0,0.0,0.0,0,0.0,0.0,,0,0,
1.0,3,120.0,1,5.0,0.0,-3.1,9986,87,1.0,0.0,0.0,0,0.0,0.0,,0,0,
1.0,3,120.0,1,5.0,0.0,-3.0,9986,87,1.0,0.0,0.0,0,0.0,0.0,,0,0,
1.0,3,120.0,1,5.0,0.0,-2.9,9986,87,1.0,0.0,0.0,0,0.0,0.0,,0,0,
1.0,3,120.0,1,5.0,0.0,-2.8,9986,87,1.0,0.0,0.0,0,0.0,0.0,,0,0,
1.0,3,120.0,1,5.0,0.0,-2.7,9986,87,1.0,0.0,0.0,0,0.0,0.0,,0,0,
1.0,3,120.0,1,5.0,0.0,-2.6,9986,87,1.0,0.0,0.0,0,0.0,0.0,,0,0,
1.0,3,120.0,1,5.0,0.0,-2.5,9986,87,1.0,0.0,0.0,0,0.0,0.0,,0,0,
1.0,3,120.0,1,5.0,0.0,-2.4,9986,87,1.0,0.0,0.0,0,0.0,0.0,,0,0,
1.0,3,120.0,1,5.0,0.0,-2.3,9986,87,1.0,0.0,0.0,0,0.0,0.0,,0,0,
1.0,3,120.0,1,5.0,0.0,-2.2,9986,87,0.8947526537152013,0.10524734628479872,0.0,372,4.275862068965517,2682.1550170238334,15.0,367,5,0.16621253405994552
1.0,3,120.0,1,5.0,0.0,-2.1,9986,87,0.6789505307430402,0.32104946925695976,0.0,496,5.7011494252873565,3576.206689365111,55.0,438,58,0.3036529680365297
1.0,3,120.0,1,5.0,0.0,-2.0,9986,87,0.5327458441818546,0.4015621870618866,0.06569196875625877,618,7.103448275862069,4455.838173442819,40.0,558,60,0.12903225806451613
1.0,3,120.0,1,5.0,0.0,-1.9,9986,87,0.41638293611055477,0.40887242138994595,0.1747446424994993,718,8.25287356321839,5176.84758662127,45.0,641,77,0.1684867394695788
1.0,3,120.0,1,5.0,0.0,-1.8,9986,87,0.3605047065892249,0.3940516723412778,0.2454436210694973,618,7.103448275862069,4455.838173442819,60.0,539,79,0.22077922077922077
1.0,3,120.0,1,5.0,0.0,-1.7,9986,87,0.2861005407570599,0.37061886641297814,0.34328059282996193,742,8.528735632183908,5349.889845784098,20.0,663,79,0.34087481146304677
1.0,3,120.0,1,5.0,0.0,-1.6,9986,87,0.2428399759663529,0.2900060084117765,0.46715401562187064,618,7.103448275862069,4455.838173442819,40.0,537,81,0.329608938547486
1.0,3,120.0,1,5.0,0.0,-1.5,9986,87,0.21430002002803925,0.21690366513118367,0.5687963148407771,743,8.540229885057471,5357.099939915882,35.0,666,77,0.17717717717717718
1.0,3,120.0,1,5.0,0.0,-1.4,9986,87,0.17594632485479672,0.21560184257961146,0.6084518325655919,592,6.804597701149425,4268.375726016423,35.0,517,75,0.2263056092843327
1.0,3,120.0,1,5.0,0.0,-1.3,9986,87,0.1486080512717805,0.20328459843781294,0.6481073502904066,496,5.7011494252873565,3576.206689365111,40.0,420,76,0.2785714285714286
1.0,3,120.0,1,5.0,0.0,-1.2,9986,87,0.12377328259563389,0.16613258561986782,0.7100941317844983,434,4.988505747126437,3129.180853194472,40.0,358,76,0.3268156424581006
1.0,3,120.0,1,5.0,0.0,-1.1,9986,87,0.044462247146004406,0.22431403965551772,0.7312237131984779,556,6.390804597701149,4008.812337272181,35.0,480,76,0.12083333333333333
1.0,3,120.0,1,5.0,0.0,-1.0,9986,87,0.014820749048668135,0.2068896455037052,0.7782896054476267,493,5.666666666666667,3554.576406969758,30.0,419,74,0.27923627684964203
1.0,3,120.0,1,5.0,0.0,-0.9,9986,87,0.011115561786501102,0.18826356899659524,0.8006208692169037,492,5.655172413793103,3547.3663128379735,25.0,417,75,0.4148681055155875
1.0,3,120.0,1,5.0,0.0,-0.8,9986,87,0.002403364710594833,0.16723412777889043,0.8303625075105148,296,3.4022988505747125,2134.1878630082115,100.0,222,74,0.7837837837837838
1.0,3,120.0,1,5.0,0.0,-0.7,9986,87,0.0,0.15231323853394751,0.8476867614660525,248,2.8505747126436782,1788.1033446825554,95.0,174,74,0.6609195402298851
1.0,3,120.0,1,5.0,0.0,-0.6,9986,87,0.0,0.1386941718405768,0.8613058281594232,248,2.8505747126436782,1788.1033446825554,85.0,174,74,0.6609195402298851
1.0,3,120.0,1,5.0,0.0,-0.5,9986,87,0.0,0.1275786100540757,0.8724213899459243,248,2.8505747126436782,1788.1033446825554,85.0,175,73,0.6628571428571428
1.0,3,120.0,1,5.0,0.0,-0.4,9986,87,0.0,0.04316042459443221,0.9568395754055677,309,3.5517241379310347,2227.9190867214097,50.0,299,10,0.3879598662207358
1.0,3,120.0,1,5.0,0.0,-0.3,9986,87,0.0,0.028439815742038854,0.9715601842579611,186,2.1379310344827585,1341.0775085119167,245.0,177,9,0.655367231638418
1.0,3,120.0,1,5.0,0.0,-0.2,9986,87,0.0,0.013518926497095934,0.986481073502904,61,0.7011494252873564,439.8157420388544,795.0,57,4,1.0
1.0,3,120.0,1,5.0,0.0,-0.1,9986,87,0.0,0.013518926497095934,0.986481073502904,61,0.7011494252873564,439.8157420388544,795.0,57,4,1.0
1.0,3,120.0,1,5.0,0.0,0.0,9986,87,0.0,0.012317244141798517,0.9876827558582015,61,0.7011494252873564,439.8157420388544,795.0,57,4,1.0
1.0,3,120.0,1,5.0,0.0,0.1,9986,87,0.0,0.012317244141798517,0.9876827558582015,61,0.7011494252873564,439.8157420388544,795.0,57,4,1.0
1.0,3,120.0,1,5.0,0.0,0.2,9986,87,0.0,0.011015421590226317,0.9889845784097737,61,0.7011494252873564,439.8157420388544,795.0,57,4,1.0
1.0,3,120.0,1,5.0,0.0,0.3,9986,87,0.0,0.011015421590226317,0.9889845784097737,61,0.7011494252873564,439.8157420388544,795.0,57,4,1.0
1.0,3,120.0,1,5.0,0.0,0.4,9986,87,0.0,0.009813739234928901,0.9901862607650711,61,0.7011494252873564,439.8157420388544,795.0,57,4,1.0
1.0,3,120.0,1,5.0,0.0,0.5,9986,87,0.0,0.009813739234928901,0.9901862607650711,61,0.7011494252873564,439.8157420388544,795.0,57,4,1.0
1.0,3,120.0,1,5.0,0.0,0.6,9986,87,0.0,0.008612056879631484,0.9913879431203685,61,0.7011494252873564,439.8157420388544,800.0,57,4,1.0
1.0,3,120.0,1,5.0,0.0,0.7,9986,87,0.0,0.008612056879631484,0.9913879431203685,61,0.7011494252873564,439.8157420388544,800.0,57,4,1.0
1.0,3,120.0,1,5.0,0.0,0.8,9986,87,0.0,0.0074103745243340674,0.992589625475666,61,0.7011494252873564,439.8157420388544,800.0,57,4,1.0
1.0,3,120.0,1,5.0,0.0,0.9,9986,87,0.0,0.0074103745243340674,0.992589625475666,61,0.7011494252873564,439.8157420388544,800.0,57,4,1.0
1.0,3,120.0,1,5.0,0.0,1.0,9986,87,0.0,0.006208692169036651,0.9937913078309634,61,0.7011494252873564,439.8157420388544,800.0,57,4,1.0
1.0,3,120.0,2,5.0,5.0,-4.0,9986,87,1.0,0.0,0.0,0,0.0,0.0,,0,0,
1.0,3,120.0,2,5.0,5.0,-3.9,9986,87,1.0,0.0,0.0,0,0.0,0.0,,0,0,
1.0,3,120.0,2,5.0,5.0,-3.8,9986,87,1.0,0.0,0.0,0,0.0,0.0,,0,0,
1.0,3,120.0,2,5.0,5.0,-3.7,9986,87,1.0,0.0,0.0,0,0.0,0.0,,0,0,
1.0,3,120.0,2,5.0,5.0,-3.6,9986,87,1.0,0.0,0.0,0,0.0,0.0,,0,0,
1.0,3,120.0,2,5.0,5.0,-3.5,9986,87,1.0,0.0,0.0,0,0.0,0.0,,0,0,
1.0,3,120.0,2,5.0,5.0,-3.4,9986,87,1.0,0.0,0.0,0,0.0,0.0,,0,0,
1.0,3,120.0,2,5.0,5.0,-3.3,9986,87,1.0,0.0,0.0,0,0.0,0.0,,0,0,
1.0,3,120.0,2,5.0,5.0,-3.2,9986,87,1.0,0.0,0.0,0,0.0,0.0,,0,0,
1.0,3,120.0,2,5.0,5.0,-3.1,9986,87,1.0,0.0,0.0,0,0.0,0.0,,0,0,
1.0,3,120.0,2,5.0,5.0,-3.0,9986,87,1.0,0.0,0.0,0,0.0,0.0,,0,0,
1.0,3,120.0,2,5.0,5.0,-2.9,9986,87,1.0,0.0,0.0,0,0.0,0.0,,0,0,
1.0,3,120.0,2,5.0,5.0,-2.8,9986,87,1.0,0.0,0.0,0,0.0,0.0,,0,0,
1.0,3,120.0,2,5.0,5.0,-2.7,9986,87,1.0,0.0,0.0,0,0.0,0.0,,0,0,
1.0,3,120.0,2,5.0,5.0,-2.6,9986,87,1.0,0.0,0.0,0,0.0,0.0,,0,0,
1.0,3,120.0,2,5.0,5.0,-2.5,9986,87,1.0,0.0,0.0,0,0.0,0.0,,0,0,
1.0,3,120.0,2,5.0,5.0,-2.4,9986,87,1.0,0.0,0.0,0,0.0,0.0,,0,0,
1.0,3,120.0,2,5.0,5.0,-2.3,9986,87,1.0,0.0,0.0,0,0.0,0.0,,0,0,
1.0,3,120.0,2,5.0,5.0,-2.2,9986,87,0.8947526537152013,0.10524734628479872,0.0,370,4.252873563218391,2667.7348287602645,15.0,364,6,0.16483516483516483
1.0,3,120.0,2,5.0,5.0,-2.1,9986,87,0.673943520929301,0.32605647907069896,0.0,396,4.551724137931035,2855.1972761866614,55.0,325,71,0.36615384615384616
1.0,3,120.0,2,5.0,5.0,-2.0,9986,87,0.5328459843781294,0.4015621870618866,0.06559182855998398,618,7.103448275862069,4455.838173442819,40.0,545,73,0.10825688073394496
1.0,3,120.0,2,5.0,5.0,-1.9,9986,87,0.41027438413779294,0.4149809733627078,0.1747446424994993,596,6.850574712643678,4297.216102543561,60.0,518,78,0.2528957528957529
1.0,3,120.0,2,5.0,5.0,-1.8,9986,87,0.3605047065892249,0.3940516723412778,0.2454436210694973,618,7.103448275862069,4455.838173442819,60.0,539,79,0.22077922077922077
1.0,3,120.0,2,5.0,5.0,-1.7,9986,87,0.2860004005607851,0.3683156418986581,0.34568395754055675,692,7.954022988505747,4989.385139194873,40.0,611,81,0.36661211129296234
1.0,3,120.0,2,5.0,5.0,-1.6,9986,87,0.2428399759663529,0.29020628880432603,0.46695373522932104,617,7.091954022988506,4448.628079311035,40.0,535,82,0.32897196261682243
1.0,3,120.0,2,5.0,5.0,-1.5,9986,87,0.21319847786901663,0.21800520729020628,0.5687963148407771,718,8.25287356321839,5176.84758662127,35.0,640,78,0.1828125
1.0,3,120.0,2,5.0,5.0,-1.4,9986,87,0.17113959543360704,0.22030843180452633,0.6085519727618666,494,5.67816091954023,3561.7865011015424,55.0,419,75,0.27923627684964203
1.0,3,120.0,2,5.0,5.0,-1.3,9986,87,0.1486080512717805,0.20328459843781294,0.6481073502904066,496,5.7011494252873565,3576.206689365111,40.0,420,76,0.2785714285714286
1.0,3,120.0,2,5.0,5.0,-1.2,9986,87,0.11756459042659724,0.17234127778890446,0.7100941317844983,434,4.988505747126437,3129.180853194472,40.0,358,76,0.3268156424581006
1.0,3,120.0,2,5.0,5.0,-1.1,9986,87,0.03464850791107551,0.23412777889044661,0.7312237131984779,484,5.563218390804598,3489.6855597836975,35.0,407,77,0.2285012285012285
1.0,3,120.0,2,5.0,5.0,-1.0,9986,87,0.01472060885239335,0.20719006609252955,0.7780893250550771,443,5.091954022988506,3194.071700380533,30.0,369,74,0.3170731707317073
1.0,3,120.0,2,5.0,5.0,-0.9,9986,87,0.009813739234928901,0.18355697977168034,0.8066292809933907,345,3.9655172413793105,2487.482475465652,75.0,270,75,0.6407407407407407
1.0,3,120.0,2,5.0,5.0,-0.8,9986,87,0.0,0.1696374924894853,0.8303625075105148,248,2.8505747126436782,1788.1033446825554,100.0,173,75,0.930635838150289
1.0,3,120.0,2,5.0,5.0,-0.7,9986,87,0.0,0.15231323853394751,0.8476867614660525,248,2.8505747126436782,1788.1033446825554,95.0,173,75,0.6589595375722543
1.0,3,120.0,2,5.0,5.0,-0.6,9986,87,0.0,0.1386941718405768,0.8613058281594232,248,2.8505747126436782,1788.1033446825554,85.0,173,75,0.6589595375722543
1.0,3,120.0,2,5.0,5.0,-0.5,9986,87,0.0,0.1275786100540757,0.8724213899459243,222,2.5517241379310347,1600.6408972561587,175.0,173,49,0.6589595375722543
1.0,3,120.0,2,5.0,5.0,-0.4,9986,87,0.0,0.04946925695974364,0.9505307430402563,308,3.5402298850574714,2220.7089925896253,50.0,297,11,0.3872053872053872
1.0,3,120.0,2,5.0,5.0,-0.3,9986,87,0.0,0.03464850791107551,0.9653514920889245,185,2.1264367816091956,1333.8674143801322,245.0,177,8,0.655367231638418
1.0,3,120.0,2,5.0,5.0,-0.2,9986,87,0.0,0.019627478469857802,0.9803725215301422,61,0.7011494252873564,439.8157420388544,790.0,57,4,1.0
1.0,3,120.0,2,5.0,5.0,-0.1,9986,87,0.0,0.019627478469857802,0.9803725215301422,61,0.7011494252873564,439.8157420388544,790.0,57,4,1.0
1.0,3,120.0,2,5.0,5.0,0.0,9986,87,0.0,0.018425796114560383,0.9815742038854396,61,0.7011494252873564,439.8157420388544,790.0,57,4,1.0
1.0,3,120.0,2,5.0,5.0,0.1,9986,87,0.0,0.018425796114560383,0.9815742038854396,61,0.7011494252873564,439.8157420388544,790.0,57,4,1.0
1.0,3,120.0,2,5.0,5.0,0.2,9986,87,0.0,0.017123973562988185,0.9828760264370118,61,0.7011494252873564,439.8157420388544,790.0,57,4,1.0
1.0,3,120.0,2,5.0,5.0,0.3,9986,87,0.0,0.017123973562988185,0.9828760264370118,61,0.7011494252873564,439.8157420388544,790.0,57,4,1.0
1.0,3,120.0,2,5.0,5.0,0.4,9986,87,0.0,0.015922291207690766,0.9840777087923093,61,0.7011494252873564,439.8157420388544,790.0,57,4,1.0
1.0,3,120.0,2,5.0,5.0,0.5,9986,87,0.0,0.015922291207690766,0.9840777087923093,61,0.7011494252873564,439.8157420388544,790.0,57,4,1.0
1.0,3,120.0,2,5.0,5.0,0.6,9986,87,0.0,0.01472060885239335,0.9852793911476067,61,0.7011494252873564,439.8157420388544,795.0,57,4,1.0
1.0,3,120.0,2,5.0,5.0,0.7,9986,87,0.0,0.01472060885239335,0.9852793911476067,61,0.7011494252873564,439.8157420388544,795.0,57,4,1.0
1.0,3,120.0,2,5.0,5.0,0.8,9986,87,0.0,0.013518926497095934,0.986481073502904,61,0.7011494252873564,439.8157420388544,795.0,57,4,1.0
1.0,3,120.0,2,5.0,5.0,0.9,9986,87,0.0,0.013518926497095934,0.986481073502904,61,0.7011494252873564,439.8157420388544,795.0,57,4,1.0
1.0,3,120.0,2,5.0,5.0,1.0,9986,87,0.0,0.012317244141798517,0.9876827558582015,61,0.7011494252873564,439.8157420388544,795.0,57,4,1.0
1.0,3,120.0,3,5.0,10.0,-4.0,9986,87,1.0,0.0,0.0,0,0.0,0.0,,0,0,
1.0,3,120.0,3,5.0,10.0,-3.9,9986,87,1.0,0.0,0.0,0,0.0,0.0,,0,0,
1.0,3,120.0,3,5.0,10.0,-3.8,9986,87,1.0,0.0,0.0,0,0.0,0.0,,0,0,
1.0,3,120.0,3,5.0,10.0,-3.7,9986,87,1.0,0.0,0.0,0,0.0,0.0,,0,0,
1.0,3,120.0,3,5.0,10.0,-3.6,9986,87,1.0,0.0,0.0,0,0.0,0.0,,0,0,
1.0,3,120.0,3,5.0,10.0,-3.5,9986,87,1.0,0.0,0.0,0,0.0,0.0,,0,0,
1.0,3,120.0,3,5.0,10.0,-3.4,9986,87,1.0,0.0,0.0,0,0.0,0.0,,0,0,
1.0,3,120.0,3,5.0,10.0,-3.3,9986,87,1.0,0.0,0.0,0,0.0,0.0,,0,0,
1.0,3,120.0,3,5.0,10.0,-3.2,9986,87,1.0,0.0,0.0,0,0.0,0.0,,0,0,
1.0,3,120.0,3,5.0,10.0,-3.1,9986,87,1.0,0.0,0.0,0,0.0,0.0,,0,0,
1.0,3,120.0,3,5.0,10.0,-3.0,9986,87,1.0,0.0,0.0,0,0.0,0.0,,0,0,
1.0,3,120.0,3,5.0,10.0,-2.9,9986,87,1.0,0.0,0.0,0,0.0,0.0,,0,0,
1.0,3,120.0,3,5.0,10.0,-2.8,9986,87,1.0,0.0,0.0,0,0.0,0.0,,0,0,
1.0,3,120.0,3,5.0,10.0,-2.7,9986,87,1.0,0.0,0.0,0,0.0,0.0,,0,0,
1.0,3,120.0,3,5.0,10.0,-2.6,9986,87,1.0,0.0,0.0,0,0.0,0.0,,0,0,
1.0,3,120.0,3,5.0,10.0,-2.5,9986,87,1.0,0.0,0.0,0,0.0,0.0,,0,0,
1.0,3,120.0,3,5.0,10.0,-2.4,9986,87,1.0,0.0,0.0,0,0.0,0.0,,0,0,
1.0,3,120.0,3,5.0,10.0,-2.3,9986,87,1.0,0.0,0.0,0,0.0,0.0,,0,0,
1.0,3,120.0,3,5.0,10.0,-2.2,9986,87,0.8969557380332466,0.10304426196675345,0.0,346,3.9770114942528734,2494.6925695974364,15.0,340,6,0.17647058823529413
1.0,3,120.0,3,5.0,10.0,-2.1,9986,87,0.6639295013018226,0.33607049869817746,0.0,295,3.3908045977011496,2126.977768876427,60.0,227,68,0.5242290748898678
1.0,3,120.0,3,5.0,10.0,-2.0,9986,87,0.507911075505708,0.4265972361305828,0.0654916883637092,368,4.2298850574712645,2653.314640496695,55.0,297,71,0.19528619528619529
1.0,3,120.0,3,5.0,10.0,-1.9,9986,87,0.40026036451031444,0.4249949929901863,0.1747446424994993,494,5.67816091954023,3561.7865011015424,60.0,418,76,0.4258373205741627
1.0,3,120.0,3,5.0,10.0,-1.8,9986,87,0.3605047065892249,0.3840376527137993,0.25545764069697574,518,5.954022988505747,3734.82876026437,80.0,439,79,0.27107061503416857
1.0,3,120.0,3,5.0,10.0,-1.7,9986,87,0.2933106348888444,0.3659122771880633,0.3407770879230923,458,5.264367816091954,3302.2231123573,115.0,377,81,0.5039787798408488
1.0,3,120.0,3,5.0,10.0,-1.6,9986,87,0.2428399759663529,0.29030642900060083,0.46685359503304624,616,7.080459770114943,4441.4179851792505,40.0,534,82,0.3295880149812734
1.0,3,120.0,3,5.0,10.0,-1.5,9986,87,0.2034848788303625,0.22261165631884638,0.5739034648507911,570,6.551724137931035,4109.753655117164,40.0,493,77,0.23732251521298176
1.0,3,120.0,3,5.0,10.0,-1.4,9986,87,0.17123973562988185,0.22010815141197676,0.6086521129581414,494,5.67816091954023,3561.7865011015424,55.0,417,77,0.27577937649880097
1.0,3,120.0,3,5.0,10.0,-1.3,9986,87,0.1486080512717805,0.20328459843781294,0.6481073502904066,482,5.540229885057471,3475.265371520128,42.5,406,76,0.2881773399014778
1.0,3,120.0,3,5.0,10.0,-1.2,9986,87,0.11135589825756058,0.17854996995794112,0.7100941317844983,394,4.528735632183908,2840.7770879230925,40.0,321,73,0.3644859813084112
1.0,3,120.0,3,5.0,10.0,-1.1,9986,87,0.02343280592829962,0.24534348087322252,0.7312237131984779,380,4.367816091954023,2739.8357700781094,35.0,307,73,0.3811074918566775
1.0,3,120.0,3,5.0,10.0,-1.0,9986,87,0.007510514720608852,0.2257160024033647,0.7667734828760264,296,3.4022988505747125,2134.1878630082115,135.0,222,74,0.5225225225225225
1.0,3,120.0,3,5.0,10.0,-0.9,9986,87,0.0,0.20789104746645304,0.792108952533547,246,2.8275862068965516,1773.6831564189868,130.0,171,75,1.0
1.0,3,120.0,3,5.0,10.0,-0.8,9986,87,0.0,0.1696374924894853,0.8303625075105148,248,2.8505747126436782,1788.1033446825554,100.0,173,75,0.930635838150289
1.0,3,120.0,3,5.0,10.0,-0.7,9986,87,0.0,0.15231323853394751,0.8476867614660525,248,2.8505747126436782,1788.1033446825554,95.0,173,75,0.6589595375722543
1.0,3,120.0,3,5.0,10.0,-0.6,9986,87,0.0,0.1386941718405768,0.8613058281594232,222,2.5517241379310347,1600.6408972561587,175.0,173,49,0.6589595375722543
1.0,3,120.0,3,5.0,10.0,-0.5,9986,87,0.0,0.1301822551572201,0.8698177448427798,185,2.1264367816091956,1333.8674143801322,175.0,173,12,0.6589595375722543
1.0,3,120.0,3,5.0,10.0,-0.4,9986,87,0.0,0.03865411576206689,0.9613458842379331,136,1.5632183908045978,980.5728019226917,195.0,129,7,0.6201550387596899
1.0,3,120.0,3,5.0,10.0,-0.3,9986,87,0.0,0.031143601041458042,0.9688563989585419,87,1.0,627.2781894652513,525.0,81,6,0.8518518518518519
1.0,3,120.0,3,5.0,10.0,-0.2,9986,87,0.0,0.025736030442619667,0.9742639695573804,61,0.7011494252873564,439.8157420388544,785.0,56,5,1.0
1.0,3,120.0,3,5.0,10.0,-0.1,9986,87,0.0,0.025736030442619667,0.9742639695573804,61,0.7011494252873564,439.8157420388544,785.0,56,5,1.0
1.0,3,120.0,3,5.0,10.0,0.0,9986,87,0.0,0.02453434808732225,0.9754656519126778,61,0.7011494252873564,439.8157420388544,785.0,56,5,1.0
1.0,3,120.0,3,5.0,10.0,0.1,9986,87,0.0,0.02453434808732225,0.9754656519126778,61,0.7011494252873564,439.8157420388544,785.0,56,5,1.0
1.0,3,120.0,3,5.0,10.0,0.2,9986,87,0.0,0.02323252553575005,0.9767674744642499,61,0.7011494252873564,439.8157420388544,785.0,56,5,1.0
1.0,3,120.0,3,5.0,10.0,0.3,9986,87,0.0,0.02323252553575005,0.9767674744642499,61,0.7011494252873564,439.8157420388544,785.0,56,5,1.0
1.0,3,120.0,3,5.0,10.0,0.4,9986,87,0.0,0.022030843180452633,0.9779691568195473,61,0.7011494252873564,439.8157420388544,785.0,56,5,1.0
1.0,3,120.0,3,5.0,10.0,0.5,9986,87,0.0,0.022030843180452633,0.9779691568195473,61,0.7011494252873564,439.8157420388544,785.0,56,5,1.0
1.0,3,120.0,3,5.0,10.0,0.6,9986,87,0.0,0.020829160825155218,0.9791708391748448,61,0.7011494252873564,439.8157420388544,790.0,57,4,1.0
1.0,3,120.0,3,5.0,10.0,0.7,9986,87,0.0,0.020829160825155218,0.9791708391748448,61,0.7011494252873564,439.8157420388544,790.0,57,4,1.0
1.0,3,120.0,3,5.0,10.0,0.8,9986,87,0.0,0.019627478469857802,0.9803725215301422,61,0.7011494252873564,439.8157420388544,790.0,57,4,1.0
1.0,3,120.0,3,5.0,10.0,0.9,9986,87,0.0,0.019627478469857802,0.9803725215301422,61,0.7011494252873564,439.8157420388544,790.0,57,4,1.0
1.0,3,120.0,3,5.0,10.0,1.0,9986,87,0.0,0.018425796114560383,0.9815742038854396,61,0.7011494252873564,439.8157420388544,790.0,57,4,1.0
1.0,5,15.0,1,5.0,0.0,-4.0,10494,88,1.0,0.0,0.0,0,0.0,0.0,,0,0,
1.0,5,15.0,1,5.0,0.0,-3.9,10494,88,1.0,0.0,0.0,0,0.0,0.0,,0,0,
1.0,5,15.0,1,5.0,0.0,-3.8,10494,88,1.0,0.0,0.0,0,0.0,0.0,,0,0,
1.0,5,15.0,1,5.0,0.0,-3.7,10494,88,1.0,0.0,0.0,0,0.0,0.0,,0,0,
1.0,5,15.0,1,5.0,0.0,-3.6,10494,88,1.0,0.0,0.0,0,0.0,0.0,,0,0,
1.0,5,15.0,1,5.0,0.0,-3.5,10494,88,1.0,0.0,0.0,0,0.0,0.0,,0,0,
1.0,5,15.0,1,5.0,0.0,-3.4,10494,88,1.0,0.0,0.0,0,0.0,0.0,,0,0,
1.0,5,15.0,1,5.0,0.0,-3.3,10494,88,1.0,0.0,0.0,0,0.0,0.0,,0,0,
1.0,5,15.0,1,5.0,0.0,-3.2,10494,88,1.0,0.0,0.0,0,0.0,0.0,,0,0,
1.0,5,15.0,1,5.0,0.0,-3.1,10494,88,1.0,0.0,0.0,0,0.0,0.0,,0,0,
1.0,5,15.0,1,5.0,0.0,-3.0,10494,88,1.0,0.0,0.0,0,0.0,0.0,,0,0,
1.0,5,15.0,1,5.0,0.0,-2.9,10494,88,1.0,0.0,0.0,0,0.0,0.0,,0,0,
1.0,5,15.0,1,5.0,0.0,-2.8,10494,88,1.0,0.0,0.0,0,0.0,0.0,,0,0,
1.0,5,15.0,1,5.0,0.0,-2.7,10494,88,1.0,0.0,0.0,0,0.0,0.0,,0,0,
1.0,5,15.0,1,5.0,0.0,-2.6,10494,88,1.0,0.0,0.0,0,0.0,0.0,,0,0,
1.0,5,15.0,1,5.0,0.0,-2.5,10494,88,1.0,0.0,0.0,0,0.0,0.0,,0,0,
1.0,5,15.0,1,5.0,0.0,-2.4,10494,88,0.9847531923003621,0.015246807699637889,0.0,123,1.3977272727272727,843.9108061749571,15.0,121,2,0.49586776859504134
1.0,5,15.0,1,5.0,0.0,-2.3,10494,88,0.9182389937106918,0.07223175147703449,0.00952925481227368,725,8.238636363636363,4974.271012006861,15.0,719,6,0.08344923504867872
1.0,5,15.0,1,5.0,0.0,-2.2,10494,88,0.7793024585477416,0.20545073375262055,0.015246807699637889,1802,20.477272727272727,12363.636363636364,15.0,1727,75,0.0
1.0,5,15.0,1,5.0,0.0,-2.1,10494,88,0.6696207356584715,0.26920144844673144,0.061177815894797025,2800,31.818181818181817,19210.97770154374,15.0,2719,81,0.02206693637366679
1.0,5,15.0,1,5.0,0.0,-2.0,10494,88,0.616923956546598,0.23270440251572327,0.15037164093767869,3282,37.29545454545455,22518.010291595197,10.0,3201,81,0.01874414245548266
1.0,5,15.0,1,5.0,0.0,-1.9,10494,88,0.5717552887364208,0.21031065370688012,0.21793405755669906,3614,41.06818181818182,24795.8833619211,10.0,3532,82,0.01698754246885617
1.0,5,15.0,1,5.0,0.0,-1.8,10494,88,0.4992376596150181,0.1988755479321517,0.3018867924528302,4303,48.89772727272727,29523.156089193824,10.0,4218,85,0.011379800853485065
1.0,5,15.0,1,5.0,0.0,-1.7,10494,88,0.4305317324185249,0.1900133409567372,0.37945492662473795,4036,45.86363636363637,27691.252144082333,10.0,3952,84,0.012145748987854251
1.0,5,15.0,1,5.0,0.0,-1.6,10494,88,0.40270630836668575,0.14932342290832856,0.4479702687249857,3660,41.59090909090909,25111.4922813036,10.0,3575,85,0.01986013986013986
1.0,5,15.0,1,5.0,0.0,-1.5,10494,88,0.35067657709167144,0.1680960548885077,0.48122736801982086,3199,36.35227272727273,21948.542024013725,10.0,3115,84,0.026324237560192615
1.0,5,15.0,1,5.0,0.0,-1.4,10494,88,0.3218029350104822,0.14722698684962837,0.5309700781398895,3087,35.07954545454545,21180.102915951975,10.0,3003,84,0.027306027306027308
1.0,5,15.0,1,5.0,0.0,-1.3,10494,88,0.22946445587955022,0.17419477796836288,0.5963407661520869,2905,33.01136363636363,19931.389365351628,10.0,2824,81,0.02018413597733711
1.0,5,15.0,1,5.0,0.0,-1.2,10494,88,0.1835334476843911,0.17200304936153993,0.644463502954069,2311,26.261363636363637,15855.917667238424,10.0,2230,81,0.025560538116591928
1.0,5,15.0,1,5.0,0.0,-1.1,10494,88,0.1719077568134172,0.11492281303602059,0.7131694301505622,1817,20.647727272727273,12466.552315608918,10.0,1737,80,0.059873344847438115
1.0,5,15.0,1,5.0,0.0,-1.0,10494,88,0.1554221459881837,0.11120640365923384,0.7333714503525824,1584,18.0,10867.924528301886,15.0,1505,79,0.06843853820598006
1.0,5,15.0,1,5.0,0.0,-0.9,10494,88,0.1331236897274633,0.11892510005717553,0.7479512102153612,1262,14.340909090909092,8658.662092624358,15.0,1183,79,0.08706677937447169
1.0,5,15.0,1,5.0,0.0,-0.8,10494,88,0.1274061368400991,0.08004574042309891,0.792548122736802,1435,16.306818181818183,9845.626072041166,10.0,1355,80,0.07380073800738007
1.0,5,15.0,1,5.0,0.0,-0.7,10494,88,0.12025919573089384,0.0753764055650848,0.8043643987040213,1435,16.306818181818183,9845.626072041166,10.0,1355,80,0.07453874538745388
1.0,5,15.0,1,5.0,0.0,-0.6,10494,88,0.11301696207356585,0.07213645892891175,0.8148465789975224,1434,16.295454545454547,9838.765008576329,10.0,1354,80,0.07459379615952733
1.0,5,15.0,1,5.0,0.0,-0.5,10494,88,0.09538784067085954,0.05660377358490566,0.8480083857442348,1172,13.318181818181818,8041.166380789023,10.0,1095,77,0.091324200913242
1.0,5,15.0,1,5.0,0.0,-0.4,10494,88,0.08357156470364017,0.0577472841623785,0.8586811511339814,1160,13.181818181818182,7958.833619210978,5.0,1084,76,0.0940959409594096
1.0,5,15.0,1,5.0,0.0,-0.3,10494,88,0.0740423098913665,0.0649895178197065,0.860968172288927,1061,12.056818181818182,7279.58833619211,5.0,985,76,0.10355329949238579
1.0,5,15.0,1,5.0,0.0,-0.2,10494,88,0.058795502191728605,0.05889079473985134,0.88231370306842,1073,12.193181818181818,7361.921097770154,10.0,997,76,0.10130391173520562
1.0,5,15.0,1,5.0,0.0,-0.1,10494,88,0.057651991614255764,0.04716981132075472,0.8951781970649895,950,10.795454545454545,6518.0102915951975,5.0,874,76,0.11556064073226545
1.0,5,15.0,1,5.0,0.0,0.0,10494,88,0.05069563560129598,0.035258242805412614,0.9140461215932913,813,9.238636363636363,5578.044596912521,5.0,739,74,0.13802435723951287
1.0,5,15.0,1,5.0,0.0,0.1,10494,88,0.0411663807890223,0.03897465218219935,0.9198589670287783,740,8.409090909090908,5077.186963979417,5.0,667,73,0.15442278860569716
1.0,5,15.0,1,5.0,0.0,0.2,10494,88,0.03640175338288546,0.03897465218219935,0.9246235944349152,701,7.965909090909091,4809.605488850772,5.0,641,60,0.1622464898595944
1.0,5,15.0,1,5.0,0.0,0.3,10494,88,0.035258242805412614,0.03659233847913093,0.9281494187154564,665,7.556818181818182,4562.607204116638,5.0,605,60,0.171900826446281
1.0,5,15.0,1,5.0,0.0,0.4,10494,88,0.02830188679245283,0.02591957308938441,0.9457785401181628,492,5.590909090909091,3375.6432246998284,5.0,444,48,0.23198198198198197
1.0,5,15.0,1,5.0,0.0,0.5,10494,88,0.02830188679245283,0.02477606251191157,0.9469220506956356,492,5.590909090909091,3375.6432246998284,5.0,444,48,0.23198198198198197
1.0,5,15.0,1,5.0,0.0,0.6,10494,88,0.02115494568324757,0.019916142557651992,0.9589289117591004,258,2.9318181818181817,1770.1543739279589,15.0,225,33,0.5111111111111111
1.0,5,15.0,1,5.0,0.0,0.7,10494,88,0.02115494568324757,0.019916142557651992,0.9589289117591004,258,2.9318181818181817,1770.1543739279589,15.0,225,33,0.5111111111111111
1.0,5,15.0,1,5.0,0.0,0.8,10494,88,0.020011435105774727,0.017629121402706307,0.9623594434915189,246,2.7954545454545454,1687.8216123499142,17.5,224,22,0.5089285714285714
1.0,5,15.0,1,5.0,0.0,0.9,10494,88,0.020011435105774727,0.016485610825233466,0.9635029540689918,246,2.7954545454545454,1687.8216123499142,17.5,224,22,0.5089285714285714
1.0,5,15.0,1,5.0,0.0,1.0,10494,88,0.018867924528301886,0.004669334858014103,0.976462740613684,110,1.25,754.7169811320755,202.5,105,5,0.5333333333333333
1.0,5,15.0,2,5.0,5.0,-4.0,10494,88,1.0,0.0,0.0,0,0.0,0.0,,0,0,
1.0,5,15.0,2,5.0,5.0,-3.9,10494,88,1.0,0.0,0.0,0,0.0,0.0,,0,0,
1.0,5,15.0,2,5.0,5.0,-3.8,10494,88,1.0,0.0,0.0,0,0.0,0.0,,0,0,
1.0,5,15.0,2,5.0,5.0,-3.7,10494,88,1.0,0.0,0.0,0,0.0,0.0,,0,0,
1.0,5,15.0,2,5.0,5.0,-3.6,10494,88,1.0,0.0,0.0,0,0.0,0.0,,0,0,
1.0,5,15.0,2,5.0,5.0,-3.5,10494,88,1.0,0.0,0.0,0,0.0,0.0,,0,0,
1.0,5,15.0,2,5.0,5.0,-3.4,10494,88,1.0,0.0,0.0,0,0.0,0.0,,0,0,
1.0,5,15.0,2,5.0,5.0,-3.3,10494,88,1.0,0.0,0.0,0,0.0,0.0,,0,0,
1.0,5,15.0,2,5.0,5.0,-3.2,10494,88,1.0,0.0,0.0,0,0.0,0.0,,0,0,
1.0,5,15.0,2,5.0,5.0,-3.1,10494,88,1.0,0.0,0.0,0,0.0,0.0,,0,0,
1.0,5,15.0,2,5.0,5.0,-3.0,10494,88,1.0,0.0,0.0,0,0.0,0.0,,0,0,
1.0,5,15.0,2,5.0,5.0,-2.9,10494,88,1.0,0.0,0.0,0,0.0,0.0,,0,0,
1.0,5,15.0,2,5.0,5.0,-2.8,10494,88,1.0,0.0,0.0,0,0.0,0.0,,0,0,
1.0,5,15.0,2,5.0,5.0,-2.7,10494,88,1.0,0.0,0.0,0,0.0,0.0,,0,0,
1.0,5,15.0,2,5.0,5.0,-2.6,10494,88,1.0,0.0,0.0,0,0.0,0.0,,0,0,
1.0,5,15.0,2,5.0,5.0,-2.5,10494,88,1.0,0.0,0.0,0,0.0,0.0,,0,0,
1.0,5,15.0,2,5.0,5.0,-2.4,10494,88,0.9848484848484849,0.015151515151515152,0.0,123,1.3977272727272727,843.9108061749571,15.0,121,2,0.49586776859504134
1.0,5,15.0,2,5.0,5.0,-2.3,10494,88,0.9291976367448066,0.0613684009910425,0.009433962264150943,567,6.443181818181818,3890.222984562607,15.0,560,7,0.10535714285714286
1.0,5,15.0,2,5.0,5.0,-2.2,10494,88,0.7837812083095101,0.1975414522584334,0.018677339432056413,1718,19.522727272727273,11787.30703259005,15.0,1643,75,0.0
1.0,5,15.0,2,5.0,5.0,-2.1,10494,88,0.7033542976939203,0.22489041356965886,0.07175528873642081,2234,25.386363636363637,15327.615780445969,15.0,2153,81,0.03344170924291686
1.0,5,15.0,2,5.0,5.0,-2.0,10494,88,0.6646655231560892,0.14198589670287784,0.19334858014103298,2338,26.568181818181817,16041.166380789024,15.0,2257,81,0.02658396101019052
1.0,5,15.0,2,5.0,5.0,-1.9,10494,88,0.6335048599199543,0.08909853249475891,0.27739660758528684,1942,22.068181818181817,13324.18524871355,15.0,1860,82,0.03225806451612903
1.0,5,15.0,2,5.0,5.0,-1.8,10494,88,0.5791881074899943,0.036020583190394515,0.3847913093196112,1805,20.511363636363637,12384.219554030877,15.0,1719,86,0.013379872018615475
1.0,5,15.0,2,5.0,5.0,-1.7,10494,88,0.47265103868877456,0.03802172670097198,0.48932723461025346,1980,22.5,13584.905660377359,15.0,1893,87,0.0
1.0,5,15.0,2,5.0,5.0,-1.6,10494,88,0.4338669716028207,0.002858776443682104,0.5632742519534972,1588,18.045454545454547,10895.368782161235,15.0,1501,87,0.022651565622918056
1.0,5,15.0,2,5.0,5.0,-1.5,10494,88,0.39660758528683054,0.0639412997903564,0.5394511149228131,2022,22.977272727272727,13873.070325900515,15.0,1935,87,0.0
1.0,5,15.0,2,5.0,5.0,-1.4,10494,88,0.3491518963217076,0.03582999809414904,0.6150181055841433,1546,17.568181818181817,10607.204116638079,15.0,1459,87,0.0075394105551747775
1.0,5,15.0,2,5.0,5.0,-1.3,10494,88,0.23051267390890032,0.08071278825995808,0.6887745378311416,1374,15.613636363636363,9427.101200686106,15.0,1294,80,0.04404945904173107
1.0,5,15.0,2,5.0,5.0,-1.2,10494,88,0.19068038879359633,0.1234991423670669,0.6858204688393368,1595,18.125,10943.396226415094,20.0,1512,83,0.036375661375661374
1.0,5,15.0,2,5.0,5.0,-1.1,10494,88,0.16590432628168478,0.05812845435486945,0.7759672193634458,834,9.477272727272727,5722.1269296741,15.0,753,81,0.07436918990703852
1.0,5,15.0,2,5.0,5.0,-1.0,10494,88,0.148084619782733,0.06746712407089765,0.7844482561463694,817,9.284090909090908,5605.48885077187,15.0,740,77,0.07702702702702703
1.0,5,15.0,2,5.0,5.0,-0.9,10494,88,0.1400800457404231,0.10367829235753764,0.7562416619020392,1088,12.363636363636363,7464.83704974271,15.0,1007,81,0.05461767626613704
1.0,5,15.0,2,5.0,5.0,-0.8,10494,88,0.16266437964551173,0.03773584905660377,0.7995997712978845,841,9.556818181818182,5770.154373927959,20.0,760,81,0.07105263157894737
1.0,5,15.0,2,5.0,5.0,-0.7,10494,88,0.14817991233085573,0.03068420049552125,0.8211358871736231,868,9.863636363636363,5955.403087478559,15.0,787,81,0.06861499364675985
1.0,5,15.0,2,5.0,5.0,-0.6,10494,88,0.13369544501619973,0.02439489231942062,0.8419096626643796,868,9.863636363636363,5955.403087478559,15.0,787,81,0.06861499364675985
1.0,5,15.0,2,5.0,5.0,-0.5,10494,88,0.11130169620735658,0.013531541833428626,0.8751667619592148,618,7.0227272727272725,4240.137221269297,15.0,540,78,0.1
1.0,5,15.0,2,5.0,5.0,-0.4,10494,88,0.09129026110158185,0.013531541833428626,0.8951781970649895,519,5.8977272727272725,3560.891938250429,15.0,442,77,0.1244343891402715
1.0,5,15.0,2,5.0,5.0,-0.3,10494,88,0.08195159138555365,0.024204307223175146,0.8938441013912712,445,5.056818181818182,3053.173241852487,15.0,368,77,0.14945652173913043
1.0,5,15.0,2,5.0,5.0,-0.2,10494,88,0.07165999618829808,0.027539546407470937,0.900800457404231,556,6.318181818181818,3814.7512864493992,15.0,479,77,0.11482254697286012
1.0,5,15.0,2,5.0,5.0,-0.1,10494,88,0.06822946445587955,0.015723270440251572,0.9160472651038689,409,4.6477272727272725,2806.1749571183536,15.0,332,77,0.19879518072289157
1.0,5,15.0,2,5.0,5.0,0.0,10494,88,0.05422145988183724,0.0001905850962454736,0.9455879550219173,211,2.397727272727273,1447.6843910806176,205.0,196,15,0.4489795918367347
1.0,5,15.0,2,5.0,5.0,0.1,10494,88,0.044501619973318085,0.009624547360396416,0.9458738326662854,234,2.659090909090909,1605.4888507718697,100.0,222,12,0.5045045045045045
1.0,5,15.0,2,5.0,5.0,0.2,10494,88,0.039736992567181245,0.012102153611587573,0.9481608538212312,235,2.6704545454545454,1612.3499142367066,90.0,223,12,0.45739910313901344
1.0,5,15.0,2,5.0,5.0,0.3,10494,88,0.039736992567181245,0.0119115685153421,0.9483514389174766,233,2.647727272727273,1598.6277873070328,90.0,220,13,0.40454545454545454
1.0,5,15.0,2,5.0,5.0,0.4,10494,88,0.03278063655422146,0.004859919954259577,0.9623594434915189,111,1.2613636363636365,761.5780445969125,205.0,103,8,0.5533980582524272
1.0,5,15.0,2,5.0,5.0,0.5,10494,88,0.03278063655422146,0.002572898799313894,0.9646464646464646,87,0.9886363636363636,596.9125214408234,595.0,80,7,0.7125
1.0,5,15.0,2,5.0,5.0,0.6,10494,88,0.03163712597674862,0.012959786544692205,0.9554030874785592,184,2.090909090909091,1262.435677530017,240.0,173,11,0.6473988439306358
1.0,5,15.0,2,5.0,5.0,0.7,10494,88,0.03163712597674862,0.012959786544692205,0.9554030874785592,184,2.090909090909091,1262.435677530017,240.0,173,11,0.6473988439306358
1.0,5,15.0,2,5.0,5.0,0.8,10494,88,0.030493615399275777,0.011816275967219363,0.9576901086335049,184,2.090909090909091,1262.435677530017,240.0,173,11,0.6473988439306358
1.0,5,15.0,2,5.0,5.0,0.9,10494,88,0.030493615399275777,0.00952925481227368,0.9599771297884505,160,1.8181818181818181,1097.7701543739279,240.0,150,10,0.6733333333333333
1.0,5,15.0,2,5.0,5.0,1.0,10494,88,0.029350104821802937,0.0,0.9706498951781971,61,0.6931818181818182,418.52487135506004,820.0,54,7,1.0
1.0,5,15.0,3,5.0,10.0,-4.0,10494,88,1.0,0.0,0.0,0,0.0,0.0,,0,0,
1.0,5,15.0,3,5.0,10.0,-3.9,10494,88,1.0,0.0,0.0,0,0.0,0.0,,0,0,
1.0,5,15.0,3,5.0,10.0,-3.8,10494,88,1.0,0.0,0.0,0,0.0,0.0,,0,0,
1.0,5,15.0,3,5.0,10.0,-3.7,10494,88,1.0,0.0,0.0,0,0.0,0.0,,0,0,
1.0,5,15.0,3,5.0,10.0,-3.6,10494,88,1.0,0.0,0.0,0,0.0,0.0,,0,0,
1.0,5,15.0,3,5.0,10.0,-3.5,10494,88,1.0,0.0,0.0,0,0.0,0.0,,0,0,
1.0,5,15.0,3,5.0,10.0,-3.4,10494,88,1.0,0.0,0.0,0,0.0,0.0,,0,0,
1.0,5,15.0,3,5.0,10.0,-3.3,10494,88,1.0,0.0,0.0,0,0.0,0.0,,0,0,
1.0,5,15.0,3,5.0,10.0,-3.2,10494,88,1.0,0.0,0.0,0,0.0,0.0,,0,0,
1.0,5,15.0,3,5.0,10.0,-3.1,10494,88,1.0,0.0,0.0,0,0.0,0.0,,0,0,
1.0,5,15.0,3,5.0,10.0,-3.0,10494,88,1.0,0.0,0.0,0,0.0,0.0,,0,0,
1.0,5,15.0,3,5.0,10.0,-2.9,10494,88,1.0,0.0,0.0,0,0.0,0.0,,0,0,
1.0,5,15.0,3,5.0,10.0,-2.8,10494,88,1.0,0.0,0.0,0,0.0,0.0,,0,0,
1.0,5,15.0,3,5.0,10.0,-2.7,10494,88,1.0,0.0,0.0,0,0.0,0.0,,0,0,
1.0,5,15.0,3,5.0,10.0,-2.6,10494,88,1.0,0.0,0.0,0,0.0,0.0,,0,0,
1.0,5,15.0,3,5.0,10.0,-2.5,10494,88,1.0,0.0,0.0,0,0.0,0.0,,0,0,
1.0,5,15.0,3,5.0,10.0,-2.4,10494,88,0.9897084048027445,0.010291595197255575,0.0,72,0.8181818181818182,493.9965694682675,32.5,71,1,0.49295774647887325
1.0,5,15.0,3,5.0,10.0,-2.3,10494,88,0.957308938441014,0.04269106155898609,0.0,300,3.409090909090909,2058.319039451115,15.0,295,5,0.2033898305084746
1.0,5,15.0,3,5.0,10.0,-2.2,10494,88,0.8545835715647037,0.13398132266056795,0.011435105774728416,1009,11.465909090909092,6922.813036020583,15.0,935,74,0.10267379679144385
1.0,5,15.0,3,5.0,10.0,-2.1,10494,88,0.79979035639413,0.1792452830188679,0.020964360587002098,1375,15.625,9433.962264150943,15.0,1299,76,0.11085450346420324
1.0,5,15.0,3,5.0,10.0,-2.0,10494,88,0.7218410520297313,0.108252334667429,0.1699066133028397,1161,13.193181818181818,7965.694682675815,15.0,1081,80,0.08880666049953746
1.0,5,15.0,3,5.0,10.0,-1.9,10494,88,0.6420811892510006,0.08909853249475891,0.26882027825424054,969,11.011363636363637,6648.370497427101,15.0,890,79,0.07078651685393259
1.0,5,15.0,3,5.0,10.0,-1.8,10494,88,0.6101581856298838,0.022298456260720412,0.36754335810939587,358,4.068181818181818,2456.260720411664,50.0,284,74,0.0880281690140845
1.0,5,15.0,3,5.0,10.0,-1.7,10494,88,0.5445016199733181,0.023060796645702306,0.4324375833809796,316,3.590909090909091,2168.0960548885078,15.0,246,70,0.24390243902439024
1.0,5,15.0,3,5.0,10.0,-1.6,10494,88,0.4635029540689918,0.005526967791118735,0.5309700781398895,475,5.3977272727272725,3259.0051457975987,50.0,393,82,0.23155216284987276
1.0,5,15.0,3,5.0,10.0,-1.5,10494,88,0.34686487516676195,0.014960930055269678,0.6381741947779683,603,6.8522727272727275,4137.221269296741,45.0,517,86,0.0851063829787234
1.0,5,15.0,3,5.0,10.0,-1.4,10494,88,0.23832666285496473,0.002001143510577473,0.7596721936344578,303,3.4431818181818183,2078.902229845626,130.0,224,79,0.24553571428571427
1.0,5,15.0,3,5.0,10.0,-1.3,10494,88,0.1690489803697351,0.05946255002858777,0.7714884696016772,541,6.1477272727272725,3711.835334476844,20.0,463,78,0.12095032397408208
1.0,5,15.0,3,5.0,10.0,-1.2,10494,88,0.16666666666666666,0.050505050505050504,0.7828282828282829,576,6.545454545454546,3951.97255574614,15.0,498,78,0.11244979919678715
1.0,5,15.0,3,5.0,10.0,-1.1,10494,88,0.15494568324757005,0.04516866781017725,0.7998856489422527,548,6.2272727272727275,3759.8627787307028,15.0,470,78,0.11914893617021277
1.0,5,15.0,3,5.0,10.0,-1.0,10494,88,0.13398132266056795,0.06575185820468839,0.8002668191347436,618,7.0227272727272725,4240.137221269297,15.0,541,77,0.10351201478743069
1.0,5,15.0,3,5.0,10.0,-0.9,10494,88,0.1328378120830951,0.07775871926815323,0.7894034686487517,711,8.079545454545455,4878.216123499143,15.0,633,78,0.08846761453396525
1.0,5,15.0,3,5.0,10.0,-0.8,10494,88,0.1908709738898418,0.00686106346483705,0.8022679626453212,294,3.340909090909091,2017.1526586620928,110.0,216,78,0.25
1.0,5,15.0,3,5.0,10.0,-0.7,10494,88,0.1804840861444635,0.0,0.8195159138555365,246,2.7954545454545454,1687.8216123499142,110.0,168,78,0.32142857142857145
1.0,5,15.0,3,5.0,10.0,-0.6,10494,88,0.14817991233085573,0.001905850962454736,0.8499142367066895,247,2.8068181818181817,1694.6826758147515,105.0,169,78,0.3905325443786982
1.0,5,15.0,3,5.0,10.0,-0.5,10494,88,0.12597674861825806,0.005431675242995998,0.8685915761387459,210,2.3863636363636362,1440.8233276157805,200.0,169,41,0.3905325443786982
1.0,5,15.0,3,5.0,10.0,-0.4,10494,88,0.07852105965313512,0.0065751858204688395,0.914903754526396,200,2.272727272727273,1372.21269296741,190.0,148,52,0.5135135135135135
1.0,5,15.0,3,5.0,10.0,-0.3,10494,88,0.07852105965313512,0.01963026491328378,0.901848675433581,225,2.5568181818181817,1543.7392795883363,75.0,148,77,0.5135135135135135
1.0,5,15.0,3,5.0,10.0,-0.2,10494,88,0.04250047646274061,0.0008576329331046312,0.9566418906041547,65,0.7386363636363636,445.9691252144082,810.0,58,7,1.0
1.0,5,15.0,3,5.0,10.0,-0.1,10494,88,0.04250047646274061,0.0005717552887364208,0.956927768248523,64,0.7272727272727273,439.1080617495712,810.0,57,7,1.0
1.0,5,15.0,3,5.0,10.0,0.0,10494,88,0.04126167333714503,0.0002858776443682104,0.9584524490184868,63,0.7159090909090909,432.24699828473416,810.0,56,7,1.0
1.0,5,15.0,3,5.0,10.0,0.1,10494,88,0.04126167333714503,0.0002858776443682104,0.9584524490184868,63,0.7159090909090909,432.24699828473416,810.0,56,7,1.0
1.0,5,15.0,3,5.0,10.0,0.2,10494,88,0.039832285115303984,0.0002858776443682104,0.9598818372403278,62,0.7045454545454546,425.3859348198971,810.0,55,7,1.0
1.0,5,15.0,3,5.0,10.0,0.3,10494,88,0.039832285115303984,0.0002858776443682104,0.9598818372403278,62,0.7045454545454546,425.3859348198971,810.0,55,7,1.0
1.0,5,15.0,3,5.0,10.0,0.4,10494,88,0.038593481989708404,0.0002858776443682104,0.9611206403659234,62,0.7045454545454546,425.3859348198971,815.0,55,7,1.0
1.0,5,15.0,3,5.0,10.0,0.5,10494,88,0.038593481989708404,0.0002858776443682104,0.9611206403659234,62,0.7045454545454546,425.3859348198971,815.0,55,7,1.0
1.0,5,15.0,3,5.0,10.0,0.6,10494,88,0.037449971412235564,0.0037164093767867354,0.9588336192109777,86,0.9772727272727273,590.0514579759863,560.0,78,8,0.8461538461538461
1.0,5,15.0,3,5.0,10.0,0.7,10494,88,0.037449971412235564,0.0037164093767867354,0.9588336192109777,86,0.9772727272727273,590.0514579759863,560.0,78,8,0.8461538461538461
1.0,5,15.0,3,5.0,10.0,0.8,10494,88,0.03630646083476272,0.0002858776443682104,0.9634076615208691,62,0.7045454545454546,425.3859348198971,815.0,55,7,1.0
1.0,5,15.0,3,5.0,10.0,0.9,10494,88,0.03630646083476272,0.0002858776443682104,0.9634076615208691,62,0.7045454545454546,425.3859348198971,815.0,55,7,1.0
1.0,5,15.0,3,5.0,10.0,1.0,10494,88,0.03516295025728988,0.0,0.9648370497427101,61,0.6931818181818182,418.52487135506004,815.0,54,7,1.0
1.0,5,30.0,1,5.0,0.0,-4.0,10308,87,1.0,0.0,0.0,0,0.0,0.0,,0,0,
1.0,5,30.0,1,5.0,0.0,-3.9,10308,87,1.0,0.0,0.0,0,0.0,0.0,,0,0,
1.0,5,30.0,1,5.0,0.0,-3.8,10308,87,1.0,0.0,0.0,0,0.0,0.0,,0,0,
1.0,5,30.0,1,5.0,0.0,-3.7,10308,87,1.0,0.0,0.0,0,0.0,0.0,,0,0,
1.0,5,30.0,1,5.0,0.0,-3.6,10308,87,1.0,0.0,0.0,0,0.0,0.0,,0,0,
1.0,5,30.0,1,5.0,0.0,-3.5,10308,87,1.0,0.0,0.0,0,0.0,0.0,,0,0,
1.0,5,30.0,1,5.0,0.0,-3.4,10308,87,1.0,0.0,0.0,0,0.0,0.0,,0,0,
1.0,5,30.0,1,5.0,0.0,-3.3,10308,87,1.0,0.0,0.0,0,0.0,0.0,,0,0,
1.0,5,30.0,1,5.0,0.0,-3.2,10308,87,1.0,0.0,0.0,0,0.0,0.0,,0,0,
1.0,5,30.0,1,5.0,0.0,-3.1,10308,87,1.0,0.0,0.0,0,0.0,0.0,,0,0,
1.0,5,30.0,1,5.0,0.0,-3.0,10308,87,1.0,0.0,0.0,0,0.0,0.0,,0,0,
1.0,5,30.0,1,5.0,0.0,-2.9,10308,87,1.0,0.0,0.0,0,0.0,0.0,,0,0,
1.0,5,30.0,1,5.0,0.0,-2.8,10308,87,1.0,0.0,0.0,0,0.0,0.0,,0,0,
1.0,5,30.0,1,5.0,0.0,-2.7,10308,87,1.0,0.0,0.0,0,0.0,0.0,,0,0,
1.0,5,30.0,1,5.0,0.0,-2.6,10308,87,1.0,0.0,0.0,0,0.0,0.0,,0,0,
1.0,5,30.0,1,5.0,0.0,-2.5,10308,87,1.0,0.0,0.0,0,0.0,0.0,,0,0,
1.0,5,30.0,1,5.0,0.0,-2.4,10308,87,0.9736127279782693,0.026387272021730693,0.0,124,1.4252873563218391,866.1233993015134,25.0,121,3,0.49586776859504134
1.0,5,30.0,1,5.0,0.0,-2.3,10308,87,0.970023282887078,0.029976717112922,0.0,124,1.4252873563218391,866.1233993015134,25.0,121,3,0.49586776859504134
1.0,5,30.0,1,5.0,0.0,-2.2,10308,87,0.9640085370585952,0.035991462941404734,0.0,124,1.4252873563218391,866.1233993015134,30.0,121,3,0.49586776859504134
1.0,5,30.0,1,5.0,0.0,-2.1,10308,87,0.6638533178114087,0.31102056655025223,0.025126115638339153,868,9.977011494252874,6062.863795110593,20.0,858,10,0.13986013986013987
1.0,5,30.0,1,5.0,0.0,-2.0,10308,87,0.6146682188591386,0.35768335273573926,0.027648428405122234,372,4.275862068965517,2598.37019790454,25.0,365,7,0.4931506849315068
1.0,5,30.0,1,5.0,0.0,-1.9,10308,87,0.3073341094295693,0.5151338766006985,0.17753201396973226,1238,14.229885057471265,8647.264260768336,20.0,1157,81,0.1529818496110631
1.0,5,30.0,1,5.0,0.0,-1.8,10308,87,0.26299961195188204,0.5148428405122235,0.22215754753589445,496,5.7011494252873565,3464.4935972060534,130.0,418,78,0.7057416267942583
1.0,5,30.0,1,5.0,0.0,-1.7,10308,87,0.22079937912301126,0.4010477299185099,0.37815289095847887,618,7.103448275862069,4316.647264260769,30.0,538,80,0.5464684014869888
1.0,5,30.0,1,5.0,0.0,-1.6,10308,87,0.17995731470702367,0.4142413659293752,0.4058013193636011,398,4.574712643678161,2779.976717112922,120.0,323,75,0.7337461300309598
1.0,5,30.0,1,5.0,0.0,-1.5,10308,87,0.17753201396973226,0.4046371750097012,0.4178308110205666,495,5.689655172413793,3457.5087310826543,60.0,420,75,0.5619047619047619
1.0,5,30.0,1,5.0,0.0,-1.4,10308,87,0.1728754365541327,0.2789095847885138,0.5482149786573535,1113,12.793103448275861,7774.155995343423,15.0,1036,77,0.16988416988416988
1.0,5,30.0,1,5.0,0.0,-1.3,10308,87,0.16443538998835855,0.10574311214590609,0.7298214978657354,991,11.39080459770115,6922.002328288708,15.0,913,78,0.19058050383351588
1.0,5,30.0,1,5.0,0.0,-1.2,10308,87,0.15832363213038417,0.037349631354287934,0.8043267365153279,495,5.689655172413793,3457.5087310826543,10.0,422,73,0.4146919431279621
1.0,5,30.0,1,5.0,0.0,-1.1,10308,87,0.14988358556461,0.038610787737679474,0.8115056266977105,494,5.67816091954023,3450.5238649592548,10.0,421,73,0.4156769596199525
1.0,5,30.0,1,5.0,0.0,-1.0,10308,87,0.059953434225844,0.12242918121847109,0.8176173845556849,741,8.517241379310345,5175.785797438883,10.0,666,75,0.17267267267267267
1.0,5,30.0,1,5.0,0.0,-0.9,10308,87,0.055199844780752814,0.12233216918897943,0.8224679860302677,740,8.505747126436782,5168.8009313154835,10.0,666,74,0.17267267267267267
1.0,5,30.0,1,5.0,0.0,-0.8,10308,87,0.027551416375630577,0.14289871944121071,0.8295498641831587,371,4.264367816091954,2591.385331781141,10.0,297,74,0.5824915824915825
1.0,5,30.0,1,5.0,0.0,-0.7,10308,87,0.023864959254947613,0.13824214202561116,0.8378928987194412,370,4.252873563218391,2584.4004656577417,10.0,296,74,0.5405405405405406
1.0,5,30.0,1,5.0,0.0,-0.6,10308,87,0.02270081490104773,0.13086922778424526,0.846429957314707,371,4.264367816091954,2591.385331781141,10.0,297,74,0.3838383838383838
1.0,5,30.0,1,5.0,0.0,-0.5,10308,87,0.01911136980985642,0.12727978269305393,0.8536088474970897,358,4.114942528735632,2500.58207217695,67.5,284,74,0.4014084507042254
1.0,5,30.0,1,5.0,0.0,-0.4,10308,87,0.016783081102056657,0.11893674815677144,0.8642801707411719,346,3.9770114942528734,2416.7636786961584,80.0,272,74,0.41911764705882354
1.0,5,30.0,1,5.0,0.0,-0.3,10308,87,0.015521924718665115,0.11292200232828871,0.8715560729530462,333,3.8275862068965516,2325.960419091967,75.0,259,74,0.44015444015444016
1.0,5,30.0,1,5.0,0.0,-0.2,10308,87,0.011932479627473807,0.10322079937912301,0.8848467209934032,310,3.5632183908045976,2165.3084982537835,70.0,236,74,0.4830508474576271
1.0,5,30.0,1,5.0,0.0,-0.1,10308,87,0.011932479627473807,0.0744082266201009,0.9136592937524253,434,4.988505747126437,3031.4318975552965,15.0,360,74,0.31666666666666665
1.0,5,30.0,1,5.0,0.0,0.0,10308,87,0.010768335273573923,0.033469150174621654,0.9557625145518044,296,3.4022988505747125,2067.5203725261936,15.0,237,59,0.4810126582278481
1.0,5,30.0,1,5.0,0.0,0.1,10308,87,0.010768335273573923,0.01435778036476523,0.9748738843616609,173,1.9885057471264367,1208.3818393480792,10.0,119,54,0.4789915966386555
1.0,5,30.0,1,5.0,0.0,0.2,10308,87,0.009507178890182382,0.012029491656965464,0.9784633294528522,148,1.7011494252873562,1033.7601862630968,10.0,119,29,0.4789915966386555
1.0,5,30.0,1,5.0,0.0,0.3,10308,87,0.009507178890182382,0.01086534730306558,0.9796274738067521,136,1.5632183908045978,949.941792782305,10.0,119,17,0.4789915966386555
1.0,5,30.0,1,5.0,0.0,0.4,10308,87,0.008343034536282498,0.00960419091967404,0.9820527745440435,124,1.4252873563218391,866.1233993015134,12.5,119,5,0.4789915966386555
1.0,5,30.0,1,5.0,0.0,0.5,10308,87,0.008343034536282498,0.00960419091967404,0.9820527745440435,124,1.4252873563218391,866.1233993015134,12.5,119,5,0.4789915966386555
1.0,5,30.0,1,5.0,0.0,0.6,10308,87,0.007178890182382615,0.00960419091967404,0.9832169188979434,124,1.4252873563218391,866.1233993015134,12.5,119,5,0.4789915966386555
1.0,5,30.0,1,5.0,0.0,0.7,10308,87,0.007178890182382615,0.00960419091967404,0.9832169188979434,124,1.4252873563218391,866.1233993015134,12.5,119,5,0.4789915966386555
1.0,5,30.0,1,5.0,0.0,0.8,10308,87,0.005917733798991075,0.00960419091967404,0.9844780752813349,123,1.4137931034482758,859.1385331781141,20.0,118,5,0.4830508474576271
1.0,5,30.0,1,5.0,0.0,0.9,10308,87,0.005917733798991075,0.00960419091967404,0.9844780752813349,123,1.4137931034482758,859.1385331781141,20.0,118,5,0.4830508474576271
1.0,5,30.0,1,5.0,0.0,1.0,10308,87,0.004753589445091191,0.00960419091967404,0.9856422196352348,111,1.2758620689655173,775.3201396973225,210.0,106,5,0.5377358490566038
1.0,5,30.0,2,5.0,5.0,-4.0,10308,87,1.0,0.0,0.0,0,0.0,0.0,,0,0,
1.0,5,30.0,2,5.0,5.0,-3.9,10308,87,1.0,0.0,0.0,0,0.0,0.0,,0,0,
1.0,5,30.0,2,5.0,5.0,-3.8,10308,87,1.0,0.0,0.0,0,0.0,0.0,,0,0,
1.0,5,30.0,2,5.0,5.0,-3.7,10308,87,1.0,0.0,0.0,0,0.0,0.0,,0,0,
1.0,5,30.0,2,5.0,5.0,-3.6,10308,87,1.0,0.0,0.0,0,0.0,0.0,,0,0,
1.0,5,30.0,2,5.0,5.0,-3.5,10308,87,1.0,0.0,0.0,0,0.0,0.0,,0,0,
1.0,5,30.0,2,5.0,5.0,-3.4,10308,87,1.0,0.0,0.0,0,0.0,0.0,,0,0,
1.0,5,30.0,2,5.0,5.0,-3.3,10308,87,1.0,0.0,0.0,0,0.0,0.0,,0,0,
1.0,5,30.0,2,5.0,5.0,-3.2,10308,87,1.0,0.0,0.0,0,0.0,0.0,,0,0,
1.0,5,30.0,2,5.0,5.0,-3.1,10308,87,1.0,0.0,0.0,0,0.0,0.0,,0,0,
1.0,5,30.0,2,5.0,5.0,-3.0,10308,87,1.0,0.0,0.0,0,0.0,0.0,,0,0,
1.0,5,30.0,2,5.0,5.0,-2.9,10308,87,1.0,0.0,0.0,0,0.0,0.0,,0,0,
1.0,5,30.0,2,5.0,5.0,-2.8,10308,87,1.0,0.0,0.0,0,0.0,0.0,,0,0,
1.0,5,30.0,2,5.0,5.0,-2.7,10308,87,1.0,0.0,0.0,0,0.0,0.0,,0,0,
1.0,5,30.0,2,5.0,5.0,-2.6,10308,87,1.0,0.0,0.0,0,0.0,0.0,,0,0,
1.0,5,30.0,2,5.0,5.0,-2.5,10308,87,1.0,0.0,0.0,0,0.0,0.0,,0,0,
1.0,5,30.0,2,5.0,5.0,-2.4,10308,87,0.9736127279782693,0.026387272021730693,0.0,123,1.4137931034482758,859.1385331781141,25.0,121,2,0.49586776859504134
1.0,5,30.0,2,5.0,5.0,-2.3,10308,87,0.970023282887078,0.029976717112922,0.0,124,1.4252873563218391,866.1233993015134,25.0,121,3,0.49586776859504134
1.0,5,30.0,2,5.0,5.0,-2.2,10308,87,0.9640085370585952,0.035991462941404734,0.0,124,1.4252873563218391,866.1233993015134,30.0,121,3,0.49586776859504134
1.0,5,30.0,2,5.0,5.0,-2.1,10308,87,0.6541521148622429,0.31713232440822664,0.02871556072953046,630,7.241379310344827,4400.46565774156,20.0,584,46,0.1421232876712329
1.0,5,30.0,2,5.0,5.0,-2.0,10308,87,0.6135040745052387,0.3552580519984478,0.03123787349631354,311,3.574712643678161,2172.293364377183,130.0,267,44,0.49063670411985016
1.0,5,30.0,2,5.0,5.0,-1.9,10308,87,0.3012223515715949,0.5214396585176562,0.17733798991074892,1001,11.505747126436782,6991.850989522701,20.0,920,81,0.1923913043478261
1.0,5,30.0,2,5.0,5.0,-1.8,10308,87,0.266686069072565,0.5111563833915406,0.22215754753589445,458,5.264367816091954,3199.06868451688,140.0,379,79,0.683377308707124
1.0,5,30.0,2,5.0,5.0,-1.7,10308,87,0.22196352347691115,0.39988358556461,0.37815289095847887,605,6.954022988505747,4225.844004656577,40.0,523,82,0.5372848948374761
1.0,5,30.0,2,5.0,5.0,-1.6,10308,87,0.17995731470702367,0.4155025223127668,0.40454016298020956,372,4.275862068965517,2598.37019790454,120.0,297,75,0.797979797979798
1.0,5,30.0,2,5.0,5.0,-1.5,10308,87,0.17753201396973226,0.4105549088086923,0.4119130772215755,370,4.252873563218391,2584.4004656577417,120.0,295,75,0.7966101694915254
1.0,5,30.0,2,5.0,5.0,-1.4,10308,87,0.17889018238261545,0.27056655025223125,0.5505432673651532,1021,11.735632183908047,7131.548311990687,15.0,943,78,0.16012725344644752
1.0,5,30.0,2,5.0,5.0,-1.3,10308,87,0.17035312378734963,0.09381063251843229,0.7358362436942181,850,9.770114942528735,5937.136204889406,15.0,771,79,0.16472114137483787
1.0,5,30.0,2,5.0,5.0,-1.2,10308,87,0.16424136592937524,0.026678308110205665,0.8090803259604191,383,4.402298850574713,2675.2037252619325,10.0,307,76,0.41042345276872966
1.0,5,30.0,2,5.0,5.0,-1.1,10308,87,0.1546371750097012,0.029200620876988746,0.8161622041133101,397,4.563218390804598,2772.991850989523,10.0,321,76,0.3925233644859813
1.0,5,30.0,2,5.0,5.0,-1.0,10308,87,0.0556849049282111,0.12194412107101281,0.8223709740007761,522,6.0,3646.1001164144354,12.5,446,76,0.2040358744394619
1.0,5,30.0,2,5.0,5.0,-0.9,10308,87,0.04850601474582848,0.12204113310050446,0.829452852153667,496,5.7011494252873565,3464.4935972060534,20.0,420,76,0.21666666666666667
1.0,5,30.0,2,5.0,5.0,-0.8,10308,87,0.029976717112922,0.13940628637951105,0.8306169965075669,321,3.689655172413793,2242.1420256111755,100.0,246,75,0.6097560975609756
1.0,5,30.0,2,5.0,5.0,-0.7,10308,87,0.02619324796274738,0.13358556461001164,0.840221187427241,284,3.264367816091954,1983.7019790454017,100.0,210,74,0.6571428571428571
1.0,5,30.0,2,5.0,5.0,-0.6,10308,87,0.025029103608847497,0.1260186263096624,0.8489522700814901,272,3.1264367816091956,1899.88358556461,95.0,211,61,0.43601895734597157
1.0,5,30.0,2,5.0,5.0,-0.5,10308,87,0.022797826930539385,0.1210710128055879,0.8561311602638727,259,2.9770114942528734,1809.080325960419,90.0,210,49,0.43333333333333335
1.0,5,30.0,2,5.0,5.0,-0.4,10308,87,0.021633682576639505,0.11156383391540552,0.866802483507955,259,2.9770114942528734,1809.080325960419,85.0,210,49,0.43333333333333335
1.0,5,30.0,2,5.0,5.0,-0.3,10308,87,0.021633682576639505,0.1043849437330229,0.8739813736903376,260,2.9885057471264367,1816.0651920838184,80.0,210,50,0.43333333333333335
1.0,5,30.0,2,5.0,5.0,-0.2,10308,87,0.02037252619324796,0.09478075281334886,0.8848467209934032,246,2.8275862068965516,1718.2770663562283,75.0,209,37,0.4354066985645933
1.0,5,30.0,2,5.0,5.0,-0.1,10308,87,0.02037252619324796,0.06596818005432674,0.9136592937524253,368,4.2298850574712645,2570.430733410943,20.0,332,36,0.2740963855421687
1.0,5,30.0,2,5.0,5.0,0.0,10308,87,0.01920838183934808,0.026387272021730693,0.9544043461389212,222,2.5517241379310347,1550.640279394645,202.5,211,11,0.5355450236966824
1.0,5,30.0,2,5.0,5.0,0.1,10308,87,0.01920838183934808,0.007178890182382615,0.9736127279782693,99,1.1379310344827587,691.5017462165308,395.0,93,6,0.6021505376344086
1.0,5,30.0,2,5.0,5.0,0.2,10308,87,0.01785021342646488,0.007372914241365929,0.9747768723321691,100,1.1494252873563218,698.4866123399302,377.5,95,5,0.6
1.0,5,30.0,2,5.0,5.0,0.3,10308,87,0.01785021342646488,0.007372914241365929,0.9747768723321691,100,1.1494252873563218,698.4866123399302,377.5,95,5,0.6
1.0,5,30.0,2,5.0,5.0,0.4,10308,87,0.016783081102056657,0.007178890182382615,0.9760380287155608,99,1.1379310344827587,691.5017462165308,395.0,93,6,0.6021505376344086
1.0,5,30.0,2,5.0,5.0,0.5,10308,87,0.016783081102056657,0.007178890182382615,0.9760380287155608,99,1.1379310344827587,691.5017462165308,395.0,93,6,0.6021505376344086
1.0,5,30.0,2,5.0,5.0,0.6,10308,87,0.01561893674815677,0.007178890182382615,0.9772021730694607,99,1.1379310344827587,691.5017462165308,395.0,93,6,0.6021505376344086
1.0,5,30.0,2,5.0,5.0,0.7,10308,87,0.01561893674815677,0.007178890182382615,0.9772021730694607,99,1.1379310344827587,691.5017462165308,395.0,93,6,0.6021505376344086
1.0,5,30.0,2,5.0,5.0,0.8,10308,87,0.014260768335273575,0.007275902211874272,0.9784633294528522,98,1.1264367816091954,684.5168800931316,412.5,92,6,0.6086956521739131
1.0,5,30.0,2,5.0,5.0,0.9,10308,87,0.014260768335273575,0.007275902211874272,0.9784633294528522,98,1.1264367816091954,684.5168800931316,412.5,92,6,0.6086956521739131
1.0,5,30.0,2,5.0,5.0,1.0,10308,87,0.011932479627473807,0.008440046565774156,0.9796274738067521,86,0.9885057471264368,600.6984866123399,605.0,80,6,0.7
1.0,5,30.0,3,5.0,10.0,-4.0,10308,87,1.0,0.0,0.0,0,0.0,0.0,,0,0,
1.0,5,30.0,3,5.0,10.0,-3.9,10308,87,1.0,0.0,0.0,0,0.0,0.0,,0,0,
1.0,5,30.0,3,5.0,10.0,-3.8,10308,87,1.0,0.0,0.0,0,0.0,0.0,,0,0,
1.0,5,30.0,3,5.0,10.0,-3.7,10308,87,1.0,0.0,0.0,0,0.0,0.0,,0,0,
1.0,5,30.0,3,5.0,10.0,-3.6,10308,87,1.0,0.0,0.0,0,0.0,0.0,,0,0,
1.0,5,30.0,3,5.0,10.0,-3.5,10308,87,1.0,0.0,0.0,0,0.0,0.0,,0,0,
1.0,5,30.0,3,5.0,10.0,-3.4,10308,87,1.0,0.0,0.0,0,0.0,0.0,,0,0,
1.0,5,30.0,3,5.0,10.0,-3.3,10308,87,1.0,0.0,0.0,0,0.0,0.0,,0,0,
1.0,5,30.0,3,5.0,10.0,-3.2,10308,87,1.0,0.0,0.0,0,0.0,0.0,,0,0,
1.0,5,30.0,3,5.0,10.0,-3.1,10308,87,1.0,0.0,0.0,0,0.0,0.0,,0,0,
1.0,5,30.0,3,5.0,10.0,-3.0,10308,87,1.0,0.0,0.0,0,0.0,0.0,,0,0,
1.0,5,30.0,3,5.0,10.0,-2.9,10308,87,1.0,0.0,0.0,0,0.0,0.0,,0,0,
1.0,5,30.0,3,5.0,10.0,-2.8,10308,87,1.0,0.0,0.0,0,0.0,0.0,,0,0,
1.0,5,30.0,3,5.0,10.0,-2.7,10308,87,1.0,0.0,0.0,0,0.0,0.0,,0,0,
1.0,5,30.0,3,5.0,10.0,-2.6,10308,87,1.0,0.0,0.0,0,0.0,0.0,,0,0,
1.0,5,30.0,3,5.0,10.0,-2.5,10308,87,1.0,0.0,0.0,0,0.0,0.0,,0,0,
1.0,5,30.0,3,5.0,10.0,-2.4,10308,87,0.9735157159487776,0.026484284051222353,0.0,123,1.4137931034482758,859.1385331781141,25.0,121,2,0.49586776859504134
1.0,5,30.0,3,5.0,10.0,-2.3,10308,87,0.970023282887078,0.029976717112922,0.0,123,1.4137931034482758,859.1385331781141,25.0,121,2,0.49586776859504134
1.0,5,30.0,3,5.0,10.0,-2.2,10308,87,0.9640085370585952,0.035991462941404734,0.0,123,1.4137931034482758,859.1385331781141,30.0,121,2,0.49586776859504134
1.0,5,30.0,3,5.0,10.0,-2.1,10308,87,0.6205859526581297,0.3457508731082654,0.033663174233604966,257,2.954022988505747,1795.1105937136206,130.0,190,67,0.49473684210526314
1.0,5,30.0,3,5.0,10.0,-2.0,10308,87,0.6038028715560729,0.36010865347303067,0.03608847497089639,184,2.1149425287356323,1285.2153667054715,130.0,120,64,0.5
1.0,5,30.0,3,5.0,10.0,-1.9,10308,87,0.27735739231664724,0.5383197516492045,0.18432285603414825,602,6.919540229885057,4204.88940628638,37.5,525,77,0.44952380952380955
1.0,5,30.0,3,5.0,10.0,-1.8,10308,87,0.27134264648816453,0.506499805975941,0.22215754753589445,433,4.977011494252873,3024.447031431898,140.0,355,78,0.6676056338028169
1.0,5,30.0,3,5.0,10.0,-1.7,10308,87,0.23147070236709352,0.390279394644936,0.3782499029879705,542,6.2298850574712645,3785.7974388824214,120.0,473,69,0.49682875264270615
1.0,5,30.0,3,5.0,10.0,-1.6,10308,87,0.17995731470702367,0.4155025223127668,0.40454016298020956,358,4.114942528735632,2500.58207217695,120.0,294,64,0.7959183673469388
1.0,5,30.0,3,5.0,10.0,-1.5,10308,87,0.17753201396973226,0.4105549088086923,0.4119130772215755,356,4.091954022988506,2486.6123399301514,120.0,293,63,0.7952218430034129
1.0,5,30.0,3,5.0,10.0,-1.4,10308,87,0.19082266201008924,0.25106713232440825,0.5581102056655025,896,10.298850574712644,6258.440046565774,20.0,842,54,0.13657957244655583
1.0,5,30.0,3,5.0,10.0,-1.3,10308,87,0.1820915793558401,0.057722157547535895,0.760186263096624,590,6.781609195402299,4121.071012805588,20.0,510,80,0.10784313725490197
1.0,5,30.0,3,5.0,10.0,-1.2,10308,87,0.1760768335273574,0.00038804811796662784,0.823535118354676,208,2.3908045977011496,1452.8521536670546,160.0,169,39,0.3254437869822485
1.0,5,30.0,3,5.0,10.0,-1.1,10308,87,0.16899495537446643,0.0002910360884749709,0.8307140085370586,208,2.3908045977011496,1452.8521536670546,165.0,169,39,0.3254437869822485
1.0,5,30.0,3,5.0,10.0,-1.0,10308,87,0.04161816065192084,0.11224291812184711,0.846138921226232,211,2.425287356321839,1473.8067520372524,180.0,174,37,0.3333333333333333
1.0,5,30.0,3,5.0,10.0,-0.9,10308,87,0.03928987194412107,0.11224291812184711,0.8484672099340318,187,2.1494252873563218,1306.1699650756693,180.0,174,13,0.3333333333333333
1.0,5,30.0,3,5.0,10.0,-0.8,10308,87,0.03841676367869616,0.1226232052774544,0.8389600310438494,184,2.1149425287356323,1285.2153667054715,170.0,171,13,0.672514619883041
1.0,5,30.0,3,5.0,10.0,-0.7,10308,87,0.037252619324796274,0.11883973612727979,0.843907644547924,183,2.103448275862069,1278.2305005820722,170.0,170,13,0.6
1.0,5,30.0,3,5.0,10.0,-0.6,10308,87,0.037252619324796274,0.1113698098564222,0.8513775708187815,184,2.1149425287356323,1285.2153667054715,175.0,171,13,0.32748538011695905
1.0,5,30.0,3,5.0,10.0,-0.5,10308,87,0.035991462941404734,0.10787737679472255,0.8561311602638727,184,2.1149425287356323,1285.2153667054715,180.0,171,13,0.32748538011695905
1.0,5,30.0,3,5.0,10.0,-0.4,10308,87,0.03482731858750485,0.09953434225844005,0.8656383391540551,184,2.1149425287356323,1285.2153667054715,185.0,172,12,0.3313953488372093
1.0,5,30.0,3,5.0,10.0,-0.3,10308,87,0.03482731858750485,0.09342258440046566,0.8717500970120295,184,2.1149425287356323,1285.2153667054715,190.0,172,12,0.3313953488372093
1.0,5,30.0,3,5.0,10.0,-0.2,10308,87,0.03356616220411331,0.08517656189367481,0.8812572759022119,184,2.1149425287356323,1285.2153667054715,195.0,171,13,0.3333333333333333
1.0,5,30.0,3,5.0,10.0,-0.1,10308,87,0.03356616220411331,0.056558013193636014,0.9098758246022507,307,3.528735632183908,2144.3538998835857,30.0,294,13,0.19387755102040816
1.0,5,30.0,3,5.0,10.0,0.0,10308,87,0.032402017850213426,0.019305393868839737,0.9482925882809469,185,2.1264367816091956,1292.2002328288709,235.0,173,12,0.6473988439306358
1.0,5,30.0,3,5.0,10.0,0.1,10308,87,0.032402017850213426,0.0,0.9675979821497865,62,0.7126436781609196,433.0616996507567,805.0,55,7,1.0
1.0,5,30.0,3,5.0,10.0,0.2,10308,87,0.03123787349631354,0.0,0.9687621265036864,62,0.7126436781609196,433.0616996507567,805.0,55,7,1.0
1.0,5,30.0,3,5.0,10.0,0.3,10308,87,0.03123787349631354,0.0,0.9687621265036864,62,0.7126436781609196,433.0616996507567,805.0,55,7,1.0
1.0,5,30.0,3,5.0,10.0,0.4,10308,87,0.029976717112922,0.0,0.970023282887078,62,0.7126436781609196,433.0616996507567,805.0,55,7,1.0
1.0,5,30.0,3,5.0,10.0,0.5,10308,87,0.029976717112922,0.0,0.970023282887078,62,0.7126436781609196,433.0616996507567,805.0,55,7,1.0
1.0,5,30.0,3,5.0,10.0,0.6,10308,87,0.028812572759022118,0.0,0.9711874272409778,62,0.7126436781609196,433.0616996507567,805.0,55,7,1.0
1.0,5,30.0,3,5.0,10.0,0.7,10308,87,0.028812572759022118,0.0,0.9711874272409778,62,0.7126436781609196,433.0616996507567,805.0,55,7,1.0
1.0,5,30.0,3,5.0,10.0,0.8,10308,87,0.02716336825766395,0.00038804811796662784,0.9724485836243694,62,0.7126436781609196,433.0616996507567,810.0,55,7,1.0
1.0,5,30.0,3,5.0,10.0,0.9,10308,87,0.02716336825766395,0.00038804811796662784,0.9724485836243694,62,0.7126436781609196,433.0616996507567,810.0,55,7,1.0
1.0,5,30.0,3,5.0,10.0,1.0,10308,87,0.021342646488164533,0.005044625533566162,0.9736127279782693,62,0.7126436781609196,433.0616996507567,810.0,55,7,1.0
1.0,5,60.0,1,5.0,0.0,-4.0,9937,86,1.0,0.0,0.0,0,0.0,0.0,,0,0,
1.0,5,60.0,1,5.0,0.0,-3.9,9937,86,1.0,0.0,0.0,0,0.0,0.0,,0,0,
1.0,5,60.0,1,5.0,0.0,-3.8,9937,86,1.0,0.0,0.0,0,0.0,0.0,,0,0,
1.0,5,60.0,1,5.0,0.0,-3.7,9937,86,1.0,0.0,0.0,0,0.0,0.0,,0,0,
1.0,5,60.0,1,5.0,0.0,-3.6,9937,86,1.0,0.0,0.0,0,0.0,0.0,,0,0,
1.0,5,60.0,1,5.0,0.0,-3.5,9937,86,1.0,0.0,0.0,0,0.0,0.0,,0,0,
1.0,5,60.0,1,5.0,0.0,-3.4,9937,86,1.0,0.0,0.0,0,0.0,0.0,,0,0,
1.0,5,60.0,1,5.0,0.0,-3.3,9937,86,1.0,0.0,0.0,0,0.0,0.0,,0,0,
1.0,5,60.0,1,5.0,0.0,-3.2,9937,86,1.0,0.0,0.0,0,0.0,0.0,,0,0,
1.0,5,60.0,1,5.0,0.0,-3.1,9937,86,1.0,0.0,0.0,0,0.0,0.0,,0,0,
1.0,5,60.0,1,5.0,0.0,-3.0,9937,86,1.0,0.0,0.0,0,0.0,0.0,,0,0,
1.0,5,60.0,1,5.0,0.0,-2.9,9937,86,1.0,0.0,0.0,0,0.0,0.0,,0,0,
1.0,5,60.0,1,5.0,0.0,-2.8,9937,86,1.0,0.0,0.0,0,0.0,0.0,,0,0,
1.0,5,60.0,1,5.0,0.0,-2.7,9937,86,1.0,0.0,0.0,0,0.0,0.0,,0,0,
1.0,5,60.0,1,5.0,0.0,-2.6,9937,86,1.0,0.0,0.0,0,0.0,0.0,,0,0,
1.0,5,60.0,1,5.0,0.0,-2.5,9937,86,1.0,0.0,0.0,0,0.0,0.0,,0,0,
1.0,5,60.0,1,5.0,0.0,-2.4,9937,86,1.0,0.0,0.0,0,0.0,0.0,,0,0,
1.0,5,60.0,1,5.0,0.0,-2.3,9937,86,0.9763510113716414,0.02364898862835866,0.0,124,1.441860465116279,898.4602998893025,20.0,121,3,0.49586776859504134
1.0,5,60.0,1,5.0,0.0,-2.2,9937,86,0.9378081916071249,0.062191808392875116,0.0,248,2.883720930232558,1796.920599778605,25.0,244,4,0.2459016393442623
1.0,5,60.0,1,5.0,0.0,-2.1,9937,86,0.6688135252088155,0.33118647479118446,0.0,740,8.604651162790697,5361.779209016806,20.0,731,9,0.16415868673050615
1.0,5,60.0,1,5.0,0.0,-2.0,9937,86,0.5629465633490993,0.4171279058065815,0.019925530844319212,273,3.1744186046511627,1978.0617892724163,40.0,266,7,0.45112781954887216
1.0,5,60.0,1,5.0,0.0,-1.9,9937,86,0.3475898158397907,0.47458991647378485,0.17782026768642448,1436,16.697674418604652,10404.749924524505,20.0,1356,80,0.08775811209439528
1.0,5,60.0,1,5.0,0.0,-1.8,9937,86,0.30492100231458186,0.4435946462715105,0.2514843514139076,991,11.523255813953488,7180.4367515346685,25.0,909,82,0.19471947194719472
1.0,5,60.0,1,5.0,0.0,-1.7,9937,86,0.23286706249371036,0.33249471671530645,0.4346382207909832,447,5.1976744186046515,3238.804468149341,100.0,372,75,0.6344086021505376
1.0,5,60.0,1,5.0,0.0,-1.6,9937,86,0.1594042467545537,0.39720237496226224,0.44339337828318404,447,5.1976744186046515,3238.804468149341,100.0,372,75,0.6370967741935484
1.0,5,60.0,1,5.0,0.0,-1.5,9937,86,0.1470262654724766,0.40213344067626045,0.45084029385126295,372,4.325581395348837,2695.3808996679077,95.0,297,75,0.7575757575757576
1.0,5,60.0,1,5.0,0.0,-1.4,9937,86,0.12448425077991346,0.3175002515849854,0.5580154976351012,806,9.372093023255815,5839.991949280467,20.0,728,78,0.1936813186813187
1.0,5,60.0,1,5.0,0.0,-1.3,9937,86,0.1033511120056355,0.18305323538291235,0.7135956526114522,620,7.209302325581396,4492.301499446513,25.0,544,76,0.21691176470588236
1.0,5,60.0,1,5.0,0.0,-1.2,9937,86,0.09962765422159606,0.12830834255811613,0.7720640032202878,372,4.325581395348837,2695.3808996679077,35.0,298,74,0.3959731543624161
1.0,5,60.0,1,5.0,0.0,-1.1,9937,86,0.0908724967293952,0.07597866559323739,0.8331488376773674,371,4.313953488372093,2688.1352520881555,20.0,297,74,0.5858585858585859
1.0,5,60.0,1,5.0,0.0,-1.0,9937,86,0.02475596256415417,0.12720136862232062,0.8480426688135252,494,5.744186046511628,3579.3499043977054,20.0,420,74,0.27380952380952384
1.0,5,60.0,1,5.0,0.0,-0.9,9937,86,0.023548354634195433,0.11341451142195834,0.8630371339438462,493,5.732558139534884,3572.1042568179532,15.0,419,74,0.2720763723150358
1.0,5,60.0,1,5.0,0.0,-0.8,9937,86,0.013585589212035825,0.11089866156787763,0.8755157492200866,467,5.430232558139535,3383.7174197443896,25.0,394,73,0.2918781725888325
1.0,5,60.0,1,5.0,0.0,-0.7,9937,86,0.0,0.11200563550367314,0.8879943644963268,247,2.872093023255814,1789.6749521988527,80.0,174,73,0.6609195402298851
1.0,5,60.0,1,5.0,0.0,-0.6,9937,86,0.0,0.09952702022743283,0.9004729797725671,184,2.13953488372093,1333.199154674449,185.0,174,10,0.6609195402298851
1.0,5,60.0,1,5.0,0.0,-0.5,9937,86,0.0,0.09570292844923015,0.9042970715507699,184,2.13953488372093,1333.199154674449,190.0,174,10,0.6609195402298851
1.0,5,60.0,1,5.0,0.0,-0.4,9937,86,0.0,0.08211733923719433,0.9178826607628057,172,2.0,1246.2513837174197,195.0,163,9,0.6319018404907976
1.0,5,60.0,1,5.0,0.0,-0.3,9937,86,0.0,0.07708563952903291,0.9229143604709671,172,2.0,1246.2513837174197,200.0,163,9,0.6319018404907976
1.0,5,60.0,1,5.0,0.0,-0.2,9937,86,0.0,0.05484552681895945,0.9451544731810405,161,1.872093023255814,1166.5492603401428,205.0,152,9,0.5986842105263158
1.0,5,60.0,1,5.0,0.0,-0.1,9937,86,0.0,0.02606420448827614,0.9739357955117238,185,2.1511627906976742,1340.4448022542015,125.0,176,9,0.5170454545454546
1.0,5,60.0,1,5.0,0.0,0.0,9937,86,0.0,0.0025158498540807086,0.9974841501459193,25,0.29069767441860467,181.14118949381103,800.0,23,2,1.0
1.0,5,60.0,1,5.0,0.0,0.1,9937,86,0.0,0.0025158498540807086,0.9974841501459193,25,0.29069767441860467,181.14118949381103,800.0,23,2,1.0
1.0,5,60.0,1,5.0,0.0,0.2,9937,86,0.0,0.0013082419241219683,0.9986917580758781,13,0.1511627906976744,94.19341853678172,800.0,12,1,1.0
1.0,5,60.0,1,5.0,0.0,0.3,9937,86,0.0,0.0013082419241219683,0.9986917580758781,13,0.1511627906976744,94.19341853678172,800.0,12,1,1.0
1.0,5,60.0,1,5.0,0.0,0.4,9937,86,0.0,0.0,1.0,0,0.0,0.0,,0,0,
1.0,5,60.0,1,5.0,0.0,0.5,9937,86,0.0,0.0,1.0,0,0.0,0.0,,0,0,
1.0,5,60.0,1,5.0,0.0,0.6,9937,86,0.0,0.0,1.0,0,0.0,0.0,,0,0,
1.0,5,60.0,1,5.0,0.0,0.7,9937,86,0.0,0.0,1.0,0,0.0,0.0,,0,0,
1.0,5,60.0,1,5.0,0.0,0.8,9937,86,0.0,0.0,1.0,0,0.0,0.0,,0,0,
1.0,5,60.0,1,5.0,0.0,0.9,9937,86,0.0,0.0,1.0,0,0.0,0.0,,0,0,
1.0,5,60.0,1,5.0,0.0,1.0,9937,86,0.0,0.0,1.0,0,0.0,0.0,,0,0,
1.0,5,60.0,2,5.0,5.0,-4.0,9937,86,1.0,0.0,0.0,0,0.0,0.0,,0,0,
1.0,5,60.0,2,5.0,5.0,-3.9,9937,86,1.0,0.0,0.0,0,0.0,0.0,,0,0,
1.0,5,60.0,2,5.0,5.0,-3.8,9937,86,1.0,0.0,0.0,0,0.0,0.0,,0,0,
1.0,5,60.0,2,5.0,5.0,-3.7,9937,86,1.0,0.0,0.0,0,0.0,0.0,,0,0,
1.0,5,60.0,2,5.0,5.0,-3.6,9937,86,1.0,0.0,0.0,0,0.0,0.0,,0,0,
1.0,5,60.0,2,5.0,5.0,-3.5,9937,86,1.0,0.0,0.0,0,0.0,0.0,,0,0,
1.0,5,60.0,2,5.0,5.0,-3.4,9937,86,1.0,0.0,0.0,0,0.0,0.0,,0,0,
1.0,5,60.0,2,5.0,5.0,-3.3,9937,86,1.0,0.0,0.0,0,0.0,0.0,,0,0,
1.0,5,60.0,2,5.0,5.0,-3.2,9937,86,1.0,0.0,0.0,0,0.0,0.0,,0,0,
1.0,5,60.0,2,5.0,5.0,-3.1,9937,86,1.0,0.0,0.0,0,0.0,0.0,,0,0,
1.0,5,60.0,2,5.0,5.0,-3.0,9937,86,1.0,0.0,0.0,0,0.0,0.0,,0,0,
1.0,5,60.0,2,5.0,5.0,-2.9,9937,86,1.0,0.0,0.0,0,0.0,0.0,,0,0,
1.0,5,60.0,2,5.0,5.0,-2.8,9937,86,1.0,0.0,0.0,0,0.0,0.0,,0,0,
1.0,5,60.0,2,5.0,5.0,-2.7,9937,86,1.0,0.0,0.0,0,0.0,0.0,,0,0,
1.0,5,60.0,2,5.0,5.0,-2.6,9937,86,1.0,0.0,0.0,0,0.0,0.0,,0,0,
1.0,5,60.0,2,5.0,5.0,-2.5,9937,86,1.0,0.0,0.0,0,0.0,0.0,,0,0,
1.0,5,60.0,2,5.0,5.0,-2.4,9937,86,1.0,0.0,0.0,0,0.0,0.0,,0,0,
1.0,5,60.0,2,5.0,5.0,-2.3,9937,86,0.9763510113716414,0.02364898862835866,0.0,123,1.430232558139535,891.2146523095502,20.0,121,2,0.49586776859504134
1.0,5,60.0,2,5.0,5.0,-2.2,9937,86,0.9340847338230854,0.06591526617691457,0.0,174,2.0232558139534884,1260.7426788769246,55.0,170,4,0.35294117647058826
1.0,5,60.0,2,5.0,5.0,-2.1,9937,86,0.6692160611854685,0.33078393881453155,0.0,740,8.604651162790697,5361.779209016806,20.0,730,10,0.16301369863013698
1.0,5,60.0,2,5.0,5.0,-2.0,9937,86,0.5618395894133038,0.418234879742377,0.019925530844319212,248,2.883720930232558,1796.920599778605,40.0,243,5,0.49794238683127573
1.0,5,60.0,2,5.0,5.0,-1.9,9937,86,0.33641944248767236,0.48596155781422967,0.17761899969809802,1211,14.081395348837209,8774.479219080205,20.0,1130,81,0.11504424778761062
1.0,5,60.0,2,5.0,5.0,-1.8,9937,86,0.2934487269799738,0.45516755560028177,0.2513837174197444,763,8.872093023255815,5528.429103351112,55.0,681,82,0.2922173274596182
1.0,5,60.0,2,5.0,5.0,-1.7,9937,86,0.22924423870383415,0.33611754050518267,0.4346382207909832,373,4.337209302325581,2702.6265472476603,105.0,298,75,0.7919463087248322
1.0,5,60.0,2,5.0,5.0,-1.6,9937,86,0.15578142296467748,0.40082519875213846,0.44339337828318404,373,4.337209302325581,2702.6265472476603,100.0,297,76,0.7946127946127947
1.0,5,60.0,2,5.0,5.0,-1.5,9937,86,0.1470262654724766,0.40213344067626045,0.45084029385126295,372,4.325581395348837,2695.3808996679077,95.0,296,76,0.7567567567567568
1.0,5,60.0,2,5.0,5.0,-1.4,9937,86,0.1182449431417933,0.32373955922310554,0.5580154976351012,779,9.05813953488372,5644.359464627151,20.0,727,52,0.1939477303988996
1.0,5,60.0,2,5.0,5.0,-1.3,9937,86,0.1033511120056355,0.18305323538291235,0.7135956526114522,618,7.186046511627907,4477.810204287008,20.0,541,77,0.21626617375231053
1.0,5,60.0,2,5.0,5.0,-1.2,9937,86,0.09962765422159606,0.12830834255811613,0.7720640032202878,371,4.313953488372093,2688.1352520881555,35.0,296,75,0.3952702702702703
1.0,5,60.0,2,5.0,5.0,-1.1,9937,86,0.09077186273523197,0.07607929958740062,0.8331488376773674,370,4.3023255813953485,2680.889604508403,15.0,296,74,0.5878378378378378
1.0,5,60.0,2,5.0,5.0,-1.0,9937,86,0.024957230552480628,0.12700010063399417,0.8480426688135252,494,5.744186046511628,3579.3499043977054,15.0,419,75,0.2720763723150358
1.0,5,60.0,2,5.0,5.0,-0.9,9937,86,0.02254201469256315,0.1143202173694274,0.8631377679380094,469,5.453488372093023,3398.2087149038944,20.0,395,74,0.28860759493670884
1.0,5,60.0,2,5.0,5.0,-0.8,9937,86,0.005232967696487873,0.11915064908926236,0.8756163832142497,296,3.441860465116279,2144.7116836067225,80.0,223,73,0.5112107623318386
1.0,5,60.0,2,5.0,5.0,-0.7,9937,86,0.0,0.11190500150950991,0.8880949984904901,196,2.2790697674418605,1420.1469256314783,185.0,173,23,0.6589595375722543
1.0,5,60.0,2,5.0,5.0,-0.6,9937,86,0.0,0.10576632786555298,0.894233672134447,184,2.13953488372093,1333.199154674449,185.0,173,11,0.6589595375722543
1.0,5,60.0,2,5.0,5.0,-0.5,9937,86,0.0,0.10194223608735031,0.8980577639126497,184,2.13953488372093,1333.199154674449,190.0,173,11,0.6589595375722543
1.0,5,60.0,2,5.0,5.0,-0.4,9937,86,0.0,0.08694777095702928,0.9130522290429707,172,2.0,1246.2513837174197,195.0,163,9,0.6319018404907976
1.0,5,60.0,2,5.0,5.0,-0.3,9937,86,0.0,0.08191607124886786,0.9180839287511321,172,2.0,1246.2513837174197,200.0,163,9,0.6319018404907976
1.0,5,60.0,2,5.0,5.0,-0.2,9937,86,0.0,0.05856898460299889,0.9414310153970011,160,1.8604651162790697,1159.3036127603905,205.0,151,9,0.6026490066225165
1.0,5,60.0,2,5.0,5.0,-0.1,9937,86,0.0,0.02858005434235685,0.9714199456576431,160,1.8604651162790697,1159.3036127603905,215.0,152,8,0.5986842105263158
1.0,5,60.0,2,5.0,5.0,0.0,9937,86,0.0,0.005031699708161417,0.9949683002918386,25,0.29069767441860467,181.14118949381103,795.0,23,2,1.0
1.0,5,60.0,2,5.0,5.0,0.1,9937,86,0.0,0.005031699708161417,0.9949683002918386,25,0.29069767441860467,181.14118949381103,795.0,23,2,1.0
1.0,5,60.0,2,5.0,5.0,0.2,9937,86,0.0,0.0026164838482439366,0.997383516151756,13,0.1511627906976744,94.19341853678172,795.0,12,1,1.0
1.0,5,60.0,2,5.0,5.0,0.3,9937,86,0.0,0.0026164838482439366,0.997383516151756,13,0.1511627906976744,94.19341853678172,795.0,12,1,1.0
1.0,5,60.0,2,5.0,5.0,0.4,9937,86,0.0,0.0,1.0,0,0.0,0.0,,0,0,
1.0,5,60.0,2,5.0,5.0,0.5,9937,86,0.0,0.0,1.0,0,0.0,0.0,,0,0,
1.0,5,60.0,2,5.0,5.0,0.6,9937,86,0.0,0.0,1.0,0,0.0,0.0,,0,0,
1.0,5,60.0,2,5.0,5.0,0.7,9937,86,0.0,0.0,1.0,0,0.0,0.0,,0,0,
1.0,5,60.0,2,5.0,5.0,0.8,9937,86,0.0,0.0,1.0,0,0.0,0.0,,0,0,
1.0,5,60.0,2,5.0,5.0,0.9,9937,86,0.0,0.0,1.0,0,0.0,0.0,,0,0,
1.0,5,60.0,2,5.0,5.0,1.0,9937,86,0.0,0.0,1.0,0,0.0,0.0,,0,0,
1.0,5,60.0,3,5.0,10.0,-4.0,9937,86,1.0,0.0,0.0,0,0.0,0.0,,0,0,
1.0,5,60.0,3,5.0,10.0,-3.9,9937,86,1.0,0.0,0.0,0,0.0,0.0,,0,0,
1.0,5,60.0,3,5.0,10.0,-3.8,9937,86,1.0,0.0,0.0,0,0.0,0.0,,0,0,
1.0,5,60.0,3,5.0,10.0,-3.7,9937,86,1.0,0.0,0.0,0,0.0,0.0,,0,0,
1.0,5,60.0,3,5.0,10.0,-3.6,9937,86,1.0,0.0,0.0,0,0.0,0.0,,0,0,
1.0,5,60.0,3,5.0,10.0,-3.5,9937,86,1.0,0.0,0.0,0,0.0,0.0,,0,0,
1.0,5,60.0,3,5.0,10.0,-3.4,9937,86,1.0,0.0,0.0,0,0.0,0.0,,0,0,
1.0,5,60.0,3,5.0,10.0,-3.3,9937,86,1.0,0.0,0.0,0,0.0,0.0,,0,0,
1.0,5,60.0,3,5.0,10.0,-3.2,9937,86,1.0,0.0,0.0,0,0.0,0.0,,0,0,
1.0,5,60.0,3,5.0,10.0,-3.1,9937,86,1.0,0.0,0.0,0,0.0,0.0,,0,0,
1.0,5,60.0,3,5.0,10.0,-3.0,9937,86,1.0,0.0,0.0,0,0.0,0.0,,0,0,
1.0,5,60.0,3,5.0,10.0,-2.9,9937,86,1.0,0.0,0.0,0,0.0,0.0,,0,0,
1.0,5,60.0,3,5.0,10.0,-2.8,9937,86,1.0,0.0,0.0,0,0.0,0.0,,0,0,
1.0,5,60.0,3,5.0,10.0,-2.7,9937,86,1.0,0.0,0.0,0,0.0,0.0,,0,0,
1.0,5,60.0,3,5.0,10.0,-2.6,9937,86,1.0,0.0,0.0,0,0.0,0.0,,0,0,
1.0,5,60.0,3,5.0,10.0,-2.5,9937,86,1.0,0.0,0.0,0,0.0,0.0,,0,0,
1.0,5,60.0,3,5.0,10.0,-2.4,9937,86,1.0,0.0,0.0,0,0.0,0.0,,0,0,
1.0,5,60.0,3,5.0,10.0,-2.3,9937,86,0.9762503773774781,0.023749622622521886,0.0,123,1.430232558139535,891.2146523095502,20.0,121,2,0.49586776859504134
1.0,5,60.0,3,5.0,10.0,-2.2,9937,86,0.929053034114924,0.07094696588507599,0.0,123,1.430232558139535,891.2146523095502,60.0,120,3,0.5
1.0,5,60.0,3,5.0,10.0,-2.1,9937,86,0.622723155882057,0.37727684411794304,0.0,273,3.1744186046511627,1978.0617892724163,105.0,264,9,0.6742424242424242
1.0,5,60.0,3,5.0,10.0,-2.0,9937,86,0.5619402234074671,0.4180336117540505,0.02002616483848244,248,2.883720930232558,1796.920599778605,40.0,242,6,0.49586776859504134
1.0,5,60.0,3,5.0,10.0,-1.9,9937,86,0.2889201972426286,0.5152460501157291,0.19583375264164235,665,7.732558139534884,4818.355640535373,35.0,587,78,0.3424190800681431
1.0,5,60.0,3,5.0,10.0,-1.8,9937,86,0.27895743182046895,0.462312569185871,0.25872999899366006,544,6.325581395348837,3941.6322833853274,100.0,464,80,0.5818965517241379
1.0,5,60.0,3,5.0,10.0,-1.7,9937,86,0.22954614068632384,0.33581563852269297,0.4346382207909832,334,3.883720930232558,2420.046291637315,125.0,296,38,0.793918918918919
1.0,5,60.0,3,5.0,10.0,-1.6,9937,86,0.1558820569588407,0.40072456475797524,0.44339337828318404,335,3.895348837209302,2427.2919392170675,100.0,297,38,0.7946127946127947
1.0,5,60.0,3,5.0,10.0,-1.5,9937,86,0.1470262654724766,0.40213344067626045,0.45084029385126295,321,3.7325581395348837,2325.8528731005335,100.0,296,25,0.7567567567567568
1.0,5,60.0,3,5.0,10.0,-1.4,9937,86,0.11452148535775385,0.32746301700714503,0.5580154976351012,738,8.581395348837209,5347.287913857301,20.0,665,73,0.17593984962406015
1.0,5,60.0,3,5.0,10.0,-1.3,9937,86,0.1033511120056355,0.1828519673945859,0.7137969205997786,616,7.162790697674419,4463.3189091275035,20.0,540,76,0.21666666666666667
1.0,5,60.0,3,5.0,10.0,-1.2,9937,86,0.09962765422159606,0.12840897655227937,0.7719633692261246,370,4.3023255813953485,2680.889604508403,35.0,295,75,0.39661016949152544
1.0,5,60.0,3,5.0,10.0,-1.1,9937,86,0.09821877830331086,0.06863238401932173,0.8331488376773674,333,3.872093023255814,2412.8006440575627,70.0,258,75,0.6705426356589147
1.0,5,60.0,3,5.0,10.0,-1.0,9937,86,0.00060380396497937,0.15135352722149542,0.8480426688135252,250,2.9069767441860463,1811.4118949381102,95.0,175,75,0.6514285714285715
1.0,5,60.0,3,5.0,10.0,-0.9,9937,86,0.00060380396497937,0.12649693066317802,0.8728992653718426,223,2.5930232558139537,1615.7794102847943,175.0,174,49,0.6494252873563219
1.0,5,60.0,3,5.0,10.0,-0.8,9937,86,0.00060380396497937,0.11291134145114219,0.8864848545838784,186,2.1627906976744184,1347.6904498339538,180.0,174,12,0.6494252873563219
1.0,5,60.0,3,5.0,10.0,-0.7,9937,86,0.0,0.11693670121767133,0.8830632987823287,184,2.13953488372093,1333.199154674449,185.0,172,12,0.6569767441860465
1.0,5,60.0,3,5.0,10.0,-0.6,9937,86,0.0,0.11200563550367314,0.8879943644963268,184,2.13953488372093,1333.199154674449,185.0,172,12,0.6569767441860465
1.0,5,60.0,3,5.0,10.0,-0.5,9937,86,0.0,0.10818154372547047,0.8918184562745295,184,2.13953488372093,1333.199154674449,190.0,172,12,0.6569767441860465
1.0,5,60.0,3,5.0,10.0,-0.4,9937,86,0.0,0.09177820267686425,0.9082217973231358,172,2.0,1246.2513837174197,195.0,161,11,0.6273291925465838
1.0,5,60.0,3,5.0,10.0,-0.3,9937,86,0.0,0.08674650296870283,0.9132534970312972,172,2.0,1246.2513837174197,200.0,161,11,0.6273291925465838
1.0,5,60.0,3,5.0,10.0,-0.2,9937,86,0.0,0.062191808392875116,0.9378081916071249,160,1.8604651162790697,1159.3036127603905,205.0,151,9,0.6026490066225165
1.0,5,60.0,3,5.0,10.0,-0.1,9937,86,0.0,0.03602696991043575,0.9639730300895643,160,1.8604651162790697,1159.3036127603905,215.0,152,8,0.5986842105263158
1.0,5,60.0,3,5.0,10.0,0.0,9937,86,0.0,0.007547549562242125,0.9924524504377579,25,0.29069767441860467,181.14118949381103,790.0,23,2,1.0
1.0,5,60.0,3,5.0,10.0,0.1,9937,86,0.0,0.007547549562242125,0.9924524504377579,25,0.29069767441860467,181.14118949381103,790.0,23,2,1.0
1.0,5,60.0,3,5.0,10.0,0.2,9937,86,0.0,0.003924725772365905,0.9960752742276341,13,0.1511627906976744,94.19341853678172,790.0,12,1,1.0
1.0,5,60.0,3,5.0,10.0,0.3,9937,86,0.0,0.003924725772365905,0.9960752742276341,13,0.1511627906976744,94.19341853678172,790.0,12,1,1.0
1.0,5,60.0,3,5.0,10.0,0.4,9937,86,0.0,0.0,1.0,0,0.0,0.0,,0,0,
1.0,5,60.0,3,5.0,10.0,0.5,9937,86,0.0,0.0,1.0,0,0.0,0.0,,0,0,
1.0,5,60.0,3,5.0,10.0,0.6,9937,86,0.0,0.0,1.0,0,0.0,0.0,,0,0,
1.0,5,60.0,3,5.0,10.0,0.7,9937,86,0.0,0.0,1.0,0,0.0,0.0,,0,0,
1.0,5,60.0,3,5.0,10.0,0.8,9937,86,0.0,0.0,1.0,0,0.0,0.0,,0,0,
1.0,5,60.0,3,5.0,10.0,0.9,9937,86,0.0,0.0,1.0,0,0.0,0.0,,0,0,
1.0,5,60.0,3,5.0,10.0,1.0,9937,86,0.0,0.0,1.0,0,0.0,0.0,,0,0,
1.0,5,120.0,1,5.0,0.0,-4.0,9194,85,1.0,0.0,0.0,0,0.0,0.0,,0,0,
1.0,5,120.0,1,5.0,0.0,-3.9,9194,85,1.0,0.0,0.0,0,0.0,0.0,,0,0,
1.0,5,120.0,1,5.0,0.0,-3.8,9194,85,1.0,0.0,0.0,0,0.0,0.0,,0,0,
1.0,5,120.0,1,5.0,0.0,-3.7,9194,85,1.0,0.0,0.0,0,0.0,0.0,,0,0,
1.0,5,120.0,1,5.0,0.0,-3.6,9194,85,1.0,0.0,0.0,0,0.0,0.0,,0,0,
1.0,5,120.0,1,5.0,0.0,-3.5,9194,85,1.0,0.0,0.0,0,0.0,0.0,,0,0,
1.0,5,120.0,1,5.0,0.0,-3.4,9194,85,1.0,0.0,0.0,0,0.0,0.0,,0,0,
1.0,5,120.0,1,5.0,0.0,-3.3,9194,85,1.0,0.0,0.0,0,0.0,0.0,,0,0,
1.0,5,120.0,1,5.0,0.0,-3.2,9194,85,1.0,0.0,0.0,0,0.0,0.0,,0,0,
1.0,5,120.0,1,5.0,0.0,-3.1,9194,85,1.0,0.0,0.0,0,0.0,0.0,,0,0,
1.0,5,120.0,1,5.0,0.0,-3.0,9194,85,1.0,0.0,0.0,0,0.0,0.0,,0,0,
1.0,5,120.0,1,5.0,0.0,-2.9,9194,85,1.0,0.0,0.0,0,0.0,0.0,,0,0,
1.0,5,120.0,1,5.0,0.0,-2.8,9194,85,1.0,0.0,0.0,0,0.0,0.0,,0,0,
1.0,5,120.0,1,5.0,0.0,-2.7,9194,85,1.0,0.0,0.0,0,0.0,0.0,,0,0,
1.0,5,120.0,1,5.0,0.0,-2.6,9194,85,1.0,0.0,0.0,0,0.0,0.0,,0,0,
1.0,5,120.0,1,5.0,0.0,-2.5,9194,85,1.0,0.0,0.0,0,0.0,0.0,,0,0,
1.0,5,120.0,1,5.0,0.0,-2.4,9194,85,1.0,0.0,0.0,0,0.0,0.0,,0,0,
1.0,5,120.0,1,5.0,0.0,-2.3,9194,85,1.0,0.0,0.0,0,0.0,0.0,,0,0,
1.0,5,120.0,1,5.0,0.0,-2.2,9194,85,0.9086360670002175,0.09136393299978246,0.0,496,5.8352941176470585,3884.272351533609,15.0,491,5,0.12423625254582485
1.0,5,120.0,1,5.0,0.0,-2.1,9194,85,0.647487491842506,0.352512508157494,0.0,741,8.717647058823529,5802.91494452904,20.0,708,33,0.13559322033898305
1.0,5,120.0,1,5.0,0.0,-2.0,9194,85,0.4858603437024146,0.5141396562975854,0.0,124,1.4588235294117646,971.0680878834022,55.0,84,40,1.0
1.0,5,120.0,1,5.0,0.0,-1.9,9194,85,0.3780726560800522,0.482053513160757,0.13987383075919077,915,10.764705882352942,7165.542745268654,20.0,837,78,0.2114695340501792
1.0,5,120.0,1,5.0,0.0,-1.8,9194,85,0.31890363280400263,0.3932999782466826,0.28779638894931475,1113,13.094117647058823,8716.119208179247,20.0,1033,80,0.11519845111326234
1.0,5,120.0,1,5.0,0.0,-1.7,9194,85,0.2140526430280618,0.2825755927778986,0.5033717641940396,372,4.376470588235295,2913.204263650207,35.0,303,69,0.3927392739273927
1.0,5,120.0,1,5.0,0.0,-1.6,9194,85,0.17228627365673266,0.28801392212312377,0.5396998042201435,246,2.8941176470588235,1926.4737872525561,60.0,178,68,0.6573033707865169
1.0,5,120.0,1,5.0,0.0,-1.5,9194,85,0.12790950619969546,0.32020883184685667,0.5518816619534479,248,2.9176470588235293,1942.1361757668044,55.0,178,70,0.6573033707865169
1.0,5,120.0,1,5.0,0.0,-1.4,9194,85,0.11975201218185773,0.2665869045029367,0.6136610833152055,495,5.823529411764706,3876.441157276485,40.0,421,74,0.27790973871733965
1.0,5,120.0,1,5.0,0.0,-1.3,9194,85,0.03774200565586252,0.2636502066565151,0.6986077876876223,372,4.376470588235295,2913.204263650207,65.0,298,74,0.19463087248322147
1.0,5,120.0,1,5.0,0.0,-1.2,9194,85,0.033608875353491406,0.18990646073526213,0.7764846639112465,309,3.635294117647059,2419.8390254513815,60.0,238,71,0.23949579831932774
1.0,5,120.0,1,5.0,0.0,-1.1,9194,85,0.020230585164237546,0.14389819447465738,0.8358712203611051,310,3.6470588235294117,2427.6702197085056,45.0,240,70,0.2375
1.0,5,120.0,1,5.0,0.0,-1.0,9194,85,0.009353926473787253,0.13193386991516207,0.8587122036110507,308,3.623529411764706,2412.007831194257,40.0,238,70,0.23949579831932774
1.0,5,120.0,1,5.0,0.0,-0.9,9194,85,0.008048727430933217,0.10365455731999129,0.8882967152490755,246,2.8941176470588235,1926.4737872525561,40.0,238,8,0.23949579831932774
1.0,5,120.0,1,5.0,0.0,-0.8,9194,85,0.0,0.08462040461170328,0.9153795953882967,245,2.8823529411764706,1918.6425929954316,10.0,239,6,0.2384937238493724
1.0,5,120.0,1,5.0,0.0,-0.7,9194,85,0.0,0.04981509680226234,0.9501849031977376,124,1.4588235294117646,971.0680878834022,40.0,118,6,0.4830508474576271
1.0,5,120.0,1,5.0,0.0,-0.6,9194,85,0.0,0.033608875353491406,0.9663911246465086,124,1.4588235294117646,971.0680878834022,25.0,118,6,0.4830508474576271
1.0,5,120.0,1,5.0,0.0,-0.5,9194,85,0.0,0.0295845116380248,0.9704154883619752,124,1.4588235294117646,971.0680878834022,25.0,118,6,0.4830508474576271
1.0,5,120.0,1,5.0,0.0,-0.4,9194,85,0.0,0.014683489232107896,0.9853165107678921,123,1.4470588235294117,963.2368936262781,25.0,119,4,0.48739495798319327
1.0,5,120.0,1,5.0,0.0,-0.3,9194,85,0.0,0.0,1.0,0,0.0,0.0,,0,0,
1.0,5,120.0,1,5.0,0.0,-0.2,9194,85,0.0,0.0,1.0,0,0.0,0.0,,0,0,
1.0,5,120.0,1,5.0,0.0,-0.1,9194,85,0.0,0.0,1.0,0,0.0,0.0,,0,0,
1.0,5,120.0,1,5.0,0.0,0.0,9194,85,0.0,0.0,1.0,0,0.0,0.0,,0,0,
1.0,5,120.0,1,5.0,0.0,0.1,9194,85,0.0,0.0,1.0,0,0.0,0.0,,0,0,
1.0,5,120.0,1,5.0,0.0,0.2,9194,85,0.0,0.0,1.0,0,0.0,0.0,,0,0,
1.0,5,120.0,1,5.0,0.0,0.3,9194,85,0.0,0.0,1.0,0,0.0,0.0,,0,0,
1.0,5,120.0,1,5.0,0.0,0.4,9194,85,0.0,0.0,1.0,0,0.0,0.0,,0,0,
1.0,5,120.0,1,5.0,0.0,0.5,9194,85,0.0,0.0,1.0,0,0.0,0.0,,0,0,
1.0,5,120.0,1,5.0,0.0,0.6,9194,85,0.0,0.0,1.0,0,0.0,0.0,,0,0,
1.0,5,120.0,1,5.0,0.0,0.7,9194,85,0.0,0.0,1.0,0,0.0,0.0,,0,0,
1.0,5,120.0,1,5.0,0.0,0.8,9194,85,0.0,0.0,1.0,0,0.0,0.0,,0,0,
1.0,5,120.0,1,5.0,0.0,0.9,9194,85,0.0,0.0,1.0,0,0.0,0.0,,0,0,
1.0,5,120.0,1,5.0,0.0,1.0,9194,85,0.0,0.0,1.0,0,0.0,0.0,,0,0,
1.0,5,120.0,2,5.0,5.0,-4.0,9194,85,1.0,0.0,0.0,0,0.0,0.0,,0,0,
1.0,5,120.0,2,5.0,5.0,-3.9,9194,85,1.0,0.0,0.0,0,0.0,0.0,,0,0,
1.0,5,120.0,2,5.0,5.0,-3.8,9194,85,1.0,0.0,0.0,0,0.0,0.0,,0,0,
1.0,5,120.0,2,5.0,5.0,-3.7,9194,85,1.0,0.0,0.0,0,0.0,0.0,,0,0,
1.0,5,120.0,2,5.0,5.0,-3.6,9194,85,1.0,0.0,0.0,0,0.0,0.0,,0,0,
1.0,5,120.0,2,5.0,5.0,-3.5,9194,85,1.0,0.0,0.0,0,0.0,0.0,,0,0,
1.0,5,120.0,2,5.0,5.0,-3.4,9194,85,1.0,0.0,0.0,0,0.0,0.0,,0,0,
1.0,5,120.0,2,5.0,5.0,-3.3,9194,85,1.0,0.0,0.0,0,0.0,0.0,,0,0,
1.0,5,120.0,2,5.0,5.0,-3.2,9194,85,1.0,0.0,0.0,0,0.0,0.0,,0,0,
1.0,5,120.0,2,5.0,5.0,-3.1,9194,85,1.0,0.0,0.0,0,0.0,0.0,,0,0,
1.0,5,120.0,2,5.0,5.0,-3.0,9194,85,1.0,0.0,0.0,0,0.0,0.0,,0,0,
1.0,5,120.0,2,5.0,5.0,-2.9,9194,85,1.0,0.0,0.0,0,0.0,0.0,,0,0,
1.0,5,120.0,2,5.0,5.0,-2.8,9194,85,1.0,0.0,0.0,0,0.0,0.0,,0,0,
1.0,5,120.0,2,5.0,5.0,-2.7,9194,85,1.0,0.0,0.0,0,0.0,0.0,,0,0,
1.0,5,120.0,2,5.0,5.0,-2.6,9194,85,1.0,0.0,0.0,0,0.0,0.0,,0,0,
1.0,5,120.0,2,5.0,5.0,-2.5,9194,85,1.0,0.0,0.0,0,0.0,0.0,,0,0,
1.0,5,120.0,2,5.0,5.0,-2.4,9194,85,1.0,0.0,0.0,0,0.0,0.0,,0,0,
1.0,5,120.0,2,5.0,5.0,-2.3,9194,85,1.0,0.0,0.0,0,0.0,0.0,,0,0,
1.0,5,120.0,2,5.0,5.0,-2.2,9194,85,0.9086360670002175,0.09136393299978246,0.0,494,5.811764705882353,3868.6099630193607,15.0,464,30,0.07758620689655173
1.0,5,120.0,2,5.0,5.0,-2.1,9194,85,0.6396562975853818,0.3603437024146182,0.0,591,6.952941176470588,4628.2358059604085,20.0,524,67,0.11450381679389313
1.0,5,120.0,2,5.0,5.0,-2.0,9194,85,0.4858603437024146,0.5141396562975854,0.0,124,1.4588235294117646,971.0680878834022,50.0,60,64,1.0
1.0,5,120.0,2,5.0,5.0,-1.9,9194,85,0.37263432673482705,0.48379377855122907,0.14357189471394388,740,8.705882352941176,5795.083750271916,20.0,663,77,0.2654600301659125
1.0,5,120.0,2,5.0,5.0,-1.8,9194,85,0.3121601044159234,0.3923210789645421,0.2955188166195345,793,9.329411764705883,6210.137045899499,25.0,713,80,0.2300140252454418
1.0,5,120.0,2,5.0,5.0,-1.7,9194,85,0.2140526430280618,0.27985642810528605,0.5060909288666522,322,3.788235294117647,2521.644550793996,50.0,252,70,0.4642857142857143
1.0,5,120.0,2,5.0,5.0,-1.6,9194,85,0.17228627365673266,0.28801392212312377,0.5396998042201435,245,2.8823529411764706,1918.6425929954316,55.0,177,68,0.6610169491525424
1.0,5,120.0,2,5.0,5.0,-1.5,9194,85,0.12790950619969546,0.32020883184685667,0.5518816619534479,248,2.9176470588235293,1942.1361757668044,50.0,178,70,0.6573033707865169
1.0,5,120.0,2,5.0,5.0,-1.4,9194,85,0.11975201218185773,0.2666956710898412,0.613552316728301,495,5.823529411764706,3876.441157276485,40.0,421,74,0.27790973871733965
1.0,5,120.0,2,5.0,5.0,-1.3,9194,85,0.03774200565586252,0.2636502066565151,0.6986077876876223,372,4.376470588235295,2913.204263650207,65.0,298,74,0.19463087248322147
1.0,5,120.0,2,5.0,5.0,-1.2,9194,85,0.033608875353491406,0.18305416576027844,0.7833369588862301,309,3.635294117647059,2419.8390254513815,60.0,238,71,0.23949579831932774
1.0,5,120.0,2,5.0,5.0,-1.1,9194,85,0.020230585164237546,0.1371546660865782,0.8426147487491843,310,3.6470588235294117,2427.6702197085056,45.0,240,70,0.2375
1.0,5,120.0,2,5.0,5.0,-1.0,9194,85,0.005438329345225147,0.129105938655645,0.8654557319991298,236,2.776470588235294,1848.161844681314,40.0,166,70,0.3433734939759036
1.0,5,120.0,2,5.0,5.0,-0.9,9194,85,0.0028279312595170763,0.10887535349140744,0.8882967152490755,149,1.7529411764705882,1166.8479443115075,85.0,142,7,0.4014084507042254
1.0,5,120.0,2,5.0,5.0,-0.8,9194,85,0.0,0.0887535349140744,0.9112464650859255,123,1.4470588235294117,963.2368936262781,70.0,117,6,0.48717948717948717
1.0,5,120.0,2,5.0,5.0,-0.7,9194,85,0.0,0.04981509680226234,0.9501849031977376,124,1.4588235294117646,971.0680878834022,40.0,118,6,0.4830508474576271
1.0,5,120.0,2,5.0,5.0,-0.6,9194,85,0.0,0.033608875353491406,0.9663911246465086,124,1.4588235294117646,971.0680878834022,25.0,118,6,0.4830508474576271
1.0,5,120.0,2,5.0,5.0,-0.5,9194,85,0.0,0.0295845116380248,0.9704154883619752,124,1.4588235294117646,971.0680878834022,25.0,118,6,0.4830508474576271
1.0,5,120.0,2,5.0,5.0,-0.4,9194,85,0.0,0.0147922558190124,0.9852077441809876,123,1.4470588235294117,963.2368936262781,20.0,118,5,0.4830508474576271
1.0,5,120.0,2,5.0,5.0,-0.3,9194,85,0.0,0.0,1.0,0,0.0,0.0,,0,0,
1.0,5,120.0,2,5.0,5.0,-0.2,9194,85,0.0,0.0,1.0,0,0.0,0.0,,0,0,
1.0,5,120.0,2,5.0,5.0,-0.1,9194,85,0.0,0.0,1.0,0,0.0,0.0,,0,0,
1.0,5,120.0,2,5.0,5.0,0.0,9194,85,0.0,0.0,1.0,0,0.0,0.0,,0,0,
1.0,5,120.0,2,5.0,5.0,0.1,9194,85,0.0,0.0,1.0,0,0.0,0.0,,0,0,
1.0,5,120.0,2,5.0,5.0,0.2,9194,85,0.0,0.0,1.0,0,0.0,0.0,,0,0,
1.0,5,120.0,2,5.0,5.0,0.3,9194,85,0.0,0.0,1.0,0,0.0,0.0,,0,0,
1.0,5,120.0,2,5.0,5.0,0.4,9194,85,0.0,0.0,1.0,0,0.0,0.0,,0,0,
1.0,5,120.0,2,5.0,5.0,0.5,9194,85,0.0,0.0,1.0,0,0.0,0.0,,0,0,
1.0,5,120.0,2,5.0,5.0,0.6,9194,85,0.0,0.0,1.0,0,0.0,0.0,,0,0,
1.0,5,120.0,2,5.0,5.0,0.7,9194,85,0.0,0.0,1.0,0,0.0,0.0,,0,0,
1.0,5,120.0,2,5.0,5.0,0.8,9194,85,0.0,0.0,1.0,0,0.0,0.0,,0,0,
1.0,5,120.0,2,5.0,5.0,0.9,9194,85,0.0,0.0,1.0,0,0.0,0.0,,0,0,
1.0,5,120.0,2,5.0,5.0,1.0,9194,85,0.0,0.0,1.0,0,0.0,0.0,,0,0,
1.0,5,120.0,3,5.0,10.0,-4.0,9194,85,1.0,0.0,0.0,0,0.0,0.0,,0,0,
1.0,5,120.0,3,5.0,10.0,-3.9,9194,85,1.0,0.0,0.0,0,0.0,0.0,,0,0,
1.0,5,120.0,3,5.0,10.0,-3.8,9194,85,1.0,0.0,0.0,0,0.0,0.0,,0,0,
1.0,5,120.0,3,5.0,10.0,-3.7,9194,85,1.0,0.0,0.0,0,0.0,0.0,,0,0,
1.0,5,120.0,3,5.0,10.0,-3.6,9194,85,1.0,0.0,0.0,0,0.0,0.0,,0,0,
1.0,5,120.0,3,5.0,10.0,-3.5,9194,85,1.0,0.0,0.0,0,0.0,0.0,,0,0,
1.0,5,120.0,3,5.0,10.0,-3.4,9194,85,1.0,0.0,0.0,0,0.0,0.0,,0,0,
1.0,5,120.0,3,5.0,10.0,-3.3,9194,85,1.0,0.0,0.0,0,0.0,0.0,,0,0,
1.0,5,120.0,3,5.0,10.0,-3.2,9194,85,1.0,0.0,0.0,0,0.0,0.0,,0,0,
1.0,5,120.0,3,5.0,10.0,-3.1,9194,85,1.0,0.0,0.0,0,0.0,0.0,,0,0,
1.0,5,120.0,3,5.0,10.0,-3.0,9194,85,1.0,0.0,0.0,0,0.0,0.0,,0,0,
1.0,5,120.0,3,5.0,10.0,-2.9,9194,85,1.0,0.0,0.0,0,0.0,0.0,,0,0,
1.0,5,120.0,3,5.0,10.0,-2.8,9194,85,1.0,0.0,0.0,0,0.0,0.0,,0,0,
1.0,5,120.0,3,5.0,10.0,-2.7,9194,85,1.0,0.0,0.0,0,0.0,0.0,,0,0,
1.0,5,120.0,3,5.0,10.0,-2.6,9194,85,1.0,0.0,0.0,0,0.0,0.0,,0,0,
1.0,5,120.0,3,5.0,10.0,-2.5,9194,85,1.0,0.0,0.0,0,0.0,0.0,,0,0,
1.0,5,120.0,3,5.0,10.0,-2.4,9194,85,1.0,0.0,0.0,0,0.0,0.0,,0,0,
1.0,5,120.0,3,5.0,10.0,-2.3,9194,85,1.0,0.0,0.0,0,0.0,0.0,,0,0,
1.0,5,120.0,3,5.0,10.0,-2.2,9194,85,0.9055906025668915,0.09440939743310856,0.0,419,4.929411764705883,3281.2703937350448,15.0,366,53,0.03278688524590164
1.0,5,120.0,3,5.0,10.0,-2.1,9194,85,0.6160539482271047,0.38394605177289537,0.0,370,4.352941176470588,2897.541875135958,20.0,303,67,0.19801980198019803
1.0,5,120.0,3,5.0,10.0,-2.0,9194,85,0.4858603437024146,0.5141396562975854,0.0,124,1.4588235294117646,971.0680878834022,45.0,59,65,1.0
1.0,5,120.0,3,5.0,10.0,-1.9,9194,85,0.3643680661300848,0.5107678921035458,0.12486404176636937,493,5.8,3860.7787687622367,45.0,420,73,0.3119047619047619
1.0,5,120.0,3,5.0,10.0,-1.8,9194,85,0.3121601044159234,0.4029802044811834,0.28485969110289316,505,5.9411764705882355,3954.753099847727,60.0,438,67,0.4018264840182648
1.0,5,120.0,3,5.0,10.0,-1.7,9194,85,0.2140526430280618,0.27180770067435284,0.5141396562975854,248,2.9176470588235293,1942.1361757668044,50.0,178,70,0.6573033707865169
1.0,5,120.0,3,5.0,10.0,-1.6,9194,85,0.17228627365673266,0.28790515553621926,0.539808570807048,245,2.8823529411764706,1918.6425929954316,50.0,176,69,0.6590909090909091
1.0,5,120.0,3,5.0,10.0,-1.5,9194,85,0.12790950619969546,0.32020883184685667,0.5518816619534479,248,2.9176470588235293,1942.1361757668044,45.0,178,70,0.6573033707865169
1.0,5,120.0,3,5.0,10.0,-1.4,9194,85,0.11975201218185773,0.2668044376767457,0.6134435501413965,493,5.8,3860.7787687622367,35.0,420,73,0.2785714285714286
1.0,5,120.0,3,5.0,10.0,-1.3,9194,85,0.03774200565586252,0.2636502066565151,0.6986077876876223,371,4.364705882352941,2905.373069393083,65.0,296,75,0.19256756756756757
1.0,5,120.0,3,5.0,10.0,-1.2,9194,85,0.033608875353491406,0.17620187078529476,0.7901892538612139,309,3.635294117647059,2419.8390254513815,60.0,237,72,0.23628691983122363
1.0,5,120.0,3,5.0,10.0,-1.1,9194,85,0.020230585164237546,0.13041113769849902,0.8493582771372634,308,3.623529411764706,2412.007831194257,45.0,238,70,0.23949579831932774
1.0,5,120.0,3,5.0,10.0,-1.0,9194,85,0.0,0.12780073961279095,0.8721992603872091,172,2.023529411764706,1346.9654122253644,90.0,116,56,0.49137931034482757
1.0,5,120.0,3,5.0,10.0,-0.9,9194,85,0.0,0.11181205133782902,0.888187948662171,123,1.4470588235294117,963.2368936262781,85.0,116,7,0.49137931034482757
1.0,5,120.0,3,5.0,10.0,-0.8,9194,85,0.0,0.092777898629541,0.907222101370459,122,1.4352941176470588,955.4056993691538,70.0,115,7,0.48695652173913045
1.0,5,120.0,3,5.0,10.0,-0.7,9194,85,0.0,0.04981509680226234,0.9501849031977376,123,1.4470588235294117,963.2368936262781,40.0,117,6,0.48717948717948717
1.0,5,120.0,3,5.0,10.0,-0.6,9194,85,0.0,0.033608875353491406,0.9663911246465086,123,1.4470588235294117,963.2368936262781,25.0,118,5,0.4830508474576271
1.0,5,120.0,3,5.0,10.0,-0.5,9194,85,0.0,0.0295845116380248,0.9704154883619752,123,1.4470588235294117,963.2368936262781,25.0,118,5,0.4830508474576271
1.0,5,120.0,3,5.0,10.0,-0.4,9194,85,0.0,0.004241896889275614,0.9957581031107244,25,0.29411764705882354,195.7798564281053,75.0,24,1,0.5
1.0,5,120.0,3,5.0,10.0,-0.3,9194,85,0.0,0.0,1.0,0,0.0,0.0,,0,0,
1.0,5,120.0,3,5.0,10.0,-0.2,9194,85,0.0,0.0,1.0,0,0.0,0.0,,0,0,
1.0,5,120.0,3,5.0,10.0,-0.1,9194,85,0.0,0.0,1.0,0,0.0,0.0,,0,0,
1.0,5,120.0,3,5.0,10.0,0.0,9194,85,0.0,0.0,1.0,0,0.0,0.0,,0,0,
1.0,5,120.0,3,5.0,10.0,0.1,9194,85,0.0,0.0,1.0,0,0.0,0.0,,0,0,
1.0,5,120.0,3,5.0,10.0,0.2,9194,85,0.0,0.0,1.0,0,0.0,0.0,,0,0,
1.0,5,120.0,3,5.0,10.0,0.3,9194,85,0.0,0.0,1.0,0,0.0,0.0,,0,0,
1.0,5,120.0,3,5.0,10.0,0.4,9194,85,0.0,0.0,1.0,0,0.0,0.0,,0,0,
1.0,5,120.0,3,5.0,10.0,0.5,9194,85,0.0,0.0,1.0,0,0.0,0.0,,0,0,
1.0,5,120.0,3,5.0,10.0,0.6,9194,85,0.0,0.0,1.0,0,0.0,0.0,,0,0,
1.0,5,120.0,3,5.0,10.0,0.7,9194,85,0.0,0.0,1.0,0,0.0,0.0,,0,0,
1.0,5,120.0,3,5.0,10.0,0.8,9194,85,0.0,0.0,1.0,0,0.0,0.0,,0,0,
1.0,5,120.0,3,5.0,10.0,0.9,9194,85,0.0,0.0,1.0,0,0.0,0.0,,0,0,
1.0,5,120.0,3,5.0,10.0,1.0,9194,85,0.0,0.0,1.0,0,0.0,0.0,,0,0,
1.0,7,15.0,1,5.0,0.0,-4.0,9702,86,1.0,0.0,0.0,0,0.0,0.0,,0,0,
1.0,7,15.0,1,5.0,0.0,-3.9,9702,86,1.0,0.0,0.0,0,0.0,0.0,,0,0,
1.0,7,15.0,1,5.0,0.0,-3.8,9702,86,1.0,0.0,0.0,0,0.0,0.0,,0,0,
1.0,7,15.0,1,5.0,0.0,-3.7,9702,86,1.0,0.0,0.0,0,0.0,0.0,,0,0,
1.0,7,15.0,1,5.0,0.0,-3.6,9702,86,1.0,0.0,0.0,0,0.0,0.0,,0,0,
1.0,7,15.0,1,5.0,0.0,-3.5,9702,86,1.0,0.0,0.0,0,0.0,0.0,,0,0,
1.0,7,15.0,1,5.0,0.0,-3.4,9702,86,1.0,0.0,0.0,0,0.0,0.0,,0,0,
1.0,7,15.0,1,5.0,0.0,-3.3,9702,86,1.0,0.0,0.0,0,0.0,0.0,,0,0,
1.0,7,15.0,1,5.0,0.0,-3.2,9702,86,1.0,0.0,0.0,0,0.0,0.0,,0,0,
1.0,7,15.0,1,5.0,0.0,-3.1,9702,86,1.0,0.0,0.0,0,0.0,0.0,,0,0,
1.0,7,15.0,1,5.0,0.0,-3.0,9702,86,1.0,0.0,0.0,0,0.0,0.0,,0,0,
1.0,7,15.0,1,5.0,0.0,-2.9,9702,86,1.0,0.0,0.0,0,0.0,0.0,,0,0,
1.0,7,15.0,1,5.0,0.0,-2.8,9702,86,1.0,0.0,0.0,0,0.0,0.0,,0,0,
1.0,7,15.0,1,5.0,0.0,-2.7,9702,86,1.0,0.0,0.0,0,0.0,0.0,,0,0,
1.0,7,15.0,1,5.0,0.0,-2.6,9702,86,1.0,0.0,0.0,0,0.0,0.0,,0,0,
1.0,7,15.0,1,5.0,0.0,-2.5,9702,86,1.0,0.0,0.0,0,0.0,0.0,,0,0,
1.0,7,15.0,1,5.0,0.0,-2.4,9702,86,0.9579468150896723,0.042053184910327765,0.0,369,4.290697674418604,2738.404452690167,15.0,365,4,0.1643835616438356
1.0,7,15.0,1,5.0,0.0,-2.3,9702,86,0.8840445269016698,0.11595547309833024,0.0,861,10.011627906976743,6389.6103896103905,15.0,853,8,0.07033997655334115
1.0,7,15.0,1,5.0,0.0,-2.2,9702,86,0.8226138940424654,0.13770356627499486,0.03968253968253968,1786,20.767441860465116,13254.17439703154,10.0,1715,71,0.0
1.0,7,15.0,1,5.0,0.0,-2.1,9702,86,0.712430426716141,0.2049062049062049,0.08266336837765409,2188,25.441860465116278,16237.476808905381,15.0,2112,76,0.0
1.0,7,15.0,1,5.0,0.0,-2.0,9702,86,0.5632859204287776,0.26953205524634094,0.16718202432488147,3750,43.604651162790695,27829.31354359926,10.0,3668,82,0.016357688113413305
1.0,7,15.0,1,5.0,0.0,-1.9,9702,86,0.5083487940630798,0.28354978354978355,0.20810142238713666,3662,42.58139534883721,27176.252319109462,10.0,3580,82,0.01675977653631285
1.0,7,15.0,1,5.0,0.0,-1.8,9702,86,0.42455163883735314,0.3240568954854669,0.25139146567717996,3746,43.55813953488372,27799.628942486084,10.0,3662,84,0.016384489350081924
1.0,7,15.0,1,5.0,0.0,-1.7,9702,86,0.3302411873840445,0.32756132756132755,0.34219748505462794,3665,42.616279069767444,27198.51576994434,10.0,3581,84,0.016755096341803964
1.0,7,15.0,1,5.0,0.0,-1.6,9702,86,0.3008658008658009,0.2103689960832818,0.48876520305091736,3769,43.825581395348834,27970.315398886825,5.0,3686,83,0.031741725447639715
1.0,7,15.0,1,5.0,0.0,-1.5,9702,86,0.2398474541331684,0.23397237682951968,0.5261801690373119,3276,38.093023255813954,24311.68831168831,10.0,3193,83,0.036642655809583466
1.0,7,15.0,1,5.0,0.0,-1.4,9702,86,0.2108843537414966,0.21366728509585653,0.5754483611626469,3255,37.848837209302324,24155.844155844155,10.0,3173,82,0.036558462023321775
1.0,7,15.0,1,5.0,0.0,-1.3,9702,86,0.13017934446505874,0.2122242836528551,0.6575963718820862,2636,30.651162790697676,19562.152133580705,10.0,2555,81,0.022309197651663407
1.0,7,15.0,1,5.0,0.0,-1.2,9702,86,0.09049680478251906,0.19047619047619047,0.7190270047412904,2046,23.790697674418606,15183.673469387753,10.0,1968,78,0.028963414634146343
1.0,7,15.0,1,5.0,0.0,-1.1,9702,86,0.07524221809936095,0.14306328592042877,0.7816944959802102,1579,18.36046511627907,11717.996289424862,10.0,1501,78,0.0379746835443038
1.0,7,15.0,1,5.0,0.0,-1.0,9702,86,0.06380127808699237,0.08802308802308802,0.8481756338899196,1088,12.651162790697674,8074.211502782931,10.0,1017,71,0.05703048180924287
1.0,7,15.0,1,5.0,0.0,-0.9,9702,86,0.05844155844155844,0.06545042259327974,0.8761080189651618,940,10.930232558139535,6975.881261595548,10.0,870,70,0.06666666666666667
1.0,7,15.0,1,5.0,0.0,-0.8,9702,86,0.0393733250876108,0.06905792620078334,0.8915687487116059,666,7.744186046511628,4942.486085343228,15.0,596,70,0.09563758389261745
1.0,7,15.0,1,5.0,0.0,-0.7,9702,86,0.035559678416821276,0.060090702947845805,0.9043496186353329,568,6.604651162790698,4215.213358070501,15.0,498,70,0.1144578313253012
1.0,7,15.0,1,5.0,0.0,-0.6,9702,86,0.031849103277674706,0.05875077303648732,0.909400123685838,567,6.593023255813954,4207.792207792208,15.0,496,71,0.11088709677419355
1.0,7,15.0,1,5.0,0.0,-0.5,9702,86,0.0292723149866007,0.051226551226551224,0.9195011337868481,568,6.604651162790698,4215.213358070501,10.0,498,70,0.11244979919678715
1.0,7,15.0,1,5.0,0.0,-0.4,9702,86,0.02422180993609565,0.04339311482168625,0.9323850752422181,690,8.023255813953488,5120.593692022263,10.0,620,70,0.09032258064516129
1.0,7,15.0,1,5.0,0.0,-0.3,9702,86,0.02040816326530612,0.02411873840445269,0.9554730983302412,454,5.27906976744186,3369.202226345083,5.0,447,7,0.12527964205816555
1.0,7,15.0,1,5.0,0.0,-0.2,9702,86,0.008967223252937539,0.0292723149866007,0.9617604617604618,345,4.011627906976744,2560.2968460111315,10.0,338,7,0.16568047337278108
1.0,7,15.0,1,5.0,0.0,-0.1,9702,86,0.008967223252937539,0.026695526695526696,0.9643372500515358,344,4.0,2552.8756957328387,10.0,338,6,0.16568047337278108
1.0,7,15.0,1,5.0,0.0,0.0,9702,86,0.007627293341579056,0.01030715316429602,0.9820655534941249,210,2.441860465116279,1558.4415584415585,5.0,204,6,0.27450980392156865
1.0,7,15.0,1,5.0,0.0,0.1,9702,86,0.0,0.015357658214801072,0.9846423417851989,123,1.430232558139535,912.8014842300556,15.0,118,5,0.4830508474576271
1.0,7,15.0,1,5.0,0.0,0.2,9702,86,0.0,0.015357658214801072,0.9846423417851989,123,1.430232558139535,912.8014842300556,15.0,118,5,0.4830508474576271
1.0,7,15.0,1,5.0,0.0,0.3,9702,86,0.0,0.014017728303442589,0.9859822716965574,123,1.430232558139535,912.8014842300556,15.0,118,5,0.4830508474576271
1.0,7,15.0,1,5.0,0.0,0.4,9702,86,0.0,0.01020408163265306,0.9897959183673469,124,1.441860465116279,920.2226345083488,10.0,119,5,0.4789915966386555
1.0,7,15.0,1,5.0,0.0,0.5,9702,86,0.0,0.007627293341579056,0.9923727066584209,124,1.441860465116279,920.2226345083488,10.0,119,5,0.4789915966386555
1.0,7,15.0,1,5.0,0.0,0.6,9702,86,0.0,0.0,1.0,0,0.0,0.0,,0,0,
1.0,7,15.0,1,5.0,0.0,0.7,9702,86,0.0,0.0,1.0,0,0.0,0.0,,0,0,
1.0,7,15.0,1,5.0,0.0,0.8,9702,86,0.0,0.0,1.0,0,0.0,0.0,,0,0,
1.0,7,15.0,1,5.0,0.0,0.9,9702,86,0.0,0.0,1.0,0,0.0,0.0,,0,0,
1.0,7,15.0,1,5.0,0.0,1.0,9702,86,0.0,0.0,1.0,0,0.0,0.0,,0,0,
1.0,7,15.0,2,5.0,5.0,-4.0,9702,86,1.0,0.0,0.0,0,0.0,0.0,,0,0,
1.0,7,15.0,2,5.0,5.0,-3.9,9702,86,1.0,0.0,0.0,0,0.0,0.0,,0,0,
1.0,7,15.0,2,5.0,5.0,-3.8,9702,86,1.0,0.0,0.0,0,0.0,0.0,,0,0,
1.0,7,15.0,2,5.0,5.0,-3.7,9702,86,1.0,0.0,0.0,0,0.0,0.0,,0,0,
1.0,7,15.0,2,5.0,5.0,-3.6,9702,86,1.0,0.0,0.0,0,0.0,0.0,,0,0,
1.0,7,15.0,2,5.0,5.0,-3.5,9702,86,1.0,0.0,0.0,0,0.0,0.0,,0,0,
1.0,7,15.0,2,5.0,5.0,-3.4,9702,86,1.0,0.0,0.0,0,0.0,0.0,,0,0,
1.0,7,15.0,2,5.0,5.0,-3.3,9702,86,1.0,0.0,0.0,0,0.0,0.0,,0,0,
1.0,7,15.0,2,5.0,5.0,-3.2,9702,86,1.0,0.0,0.0,0,0.0,0.0,,0,0,
1.0,7,15.0,2,5.0,5.0,-3.1,9702,86,1.0,0.0,0.0,0,0.0,0.0,,0,0,
1.0,7,15.0,2,5.0,5.0,-3.0,9702,86,1.0,0.0,0.0,0,0.0,0.0,,0,0,
1.0,7,15.0,2,5.0,5.0,-2.9,9702,86,1.0,0.0,0.0,0,0.0,0.0,,0,0,
1.0,7,15.0,2,5.0,5.0,-2.8,9702,86,1.0,0.0,0.0,0,0.0,0.0,,0,0,
1.0,7,15.0,2,5.0,5.0,-2.7,9702,86,1.0,0.0,0.0,0,0.0,0.0,,0,0,
1.0,7,15.0,2,5.0,5.0,-2.6,9702,86,1.0,0.0,0.0,0,0.0,0.0,,0,0,
1.0,7,15.0,2,5.0,5.0,-2.5,9702,86,1.0,0.0,0.0,0,0.0,0.0,,0,0,
1.0,7,15.0,2,5.0,5.0,-2.4,9702,86,0.9582560296846011,0.041743970315398886,0.0,369,4.290697674418604,2738.404452690167,15.0,365,4,0.1643835616438356
1.0,7,15.0,2,5.0,5.0,-2.3,9702,86,0.8847660276231705,0.11523397237682952,0.0,861,10.011627906976743,6389.6103896103905,15.0,853,8,0.07033997655334115
1.0,7,15.0,2,5.0,5.0,-2.2,9702,86,0.8994021851164709,0.07740672026386312,0.023191094619666047,777,9.034883720930232,5766.233766233766,20.0,707,70,0.05091937765205092
1.0,7,15.0,2,5.0,5.0,-2.1,9702,86,0.7393320964749536,0.1569779426922284,0.10368996083281798,1769,20.569767441860463,13128.014842300556,15.0,1693,76,0.0
1.0,7,15.0,2,5.0,5.0,-2.0,9702,86,0.6408987837559266,0.16481137909709337,0.19428983714698,2286,26.58139534883721,16964.749536178108,15.0,2204,82,0.02722323049001815
1.0,7,15.0,2,5.0,5.0,-1.9,9702,86,0.5598845598845599,0.18676561533704392,0.2533498247783962,2278,26.488372093023255,16905.38033395176,15.0,2196,82,0.0273224043715847
1.0,7,15.0,2,5.0,5.0,-1.8,9702,86,0.4255823541537827,0.2406720263863121,0.33374561945990516,2317,26.941860465116278,17194.805194805194,15.0,2233,84,0.026869682042095836
1.0,7,15.0,2,5.0,5.0,-1.7,9702,86,0.3787878787878788,0.2533498247783962,0.367862296433725,2094,24.348837209302324,15539.888682745825,15.0,2022,72,0.04154302670623145
1.0,7,15.0,2,5.0,5.0,-1.6,9702,86,0.38476602762317047,0.09152752009894867,0.5237064522778808,1257,14.616279069767442,9328.385899814471,15.0,1186,71,0.06661045531197302
1.0,7,15.0,2,5.0,5.0,-1.5,9702,86,0.31766646052360337,0.15357658214801073,0.5287569573283859,1776,20.651162790697676,13179.962894248607,15.0,1691,85,0.039621525724423415
1.0,7,15.0,2,5.0,5.0,-1.4,9702,86,0.24613481756338898,0.10925582354153783,0.6446093588950732,1553,18.058139534883722,11525.046382189239,15.0,1468,85,0.04495912806539509
1.0,7,15.0,2,5.0,5.0,-1.3,9702,86,0.15316429602143888,0.14316635745207174,0.7036693465264894,1540,17.906976744186046,11428.571428571428,15.0,1460,80,0.03904109589041096
1.0,7,15.0,2,5.0,5.0,-1.2,9702,86,0.09657802514945373,0.14244485673057103,0.7609771181199753,1287,14.965116279069768,9551.020408163266,15.0,1209,78,0.04714640198511166
1.0,7,15.0,2,5.0,5.0,-1.1,9702,86,0.08039579468150897,0.11471861471861472,0.8048855905998763,1078,12.534883720930232,8000.0,15.0,1000,78,0.057
1.0,7,15.0,2,5.0,5.0,-1.0,9702,86,0.07029478458049887,0.06411049268192125,0.8655947227375799,756,8.790697674418604,5610.38961038961,15.0,684,72,0.08333333333333333
1.0,7,15.0,2,5.0,5.0,-0.9,9702,86,0.054215625644197074,0.04122861265718408,0.9045557616986188,473,5.5,3510.204081632653,20.0,415,58,0.13975903614457832
1.0,7,15.0,2,5.0,5.0,-0.8,9702,86,0.04308390022675737,0.05668934240362812,0.9002267573696145,494,5.744186046511628,3666.048237476809,15.0,422,72,0.13033175355450238
1.0,7,15.0,2,5.0,5.0,-0.7,9702,86,0.03927025355596784,0.05277262420119563,0.9079571222428365,493,5.732558139534884,3658.627087198516,15.0,422,71,0.13033175355450238
1.0,7,15.0,2,5.0,5.0,-0.6,9702,86,0.035559678416821276,0.051329622758194186,0.9131106988249845,492,5.72093023255814,3651.2059369202225,15.0,421,71,0.12826603325415678
1.0,7,15.0,2,5.0,5.0,-0.5,9702,86,0.03298289012574727,0.04122861265718408,0.9257884972170687,444,5.162790697674419,3294.9907235621517,15.0,373,71,0.1447721179624665
1.0,7,15.0,2,5.0,5.0,-0.4,9702,86,0.038033395176252316,0.023397237682951967,0.9385693671407958,329,3.8255813953488373,2441.5584415584417,15.0,259,70,0.2084942084942085
1.0,7,15.0,2,5.0,5.0,-0.3,9702,86,0.025561739847454135,0.010410224695938981,0.9640280354566069,135,1.569767441860465,1001.8552875695733,40.0,128,7,0.4296875
1.0,7,15.0,2,5.0,5.0,-0.2,9702,86,0.00515357658214801,0.026798598227169654,0.9680478251906823,160,1.8604651162790697,1187.3840445269016,25.0,154,6,0.36363636363636365
1.0,7,15.0,2,5.0,5.0,-0.1,9702,86,0.00515357658214801,0.021851164708307565,0.9729952587095444,172,2.0,1276.4378478664194,15.0,166,6,0.3373493975903614
1.0,7,15.0,2,5.0,5.0,0.0,9702,86,0.0024737167594310453,0.003916718202432488,0.9936095650381365,49,0.5697674418604651,363.6363636363636,15.0,47,2,0.48936170212765956
1.0,7,15.0,2,5.0,5.0,0.1,9702,86,0.0,0.015254586683158112,0.9847454133168418,123,1.430232558139535,912.8014842300556,15.0,118,5,0.4830508474576271
1.0,7,15.0,2,5.0,5.0,0.2,9702,86,0.0,0.015254586683158112,0.9847454133168418,123,1.430232558139535,912.8014842300556,15.0,118,5,0.4830508474576271
1.0,7,15.0,2,5.0,5.0,0.3,9702,86,0.0,0.013914656771799629,0.9860853432282004,123,1.430232558139535,912.8014842300556,15.0,118,5,0.4830508474576271
1.0,7,15.0,2,5.0,5.0,0.4,9702,86,0.0,0.007627293341579056,0.9923727066584209,74,0.8604651162790697,549.1651205936921,20.0,71,3,0.4788732394366197
1.0,7,15.0,2,5.0,5.0,0.5,9702,86,0.0,0.0024737167594310453,0.9975262832405689,24,0.27906976744186046,178.10760667903526,67.5,23,1,0.4782608695652174
1.0,7,15.0,2,5.0,5.0,0.6,9702,86,0.0,0.0,1.0,0,0.0,0.0,,0,0,
1.0,7,15.0,2,5.0,5.0,0.7,9702,86,0.0,0.0,1.0,0,0.0,0.0,,0,0,
1.0,7,15.0,2,5.0,5.0,0.8,9702,86,0.0,0.0,1.0,0,0.0,0.0,,0,0,
1.0,7,15.0,2,5.0,5.0,0.9,9702,86,0.0,0.0,1.0,0,0.0,0.0,,0,0,
1.0,7,15.0,2,5.0,5.0,1.0,9702,86,0.0,0.0,1.0,0,0.0,0.0,,0,0,
1.0,7,15.0,3,5.0,10.0,-4.0,9702,86,1.0,0.0,0.0,0,0.0,0.0,,0,0,
1.0,7,15.0,3,5.0,10.0,-3.9,9702,86,1.0,0.0,0.0,0,0.0,0.0,,0,0,
1.0,7,15.0,3,5.0,10.0,-3.8,9702,86,1.0,0.0,0.0,0,0.0,0.0,,0,0,
1.0,7,15.0,3,5.0,10.0,-3.7,9702,86,1.0,0.0,0.0,0,0.0,0.0,,0,0,
1.0,7,15.0,3,5.0,10.0,-3.6,9702,86,1.0,0.0,0.0,0,0.0,0.0,,0,0,
1.0,7,15.0,3,5.0,10.0,-3.5,9702,86,1.0,0.0,0.0,0,0.0,0.0,,0,0,
1.0,7,15.0,3,5.0,10.0,-3.4,9702,86,1.0,0.0,0.0,0,0.0,0.0,,0,0,
1.0,7,15.0,3,5.0,10.0,-3.3,9702,86,1.0,0.0,0.0,0,0.0,0.0,,0,0,
1.0,7,15.0,3,5.0,10.0,-3.2,9702,86,1.0,0.0,0.0,0,0.0,0.0,,0,0,
1.0,7,15.0,3,5.0,10.0,-3.1,9702,86,1.0,0.0,0.0,0,0.0,0.0,,0,0,
1.0,7,15.0,3,5.0,10.0,-3.0,9702,86,1.0,0.0,0.0,0,0.0,0.0,,0,0,
1.0,7,15.0,3,5.0,10.0,-2.9,9702,86,1.0,0.0,0.0,0,0.0,0.0,,0,0,
1.0,7,15.0,3,5.0,10.0,-2.8,9702,86,1.0,0.0,0.0,0,0.0,0.0,,0,0,
1.0,7,15.0,3,5.0,10.0,-2.7,9702,86,1.0,0.0,0.0,0,0.0,0.0,,0,0,
1.0,7,15.0,3,5.0,10.0,-2.6,9702,86,1.0,0.0,0.0,0,0.0,0.0,,0,0,
1.0,7,15.0,3,5.0,10.0,-2.5,9702,86,1.0,0.0,0.0,0,0.0,0.0,,0,0,
1.0,7,15.0,3,5.0,10.0,-2.4,9702,86,0.9888682745825603,0.011131725417439703,0.0,72,0.8372093023255814,534.3228200371058,32.5,69,3,0.4782608695652174
1.0,7,15.0,3,5.0,10.0,-2.3,9702,86,0.9209441352298495,0.07905586477015049,0.0,512,5.953488372093023,3799.628942486085,15.0,506,6,0.16403162055335968
1.0,7,15.0,3,5.0,10.0,-2.2,9702,86,0.9764996907854051,0.02350030921459493,0.0,152,1.7674418604651163,1128.0148423005567,15.0,124,28,0.3870967741935484
1.0,7,15.0,3,5.0,10.0,-2.1,9702,86,0.7941661513090085,0.11162646876932591,0.09420737992166564,1083,12.593023255813954,8037.105751391466,15.0,1009,74,0.023785926660059464
1.0,7,15.0,3,5.0,10.0,-2.0,9702,86,0.7902494331065759,0.05875077303648732,0.1509997938569367,569,6.616279069767442,4222.634508348794,50.0,495,74,0.19595959595959597
1.0,7,15.0,3,5.0,10.0,-1.9,9702,86,0.5122655122655123,0.11698618841475984,0.3707482993197279,899,10.453488372093023,6671.6141001855285,15.0,820,79,0.08658536585365853
1.0,7,15.0,3,5.0,10.0,-1.8,9702,86,0.4007421150278293,0.17037724180581323,0.42888064316635743,1213,14.104651162790697,9001.855287569573,15.0,1132,81,0.09275618374558305
1.0,7,15.0,3,5.0,10.0,-1.7,9702,86,0.33632240775097916,0.1679035250463822,0.4957740672026386,957,11.127906976744185,7102.04081632653,15.0,879,78,0.1353811149032992
1.0,7,15.0,3,5.0,10.0,-1.6,9702,86,0.4450628736343022,0.0367965367965368,0.518140589569161,188,2.186046511627907,1395.1762523191094,295.0,115,73,0.9826086956521739
1.0,7,15.0,3,5.0,10.0,-1.5,9702,86,0.3829107400535972,0.08606472892187178,0.5310245310245311,502,5.837209302325581,3725.417439703154,50.0,423,79,0.29550827423167847
1.0,7,15.0,3,5.0,10.0,-1.4,9702,86,0.23644609358895075,0.11234796949082664,0.6512059369202227,481,5.593023255813954,3569.5732838589984,50.0,411,70,0.27007299270072993
1.0,7,15.0,3,5.0,10.0,-1.3,9702,86,0.08111729540300969,0.13543599257884972,0.7834467120181405,519,6.034883720930233,3851.5769944341373,20.0,482,37,0.14107883817427386
1.0,7,15.0,3,5.0,10.0,-1.2,9702,86,0.06225520511234797,0.10358688930117502,0.8341579055864771,601,6.988372093023256,4460.1113172541745,20.0,587,14,0.11584327086882454
1.0,7,15.0,3,5.0,10.0,-1.1,9702,86,0.056998556998557,0.10327767470624613,0.8397237682951969,515,5.988372093023256,3821.8923933209644,20.0,477,38,0.11740041928721175
1.0,7,15.0,3,5.0,10.0,-1.0,9702,86,0.051638837353123065,0.025355596784168214,0.9230055658627088,271,3.1511627906976742,2011.1317254174396,20.0,263,8,0.21292775665399238
1.0,7,15.0,3,5.0,10.0,-0.9,9702,86,0.051638837353123065,0.013399299113584827,0.9349618635332921,201,2.3372093023255816,1491.6512059369202,20.0,191,10,0.2931937172774869
1.0,7,15.0,3,5.0,10.0,-0.8,9702,86,0.04143475572047001,0.0585446299732014,0.9000206143063286,455,5.290697674418604,3376.6233766233768,15.0,385,70,0.14545454545454545
1.0,7,15.0,3,5.0,10.0,-0.7,9702,86,0.03153988868274583,0.050505050505050504,0.9179550608122037,367,4.267441860465116,2723.5621521335806,15.0,298,69,0.18791946308724833
1.0,7,15.0,3,5.0,10.0,-0.6,9702,86,0.0191713048855906,0.04772211915069058,0.9331065759637188,282,3.2790697674418605,2092.764378478664,15.0,225,57,0.24444444444444444
1.0,7,15.0,3,5.0,10.0,-0.5,9702,86,0.011440940012368584,0.035147392290249435,0.953411667697382,161,1.872093023255814,1194.8051948051948,30.0,152,9,0.3618421052631579
1.0,7,15.0,3,5.0,10.0,-0.4,9702,86,0.0,0.0017522160379303236,0.9982477839620697,3,0.03488372093023256,22.263450834879407,40.0,1,2,1.0
1.0,7,15.0,3,5.0,10.0,-0.3,9702,86,0.0,0.0008245722531436817,0.9991754277468563,1,0.011627906976744186,7.421150278293135,535.0,1,0,1.0
1.0,7,15.0,3,5.0,10.0,-0.2,9702,86,0.0,0.03968253968253968,0.9603174603174603,98,1.1395348837209303,727.2727272727273,45.0,93,5,0.4838709677419355
1.0,7,15.0,3,5.0,10.0,-0.1,9702,86,0.0,0.021129663986806844,0.9788703360131932,50,0.5813953488372093,371.05751391465674,45.0,47,3,0.48936170212765956
1.0,7,15.0,3,5.0,10.0,0.0,9702,86,0.0,0.0,1.0,0,0.0,0.0,,0,0,
1.0,7,15.0,3,5.0,10.0,0.1,9702,86,0.0,0.007730364873222016,0.992269635126778,50,0.5813953488372093,371.05751391465674,17.5,48,2,0.4791666666666667
1.0,7,15.0,3,5.0,10.0,0.2,9702,86,0.0,0.007730364873222016,0.992269635126778,50,0.5813953488372093,371.05751391465674,17.5,48,2,0.4791666666666667
1.0,7,15.0,3,5.0,10.0,0.3,9702,86,0.0,0.0037105751391465678,0.9962894248608535,24,0.27906976744186046,178.10760667903526,50.0,23,1,0.4782608695652174
1.0,7,15.0,3,5.0,10.0,0.4,9702,86,0.0,0.0,1.0,0,0.0,0.0,,0,0,
1.0,7,15.0,3,5.0,10.0,0.5,9702,86,0.0,0.0,1.0,0,0.0,0.0,,0,0,
1.0,7,15.0,3,5.0,10.0,0.6,9702,86,0.0,0.0,1.0,0,0.0,0.0,,0,0,
1.0,7,15.0,3,5.0,10.0,0.7,9702,86,0.0,0.0,1.0,0,0.0,0.0,,0,0,
1.0,7,15.0,3,5.0,10.0,0.8,9702,86,0.0,0.0,1.0,0,0.0,0.0,,0,0,
1.0,7,15.0,3,5.0,10.0,0.9,9702,86,0.0,0.0,1.0,0,0.0,0.0,,0,0,
1.0,7,15.0,3,5.0,10.0,1.0,9702,86,0.0,0.0,1.0,0,0.0,0.0,,0,0,
1.0,7,30.0,1,5.0,0.0,-4.0,9516,85,1.0,0.0,0.0,0,0.0,0.0,,0,0,
1.0,7,30.0,1,5.0,0.0,-3.9,9516,85,1.0,0.0,0.0,0,0.0,0.0,,0,0,
1.0,7,30.0,1,5.0,0.0,-3.8,9516,85,1.0,0.0,0.0,0,0.0,0.0,,0,0,
1.0,7,30.0,1,5.0,0.0,-3.7,9516,85,1.0,0.0,0.0,0,0.0,0.0,,0,0,
1.0,7,30.0,1,5.0,0.0,-3.6,9516,85,1.0,0.0,0.0,0,0.0,0.0,,0,0,
1.0,7,30.0,1,5.0,0.0,-3.5,9516,85,1.0,0.0,0.0,0,0.0,0.0,,0,0,
1.0,7,30.0,1,5.0,0.0,-3.4,9516,85,1.0,0.0,0.0,0,0.0,0.0,,0,0,
1.0,7,30.0,1,5.0,0.0,-3.3,9516,85,1.0,0.0,0.0,0,0.0,0.0,,0,0,
1.0,7,30.0,1,5.0,0.0,-3.2,9516,85,1.0,0.0,0.0,0,0.0,0.0,,0,0,
1.0,7,30.0,1,5.0,0.0,-3.1,9516,85,1.0,0.0,0.0,0,0.0,0.0,,0,0,
1.0,7,30.0,1,5.0,0.0,-3.0,9516,85,1.0,0.0,0.0,0,0.0,0.0,,0,0,
1.0,7,30.0,1,5.0,0.0,-2.9,9516,85,1.0,0.0,0.0,0,0.0,0.0,,0,0,
1.0,7,30.0,1,5.0,0.0,-2.8,9516,85,1.0,0.0,0.0,0,0.0,0.0,,0,0,
1.0,7,30.0,1,5.0,0.0,-2.7,9516,85,1.0,0.0,0.0,0,0.0,0.0,,0,0,
1.0,7,30.0,1,5.0,0.0,-2.6,9516,85,1.0,0.0,0.0,0,0.0,0.0,,0,0,
1.0,7,30.0,1,5.0,0.0,-2.5,9516,85,1.0,0.0,0.0,0,0.0,0.0,,0,0,
1.0,7,30.0,1,5.0,0.0,-2.4,9516,85,1.0,0.0,0.0,0,0.0,0.0,,0,0,
1.0,7,30.0,1,5.0,0.0,-2.3,9516,85,1.0,0.0,0.0,0,0.0,0.0,,0,0,
1.0,7,30.0,1,5.0,0.0,-2.2,9516,85,0.8153635981504834,0.1846364018495166,0.0,248,2.9176470588235293,1876.4186633039092,80.0,240,8,0.75
1.0,7,30.0,1,5.0,0.0,-2.1,9516,85,0.7971836906263136,0.20281630937368642,0.0,248,2.9176470588235293,1876.4186633039092,75.0,240,8,0.75
1.0,7,30.0,1,5.0,0.0,-2.0,9516,85,0.49548129466162255,0.4369482976040353,0.06757040773434216,248,2.9176470588235293,1876.4186633039092,80.0,239,9,0.7489539748953975
1.0,7,30.0,1,5.0,0.0,-1.9,9516,85,0.48759983186212696,0.3720050441361917,0.1403951240016814,620,7.294117647058823,4691.046658259774,20.0,609,11,0.19704433497536947
1.0,7,30.0,1,5.0,0.0,-1.8,9516,85,0.4810844892812106,0.13009667927700713,0.38881883144178225,496,5.8352941176470585,3752.8373266078183,65.0,482,14,0.21991701244813278
1.0,7,30.0,1,5.0,0.0,-1.7,9516,85,0.1978772593526692,0.3833543505674653,0.4187683900798655,743,8.741176470588234,5621.689785624212,25.0,665,78,0.2661654135338346
1.0,7,30.0,1,5.0,0.0,-1.6,9516,85,0.07934005884825557,0.48759983186212696,0.43306010928961747,372,4.376470588235295,2814.6279949558643,65.0,297,75,0.39730639730639733
1.0,7,30.0,1,5.0,0.0,-1.5,9516,85,0.07534678436317781,0.4474569146700294,0.4771963009667928,495,5.823529411764706,3745.2711223203028,60.0,421,74,0.28028503562945367
1.0,7,30.0,1,5.0,0.0,-1.4,9516,85,0.07282471626733922,0.39922236233711644,0.5279529213955444,247,2.9058823529411764,1868.8524590163936,60.0,177,70,0.6610169491525424
1.0,7,30.0,1,5.0,0.0,-1.3,9516,85,0.06494325346784363,0.27574611181168557,0.6593106347204708,495,5.823529411764706,3745.2711223203028,20.0,423,72,0.1347517730496454
1.0,7,30.0,1,5.0,0.0,-1.2,9516,85,0.06105506515342581,0.21237915090374107,0.7265657839428331,802,9.435294117647059,6068.095838587642,20.0,728,74,0.07967032967032966
1.0,7,30.0,1,5.0,0.0,-1.1,9516,85,0.05327868852459016,0.11307271963009669,0.8336485918453131,308,3.623529411764706,2330.390920554855,40.0,240,68,0.2375
1.0,7,30.0,1,5.0,0.0,-1.0,9516,85,0.04665825977301387,0.11065573770491803,0.842686002522068,307,3.611764705882353,2322.824716267339,35.0,239,68,0.2384937238493724
1.0,7,30.0,1,5.0,0.0,-0.9,9516,85,0.04287515762925599,0.08848255569567046,0.8686422866750736,467,5.4941176470588236,3533.417402269861,20.0,397,70,0.14357682619647355
1.0,7,30.0,1,5.0,0.0,-0.8,9516,85,0.036464901218999576,0.03635981504833964,0.9271752837326608,370,4.352941176470588,2799.4955863808323,15.0,302,68,0.19205298013245034
1.0,7,30.0,1,5.0,0.0,-0.7,9516,85,0.03131567885666246,0.02847835224884405,0.9402059688944935,246,2.8941176470588235,1861.2862547288778,20.0,241,5,0.24066390041493776
1.0,7,30.0,1,5.0,0.0,-0.6,9516,85,0.0,0.05327868852459016,0.9467213114754098,123,1.4470588235294117,930.6431273644389,45.0,118,5,0.4915254237288136
1.0,7,30.0,1,5.0,0.0,-0.5,9516,85,0.0,0.04939050021017234,0.9506094997898277,123,1.4470588235294117,930.6431273644389,40.0,118,5,0.4915254237288136
1.0,7,30.0,1,5.0,0.0,-0.4,9516,85,0.0,0.0416141235813367,0.9583858764186634,124,1.4588235294117646,938.2093316519546,35.0,119,5,0.48739495798319327
1.0,7,30.0,1,5.0,0.0,-0.3,9516,85,0.0,0.03635981504833964,0.9636401849516604,123,1.4470588235294117,930.6431273644389,30.0,118,5,0.4830508474576271
1.0,7,30.0,1,5.0,0.0,-0.2,9516,85,0.0,0.025956284153005466,0.9740437158469946,123,1.4470588235294117,930.6431273644389,20.0,118,5,0.4830508474576271
1.0,7,30.0,1,5.0,0.0,-0.1,9516,85,0.0,0.02080706179066835,0.9791929382093316,123,1.4470588235294117,930.6431273644389,20.0,118,5,0.4830508474576271
1.0,7,30.0,1,5.0,0.0,0.0,9516,85,0.0,0.011664564943253467,0.9883354350567465,123,1.4470588235294117,930.6431273644389,10.0,118,5,0.4830508474576271
1.0,7,30.0,1,5.0,0.0,0.1,9516,85,0.0,0.0,1.0,0,0.0,0.0,,0,0,
1.0,7,30.0,1,5.0,0.0,0.2,9516,85,0.0,0.0,1.0,0,0.0,0.0,,0,0,
1.0,7,30.0,1,5.0,0.0,0.3,9516,85,0.0,0.0,1.0,0,0.0,0.0,,0,0,
1.0,7,30.0,1,5.0,0.0,0.4,9516,85,0.0,0.0,1.0,0,0.0,0.0,,0,0,
1.0,7,30.0,1,5.0,0.0,0.5,9516,85,0.0,0.0,1.0,0,0.0,0.0,,0,0,
1.0,7,30.0,1,5.0,0.0,0.6,9516,85,0.0,0.0,1.0,0,0.0,0.0,,0,0,
1.0,7,30.0,1,5.0,0.0,0.7,9516,85,0.0,0.0,1.0,0,0.0,0.0,,0,0,
1.0,7,30.0,1,5.0,0.0,0.8,9516,85,0.0,0.0,1.0,0,0.0,0.0,,0,0,
1.0,7,30.0,1,5.0,0.0,0.9,9516,85,0.0,0.0,1.0,0,0.0,0.0,,0,0,
1.0,7,30.0,1,5.0,0.0,1.0,9516,85,0.0,0.0,1.0,0,0.0,0.0,,0,0,
1.0,7,30.0,2,5.0,5.0,-4.0,9516,85,1.0,0.0,0.0,0,0.0,0.0,,0,0,
1.0,7,30.0,2,5.0,5.0,-3.9,9516,85,1.0,0.0,0.0,0,0.0,0.0,,0,0,
1.0,7,30.0,2,5.0,5.0,-3.8,9516,85,1.0,0.0,0.0,0,0.0,0.0,,0,0,
1.0,7,30.0,2,5.0,5.0,-3.7,9516,85,1.0,0.0,0.0,0,0.0,0.0,,0,0,
1.0,7,30.0,2,5.0,5.0,-3.6,9516,85,1.0,0.0,0.0,0,0.0,0.0,,0,0,
1.0,7,30.0,2,5.0,5.0,-3.5,9516,85,1.0,0.0,0.0,0,0.0,0.0,,0,0,
1.0,7,30.0,2,5.0,5.0,-3.4,9516,85,1.0,0.0,0.0,0,0.0,0.0,,0,0,
1.0,7,30.0,2,5.0,5.0,-3.3,9516,85,1.0,0.0,0.0,0,0.0,0.0,,0,0,
1.0,7,30.0,2,5.0,5.0,-3.2,9516,85,1.0,0.0,0.0,0,0.0,0.0,,0,0,
1.0,7,30.0,2,5.0,5.0,-3.1,9516,85,1.0,0.0,0.0,0,0.0,0.0,,0,0,
1.0,7,30.0,2,5.0,5.0,-3.0,9516,85,1.0,0.0,0.0,0,0.0,0.0,,0,0,
1.0,7,30.0,2,5.0,5.0,-2.9,9516,85,1.0,0.0,0.0,0,0.0,0.0,,0,0,
1.0,7,30.0,2,5.0,5.0,-2.8,9516,85,1.0,0.0,0.0,0,0.0,0.0,,0,0,
1.0,7,30.0,2,5.0,5.0,-2.7,9516,85,1.0,0.0,0.0,0,0.0,0.0,,0,0,
1.0,7,30.0,2,5.0,5.0,-2.6,9516,85,1.0,0.0,0.0,0,0.0,0.0,,0,0,
1.0,7,30.0,2,5.0,5.0,-2.5,9516,85,1.0,0.0,0.0,0,0.0,0.0,,0,0,
1.0,7,30.0,2,5.0,5.0,-2.4,9516,85,1.0,0.0,0.0,0,0.0,0.0,,0,0,
1.0,7,30.0,2,5.0,5.0,-2.3,9516,85,1.0,0.0,0.0,0,0.0,0.0,,0,0,
1.0,7,30.0,2,5.0,5.0,-2.2,9516,85,0.8153635981504834,0.1846364018495166,0.0,248,2.9176470588235293,1876.4186633039092,75.0,239,9,0.7489539748953975
1.0,7,30.0,2,5.0,5.0,-2.1,9516,85,0.7971836906263136,0.20281630937368642,0.0,248,2.9176470588235293,1876.4186633039092,70.0,239,9,0.7489539748953975
1.0,7,30.0,2,5.0,5.0,-2.0,9516,85,0.49548129466162255,0.4369482976040353,0.06757040773434216,248,2.9176470588235293,1876.4186633039092,75.0,239,9,0.7489539748953975
1.0,7,30.0,2,5.0,5.0,-1.9,9516,85,0.48759983186212696,0.3720050441361917,0.1403951240016814,617,7.258823529411765,4668.348045397226,20.0,606,11,0.19801980198019803
1.0,7,30.0,2,5.0,5.0,-1.8,9516,85,0.4810844892812106,0.12484237074401008,0.39407313997477933,395,4.647058823529412,2988.650693568726,70.0,383,12,0.27676240208877284
1.0,7,30.0,2,5.0,5.0,-1.7,9516,85,0.19777217318200924,0.38345943673812527,0.4187683900798655,743,8.741176470588234,5621.689785624212,25.0,664,79,0.26506024096385544
1.0,7,30.0,2,5.0,5.0,-1.6,9516,85,0.07934005884825557,0.48759983186212696,0.43306010928961747,371,4.364705882352941,2807.0617906683483,65.0,296,75,0.3952702702702703
1.0,7,30.0,2,5.0,5.0,-1.5,9516,85,0.07534678436317781,0.44472467423287093,0.47992854140395125,445,5.235294117647059,3366.960907944515,60.0,371,74,0.31805929919137466
1.0,7,30.0,2,5.0,5.0,-1.4,9516,85,0.07282471626733922,0.3991172761664565,0.5280580075662042,247,2.9058823529411764,1868.8524590163936,60.0,177,70,0.6610169491525424
1.0,7,30.0,2,5.0,5.0,-1.3,9516,85,0.06494325346784363,0.27585119798234553,0.6592055485498108,494,5.811764705882353,3737.704918032787,20.0,423,71,0.1347517730496454
1.0,7,30.0,2,5.0,5.0,-1.2,9516,85,0.06105506515342581,0.20060949978982767,0.7383354350567465,704,8.282352941176471,5326.6078184110975,20.0,631,73,0.0919175911251981
1.0,7,30.0,2,5.0,5.0,-1.1,9516,85,0.053173602353930226,0.1067675493905002,0.8400588482555695,307,3.611764705882353,2322.824716267339,40.0,239,68,0.2384937238493724
1.0,7,30.0,2,5.0,5.0,-1.0,9516,85,0.04665825977301387,0.10424548129466163,0.8490962589323245,307,3.611764705882353,2322.824716267339,35.0,239,68,0.2384937238493724
1.0,7,30.0,2,5.0,5.0,-0.9,9516,85,0.04287515762925599,0.08585540142917192,0.8712694409415721,430,5.0588235294117645,3253.467843631778,20.0,360,70,0.15833333333333333
1.0,7,30.0,2,5.0,5.0,-0.8,9516,85,0.036464901218999576,0.032471626733921816,0.9310634720470786,295,3.4705882352941178,2232.03026481715,15.0,264,31,0.2159090909090909
1.0,7,30.0,2,5.0,5.0,-0.7,9516,85,0.03121059268600252,0.028688524590163935,0.9401008827238335,246,2.8941176470588235,1861.2862547288778,17.5,240,6,0.2375
1.0,7,30.0,2,5.0,5.0,-0.6,9516,85,0.0,0.0533837746952501,0.9466162253047499,123,1.4470588235294117,930.6431273644389,45.0,117,6,0.48717948717948717
1.0,7,30.0,2,5.0,5.0,-0.5,9516,85,0.0,0.049495586380832284,0.9505044136191677,123,1.4470588235294117,930.6431273644389,40.0,117,6,0.48717948717948717
1.0,7,30.0,2,5.0,5.0,-0.4,9516,85,0.0,0.0416141235813367,0.9583858764186634,124,1.4588235294117646,938.2093316519546,35.0,119,5,0.48739495798319327
1.0,7,30.0,2,5.0,5.0,-0.3,9516,85,0.0,0.0362547288776797,0.9637452711223203,123,1.4470588235294117,930.6431273644389,30.0,118,5,0.4830508474576271
1.0,7,30.0,2,5.0,5.0,-0.2,9516,85,0.0,0.025851197982345524,0.9741488020176545,123,1.4470588235294117,930.6431273644389,20.0,118,5,0.4830508474576271
1.0,7,30.0,2,5.0,5.0,-0.1,9516,85,0.0,0.020701975620008407,0.9792980243799916,123,1.4470588235294117,930.6431273644389,20.0,118,5,0.4830508474576271
1.0,7,30.0,2,5.0,5.0,0.0,9516,85,0.0,0.010193358554014292,0.9898066414459857,97,1.1411764705882352,733.9218158890291,10.0,93,4,0.4838709677419355
1.0,7,30.0,2,5.0,5.0,0.1,9516,85,0.0,0.0,1.0,0,0.0,0.0,,0,0,
1.0,7,30.0,2,5.0,5.0,0.2,9516,85,0.0,0.0,1.0,0,0.0,0.0,,0,0,
1.0,7,30.0,2,5.0,5.0,0.3,9516,85,0.0,0.0,1.0,0,0.0,0.0,,0,0,
1.0,7,30.0,2,5.0,5.0,0.4,9516,85,0.0,0.0,1.0,0,0.0,0.0,,0,0,
1.0,7,30.0,2,5.0,5.0,0.5,9516,85,0.0,0.0,1.0,0,0.0,0.0,,0,0,
1.0,7,30.0,2,5.0,5.0,0.6,9516,85,0.0,0.0,1.0,0,0.0,0.0,,0,0,
1.0,7,30.0,2,5.0,5.0,0.7,9516,85,0.0,0.0,1.0,0,0.0,0.0,,0,0,
1.0,7,30.0,2,5.0,5.0,0.8,9516,85,0.0,0.0,1.0,0,0.0,0.0,,0,0,
1.0,7,30.0,2,5.0,5.0,0.9,9516,85,0.0,0.0,1.0,0,0.0,0.0,,0,0,
1.0,7,30.0,2,5.0,5.0,1.0,9516,85,0.0,0.0,1.0,0,0.0,0.0,,0,0,
1.0,7,30.0,3,5.0,10.0,-4.0,9516,85,1.0,0.0,0.0,0,0.0,0.0,,0,0,
1.0,7,30.0,3,5.0,10.0,-3.9,9516,85,1.0,0.0,0.0,0,0.0,0.0,,0,0,
1.0,7,30.0,3,5.0,10.0,-3.8,9516,85,1.0,0.0,0.0,0,0.0,0.0,,0,0,
1.0,7,30.0,3,5.0,10.0,-3.7,9516,85,1.0,0.0,0.0,0,0.0,0.0,,0,0,
1.0,7,30.0,3,5.0,10.0,-3.6,9516,85,1.0,0.0,0.0,0,0.0,0.0,,0,0,
1.0,7,30.0,3,5.0,10.0,-3.5,9516,85,1.0,0.0,0.0,0,0.0,0.0,,0,0,
1.0,7,30.0,3,5.0,10.0,-3.4,9516,85,1.0,0.0,0.0,0,0.0,0.0,,0,0,
1.0,7,30.0,3,5.0,10.0,-3.3,9516,85,1.0,0.0,0.0,0,0.0,0.0,,0,0,
1.0,7,30.0,3,5.0,10.0,-3.2,9516,85,1.0,0.0,0.0,0,0.0,0.0,,0,0,
1.0,7,30.0,3,5.0,10.0,-3.1,9516,85,1.0,0.0,0.0,0,0.0,0.0,,0,0,
1.0,7,30.0,3,5.0,10.0,-3.0,9516,85,1.0,0.0,0.0,0,0.0,0.0,,0,0,
1.0,7,30.0,3,5.0,10.0,-2.9,9516,85,1.0,0.0,0.0,0,0.0,0.0,,0,0,
1.0,7,30.0,3,5.0,10.0,-2.8,9516,85,1.0,0.0,0.0,0,0.0,0.0,,0,0,
1.0,7,30.0,3,5.0,10.0,-2.7,9516,85,1.0,0.0,0.0,0,0.0,0.0,,0,0,
1.0,7,30.0,3,5.0,10.0,-2.6,9516,85,1.0,0.0,0.0,0,0.0,0.0,,0,0,
1.0,7,30.0,3,5.0,10.0,-2.5,9516,85,1.0,0.0,0.0,0,0.0,0.0,,0,0,
1.0,7,30.0,3,5.0,10.0,-2.4,9516,85,1.0,0.0,0.0,0,0.0,0.0,,0,0,
1.0,7,30.0,3,5.0,10.0,-2.3,9516,85,1.0,0.0,0.0,0,0.0,0.0,,0,0,
1.0,7,30.0,3,5.0,10.0,-2.2,9516,85,0.8153635981504834,0.1846364018495166,0.0,246,2.8941176470588235,1861.2862547288778,75.0,239,7,0.7489539748953975
1.0,7,30.0,3,5.0,10.0,-2.1,9516,85,0.7971836906263136,0.20281630937368642,0.0,247,2.9058823529411764,1868.8524590163936,70.0,239,8,0.7489539748953975
1.0,7,30.0,3,5.0,10.0,-2.0,9516,85,0.49548129466162255,0.4369482976040353,0.06757040773434216,247,2.9058823529411764,1868.8524590163936,70.0,238,9,0.7478991596638656
1.0,7,30.0,3,5.0,10.0,-1.9,9516,85,0.48759983186212696,0.35865910046237914,0.1537410676754939,554,6.517647058823529,4191.677175283732,25.0,483,71,0.12422360248447205
1.0,7,30.0,3,5.0,10.0,-1.8,9516,85,0.4941151744430433,0.09615384615384616,0.40973097940311054,246,2.8941176470588235,1861.2862547288778,75.0,172,74,0.0
1.0,7,30.0,3,5.0,10.0,-1.7,9516,85,0.17686002522068095,0.40437158469945356,0.4187683900798655,399,4.694117647058824,3018.9155107187894,90.0,322,77,0.4720496894409938
1.0,7,30.0,3,5.0,10.0,-1.6,9516,85,0.07934005884825557,0.48770491803278687,0.43295502311895756,370,4.352941176470588,2799.4955863808323,65.0,295,75,0.39661016949152544
1.0,7,30.0,3,5.0,10.0,-1.5,9516,85,0.07534678436317781,0.4599621689785624,0.4646910466582598,370,4.352941176470588,2799.4955863808323,60.0,295,75,0.39661016949152544
1.0,7,30.0,3,5.0,10.0,-1.4,9516,85,0.07282471626733922,0.3990121899957966,0.5281630937368642,246,2.8941176470588235,1861.2862547288778,60.0,177,69,0.6610169491525424
1.0,7,30.0,3,5.0,10.0,-1.3,9516,85,0.07797393862967633,0.2527322404371585,0.6692938209331651,382,4.4941176470588236,2890.2900378310214,60.0,311,71,0.22186495176848875
1.0,7,30.0,3,5.0,10.0,-1.2,9516,85,0.07419083648591845,0.19346364018495166,0.7323455233291298,323,3.8,2443.8839848675916,85.0,248,75,0.27419354838709675
1.0,7,30.0,3,5.0,10.0,-1.1,9516,85,0.06599411517444305,0.07713324926439681,0.8568726355611601,196,2.3058823529411763,1482.9760403530895,55.0,127,69,0.4330708661417323
1.0,7,30.0,3,5.0,10.0,-1.0,9516,85,0.05947877259352669,0.07492643968053804,0.8655947877259352,197,2.3176470588235296,1490.5422446406053,55.0,128,69,0.4296875
1.0,7,30.0,3,5.0,10.0,-0.9,9516,85,0.05569567044976881,0.06630937368642287,0.8779949558638083,223,2.623529411764706,1687.2635561160153,45.0,152,71,0.3618421052631579
1.0,7,30.0,3,5.0,10.0,-0.8,9516,85,0.04676334594367381,0.004203446826397646,0.9490332072299286,135,1.588235294117647,1021.4375788146281,40.0,128,7,0.4375
1.0,7,30.0,3,5.0,10.0,-0.7,9516,85,0.038881883144178224,0.00830180748213535,0.9528163093736864,148,1.7411764705882353,1119.7982345523328,35.0,141,7,0.3971631205673759
1.0,7,30.0,3,5.0,10.0,-0.6,9516,85,0.0,0.053488860865910044,0.9465111391340899,123,1.4470588235294117,930.6431273644389,45.0,117,6,0.48717948717948717
1.0,7,30.0,3,5.0,10.0,-0.5,9516,85,0.0,0.049600672551492225,0.9503993274485077,123,1.4470588235294117,930.6431273644389,40.0,117,6,0.48717948717948717
1.0,7,30.0,3,5.0,10.0,-0.4,9516,85,0.0,0.0416141235813367,0.9583858764186634,124,1.4588235294117646,938.2093316519546,35.0,118,6,0.4830508474576271
1.0,7,30.0,3,5.0,10.0,-0.3,9516,85,0.0,0.03614964270701976,0.9638503572929803,123,1.4470588235294117,930.6431273644389,30.0,117,6,0.47863247863247865
1.0,7,30.0,3,5.0,10.0,-0.2,9516,85,0.0,0.025746111811685582,0.9742538881883144,123,1.4470588235294117,930.6431273644389,20.0,117,6,0.47863247863247865
1.0,7,30.0,3,5.0,10.0,-0.1,9516,85,0.0,0.020596889449348465,0.9794031105506515,123,1.4470588235294117,930.6431273644389,20.0,118,5,0.4830508474576271
1.0,7,30.0,3,5.0,10.0,0.0,9516,85,0.0,0.0,1.0,0,0.0,0.0,,0,0,
1.0,7,30.0,3,5.0,10.0,0.1,9516,85,0.0,0.0,1.0,0,0.0,0.0,,0,0,
1.0,7,30.0,3,5.0,10.0,0.2,9516,85,0.0,0.0,1.0,0,0.0,0.0,,0,0,
1.0,7,30.0,3,5.0,10.0,0.3,9516,85,0.0,0.0,1.0,0,0.0,0.0,,0,0,
1.0,7,30.0,3,5.0,10.0,0.4,9516,85,0.0,0.0,1.0,0,0.0,0.0,,0,0,
1.0,7,30.0,3,5.0,10.0,0.5,9516,85,0.0,0.0,1.0,0,0.0,0.0,,0,0,
1.0,7,30.0,3,5.0,10.0,0.6,9516,85,0.0,0.0,1.0,0,0.0,0.0,,0,0,
1.0,7,30.0,3,5.0,10.0,0.7,9516,85,0.0,0.0,1.0,0,0.0,0.0,,0,0,
1.0,7,30.0,3,5.0,10.0,0.8,9516,85,0.0,0.0,1.0,0,0.0,0.0,,0,0,
1.0,7,30.0,3,5.0,10.0,0.9,9516,85,0.0,0.0,1.0,0,0.0,0.0,,0,0,
1.0,7,30.0,3,5.0,10.0,1.0,9516,85,0.0,0.0,1.0,0,0.0,0.0,,0,0,
1.0,7,60.0,1,5.0,0.0,-4.0,9145,84,1.0,0.0,0.0,0,0.0,0.0,,0,0,
1.0,7,60.0,1,5.0,0.0,-3.9,9145,84,1.0,0.0,0.0,0,0.0,0.0,,0,0,
1.0,7,60.0,1,5.0,0.0,-3.8,9145,84,1.0,0.0,0.0,0,0.0,0.0,,0,0,
1.0,7,60.0,1,5.0,0.0,-3.7,9145,84,1.0,0.0,0.0,0,0.0,0.0,,0,0,
1.0,7,60.0,1,5.0,0.0,-3.6,9145,84,1.0,0.0,0.0,0,0.0,0.0,,0,0,
1.0,7,60.0,1,5.0,0.0,-3.5,9145,84,1.0,0.0,0.0,0,0.0,0.0,,0,0,
1.0,7,60.0,1,5.0,0.0,-3.4,9145,84,1.0,0.0,0.0,0,0.0,0.0,,0,0,
1.0,7,60.0,1,5.0,0.0,-3.3,9145,84,1.0,0.0,0.0,0,0.0,0.0,,0,0,
1.0,7,60.0,1,5.0,0.0,-3.2,9145,84,1.0,0.0,0.0,0,0.0,0.0,,0,0,
1.0,7,60.0,1,5.0,0.0,-3.1,9145,84,1.0,0.0,0.0,0,0.0,0.0,,0,0,
1.0,7,60.0,1,5.0,0.0,-3.0,9145,84,1.0,0.0,0.0,0,0.0,0.0,,0,0,
1.0,7,60.0,1,5.0,0.0,-2.9,9145,84,1.0,0.0,0.0,0,0.0,0.0,,0,0,
1.0,7,60.0,1,5.0,0.0,-2.8,9145,84,1.0,0.0,0.0,0,0.0,0.0,,0,0,
1.0,7,60.0,1,5.0,0.0,-2.7,9145,84,1.0,0.0,0.0,0,0.0,0.0,,0,0,
1.0,7,60.0,1,5.0,0.0,-2.6,9145,84,1.0,0.0,0.0,0,0.0,0.0,,0,0,
1.0,7,60.0,1,5.0,0.0,-2.5,9145,84,1.0,0.0,0.0,0,0.0,0.0,,0,0,
1.0,7,60.0,1,5.0,0.0,-2.4,9145,84,1.0,0.0,0.0,0,0.0,0.0,,0,0,
1.0,7,60.0,1,5.0,0.0,-2.3,9145,84,1.0,0.0,0.0,0,0.0,0.0,,0,0,
1.0,7,60.0,1,5.0,0.0,-2.2,9145,84,0.8918534718425369,0.10814652815746309,0.0,248,2.9523809523809526,1952.542372881356,60.0,242,6,0.5
1.0,7,60.0,1,5.0,0.0,-2.1,9145,84,0.7253143794423182,0.2746856205576818,0.0,346,4.119047619047619,2724.111536358666,50.0,315,31,0.49523809523809526
1.0,7,60.0,1,5.0,0.0,-2.0,9145,84,0.4953526517222526,0.4721705850191361,0.03247676325861126,496,5.904761904761905,3905.084745762712,25.0,451,45,0.31929046563192903
1.0,7,60.0,1,5.0,0.0,-1.9,9145,84,0.43969382176052485,0.44264625478403496,0.11765992345544013,620,7.380952380952381,4881.35593220339,20.0,548,72,0.21715328467153286
1.0,7,60.0,1,5.0,0.0,-1.8,9145,84,0.4289775833788956,0.2071077091306725,0.3639147074904319,472,5.619047619047619,3716.1290322580644,50.0,397,75,0.027707808564231738
1.0,7,60.0,1,5.0,0.0,-1.7,9145,84,0.23028977583378896,0.3339529797703663,0.43575724439584473,892,10.619047619047619,7022.8540185893935,20.0,813,79,0.14514145141451415
1.0,7,60.0,1,5.0,0.0,-1.6,9145,84,0.13264078731547294,0.3722252597047567,0.49513395297977036,596,7.095238095238095,4692.400218698743,40.0,520,76,0.225
1.0,7,60.0,1,5.0,0.0,-1.5,9145,84,0.09338436303991252,0.36260251503553853,0.544013121924549,419,4.988095238095238,3298.851831601968,55.0,346,73,0.33815028901734107
1.0,7,60.0,1,5.0,0.0,-1.4,9145,84,0.08933843630399126,0.3409513395297977,0.5697102241662111,247,2.9404761904761907,1944.6692181519957,55.0,179,68,0.659217877094972
1.0,7,60.0,1,5.0,0.0,-1.3,9145,84,0.03925642427556041,0.3016949152542373,0.6590486604702023,371,4.416666666666667,2920.9404045926735,40.0,300,71,0.19
1.0,7,60.0,1,5.0,0.0,-1.2,9145,84,0.035210497539639146,0.21235647895024604,0.7524330235101148,558,6.642857142857143,4393.220338983051,30.0,484,74,0.11776859504132231
1.0,7,60.0,1,5.0,0.0,-1.1,9145,84,0.02569710224166211,0.1379989065062876,0.8363039912520503,310,3.6904761904761907,2440.677966101695,30.0,241,69,0.24066390041493776
1.0,7,60.0,1,5.0,0.0,-1.0,9145,84,0.01880809185347184,0.12859486057955166,0.8525970475669765,309,3.6785714285714284,2432.8048113723344,30.0,241,68,0.24066390041493776
1.0,7,60.0,1,5.0,0.0,-0.9,9145,84,0.014762165117550574,0.1016949152542373,0.8835429196282122,356,4.238095238095238,2802.843083652269,25.0,288,68,0.19791666666666666
1.0,7,60.0,1,5.0,0.0,-0.8,9145,84,0.005358119190814653,0.05281574630945872,0.9418261344997266,222,2.642857142857143,1747.840349917988,20.0,216,6,0.2638888888888889
1.0,7,60.0,1,5.0,0.0,-0.7,9145,84,0.0,0.050082012028430836,0.9499179879715691,124,1.4761904761904763,976.271186440678,40.0,118,6,0.4830508474576271
1.0,7,60.0,1,5.0,0.0,-0.6,9145,84,0.0,0.0391470749043193,0.9608529250956807,124,1.4761904761904763,976.271186440678,30.0,118,6,0.4830508474576271
1.0,7,60.0,1,5.0,0.0,-0.5,9145,84,0.0,0.035210497539639146,0.9647895024603609,124,1.4761904761904763,976.271186440678,30.0,118,6,0.4830508474576271
1.0,7,60.0,1,5.0,0.0,-0.4,9145,84,0.0,0.020229633679606344,0.9797703663203936,123,1.4642857142857142,968.3980317113177,20.0,118,5,0.4830508474576271
1.0,7,60.0,1,5.0,0.0,-0.3,9145,84,0.0,0.0,1.0,0,0.0,0.0,,0,0,
1.0,7,60.0,1,5.0,0.0,-0.2,9145,84,0.0,0.0,1.0,0,0.0,0.0,,0,0,
1.0,7,60.0,1,5.0,0.0,-0.1,9145,84,0.0,0.0,1.0,0,0.0,0.0,,0,0,
1.0,7,60.0,1,5.0,0.0,0.0,9145,84,0.0,0.0,1.0,0,0.0,0.0,,0,0,
1.0,7,60.0,1,5.0,0.0,0.1,9145,84,0.0,0.0,1.0,0,0.0,0.0,,0,0,
1.0,7,60.0,1,5.0,0.0,0.2,9145,84,0.0,0.0,1.0,0,0.0,0.0,,0,0,
1.0,7,60.0,1,5.0,0.0,0.3,9145,84,0.0,0.0,1.0,0,0.0,0.0,,0,0,
1.0,7,60.0,1,5.0,0.0,0.4,9145,84,0.0,0.0,1.0,0,0.0,0.0,,0,0,
1.0,7,60.0,1,5.0,0.0,0.5,9145,84,0.0,0.0,1.0,0,0.0,0.0,,0,0,
1.0,7,60.0,1,5.0,0.0,0.6,9145,84,0.0,0.0,1.0,0,0.0,0.0,,0,0,
1.0,7,60.0,1,5.0,0.0,0.7,9145,84,0.0,0.0,1.0,0,0.0,0.0,,0,0,
1.0,7,60.0,1,5.0,0.0,0.8,9145,84,0.0,0.0,1.0,0,0.0,0.0,,0,0,
1.0,7,60.0,1,5.0,0.0,0.9,9145,84,0.0,0.0,1.0,0,0.0,0.0,,0,0,
1.0,7,60.0,1,5.0,0.0,1.0,9145,84,0.0,0.0,1.0,0,0.0,0.0,,0,0,
1.0,7,60.0,2,5.0,5.0,-4.0,9145,84,1.0,0.0,0.0,0,0.0,0.0,,0,0,
1.0,7,60.0,2,5.0,5.0,-3.9,9145,84,1.0,0.0,0.0,0,0.0,0.0,,0,0,
1.0,7,60.0,2,5.0,5.0,-3.8,9145,84,1.0,0.0,0.0,0,0.0,0.0,,0,0,
1.0,7,60.0,2,5.0,5.0,-3.7,9145,84,1.0,0.0,0.0,0,0.0,0.0,,0,0,
1.0,7,60.0,2,5.0,5.0,-3.6,9145,84,1.0,0.0,0.0,0,0.0,0.0,,0,0,
1.0,7,60.0,2,5.0,5.0,-3.5,9145,84,1.0,0.0,0.0,0,0.0,0.0,,0,0,
1.0,7,60.0,2,5.0,5.0,-3.4,9145,84,1.0,0.0,0.0,0,0.0,0.0,,0,0,
1.0,7,60.0,2,5.0,5.0,-3.3,9145,84,1.0,0.0,0.0,0,0.0,0.0,,0,0,
1.0,7,60.0,2,5.0,5.0,-3.2,9145,84,1.0,0.0,0.0,0,0.0,0.0,,0,0,
1.0,7,60.0,2,5.0,5.0,-3.1,9145,84,1.0,0.0,0.0,0,0.0,0.0,,0,0,
1.0,7,60.0,2,5.0,5.0,-3.0,9145,84,1.0,0.0,0.0,0,0.0,0.0,,0,0,
1.0,7,60.0,2,5.0,5.0,-2.9,9145,84,1.0,0.0,0.0,0,0.0,0.0,,0,0,
1.0,7,60.0,2,5.0,5.0,-2.8,9145,84,1.0,0.0,0.0,0,0.0,0.0,,0,0,
1.0,7,60.0,2,5.0,5.0,-2.7,9145,84,1.0,0.0,0.0,0,0.0,0.0,,0,0,
1.0,7,60.0,2,5.0,5.0,-2.6,9145,84,1.0,0.0,0.0,0,0.0,0.0,,0,0,
1.0,7,60.0,2,5.0,5.0,-2.5,9145,84,1.0,0.0,0.0,0,0.0,0.0,,0,0,
1.0,7,60.0,2,5.0,5.0,-2.4,9145,84,1.0,0.0,0.0,0,0.0,0.0,,0,0,
1.0,7,60.0,2,5.0,5.0,-2.3,9145,84,1.0,0.0,0.0,0,0.0,0.0,,0,0,
1.0,7,60.0,2,5.0,5.0,-2.2,9145,84,0.8918534718425369,0.10814652815746309,0.0,248,2.9523809523809526,1952.542372881356,60.0,241,7,0.4979253112033195
1.0,7,60.0,2,5.0,5.0,-2.1,9145,84,0.7199562602515035,0.28004373974849645,0.0,248,2.9523809523809526,1952.542372881356,50.0,179,69,0.659217877094972
1.0,7,60.0,2,5.0,5.0,-2.0,9145,84,0.4872607982504101,0.48026243849097866,0.03247676325861126,348,4.142857142857143,2739.8578458173865,45.0,279,69,0.4265232974910394
1.0,7,60.0,2,5.0,5.0,-1.9,9145,84,0.43969382176052485,0.4371787862219792,0.1231273920174959,518,6.166666666666667,4078.2941498086384,40.0,446,72,0.2645739910313901
1.0,7,60.0,2,5.0,5.0,-1.8,9145,84,0.4289775833788956,0.20164024056861674,0.3693821760524877,372,4.428571428571429,2928.813559322034,45.0,299,73,0.19063545150501673
1.0,7,60.0,2,5.0,5.0,-1.7,9145,84,0.22766539092400218,0.3365773646801531,0.43575724439584473,818,9.738095238095237,6440.24056861673,30.0,738,80,0.17479674796747968
1.0,7,60.0,2,5.0,5.0,-1.6,9145,84,0.13264078731547294,0.3667577911427009,0.5006014215418262,471,5.607142857142857,3708.2558775287043,40.0,395,76,0.29620253164556964
1.0,7,60.0,2,5.0,5.0,-1.5,9145,84,0.09349371241115363,0.3598687807545107,0.5466375068343357,371,4.416666666666667,2920.9404045926735,50.0,298,73,0.3926174496644295
1.0,7,60.0,2,5.0,5.0,-1.4,9145,84,0.08944778567523237,0.3408419901585566,0.5697102241662111,247,2.9404761904761907,1944.6692181519957,50.0,178,69,0.6573033707865169
1.0,7,60.0,2,5.0,5.0,-1.3,9145,84,0.03925642427556041,0.3015855658829962,0.6591580098414435,371,4.416666666666667,2920.9404045926735,40.0,300,71,0.19
1.0,7,60.0,2,5.0,5.0,-1.2,9145,84,0.035210497539639146,0.20557681793329688,0.7592126845270639,556,6.619047619047619,4377.47402952433,30.0,482,74,0.11825726141078838
1.0,7,60.0,2,5.0,5.0,-1.1,9145,84,0.02569710224166211,0.13121924548933844,0.8430836522689995,309,3.6785714285714284,2432.8048113723344,30.0,240,69,0.2375
1.0,7,60.0,2,5.0,5.0,-1.0,9145,84,0.01880809185347184,0.12192454893384364,0.8592673592126845,307,3.6547619047619047,2417.0585019136142,30.0,239,68,0.2384937238493724
1.0,7,60.0,2,5.0,5.0,-0.9,9145,84,0.01487151448879169,0.10016402405686167,0.8849644614543466,307,3.6547619047619047,2417.0585019136142,25.0,239,68,0.2384937238493724
1.0,7,60.0,2,5.0,5.0,-0.8,9145,84,0.0,0.058173865500273376,0.9418261344997266,124,1.4761904761904763,976.271186440678,45.0,118,6,0.4830508474576271
1.0,7,60.0,2,5.0,5.0,-0.7,9145,84,0.0,0.050082012028430836,0.9499179879715691,124,1.4761904761904763,976.271186440678,40.0,118,6,0.4830508474576271
1.0,7,60.0,2,5.0,5.0,-0.6,9145,84,0.0,0.0391470749043193,0.9608529250956807,124,1.4761904761904763,976.271186440678,30.0,118,6,0.4830508474576271
1.0,7,60.0,2,5.0,5.0,-0.5,9145,84,0.0,0.035210497539639146,0.9647895024603609,124,1.4761904761904763,976.271186440678,30.0,118,6,0.4830508474576271
1.0,7,60.0,2,5.0,5.0,-0.4,9145,84,0.0,0.020338983050847456,0.9796610169491525,123,1.4642857142857142,968.3980317113177,15.0,118,5,0.4830508474576271
1.0,7,60.0,2,5.0,5.0,-0.3,9145,84,0.0,0.0,1.0,0,0.0,0.0,,0,0,
1.0,7,60.0,2,5.0,5.0,-0.2,9145,84,0.0,0.0,1.0,0,0.0,0.0,,0,0,
1.0,7,60.0,2,5.0,5.0,-0.1,9145,84,0.0,0.0,1.0,0,0.0,0.0,,0,0,
1.0,7,60.0,2,5.0,5.0,0.0,9145,84,0.0,0.0,1.0,0,0.0,0.0,,0,0,
1.0,7,60.0,2,5.0,5.0,0.1,9145,84,0.0,0.0,1.0,0,0.0,0.0,,0,0,
1.0,7,60.0,2,5.0,5.0,0.2,9145,84,0.0,0.0,1.0,0,0.0,0.0,,0,0,
1.0,7,60.0,2,5.0,5.0,0.3,9145,84,0.0,0.0,1.0,0,0.0,0.0,,0,0,
1.0,7,60.0,2,5.0,5.0,0.4,9145,84,0.0,0.0,1.0,0,0.0,0.0,,0,0,
1.0,7,60.0,2,5.0,5.0,0.5,9145,84,0.0,0.0,1.0,0,0.0,0.0,,0,0,
1.0,7,60.0,2,5.0,5.0,0.6,9145,84,0.0,0.0,1.0,0,0.0,0.0,,0,0,
1.0,7,60.0,2,5.0,5.0,0.7,9145,84,0.0,0.0,1.0,0,0.0,0.0,,0,0,
1.0,7,60.0,2,5.0,5.0,0.8,9145,84,0.0,0.0,1.0,0,0.0,0.0,,0,0,
1.0,7,60.0,2,5.0,5.0,0.9,9145,84,0.0,0.0,1.0,0,0.0,0.0,,0,0,
1.0,7,60.0,2,5.0,5.0,1.0,9145,84,0.0,0.0,1.0,0,0.0,0.0,,0,0,
1.0,7,60.0,3,5.0,10.0,-4.0,9145,84,1.0,0.0,0.0,0,0.0,0.0,,0,0,
1.0,7,60.0,3,5.0,10.0,-3.9,9145,84,1.0,0.0,0.0,0,0.0,0.0,,0,0,
1.0,7,60.0,3,5.0,10.0,-3.8,9145,84,1.0,0.0,0.0,0,0.0,0.0,,0,0,
1.0,7,60.0,3,5.0,10.0,-3.7,9145,84,1.0,0.0,0.0,0,0.0,0.0,,0,0,
1.0,7,60.0,3,5.0,10.0,-3.6,9145,84,1.0,0.0,0.0,0,0.0,0.0,,0,0,
1.0,7,60.0,3,5.0,10.0,-3.5,9145,84,1.0,0.0,0.0,0,0.0,0.0,,0,0,
1.0,7,60.0,3,5.0,10.0,-3.4,9145,84,1.0,0.0,0.0,0,0.0,0.0,,0,0,
1.0,7,60.0,3,5.0,10.0,-3.3,9145,84,1.0,0.0,0.0,0,0.0,0.0,,0,0,
1.0,7,60.0,3,5.0,10.0,-3.2,9145,84,1.0,0.0,0.0,0,0.0,0.0,,0,0,
1.0,7,60.0,3,5.0,10.0,-3.1,9145,84,1.0,0.0,0.0,0,0.0,0.0,,0,0,
1.0,7,60.0,3,5.0,10.0,-3.0,9145,84,1.0,0.0,0.0,0,0.0,0.0,,0,0,
1.0,7,60.0,3,5.0,10.0,-2.9,9145,84,1.0,0.0,0.0,0,0.0,0.0,,0,0,
1.0,7,60.0,3,5.0,10.0,-2.8,9145,84,1.0,0.0,0.0,0,0.0,0.0,,0,0,
1.0,7,60.0,3,5.0,10.0,-2.7,9145,84,1.0,0.0,0.0,0,0.0,0.0,,0,0,
1.0,7,60.0,3,5.0,10.0,-2.6,9145,84,1.0,0.0,0.0,0,0.0,0.0,,0,0,
1.0,7,60.0,3,5.0,10.0,-2.5,9145,84,1.0,0.0,0.0,0,0.0,0.0,,0,0,
1.0,7,60.0,3,5.0,10.0,-2.4,9145,84,1.0,0.0,0.0,0,0.0,0.0,,0,0,
1.0,7,60.0,3,5.0,10.0,-2.3,9145,84,1.0,0.0,0.0,0,0.0,0.0,,0,0,
1.0,7,60.0,3,5.0,10.0,-2.2,9145,84,0.8918534718425369,0.10814652815746309,0.0,247,2.9404761904761907,1944.6692181519957,60.0,241,6,0.4979253112033195
1.0,7,60.0,3,5.0,10.0,-2.1,9145,84,0.7199562602515035,0.28004373974849645,0.0,247,2.9404761904761907,1944.6692181519957,45.0,178,69,0.6629213483146067
1.0,7,60.0,3,5.0,10.0,-2.0,9145,84,0.47632586112629854,0.4911973756150902,0.03247676325861126,248,2.9523809523809526,1952.542372881356,45.0,180,68,0.6611111111111111
1.0,7,60.0,3,5.0,10.0,-1.9,9145,84,0.43969382176052485,0.4343357025697102,0.1259704756697649,493,5.869047619047619,3881.4652815746313,40.0,422,71,0.2796208530805687
1.0,7,60.0,3,5.0,10.0,-1.8,9145,84,0.4289775833788956,0.20164024056861674,0.3693821760524877,371,4.416666666666667,2920.9404045926735,40.0,298,73,0.1912751677852349
1.0,7,60.0,3,5.0,10.0,-1.7,9145,84,0.19267359212684526,0.3714598141060689,0.43586659376708586,520,6.190476190476191,4094.040459267359,65.0,443,77,0.39954853273137697
1.0,7,60.0,3,5.0,10.0,-1.6,9145,84,0.11908146528157464,0.3803171131765992,0.5006014215418262,371,4.416666666666667,2920.9404045926735,50.0,296,75,0.3952702702702703
1.0,7,60.0,3,5.0,10.0,-1.5,9145,84,0.09360306178239475,0.34620010934937123,0.560196828868234,247,2.9404761904761907,1944.6692181519957,45.0,177,70,0.655367231638418
1.0,7,60.0,3,5.0,10.0,-1.4,9145,84,0.08955713504647349,0.34073264078731547,0.5697102241662111,247,2.9404761904761907,1944.6692181519957,45.0,177,70,0.655367231638418
1.0,7,60.0,3,5.0,10.0,-1.3,9145,84,0.03925642427556041,0.30147621651175505,0.6592673592126845,371,4.416666666666667,2920.9404045926735,35.0,300,71,0.19
1.0,7,60.0,3,5.0,10.0,-1.2,9145,84,0.035210497539639146,0.21191908146528157,0.7528704209950793,433,5.154761904761905,3409.0759978130122,35.0,360,73,0.15833333333333333
1.0,7,60.0,3,5.0,10.0,-1.1,9145,84,0.02569710224166211,0.1245489338436304,0.8497539639147075,307,3.6547619047619047,2417.0585019136142,30.0,239,68,0.2384937238493724
1.0,7,60.0,3,5.0,10.0,-1.0,9145,84,0.016074357572443958,0.1180973209404046,0.8658283214871515,281,3.3452380952380953,2212.356478950246,30.0,213,68,0.2676056338028169
1.0,7,60.0,3,5.0,10.0,-0.9,9145,84,0.004264625478403499,0.10399125205030071,0.8917441224712958,209,2.488095238095238,1645.489338436304,65.0,140,69,0.4
1.0,7,60.0,3,5.0,10.0,-0.8,9145,84,0.0,0.058173865500273376,0.9418261344997266,123,1.4642857142857142,968.3980317113177,45.0,117,6,0.48717948717948717
1.0,7,60.0,3,5.0,10.0,-0.7,9145,84,0.0,0.050082012028430836,0.9499179879715691,123,1.4642857142857142,968.3980317113177,40.0,117,6,0.48717948717948717
1.0,7,60.0,3,5.0,10.0,-0.6,9145,84,0.0,0.0391470749043193,0.9608529250956807,123,1.4642857142857142,968.3980317113177,30.0,118,5,0.4830508474576271
1.0,7,60.0,3,5.0,10.0,-0.5,9145,84,0.0,0.035210497539639146,0.9647895024603609,123,1.4642857142857142,968.3980317113177,30.0,118,5,0.4830508474576271
1.0,7,60.0,3,5.0,10.0,-0.4,9145,84,0.0,0.020448332422088572,0.9795516675779115,123,1.4642857142857142,968.3980317113177,15.0,118,5,0.4830508474576271
1.0,7,60.0,3,5.0,10.0,-0.3,9145,84,0.0,0.0,1.0,0,0.0,0.0,,0,0,
1.0,7,60.0,3,5.0,10.0,-0.2,9145,84,0.0,0.0,1.0,0,0.0,0.0,,0,0,
1.0,7,60.0,3,5.0,10.0,-0.1,9145,84,0.0,0.0,1.0,0,0.0,0.0,,0,0,
1.0,7,60.0,3,5.0,10.0,0.0,9145,84,0.0,0.0,1.0,0,0.0,0.0,,0,0,
1.0,7,60.0,3,5.0,10.0,0.1,9145,84,0.0,0.0,1.0,0,0.0,0.0,,0,0,
1.0,7,60.0,3,5.0,10.0,0.2,9145,84,0.0,0.0,1.0,0,0.0,0.0,,0,0,
1.0,7,60.0,3,5.0,10.0,0.3,9145,84,0.0,0.0,1.0,0,0.0,0.0,,0,0,
1.0,7,60.0,3,5.0,10.0,0.4,9145,84,0.0,0.0,1.0,0,0.0,0.0,,0,0,
1.0,7,60.0,3,5.0,10.0,0.5,9145,84,0.0,0.0,1.0,0,0.0,0.0,,0,0,
1.0,7,60.0,3,5.0,10.0,0.6,9145,84,0.0,0.0,1.0,0,0.0,0.0,,0,0,
1.0,7,60.0,3,5.0,10.0,0.7,9145,84,0.0,0.0,1.0,0,0.0,0.0,,0,0,
1.0,7,60.0,3,5.0,10.0,0.8,9145,84,0.0,0.0,1.0,0,0.0,0.0,,0,0,
1.0,7,60.0,3,5.0,10.0,0.9,9145,84,0.0,0.0,1.0,0,0.0,0.0,,0,0,
1.0,7,60.0,3,5.0,10.0,1.0,9145,84,0.0,0.0,1.0,0,0.0,0.0,,0,0,
1.0,7,120.0,1,5.0,0.0,-4.0,8402,83,1.0,0.0,0.0,0,0.0,0.0,,0,0,
1.0,7,120.0,1,5.0,0.0,-3.9,8402,83,1.0,0.0,0.0,0,0.0,0.0,,0,0,
1.0,7,120.0,1,5.0,0.0,-3.8,8402,83,1.0,0.0,0.0,0,0.0,0.0,,0,0,
1.0,7,120.0,1,5.0,0.0,-3.7,8402,83,1.0,0.0,0.0,0,0.0,0.0,,0,0,
1.0,7,120.0,1,5.0,0.0,-3.6,8402,83,1.0,0.0,0.0,0,0.0,0.0,,0,0,
1.0,7,120.0,1,5.0,0.0,-3.5,8402,83,1.0,0.0,0.0,0,0.0,0.0,,0,0,
1.0,7,120.0,1,5.0,0.0,-3.4,8402,83,1.0,0.0,0.0,0,0.0,0.0,,0,0,
1.0,7,120.0,1,5.0,0.0,-3.3,8402,83,1.0,0.0,0.0,0,0.0,0.0,,0,0,
1.0,7,120.0,1,5.0,0.0,-3.2,8402,83,1.0,0.0,0.0,0,0.0,0.0,,0,0,
1.0,7,120.0,1,5.0,0.0,-3.1,8402,83,1.0,0.0,0.0,0,0.0,0.0,,0,0,
1.0,7,120.0,1,5.0,0.0,-3.0,8402,83,1.0,0.0,0.0,0,0.0,0.0,,0,0,
1.0,7,120.0,1,5.0,0.0,-2.9,8402,83,1.0,0.0,0.0,0,0.0,0.0,,0,0,
1.0,7,120.0,1,5.0,0.0,-2.8,8402,83,1.0,0.0,0.0,0,0.0,0.0,,0,0,
1.0,7,120.0,1,5.0,0.0,-2.7,8402,83,1.0,0.0,0.0,0,0.0,0.0,,0,0,
1.0,7,120.0,1,5.0,0.0,-2.6,8402,83,1.0,0.0,0.0,0,0.0,0.0,,0,0,
1.0,7,120.0,1,5.0,0.0,-2.5,8402,83,1.0,0.0,0.0,0,0.0,0.0,,0,0,
1.0,7,120.0,1,5.0,0.0,-2.4,8402,83,1.0,0.0,0.0,0,0.0,0.0,,0,0,
1.0,7,120.0,1,5.0,0.0,-2.3,8402,83,1.0,0.0,0.0,0,0.0,0.0,,0,0,
1.0,7,120.0,1,5.0,0.0,-2.2,8402,83,0.9440609378719352,0.055939062128064744,0.0,248,2.9879518072289155,2125.208283741966,20.0,245,3,0.24897959183673468
1.0,7,120.0,1,5.0,0.0,-2.1,8402,83,0.6523446798381338,0.34765532016186623,0.0,446,5.373493975903615,3821.9471554391807,20.0,378,68,0.31746031746031744
1.0,7,120.0,1,5.0,0.0,-2.0,8402,83,0.4359676267555344,0.5640323732444656,0.0,124,1.4939759036144578,1062.604141870983,20.0,60,64,1.0
1.0,7,120.0,1,5.0,0.0,-1.9,8402,83,0.3651511544870269,0.5611759104975006,0.07367293501547251,506,6.096385542168675,4336.110449892883,15.0,461,45,0.2559652928416486
1.0,7,120.0,1,5.0,0.0,-1.8,8402,83,0.34753630088074267,0.31516305641513925,0.3373006427041181,556,6.698795180722891,4764.579861937634,20.0,485,71,0.11958762886597939
1.0,7,120.0,1,5.0,0.0,-1.7,8402,83,0.22387526779338252,0.26648417043561057,0.5096405617710069,619,7.457831325301205,5304.45132111402,30.0,544,75,0.21691176470588236
1.0,7,120.0,1,5.0,0.0,-1.6,8402,83,0.1354439419185908,0.2754106165198762,0.5891454415615329,371,4.469879518072289,3179.243037372054,30.0,302,69,0.39072847682119205
1.0,7,120.0,1,5.0,0.0,-1.5,8402,83,0.09259700071411568,0.2858843132587479,0.6215186860271364,369,4.445783132530121,3162.104260890264,25.0,300,69,0.35
1.0,7,120.0,1,5.0,0.0,-1.4,8402,83,0.026422280409426326,0.32694596524636993,0.6466317543442037,371,4.469879518072289,3179.243037372054,15.0,303,68,0.18811881188118812
1.0,7,120.0,1,5.0,0.0,-1.3,8402,83,0.0,0.30921209235896213,0.6907879076410378,62,0.7469879518072289,531.3020709354915,470.0,57,5,1.0
1.0,7,120.0,1,5.0,0.0,-1.2,8402,83,0.0,0.1707926684122828,0.8292073315877172,124,1.4939759036144578,1062.604141870983,120.0,117,7,1.0
1.0,7,120.0,1,5.0,0.0,-1.1,8402,83,0.0,0.1206855510592716,0.8793144489407284,123,1.4819277108433735,1054.034753630088,85.0,116,7,0.49137931034482757
1.0,7,120.0,1,5.0,0.0,-1.0,8402,83,0.0,0.0529635800999762,0.9470364199000239,247,2.9759036144578315,2116.638895501071,20.0,241,6,0.23651452282157676
1.0,7,120.0,1,5.0,0.0,-0.9,8402,83,0.0,0.014639371578195668,0.9853606284218044,123,1.4819277108433735,1054.034753630088,25.0,119,4,0.48739495798319327
1.0,7,120.0,1,5.0,0.0,-0.8,8402,83,0.0,0.0,1.0,0,0.0,0.0,,0,0,
1.0,7,120.0,1,5.0,0.0,-0.7,8402,83,0.0,0.0,1.0,0,0.0,0.0,,0,0,
1.0,7,120.0,1,5.0,0.0,-0.6,8402,83,0.0,0.0,1.0,0,0.0,0.0,,0,0,
1.0,7,120.0,1,5.0,0.0,-0.5,8402,83,0.0,0.0,1.0,0,0.0,0.0,,0,0,
1.0,7,120.0,1,5.0,0.0,-0.4,8402,83,0.0,0.0,1.0,0,0.0,0.0,,0,0,
1.0,7,120.0,1,5.0,0.0,-0.3,8402,83,0.0,0.0,1.0,0,0.0,0.0,,0,0,
1.0,7,120.0,1,5.0,0.0,-0.2,8402,83,0.0,0.0,1.0,0,0.0,0.0,,0,0,
1.0,7,120.0,1,5.0,0.0,-0.1,8402,83,0.0,0.0,1.0,0,0.0,0.0,,0,0,
1.0,7,120.0,1,5.0,0.0,0.0,8402,83,0.0,0.0,1.0,0,0.0,0.0,,0,0,
1.0,7,120.0,1,5.0,0.0,0.1,8402,83,0.0,0.0,1.0,0,0.0,0.0,,0,0,
1.0,7,120.0,1,5.0,0.0,0.2,8402,83,0.0,0.0,1.0,0,0.0,0.0,,0,0,
1.0,7,120.0,1,5.0,0.0,0.3,8402,83,0.0,0.0,1.0,0,0.0,0.0,,0,0,
1.0,7,120.0,1,5.0,0.0,0.4,8402,83,0.0,0.0,1.0,0,0.0,0.0,,0,0,
1.0,7,120.0,1,5.0,0.0,0.5,8402,83,0.0,0.0,1.0,0,0.0,0.0,,0,0,
1.0,7,120.0,1,5.0,0.0,0.6,8402,83,0.0,0.0,1.0,0,0.0,0.0,,0,0,
1.0,7,120.0,1,5.0,0.0,0.7,8402,83,0.0,0.0,1.0,0,0.0,0.0,,0,0,
1.0,7,120.0,1,5.0,0.0,0.8,8402,83,0.0,0.0,1.0,0,0.0,0.0,,0,0,
1.0,7,120.0,1,5.0,0.0,0.9,8402,83,0.0,0.0,1.0,0,0.0,0.0,,0,0,
1.0,7,120.0,1,5.0,0.0,1.0,8402,83,0.0,0.0,1.0,0,0.0,0.0,,0,0,
1.0,7,120.0,2,5.0,5.0,-4.0,8402,83,1.0,0.0,0.0,0,0.0,0.0,,0,0,
1.0,7,120.0,2,5.0,5.0,-3.9,8402,83,1.0,0.0,0.0,0,0.0,0.0,,0,0,
1.0,7,120.0,2,5.0,5.0,-3.8,8402,83,1.0,0.0,0.0,0,0.0,0.0,,0,0,
1.0,7,120.0,2,5.0,5.0,-3.7,8402,83,1.0,0.0,0.0,0,0.0,0.0,,0,0,
1.0,7,120.0,2,5.0,5.0,-3.6,8402,83,1.0,0.0,0.0,0,0.0,0.0,,0,0,
1.0,7,120.0,2,5.0,5.0,-3.5,8402,83,1.0,0.0,0.0,0,0.0,0.0,,0,0,
1.0,7,120.0,2,5.0,5.0,-3.4,8402,83,1.0,0.0,0.0,0,0.0,0.0,,0,0,
1.0,7,120.0,2,5.0,5.0,-3.3,8402,83,1.0,0.0,0.0,0,0.0,0.0,,0,0,
1.0,7,120.0,2,5.0,5.0,-3.2,8402,83,1.0,0.0,0.0,0,0.0,0.0,,0,0,
1.0,7,120.0,2,5.0,5.0,-3.1,8402,83,1.0,0.0,0.0,0,0.0,0.0,,0,0,
1.0,7,120.0,2,5.0,5.0,-3.0,8402,83,1.0,0.0,0.0,0,0.0,0.0,,0,0,
1.0,7,120.0,2,5.0,5.0,-2.9,8402,83,1.0,0.0,0.0,0,0.0,0.0,,0,0,
1.0,7,120.0,2,5.0,5.0,-2.8,8402,83,1.0,0.0,0.0,0,0.0,0.0,,0,0,
1.0,7,120.0,2,5.0,5.0,-2.7,8402,83,1.0,0.0,0.0,0,0.0,0.0,,0,0,
1.0,7,120.0,2,5.0,5.0,-2.6,8402,83,1.0,0.0,0.0,0,0.0,0.0,,0,0,
1.0,7,120.0,2,5.0,5.0,-2.5,8402,83,1.0,0.0,0.0,0,0.0,0.0,,0,0,
1.0,7,120.0,2,5.0,5.0,-2.4,8402,83,1.0,0.0,0.0,0,0.0,0.0,,0,0,
1.0,7,120.0,2,5.0,5.0,-2.3,8402,83,1.0,0.0,0.0,0,0.0,0.0,,0,0,
1.0,7,120.0,2,5.0,5.0,-2.2,8402,83,0.9440609378719352,0.055939062128064744,0.0,248,2.9879518072289155,2125.208283741966,20.0,196,52,0.061224489795918366
1.0,7,120.0,2,5.0,5.0,-2.1,8402,83,0.6390145203522971,0.36098547964770294,0.0,222,2.674698795180723,1902.4041894786958,20.0,156,66,0.6858974358974359
1.0,7,120.0,2,5.0,5.0,-2.0,8402,83,0.4359676267555344,0.5640323732444656,0.0,124,1.4939759036144578,1062.604141870983,15.0,60,64,1.0
1.0,7,120.0,2,5.0,5.0,-1.9,8402,83,0.36812663651511546,0.5584384670316591,0.07343489645322543,432,5.204819277108434,3701.9757200666504,15.0,424,8,0.2783018867924528
1.0,7,120.0,2,5.0,5.0,-1.8,8402,83,0.3549154963104023,0.30802189954772674,0.337062604141871,555,6.686746987951807,4756.010473696739,20.0,483,72,0.11801242236024845
1.0,7,120.0,2,5.0,5.0,-1.7,8402,83,0.21959057367293502,0.2707688645560581,0.5096405617710069,545,6.566265060240964,4670.3165912877885,55.0,469,76,0.24946695095948826
1.0,7,120.0,2,5.0,5.0,-1.6,8402,83,0.1354439419185908,0.27552963580099976,0.5890264222804095,370,4.457831325301205,3170.673649131159,25.0,300,70,0.39
1.0,7,120.0,2,5.0,5.0,-1.5,8402,83,0.09545346346108069,0.28290883123065935,0.6216377053082599,269,3.2409638554216866,2305.1654368007617,30.0,201,68,0.5223880597014925
1.0,7,120.0,2,5.0,5.0,-1.4,8402,83,0.022137586288978814,0.33123065936681745,0.6466317543442037,295,3.5542168674698793,2527.9695310640323,15.0,227,68,0.2511013215859031
1.0,7,120.0,2,5.0,5.0,-1.3,8402,83,0.0,0.3165912877886218,0.6834087122113782,62,0.7469879518072289,531.3020709354915,465.0,57,5,1.0
1.0,7,120.0,2,5.0,5.0,-1.2,8402,83,0.0,0.1707926684122828,0.8292073315877172,124,1.4939759036144578,1062.604141870983,120.0,116,8,1.0
1.0,7,120.0,2,5.0,5.0,-1.1,8402,83,0.0,0.12056653177814806,0.879433468221852,123,1.4819277108433735,1054.034753630088,85.0,116,7,0.49137931034482757
1.0,7,120.0,2,5.0,5.0,-1.0,8402,83,0.0,0.05010711735301119,0.9498928826469888,196,2.36144578313253,1679.600095215425,27.5,191,5,0.29842931937172773
1.0,7,120.0,2,5.0,5.0,-0.9,8402,83,0.0,0.01475839085931921,0.9852416091406808,123,1.4819277108433735,1054.034753630088,20.0,118,5,0.4830508474576271
1.0,7,120.0,2,5.0,5.0,-0.8,8402,83,0.0,0.0,1.0,0,0.0,0.0,,0,0,
1.0,7,120.0,2,5.0,5.0,-0.7,8402,83,0.0,0.0,1.0,0,0.0,0.0,,0,0,
1.0,7,120.0,2,5.0,5.0,-0.6,8402,83,0.0,0.0,1.0,0,0.0,0.0,,0,0,
1.0,7,120.0,2,5.0,5.0,-0.5,8402,83,0.0,0.0,1.0,0,0.0,0.0,,0,0,
1.0,7,120.0,2,5.0,5.0,-0.4,8402,83,0.0,0.0,1.0,0,0.0,0.0,,0,0,
1.0,7,120.0,2,5.0,5.0,-0.3,8402,83,0.0,0.0,1.0,0,0.0,0.0,,0,0,
1.0,7,120.0,2,5.0,5.0,-0.2,8402,83,0.0,0.0,1.0,0,0.0,0.0,,0,0,
1.0,7,120.0,2,5.0,5.0,-0.1,8402,83,0.0,0.0,1.0,0,0.0,0.0,,0,0,
1.0,7,120.0,2,5.0,5.0,0.0,8402,83,0.0,0.0,1.0,0,0.0,0.0,,0,0,
1.0,7,120.0,2,5.0,5.0,0.1,8402,83,0.0,0.0,1.0,0,0.0,0.0,,0,0,
1.0,7,120.0,2,5.0,5.0,0.2,8402,83,0.0,0.0,1.0,0,0.0,0.0,,0,0,
1.0,7,120.0,2,5.0,5.0,0.3,8402,83,0.0,0.0,1.0,0,0.0,0.0,,0,0,
1.0,7,120.0,2,5.0,5.0,0.4,8402,83,0.0,0.0,1.0,0,0.0,0.0,,0,0,
1.0,7,120.0,2,5.0,5.0,0.5,8402,83,0.0,0.0,1.0,0,0.0,0.0,,0,0,
1.0,7,120.0,2,5.0,5.0,0.6,8402,83,0.0,0.0,1.0,0,0.0,0.0,,0,0,
1.0,7,120.0,2,5.0,5.0,0.7,8402,83,0.0,0.0,1.0,0,0.0,0.0,,0,0,
1.0,7,120.0,2,5.0,5.0,0.8,8402,83,0.0,0.0,1.0,0,0.0,0.0,,0,0,
1.0,7,120.0,2,5.0,5.0,0.9,8402,83,0.0,0.0,1.0,0,0.0,0.0,,0,0,
1.0,7,120.0,2,5.0,5.0,1.0,8402,83,0.0,0.0,1.0,0,0.0,0.0,,0,0,
1.0,7,120.0,3,5.0,10.0,-4.0,8402,83,1.0,0.0,0.0,0,0.0,0.0,,0,0,
1.0,7,120.0,3,5.0,10.0,-3.9,8402,83,1.0,0.0,0.0,0,0.0,0.0,,0,0,
1.0,7,120.0,3,5.0,10.0,-3.8,8402,83,1.0,0.0,0.0,0,0.0,0.0,,0,0,
1.0,7,120.0,3,5.0,10.0,-3.7,8402,83,1.0,0.0,0.0,0,0.0,0.0,,0,0,
1.0,7,120.0,3,5.0,10.0,-3.6,8402,83,1.0,0.0,0.0,0,0.0,0.0,,0,0,
1.0,7,120.0,3,5.0,10.0,-3.5,8402,83,1.0,0.0,0.0,0,0.0,0.0,,0,0,
1.0,7,120.0,3,5.0,10.0,-3.4,8402,83,1.0,0.0,0.0,0,0.0,0.0,,0,0,
1.0,7,120.0,3,5.0,10.0,-3.3,8402,83,1.0,0.0,0.0,0,0.0,0.0,,0,0,
1.0,7,120.0,3,5.0,10.0,-3.2,8402,83,1.0,0.0,0.0,0,0.0,0.0,,0,0,
1.0,7,120.0,3,5.0,10.0,-3.1,8402,83,1.0,0.0,0.0,0,0.0,0.0,,0,0,
1.0,7,120.0,3,5.0,10.0,-3.0,8402,83,1.0,0.0,0.0,0,0.0,0.0,,0,0,
1.0,7,120.0,3,5.0,10.0,-2.9,8402,83,1.0,0.0,0.0,0,0.0,0.0,,0,0,
1.0,7,120.0,3,5.0,10.0,-2.8,8402,83,1.0,0.0,0.0,0,0.0,0.0,,0,0,
1.0,7,120.0,3,5.0,10.0,-2.7,8402,83,1.0,0.0,0.0,0,0.0,0.0,,0,0,
1.0,7,120.0,3,5.0,10.0,-2.6,8402,83,1.0,0.0,0.0,0,0.0,0.0,,0,0,
1.0,7,120.0,3,5.0,10.0,-2.5,8402,83,1.0,0.0,0.0,0,0.0,0.0,,0,0,
1.0,7,120.0,3,5.0,10.0,-2.4,8402,83,1.0,0.0,0.0,0,0.0,0.0,,0,0,
1.0,7,120.0,3,5.0,10.0,-2.3,8402,83,1.0,0.0,0.0,0,0.0,0.0,,0,0,
1.0,7,120.0,3,5.0,10.0,-2.2,8402,83,0.9381099738157581,0.061890026184241845,0.0,197,2.3734939759036147,1688.16948345632,20.0,134,63,0.0
1.0,7,120.0,3,5.0,10.0,-2.1,8402,83,0.62735063080219,0.37264936919781005,0.0,124,1.4939759036144578,1062.604141870983,15.0,59,65,1.0
1.0,7,120.0,3,5.0,10.0,-2.0,8402,83,0.4359676267555344,0.5640323732444656,0.0,124,1.4939759036144578,1062.604141870983,10.0,59,65,1.0
1.0,7,120.0,3,5.0,10.0,-1.9,8402,83,0.37550583194477505,0.5479647702927875,0.07652939776243751,259,3.1204819277108435,2219.4715543918114,50.0,251,8,0.46613545816733065
1.0,7,120.0,3,5.0,10.0,-1.8,8402,83,0.3622946917400619,0.3298024279933349,0.3079028802666032,309,3.7228915662650603,2647.9409664365626,80.0,237,72,0.24050632911392406
1.0,7,120.0,3,5.0,10.0,-1.7,8402,83,0.20780766484170435,0.2706498452749345,0.5215424898833612,345,4.156626506024097,2956.438943108784,55.0,273,72,0.42857142857142855
1.0,7,120.0,3,5.0,10.0,-1.6,8402,83,0.1354439419185908,0.2608902642228041,0.6036657938586051,247,2.9759036144578315,2116.638895501071,35.0,178,69,0.6573033707865169
1.0,7,120.0,3,5.0,10.0,-1.5,8402,83,0.07974291835277315,0.2985003570578434,0.6217567245893835,245,2.9518072289156625,2099.500119019281,35.0,175,70,0.5885714285714285
1.0,7,120.0,3,5.0,10.0,-1.4,8402,83,0.005117829088312306,0.3481313972863604,0.6467507736253273,148,1.783132530120482,1268.2694596524636,20.0,82,66,0.6951219512195121
1.0,7,120.0,3,5.0,10.0,-1.3,8402,83,0.0,0.32397048321828137,0.6760295167817186,62,0.7469879518072289,531.3020709354915,460.0,57,5,1.0
1.0,7,120.0,3,5.0,10.0,-1.2,8402,83,0.0,0.1707926684122828,0.8292073315877172,123,1.4819277108433735,1054.034753630088,120.0,115,8,1.0
1.0,7,120.0,3,5.0,10.0,-1.1,8402,83,0.0,0.12044751249702451,0.8795524875029754,122,1.4698795180722892,1045.465365389193,85.0,115,7,0.48695652173913045
1.0,7,120.0,3,5.0,10.0,-1.0,8402,83,0.0,0.041775767674363244,0.9582242323256368,123,1.4819277108433735,1054.034753630088,30.0,118,5,0.4830508474576271
1.0,7,120.0,3,5.0,10.0,-0.9,8402,83,0.0,0.00035705784337062603,0.9996429421566294,1,0.012048192771084338,8.569388240895025,495.0,1,0,1.0
1.0,7,120.0,3,5.0,10.0,-0.8,8402,83,0.0,0.0,1.0,0,0.0,0.0,,0,0,
1.0,7,120.0,3,5.0,10.0,-0.7,8402,83,0.0,0.0,1.0,0,0.0,0.0,,0,0,
1.0,7,120.0,3,5.0,10.0,-0.6,8402,83,0.0,0.0,1.0,0,0.0,0.0,,0,0,
1.0,7,120.0,3,5.0,10.0,-0.5,8402,83,0.0,0.0,1.0,0,0.0,0.0,,0,0,
1.0,7,120.0,3,5.0,10.0,-0.4,8402,83,0.0,0.0,1.0,0,0.0,0.0,,0,0,
1.0,7,120.0,3,5.0,10.0,-0.3,8402,83,0.0,0.0,1.0,0,0.0,0.0,,0,0,
1.0,7,120.0,3,5.0,10.0,-0.2,8402,83,0.0,0.0,1.0,0,0.0,0.0,,0,0,
1.0,7,120.0,3,5.0,10.0,-0.1,8402,83,0.0,0.0,1.0,0,0.0,0.0,,0,0,
1.0,7,120.0,3,5.0,10.0,0.0,8402,83,0.0,0.0,1.0,0,0.0,0.0,,0,0,
1.0,7,120.0,3,5.0,10.0,0.1,8402,83,0.0,0.0,1.0,0,0.0,0.0,,0,0,
1.0,7,120.0,3,5.0,10.0,0.2,8402,83,0.0,0.0,1.0,0,0.0,0.0,,0,0,
1.0,7,120.0,3,5.0,10.0,0.3,8402,83,0.0,0.0,1.0,0,0.0,0.0,,0,0,
1.0,7,120.0,3,5.0,10.0,0.4,8402,83,0.0,0.0,1.0,0,0.0,0.0,,0,0,
1.0,7,120.0,3,5.0,10.0,0.5,8402,83,0.0,0.0,1.0,0,0.0,0.0,,0,0,
1.0,7,120.0,3,5.0,10.0,0.6,8402,83,0.0,0.0,1.0,0,0.0,0.0,,0,0,
1.0,7,120.0,3,5.0,10.0,0.7,8402,83,0.0,0.0,1.0,0,0.0,0.0,,0,0,
1.0,7,120.0,3,5.0,10.0,0.8,8402,83,0.0,0.0,1.0,0,0.0,0.0,,0,0,
1.0,7,120.0,3,5.0,10.0,0.9,8402,83,0.0,0.0,1.0,0,0.0,0.0,,0,0,
1.0,7,120.0,3,5.0,10.0,1.0,8402,83,0.0,0.0,1.0,0,0.0,0.0,,0,0,
2.0,3,15.0,1,5.0,0.0,-4.0,11286,90,1.0,0.0,0.0,0,0.0,0.0,,0,0,
2.0,3,15.0,1,5.0,0.0,-3.9,11286,90,1.0,0.0,0.0,0,0.0,0.0,,0,0,
2.0,3,15.0,1,5.0,0.0,-3.8,11286,90,1.0,0.0,0.0,0,0.0,0.0,,0,0,
2.0,3,15.0,1,5.0,0.0,-3.7,11286,90,1.0,0.0,0.0,0,0.0,0.0,,0,0,
2.0,3,15.0,1,5.0,0.0,-3.6,11286,90,1.0,0.0,0.0,0,0.0,0.0,,0,0,
2.0,3,15.0,1,5.0,0.0,-3.5,11286,90,1.0,0.0,0.0,0,0.0,0.0,,0,0,
2.0,3,15.0,1,5.0,0.0,-3.4,11286,90,1.0,0.0,0.0,0,0.0,0.0,,0,0,
2.0,3,15.0,1,5.0,0.0,-3.3,11286,90,1.0,0.0,0.0,0,0.0,0.0,,0,0,
2.0,3,15.0,1,5.0,0.0,-3.2,11286,90,1.0,0.0,0.0,0,0.0,0.0,,0,0,
2.0,3,15.0,1,5.0,0.0,-3.1,11286,90,1.0,0.0,0.0,0,0.0,0.0,,0,0,
2.0,3,15.0,1,5.0,0.0,-3.0,11286,90,1.0,0.0,0.0,0,0.0,0.0,,0,0,
2.0,3,15.0,1,5.0,0.0,-2.9,11286,90,1.0,0.0,0.0,0,0.0,0.0,,0,0,
2.0,3,15.0,1,5.0,0.0,-2.8,11286,90,1.0,0.0,0.0,0,0.0,0.0,,0,0,
2.0,3,15.0,1,5.0,0.0,-2.7,11286,90,1.0,0.0,0.0,0,0.0,0.0,,0,0,
2.0,3,15.0,1,5.0,0.0,-2.6,11286,90,1.0,0.0,0.0,0,0.0,0.0,,0,0,
2.0,3,15.0,1,5.0,0.0,-2.5,11286,90,1.0,0.0,0.0,0,0.0,0.0,,0,0,
2.0,3,15.0,1,5.0,0.0,-2.4,11286,90,0.8950026581605529,0.1049973418394471,0.0,741,8.233333333333333,4727.272727272727,15.0,733,8,0.14870395634379263
2.0,3,15.0,1,5.0,0.0,-2.3,11286,90,0.8886230728335992,0.06512493354598618,0.046251993620414676,885,9.833333333333334,5645.933014354067,15.0,877,8,0.08323831242873432
2.0,3,15.0,1,5.0,0.0,-2.2,11286,90,0.7700691121743753,0.13131313131313133,0.09861775651249335,1776,19.733333333333334,11330.143540669857,15.0,1723,53,0.08357515960533952
2.0,3,15.0,1,5.0,0.0,-2.1,11286,90,0.7501329080276449,0.09197235513024987,0.15789473684210525,1923,21.366666666666667,12267.942583732058,15.0,1869,54,0.05778491171749599
2.0,3,15.0,1,5.0,0.0,-2.0,11286,90,0.7174375332270069,0.04988481304270778,0.23267765373028532,2042,22.68888888888889,13027.113237639553,15.0,1987,55,0.05334675390035229
2.0,3,15.0,1,5.0,0.0,-1.9,11286,90,0.6470848839269892,0.08780790359737728,0.2651072124756335,2271,25.233333333333334,14488.038277511961,15.0,2213,58,0.04789877993673746
2.0,3,15.0,1,5.0,0.0,-1.8,11286,90,0.6251107566897041,0.050682261208576995,0.32420698210171894,2056,22.844444444444445,13116.427432216906,15.0,1999,57,0.053526763381690844
2.0,3,15.0,1,5.0,0.0,-1.7,11286,90,0.5964026227184122,0.057504873294346975,0.34609250398724084,1983,22.033333333333335,12650.717703349283,15.0,1925,58,0.05506493506493507
2.0,3,15.0,1,5.0,0.0,-1.6,11286,90,0.5128477760056708,0.09684564947722843,0.3903065745171008,2104,23.377777777777776,13422.647527910687,15.0,2044,60,0.03571428571428571
2.0,3,15.0,1,5.0,0.0,-1.5,11286,90,0.499645578592947,0.09914938862307283,0.4012050327839802,2055,22.833333333333332,13110.047846889953,15.0,1995,60,0.036591478696741855
2.0,3,15.0,1,5.0,0.0,-1.4,11286,90,0.4758107389686337,0.09206096048201311,0.4321283005493532,1833,20.366666666666667,11693.77990430622,20.0,1772,61,0.040632054176072234
2.0,3,15.0,1,5.0,0.0,-1.3,11286,90,0.42539429381534644,0.07460570618465355,0.5,2030,22.555555555555557,12950.55821371611,15.0,1969,61,0.02437785678009142
2.0,3,15.0,1,5.0,0.0,-1.2,11286,90,0.4034201665780613,0.04589757221336169,0.550682261208577,1634,18.155555555555555,10424.242424242424,15.0,1574,60,0.06734434561626429
2.0,3,15.0,1,5.0,0.0,-1.1,11286,90,0.38153464469253945,0.04377104377104377,0.5746943115364168,1459,16.211111111111112,9307.814992025518,15.0,1398,61,0.04220314735336195
2.0,3,15.0,1,5.0,0.0,-1.0,11286,90,0.36611731348573456,0.043859649122807015,0.5900230373914584,1459,16.211111111111112,9307.814992025518,15.0,1399,60,0.03359542530378842
2.0,3,15.0,1,5.0,0.0,-0.9,11286,90,0.3572567783094099,0.030746057061846535,0.6119971646287435,1213,13.477777777777778,7738.437001594897,15.0,1153,60,0.040763226366001735
2.0,3,15.0,1,5.0,0.0,-0.8,11286,90,0.34175084175084175,0.031011873117136275,0.6272372851320219,1213,13.477777777777778,7738.437001594897,15.0,1153,60,0.040763226366001735
2.0,3,15.0,1,5.0,0.0,-0.7,11286,90,0.2978911926280347,0.06601098706361865,0.6360978203083466,1421,15.78888888888889,9065.390749601276,15.0,1335,86,0.017228464419475654
2.0,3,15.0,1,5.0,0.0,-0.6,11286,90,0.28477760056707424,0.06583377636009215,0.6493886230728336,1419,15.766666666666667,9052.631578947368,15.0,1333,86,0.0172543135783946
2.0,3,15.0,1,5.0,0.0,-0.5,11286,90,0.2759170653907496,0.06601098706361865,0.6580719475456318,1394,15.488888888888889,8893.141945773525,15.0,1308,86,0.017584097859327217
2.0,3,15.0,1,5.0,0.0,-0.4,11286,90,0.24561403508771928,0.04111288321814638,0.7132730816941343,1437,15.966666666666667,9167.464114832535,15.0,1351,86,0.017024426350851222
2.0,3,15.0,1,5.0,0.0,-0.3,11286,90,0.23462697146907674,0.03482190324295587,0.7305511252879674,1316,14.622222222222222,8395.534290271133,15.0,1234,82,0.04538087520259319
2.0,3,15.0,1,5.0,0.0,-0.2,11286,90,0.22807017543859648,0.03482190324295587,0.7371079213184476,1316,14.622222222222222,8395.534290271133,15.0,1235,81,0.045344129554655874
2.0,3,15.0,1,5.0,0.0,-0.1,11286,90,0.22372851320219742,0.03473329789119263,0.7415381889066099,1291,14.344444444444445,8236.044657097289,15.0,1210,81,0.04628099173553719
2.0,3,15.0,1,5.0,0.0,0.0,11286,90,0.19315966684387736,0.028265107212475632,0.778575225943647,1071,11.9,6832.535885167465,20.0,993,78,0.05639476334340383
2.0,3,15.0,1,5.0,0.0,0.1,11286,90,0.17765373028530923,0.028530923267765372,0.7938153464469254,973,10.811111111111112,6207.336523125997,20.0,895,78,0.06256983240223464
2.0,3,15.0,1,5.0,0.0,0.2,11286,90,0.17543859649122806,0.030746057061846535,0.7938153464469254,998,11.088888888888889,6366.8261562998405,20.0,920,78,0.06086956521739131
2.0,3,15.0,1,5.0,0.0,0.3,11286,90,0.17331206804891017,0.028442317916002127,0.7982456140350878,973,10.811111111111112,6207.336523125997,20.0,894,79,0.06152125279642058
2.0,3,15.0,1,5.0,0.0,0.4,11286,90,0.16010987063618642,0.01745525429735956,0.822434875066454,726,8.066666666666666,4631.578947368422,25.0,647,79,0.08500772797527048
2.0,3,15.0,1,5.0,0.0,0.5,11286,90,0.15346446925394294,0.017632465000886055,0.828903065745171,728,8.088888888888889,4644.338118022329,20.0,649,79,0.0847457627118644
2.0,3,15.0,1,5.0,0.0,0.6,11286,90,0.14247740563530037,0.022062732589048378,0.8354598617756512,704,7.822222222222222,4491.228070175439,20.0,626,78,0.08945686900958466
2.0,3,15.0,1,5.0,0.0,0.7,11286,90,0.14247740563530037,0.015505936558568138,0.8420166578061314,580,6.444444444444445,3700.159489633174,20.0,504,76,0.22023809523809523
2.0,3,15.0,1,5.0,0.0,0.8,11286,90,0.13379408116250222,0.010987063618642566,0.8552188552188552,432,4.8,2755.9808612440193,25.0,358,74,0.3128491620111732
2.0,3,15.0,1,5.0,0.0,0.9,11286,90,0.13157894736842105,0.010987063618642566,0.8574339890129363,432,4.8,2755.9808612440193,20.0,358,74,0.3128491620111732
2.0,3,15.0,1,5.0,0.0,1.0,11286,90,0.1293638135743399,0.010987063618642566,0.8596491228070176,432,4.8,2755.9808612440193,20.0,358,74,0.3128491620111732
2.0,3,15.0,2,5.0,5.0,-4.0,11286,90,1.0,0.0,0.0,0,0.0,0.0,,0,0,
2.0,3,15.0,2,5.0,5.0,-3.9,11286,90,1.0,0.0,0.0,0,0.0,0.0,,0,0,
2.0,3,15.0,2,5.0,5.0,-3.8,11286,90,1.0,0.0,0.0,0,0.0,0.0,,0,0,
2.0,3,15.0,2,5.0,5.0,-3.7,11286,90,1.0,0.0,0.0,0,0.0,0.0,,0,0,
2.0,3,15.0,2,5.0,5.0,-3.6,11286,90,1.0,0.0,0.0,0,0.0,0.0,,0,0,
2.0,3,15.0,2,5.0,5.0,-3.5,11286,90,1.0,0.0,0.0,0,0.0,0.0,,0,0,
2.0,3,15.0,2,5.0,5.0,-3.4,11286,90,1.0,0.0,0.0,0,0.0,0.0,,0,0,
2.0,3,15.0,2,5.0,5.0,-3.3,11286,90,1.0,0.0,0.0,0,0.0,0.0,,0,0,
2.0,3,15.0,2,5.0,5.0,-3.2,11286,90,1.0,0.0,0.0,0,0.0,0.0,,0,0,
2.0,3,15.0,2,5.0,5.0,-3.1,11286,90,1.0,0.0,0.0,0,0.0,0.0,,0,0,
2.0,3,15.0,2,5.0,5.0,-3.0,11286,90,1.0,0.0,0.0,0,0.0,0.0,,0,0,
2.0,3,15.0,2,5.0,5.0,-2.9,11286,90,1.0,0.0,0.0,0,0.0,0.0,,0,0,
2.0,3,15.0,2,5.0,5.0,-2.8,11286,90,1.0,0.0,0.0,0,0.0,0.0,,0,0,
2.0,3,15.0,2,5.0,5.0,-2.7,11286,90,1.0,0.0,0.0,0,0.0,0.0,,0,0,
2.0,3,15.0,2,5.0,5.0,-2.6,11286,90,1.0,0.0,0.0,0,0.0,0.0,,0,0,
2.0,3,15.0,2,5.0,5.0,-2.5,11286,90,1.0,0.0,0.0,0,0.0,0.0,,0,0,
2.0,3,15.0,2,5.0,5.0,-2.4,11286,90,0.8952684742158427,0.10473152578415737,0.0,738,8.2,4708.133971291866,15.0,730,8,0.14794520547945206
2.0,3,15.0,2,5.0,5.0,-2.3,11286,90,0.8952684742158427,0.052365762892078685,0.052365762892078685,738,8.2,4708.133971291866,15.0,729,9,0.0823045267489712
2.0,3,15.0,2,5.0,5.0,-2.2,11286,90,0.783625730994152,0.1049973418394471,0.11137692716640085,1476,16.4,9416.267942583732,15.0,1399,77,0.08577555396711938
2.0,3,15.0,2,5.0,5.0,-2.1,11286,90,0.7703349282296651,0.05289739500265816,0.17676767676767677,1479,16.433333333333334,9435.406698564593,15.0,1401,78,0.042826552462526764
2.0,3,15.0,2,5.0,5.0,-2.0,11286,90,0.7200956937799043,0.000886053517632465,0.2790182527024632,1185,13.166666666666666,7559.808612440192,15.0,1104,81,0.051630434782608696
2.0,3,15.0,2,5.0,5.0,-1.9,11286,90,0.6480595427963849,0.03987240829346093,0.31206804891015416,1340,14.88888888888889,8548.644338118022,20.0,1257,83,0.045346062052505964
2.0,3,15.0,2,5.0,5.0,-1.8,11286,90,0.6366294524189261,0.000177210703526493,0.3631933368775474,1287,14.3,8210.526315789475,20.0,1204,83,0.04817275747508306
2.0,3,15.0,2,5.0,5.0,-1.7,11286,90,0.6097820308346624,0.004784688995215311,0.3854332801701223,1187,13.188888888888888,7572.567783094099,20.0,1104,83,0.051630434782608696
2.0,3,15.0,2,5.0,5.0,-1.6,11286,90,0.5060251639199007,0.05360623781676413,0.44036859826333513,1210,13.444444444444445,7719.298245614034,20.0,1125,85,0.0008888888888888889
2.0,3,15.0,2,5.0,5.0,-1.5,11286,90,0.4930887825624668,0.05573276625908205,0.4511784511784512,1162,12.911111111111111,7413.078149920256,20.0,1077,85,0.0009285051067780873
2.0,3,15.0,2,5.0,5.0,-1.4,11286,90,0.4647350699982279,0.06140350877192982,0.47386142122984226,1036,11.511111111111111,6609.250398724083,35.0,951,85,0.0
2.0,3,15.0,2,5.0,5.0,-1.3,11286,90,0.4270777954988481,0.028973950026581607,0.5439482544745703,1113,12.366666666666667,7100.478468899521,25.0,1028,85,0.0009727626459143969
2.0,3,15.0,2,5.0,5.0,-1.2,11286,90,0.4095339358497253,0.006734006734006734,0.583732057416268,938,10.422222222222222,5984.051036682615,35.0,853,85,0.015240328253223915
2.0,3,15.0,2,5.0,5.0,-1.1,11286,90,0.3965089491405281,0.004784688995215311,0.5987063618642566,917,10.188888888888888,5850.079744816587,30.0,832,85,0.001201923076923077
2.0,3,15.0,2,5.0,5.0,-1.0,11286,90,0.3810916179337232,0.004784688995215311,0.6141236930710615,916,10.177777777777777,5843.700159489633,30.0,831,85,0.0
2.0,3,15.0,2,5.0,5.0,-0.9,11286,90,0.3722310827573985,0.000177210703526493,0.6275917065390749,864,9.6,5511.9617224880385,30.0,779,85,0.0
2.0,3,15.0,2,5.0,5.0,-0.8,11286,90,0.3565479354953039,0.000531632110579479,0.6429204323941166,863,9.588888888888889,5505.582137161085,25.0,778,85,0.0
2.0,3,15.0,2,5.0,5.0,-0.7,11286,90,0.31605528973950026,0.03216374269005848,0.6517809675704412,1046,11.622222222222222,6673.04625199362,20.0,959,87,0.0
2.0,3,15.0,2,5.0,5.0,-0.6,11286,90,0.2986000354421407,0.03216374269005848,0.6692362218678009,997,11.077777777777778,6360.4465709728875,20.0,911,86,0.02305159165751921
2.0,3,15.0,2,5.0,5.0,-0.5,11286,90,0.2877015771752614,0.03446748183590289,0.6778309409888357,949,10.544444444444444,6054.226475279107,20.0,865,84,0.04971098265895954
2.0,3,15.0,2,5.0,5.0,-0.4,11286,90,0.2551834130781499,0.002126528442317916,0.7426900584795322,748,8.311111111111112,4771.929824561404,35.0,664,84,0.06475903614457831
2.0,3,15.0,2,5.0,5.0,-0.3,11286,90,0.24455077086656035,0.0,0.7554492291334397,724,8.044444444444444,4618.819776714513,35.0,641,83,0.0842433697347894
2.0,3,15.0,2,5.0,5.0,-0.2,11286,90,0.23143717880559986,0.0,0.7685628211944001,626,6.955555555555556,3993.6204146730465,30.0,545,81,0.09908256880733946
2.0,3,15.0,2,5.0,5.0,-0.1,11286,90,0.22700691121743755,0.002303739145844409,0.7706893496367181,627,6.966666666666667,4000.0,30.0,547,80,0.09872029250457039
2.0,3,15.0,2,5.0,5.0,0.0,11286,90,0.19617224880382775,0.004430267588162325,0.7993974836080099,552,6.133333333333334,3521.5311004784694,30.0,472,80,0.11440677966101695
2.0,3,15.0,2,5.0,5.0,0.1,11286,90,0.18740031897926634,0.004430267588162325,0.8081694134325713,552,6.133333333333334,3521.5311004784694,30.0,472,80,0.11440677966101695
2.0,3,15.0,2,5.0,5.0,0.2,11286,90,0.18518518518518517,0.004430267588162325,0.8103845472266525,552,6.133333333333334,3521.5311004784694,30.0,472,80,0.11440677966101695
2.0,3,15.0,2,5.0,5.0,0.3,11286,90,0.18305865674286728,0.004430267588162325,0.8125110756689704,552,6.133333333333334,3521.5311004784694,30.0,472,80,0.11440677966101695
2.0,3,15.0,2,5.0,5.0,0.4,11286,90,0.16781853623958887,0.0023923444976076554,0.8297891192628035,455,5.055555555555555,2902.7113237639555,45.0,375,80,0.144
2.0,3,15.0,2,5.0,5.0,0.5,11286,90,0.15674286726918304,0.0023923444976076554,0.8408647882332093,356,3.9555555555555557,2271.1323763955343,45.0,277,79,0.35379061371841153
2.0,3,15.0,2,5.0,5.0,0.6,11286,90,0.15027467659046606,0.004518872939925572,0.8452064504696084,356,3.9555555555555557,2271.1323763955343,45.0,278,78,0.35611510791366907
2.0,3,15.0,2,5.0,5.0,0.7,11286,90,0.15027467659046606,0.0023923444976076554,0.8473329789119263,332,3.688888888888889,2118.0223285486445,45.0,254,78,0.42913385826771655
2.0,3,15.0,2,5.0,5.0,0.8,11286,90,0.14584440900230375,0.0,0.8541555909976962,307,3.411111111111111,1958.5326953748006,50.0,230,77,0.47391304347826085
2.0,3,15.0,2,5.0,5.0,0.9,11286,90,0.14362927520822258,0.0,0.8563707247917774,307,3.411111111111111,1958.5326953748006,50.0,230,77,0.47391304347826085
2.0,3,15.0,2,5.0,5.0,1.0,11286,90,0.1414141414141414,0.0,0.8585858585858586,307,3.411111111111111,1958.5326953748006,50.0,230,77,0.47391304347826085
2.0,3,15.0,3,5.0,10.0,-4.0,11286,90,1.0,0.0,0.0,0,0.0,0.0,,0,0,
2.0,3,15.0,3,5.0,10.0,-3.9,11286,90,1.0,0.0,0.0,0,0.0,0.0,,0,0,
2.0,3,15.0,3,5.0,10.0,-3.8,11286,90,1.0,0.0,0.0,0,0.0,0.0,,0,0,
2.0,3,15.0,3,5.0,10.0,-3.7,11286,90,1.0,0.0,0.0,0,0.0,0.0,,0,0,
2.0,3,15.0,3,5.0,10.0,-3.6,11286,90,1.0,0.0,0.0,0,0.0,0.0,,0,0,
2.0,3,15.0,3,5.0,10.0,-3.5,11286,90,1.0,0.0,0.0,0,0.0,0.0,,0,0,
2.0,3,15.0,3,5.0,10.0,-3.4,11286,90,1.0,0.0,0.0,0,0.0,0.0,,0,0,
2.0,3,15.0,3,5.0,10.0,-3.3,11286,90,1.0,0.0,0.0,0,0.0,0.0,,0,0,
2.0,3,15.0,3,5.0,10.0,-3.2,11286,90,1.0,0.0,0.0,0,0.0,0.0,,0,0,
2.0,3,15.0,3,5.0,10.0,-3.1,11286,90,1.0,0.0,0.0,0,0.0,0.0,,0,0,
2.0,3,15.0,3,5.0,10.0,-3.0,11286,90,1.0,0.0,0.0,0,0.0,0.0,,0,0,
2.0,3,15.0,3,5.0,10.0,-2.9,11286,90,1.0,0.0,0.0,0,0.0,0.0,,0,0,
2.0,3,15.0,3,5.0,10.0,-2.8,11286,90,1.0,0.0,0.0,0,0.0,0.0,,0,0,
2.0,3,15.0,3,5.0,10.0,-2.7,11286,90,1.0,0.0,0.0,0,0.0,0.0,,0,0,
2.0,3,15.0,3,5.0,10.0,-2.6,11286,90,1.0,0.0,0.0,0,0.0,0.0,,0,0,
2.0,3,15.0,3,5.0,10.0,-2.5,11286,90,1.0,0.0,0.0,0,0.0,0.0,,0,0,
2.0,3,15.0,3,5.0,10.0,-2.4,11286,90,0.8952684742158427,0.10473152578415737,0.0,738,8.2,4708.133971291866,15.0,729,9,0.1467764060356653
2.0,3,15.0,3,5.0,10.0,-2.3,11286,90,0.8984582668793195,0.05263157894736842,0.04891015417331207,618,6.866666666666666,3942.5837320574165,15.0,609,9,0.09852216748768473
2.0,3,15.0,3,5.0,10.0,-2.2,11286,90,0.7699805068226121,0.10446570972886762,0.12555378344852028,1208,13.422222222222222,7706.539074960127,15.0,1131,77,0.10610079575596817
2.0,3,15.0,3,5.0,10.0,-2.1,11286,90,0.7305511252879674,0.05325181640971115,0.21619705830232147,969,10.766666666666667,6181.818181818182,20.0,891,78,0.06846240179573512
2.0,3,15.0,3,5.0,10.0,-2.0,11286,90,0.7093744462165514,0.0011518695729222045,0.2894736842105263,749,8.322222222222223,4778.309409888358,50.0,667,82,0.08545727136431784
2.0,3,15.0,3,5.0,10.0,-1.9,11286,90,0.5975544922913344,0.03827751196172249,0.36416799574694314,831,9.233333333333333,5301.435406698564,50.0,747,84,0.0749665327978581
2.0,3,15.0,3,5.0,10.0,-1.8,11286,90,0.5786815523657629,0.0002658160552897395,0.42105263157894735,618,6.866666666666666,3942.5837320574165,80.0,534,84,0.10674157303370786
2.0,3,15.0,3,5.0,10.0,-1.7,11286,90,0.563264221158958,0.0002658160552897395,0.4364699627857523,570,6.333333333333333,3636.3636363636365,80.0,486,84,0.11522633744855967
2.0,3,15.0,3,5.0,10.0,-1.6,11286,90,0.4739500265816055,0.05360623781676413,0.47244373560163033,867,9.633333333333333,5531.100478468899,50.0,782,85,0.0012787723785166241
2.0,3,15.0,3,5.0,10.0,-1.5,11286,90,0.4695197589934432,0.05360623781676413,0.4768740031897927,867,9.633333333333333,5531.100478468899,50.0,782,85,0.0012787723785166241
2.0,3,15.0,3,5.0,10.0,-1.4,11286,90,0.4585326953748006,0.05263157894736842,0.48883572567783096,866,9.622222222222222,5524.720893141945,50.0,781,85,0.0
2.0,3,15.0,3,5.0,10.0,-1.3,11286,90,0.41954634059897217,0.018252702463228777,0.562200956937799,807,8.966666666666667,5148.3253588516745,50.0,722,85,0.002770083102493075
2.0,3,15.0,3,5.0,10.0,-1.2,11286,90,0.4129009392167287,0.000531632110579479,0.5865674286726918,746,8.28888888888889,4759.170653907496,55.0,661,85,0.0030257186081694403
2.0,3,15.0,3,5.0,10.0,-1.1,11286,90,0.39987595250753144,0.0002658160552897395,0.5998582314371788,745,8.277777777777779,4752.791068580543,50.0,660,85,0.0015151515151515152
2.0,3,15.0,3,5.0,10.0,-1.0,11286,90,0.36381357433989014,0.0002658160552897395,0.6359206096048201,715,7.944444444444445,4561.403508771929,55.0,630,85,0.0
2.0,3,15.0,3,5.0,10.0,-0.9,11286,90,0.35495303916356546,0.0002658160552897395,0.6447811447811448,713,7.9222222222222225,4548.6443381180225,50.0,628,85,0.0
2.0,3,15.0,3,5.0,10.0,-0.8,11286,90,0.321726032252348,0.0007974481658692185,0.6774765195817828,542,6.022222222222222,3457.735247208931,75.0,460,82,0.07173913043478261
2.0,3,15.0,3,5.0,10.0,-0.7,11286,90,0.2828282828282828,0.02684742158426369,0.6903242955874535,679,7.544444444444444,4331.738437001594,40.0,596,83,0.09060402684563758
2.0,3,15.0,3,5.0,10.0,-0.6,11286,90,0.2718412192096403,0.02684742158426369,0.701311359206096,679,7.544444444444444,4331.738437001594,40.0,596,83,0.09060402684563758
2.0,3,15.0,3,5.0,10.0,-0.5,11286,90,0.2674995569732412,0.02684742158426369,0.7056530214424951,679,7.544444444444444,4331.738437001594,40.0,596,83,0.09060402684563758
2.0,3,15.0,3,5.0,10.0,-0.4,11286,90,0.24889243310295942,0.0,0.7511075668970406,542,6.022222222222222,3457.735247208931,40.0,461,81,0.11713665943600868
2.0,3,15.0,3,5.0,10.0,-0.3,11286,90,0.22443735601630338,0.0,0.7755626439836966,482,5.355555555555555,3074.9601275917066,35.0,402,80,0.13432835820895522
2.0,3,15.0,3,5.0,10.0,-0.2,11286,90,0.2222222222222222,0.0,0.7777777777777778,482,5.355555555555555,3074.9601275917066,35.0,402,80,0.13432835820895522
2.0,3,15.0,3,5.0,10.0,-0.1,11286,90,0.21982987772461457,0.0002658160552897395,0.7799043062200957,483,5.366666666666666,3081.33971291866,35.0,403,80,0.13399503722084366
2.0,3,15.0,3,5.0,10.0,0.0,11286,90,0.19519758993443204,0.0002658160552897395,0.8045365940102782,432,4.8,2755.9808612440193,40.0,352,80,0.1534090909090909
2.0,3,15.0,3,5.0,10.0,0.1,11286,90,0.18642566010987063,0.0002658160552897395,0.8133085238348396,432,4.8,2755.9808612440193,40.0,352,80,0.1534090909090909
2.0,3,15.0,3,5.0,10.0,0.2,11286,90,0.18190678716994507,0.0002658160552897395,0.8178273967747652,406,4.511111111111111,2590.1116427432216,40.0,326,80,0.19938650306748465
2.0,3,15.0,3,5.0,10.0,0.3,11286,90,0.17978025872762715,0.0002658160552897395,0.8199539252170831,406,4.511111111111111,2590.1116427432216,40.0,326,80,0.19938650306748465
2.0,3,15.0,3,5.0,10.0,0.4,11286,90,0.16223639907850435,0.000354421407052986,0.8374091795144427,308,3.422222222222222,1964.9122807017545,45.0,229,79,0.47161572052401746
2.0,3,15.0,3,5.0,10.0,0.5,11286,90,0.16002126528442318,0.000354421407052986,0.8396243133085238,307,3.411111111111111,1958.5326953748006,45.0,229,78,0.47161572052401746
2.0,3,15.0,3,5.0,10.0,0.6,11286,90,0.1556796030480241,0.000354421407052986,0.8439659755449229,307,3.411111111111111,1958.5326953748006,45.0,229,78,0.47161572052401746
2.0,3,15.0,3,5.0,10.0,0.7,11286,90,0.1556796030480241,0.000354421407052986,0.8439659755449229,307,3.411111111111111,1958.5326953748006,45.0,229,78,0.47161572052401746
2.0,3,15.0,3,5.0,10.0,0.8,11286,90,0.15124933545986177,0.0,0.8487506645401383,306,3.4,1952.153110047847,45.0,229,77,0.47161572052401746
2.0,3,15.0,3,5.0,10.0,0.9,11286,90,0.1490342016657806,0.0,0.8509657983342194,306,3.4,1952.153110047847,45.0,229,77,0.47161572052401746
2.0,3,15.0,3,5.0,10.0,1.0,11286,90,0.14681906787169946,0.0,0.8531809321283006,306,3.4,1952.153110047847,45.0,229,77,0.47161572052401746
2.0,3,30.0,1,5.0,0.0,-4.0,11112,89,1.0,0.0,0.0,0,0.0,0.0,,0,0,
2.0,3,30.0,1,5.0,0.0,-3.9,11112,89,1.0,0.0,0.0,0,0.0,0.0,,0,0,
2.0,3,30.0,1,5.0,0.0,-3.8,11112,89,1.0,0.0,0.0,0,0.0,0.0,,0,0,
2.0,3,30.0,1,5.0,0.0,-3.7,11112,89,1.0,0.0,0.0,0,0.0,0.0,,0,0,
2.0,3,30.0,1,5.0,0.0,-3.6,11112,89,1.0,0.0,0.0,0,0.0,0.0,,0,0,
2.0,3,30.0,1,5.0,0.0,-3.5,11112,89,1.0,0.0,0.0,0,0.0,0.0,,0,0,
2.0,3,30.0,1,5.0,0.0,-3.4,11112,89,1.0,0.0,0.0,0,0.0,0.0,,0,0,
2.0,3,30.0,1,5.0,0.0,-3.3,11112,89,1.0,0.0,0.0,0,0.0,0.0,,0,0,
2.0,3,30.0,1,5.0,0.0,-3.2,11112,89,1.0,0.0,0.0,0,0.0,0.0,,0,0,
2.0,3,30.0,1,5.0,0.0,-3.1,11112,89,1.0,0.0,0.0,0,0.0,0.0,,0,0,
2.0,3,30.0,1,5.0,0.0,-3.0,11112,89,1.0,0.0,0.0,0,0.0,0.0,,0,0,
2.0,3,30.0,1,5.0,0.0,-2.9,11112,89,1.0,0.0,0.0,0,0.0,0.0,,0,0,
2.0,3,30.0,1,5.0,0.0,-2.8,11112,89,1.0,0.0,0.0,0,0.0,0.0,,0,0,
2.0,3,30.0,1,5.0,0.0,-2.7,11112,89,1.0,0.0,0.0,0,0.0,0.0,,0,0,
2.0,3,30.0,1,5.0,0.0,-2.6,11112,89,1.0,0.0,0.0,0,0.0,0.0,,0,0,
2.0,3,30.0,1,5.0,0.0,-2.5,11112,89,1.0,0.0,0.0,0,0.0,0.0,,0,0,
2.0,3,30.0,1,5.0,0.0,-2.4,11112,89,1.0,0.0,0.0,0,0.0,0.0,,0,0,
2.0,3,30.0,1,5.0,0.0,-2.3,11112,89,0.8974982001439885,0.10250179985601152,0.0,124,1.3932584269662922,803.4557235421166,95.0,120,4,1.0
2.0,3,30.0,1,5.0,0.0,-2.2,11112,89,0.7928365730741541,0.20716342692584594,0.0,248,2.7865168539325844,1606.9114470842333,80.0,240,8,0.7458333333333333
2.0,3,30.0,1,5.0,0.0,-2.1,11112,89,0.6860151187904968,0.2159827213822894,0.09800215982721382,471,5.292134831460674,3051.8358531317494,75.0,459,12,0.5228758169934641
2.0,3,30.0,1,5.0,0.0,-2.0,11112,89,0.572354211663067,0.22273218142548595,0.20491360691144708,694,7.797752808988764,4496.760259179266,75.0,676,18,0.4245562130177515
2.0,3,30.0,1,5.0,0.0,-1.9,11112,89,0.5590352771778258,0.13138948884089272,0.3095752339812815,793,8.910112359550562,5138.228941684665,65.0,763,30,0.28309305373525556
2.0,3,30.0,1,5.0,0.0,-1.8,11112,89,0.48776097912167027,0.09800215982721382,0.4142368610511159,904,10.157303370786517,5857.451403887689,60.0,870,34,0.1781609195402299
2.0,3,30.0,1,5.0,0.0,-1.7,11112,89,0.4787616990640749,0.09584233261339092,0.4253959683225342,904,10.157303370786517,5857.451403887689,55.0,870,34,0.1781609195402299
2.0,3,30.0,1,5.0,0.0,-1.6,11112,89,0.46535277177825773,0.035727141828653705,0.49892008639308855,893,10.03370786516854,5786.1771058315335,30.0,860,33,0.22093023255813954
2.0,3,30.0,1,5.0,0.0,-1.5,11112,89,0.46085313174946,0.03581713462922966,0.5033297336213103,894,10.044943820224718,5792.656587473002,30.0,861,33,0.17886178861788618
2.0,3,30.0,1,5.0,0.0,-1.4,11112,89,0.44969402447804174,0.035727141828653705,0.5145788336933045,893,10.03370786516854,5786.1771058315335,25.0,860,33,0.17906976744186046
2.0,3,30.0,1,5.0,0.0,-1.3,11112,89,0.32946364290856733,0.13813894888408929,0.5323974082073434,1014,11.393258426966293,6570.194384449244,35.0,980,34,0.15714285714285714
2.0,3,30.0,1,5.0,0.0,-1.2,11112,89,0.29823614110871133,0.13822894168466524,0.5635349172066235,1016,11.415730337078651,6583.153347732181,25.0,982,34,0.15682281059063136
2.0,3,30.0,1,5.0,0.0,-1.1,11112,89,0.28491720662347014,0.1380489560835133,0.5770338372930166,1012,11.370786516853933,6557.235421166307,20.0,978,34,0.1574642126789366
2.0,3,30.0,1,5.0,0.0,-1.0,11112,89,0.2737580993520518,0.14029877609791216,0.5859431245500359,1011,11.359550561797754,6550.755939524838,15.0,976,35,0.15778688524590165
2.0,3,30.0,1,5.0,0.0,-0.9,11112,89,0.26475881929445644,0.14047876169906406,0.5947624190064795,1013,11.382022471910112,6563.714902807775,15.0,978,35,0.1574642126789366
2.0,3,30.0,1,5.0,0.0,-0.8,11112,89,0.25161987041036715,0.046616270698344134,0.7017638588912887,1010,11.348314606741573,6544.27645788337,15.0,975,35,0.09641025641025641
2.0,3,30.0,1,5.0,0.0,-0.7,11112,89,0.24487041036717064,0.0355471562275018,0.7195824334053276,887,9.96629213483146,5747.300215982721,10.0,856,31,0.12266355140186916
2.0,3,30.0,1,5.0,0.0,-0.6,11112,89,0.23371130309575233,0.03581713462922966,0.730471562275018,890,10.0,5766.738660907127,7.5,859,31,0.12223515715948778
2.0,3,30.0,1,5.0,0.0,-0.5,11112,89,0.2293016558675306,0.035727141828653705,0.7349712023038157,890,10.0,5766.738660907127,7.5,859,31,0.12223515715948778
2.0,3,30.0,1,5.0,0.0,-0.4,11112,89,0.16027717782577394,0.09134269258459324,0.7483801295896328,851,9.561797752808989,5514.038876889849,25.0,771,80,0.07392996108949416
2.0,3,30.0,1,5.0,0.0,-0.3,11112,89,0.1537077033837293,0.08225341972642189,0.7640388768898488,727,8.168539325842696,4710.583153347732,20.0,651,76,0.08755760368663594
2.0,3,30.0,1,5.0,0.0,-0.2,11112,89,0.15145788336933044,0.08225341972642189,0.7662886969042476,727,8.168539325842696,4710.583153347732,20.0,651,76,0.08755760368663594
2.0,3,30.0,1,5.0,0.0,-0.1,11112,89,0.14929805615550756,0.08216342692584593,0.7685385169186465,726,8.157303370786517,4704.103671706263,20.0,650,76,0.0876923076923077
2.0,3,30.0,1,5.0,0.0,0.0,11112,89,0.1314794816414687,0.03095752339812815,0.8375629949604032,774,8.696629213483146,5015.11879049676,10.0,698,76,0.08166189111747851
2.0,3,30.0,1,5.0,0.0,0.1,11112,89,0.1203203743700504,0.030867530597552196,0.8488120950323974,700,7.865168539325842,4535.637149028078,15.0,624,76,0.09134615384615384
2.0,3,30.0,1,5.0,0.0,0.2,11112,89,0.11807055435565154,0.030867530597552196,0.8510619150467963,676,7.595505617977528,4380.129589632829,15.0,600,76,0.095
2.0,3,30.0,1,5.0,0.0,0.3,11112,89,0.1158207343412527,0.028797696184305256,0.855381569474442,677,7.606741573033708,4386.609071274298,15.0,601,76,0.09484193011647254
2.0,3,30.0,1,5.0,0.0,0.4,11112,89,0.111321094312455,0.02222822174226062,0.8664506839452844,554,6.224719101123595,3589.63282937365,15.0,481,73,0.23700623700623702
2.0,3,30.0,1,5.0,0.0,0.5,11112,89,0.10907127429805616,0.022318214542836574,0.8686105111591073,555,6.235955056179775,3596.112311015119,10.0,482,73,0.23651452282157676
2.0,3,30.0,1,5.0,0.0,0.6,11112,89,0.10466162706983441,0.022318214542836574,0.873020158387329,555,6.235955056179775,3596.112311015119,10.0,481,74,0.23492723492723494
2.0,3,30.0,1,5.0,0.0,0.7,11112,89,0.10466162706983441,0.022318214542836574,0.873020158387329,555,6.235955056179775,3596.112311015119,10.0,481,74,0.23492723492723494
2.0,3,30.0,1,5.0,0.0,0.8,11112,89,0.10016198704103672,0.022408207343412527,0.8774298056155507,556,6.247191011235955,3602.591792656587,10.0,482,74,0.23443983402489627
2.0,3,30.0,1,5.0,0.0,0.9,11112,89,0.09791216702663787,0.022408207343412527,0.8796796256299496,557,6.258426966292135,3609.0712742980563,10.0,483,74,0.23395445134575568
2.0,3,30.0,1,5.0,0.0,1.0,11112,89,0.09575233981281497,0.022318214542836574,0.8819294456443485,556,6.247191011235955,3602.591792656587,10.0,483,73,0.23395445134575568
2.0,3,30.0,2,5.0,5.0,-4.0,11112,89,1.0,0.0,0.0,0,0.0,0.0,,0,0,
2.0,3,30.0,2,5.0,5.0,-3.9,11112,89,1.0,0.0,0.0,0,0.0,0.0,,0,0,
2.0,3,30.0,2,5.0,5.0,-3.8,11112,89,1.0,0.0,0.0,0,0.0,0.0,,0,0,
2.0,3,30.0,2,5.0,5.0,-3.7,11112,89,1.0,0.0,0.0,0,0.0,0.0,,0,0,
2.0,3,30.0,2,5.0,5.0,-3.6,11112,89,1.0,0.0,0.0,0,0.0,0.0,,0,0,
2.0,3,30.0,2,5.0,5.0,-3.5,11112,89,1.0,0.0,0.0,0,0.0,0.0,,0,0,
2.0,3,30.0,2,5.0,5.0,-3.4,11112,89,1.0,0.0,0.0,0,0.0,0.0,,0,0,
2.0,3,30.0,2,5.0,5.0,-3.3,11112,89,1.0,0.0,0.0,0,0.0,0.0,,0,0,
2.0,3,30.0,2,5.0,5.0,-3.2,11112,89,1.0,0.0,0.0,0,0.0,0.0,,0,0,
2.0,3,30.0,2,5.0,5.0,-3.1,11112,89,1.0,0.0,0.0,0,0.0,0.0,,0,0,
2.0,3,30.0,2,5.0,5.0,-3.0,11112,89,1.0,0.0,0.0,0,0.0,0.0,,0,0,
2.0,3,30.0,2,5.0,5.0,-2.9,11112,89,1.0,0.0,0.0,0,0.0,0.0,,0,0,
2.0,3,30.0,2,5.0,5.0,-2.8,11112,89,1.0,0.0,0.0,0,0.0,0.0,,0,0,
2.0,3,30.0,2,5.0,5.0,-2.7,11112,89,1.0,0.0,0.0,0,0.0,0.0,,0,0,
2.0,3,30.0,2,5.0,5.0,-2.6,11112,89,1.0,0.0,0.0,0,0.0,0.0,,0,0,
2.0,3,30.0,2,5.0,5.0,-2.5,11112,89,1.0,0.0,0.0,0,0.0,0.0,,0,0,
2.0,3,30.0,2,5.0,5.0,-2.4,11112,89,1.0,0.0,0.0,0,0.0,0.0,,0,0,
2.0,3,30.0,2,5.0,5.0,-2.3,11112,89,0.8974982001439885,0.10250179985601152,0.0,124,1.3932584269662922,803.4557235421166,95.0,119,5,1.0
2.0,3,30.0,2,5.0,5.0,-2.2,11112,89,0.7928365730741541,0.20716342692584594,0.0,247,2.7752808988764044,1600.4319654427647,75.0,238,9,0.7478991596638656
2.0,3,30.0,2,5.0,5.0,-2.1,11112,89,0.6905147588192945,0.20707343412527,0.10241180705543557,371,4.168539325842697,2403.887688984881,80.0,358,13,0.6675977653631285
2.0,3,30.0,2,5.0,5.0,-2.0,11112,89,0.5812634989200864,0.20491360691144708,0.21382289416846653,495,5.561797752808989,3207.343412526998,90.0,476,19,0.5
2.0,3,30.0,2,5.0,5.0,-1.9,11112,89,0.572354211663067,0.10466162706983441,0.3229841612670986,495,5.561797752808989,3207.343412526998,90.0,417,78,0.28776978417266186
2.0,3,30.0,2,5.0,5.0,-1.8,11112,89,0.5010799136069114,0.06686465082793376,0.4320554355651548,557,6.258426966292135,3609.0712742980563,90.0,473,84,0.12050739957716702
2.0,3,30.0,2,5.0,5.0,-1.7,11112,89,0.4920806335493161,0.06452483801295897,0.443394528437725,556,6.247191011235955,3602.591792656587,90.0,472,84,0.12076271186440678
2.0,3,30.0,2,5.0,5.0,-1.6,11112,89,0.48317134629229663,0.0,0.5168286537077034,493,5.53932584269663,3194.3844492440603,95.0,409,84,0.1393643031784841
2.0,3,30.0,2,5.0,5.0,-1.5,11112,89,0.4787616990640749,0.0,0.5212383009359252,493,5.53932584269663,3194.3844492440603,95.0,409,84,0.1393643031784841
2.0,3,30.0,2,5.0,5.0,-1.4,11112,89,0.46760259179265656,0.0,0.5323974082073434,493,5.53932584269663,3194.3844492440603,100.0,409,84,0.1393643031784841
2.0,3,30.0,2,5.0,5.0,-1.3,11112,89,0.3474622030237581,0.10241180705543557,0.5501259899208063,616,6.921348314606742,3991.3606911447087,70.0,532,84,0.11278195488721804
2.0,3,30.0,2,5.0,5.0,-1.2,11112,89,0.31623470122390207,0.10241180705543557,0.5813534917206623,615,6.910112359550562,3984.8812095032395,70.0,531,84,0.11299435028248588
2.0,3,30.0,2,5.0,5.0,-1.1,11112,89,0.30300575953923686,0.10241180705543557,0.5945824334053276,615,6.910112359550562,3984.8812095032395,70.0,531,84,0.11299435028248588
2.0,3,30.0,2,5.0,5.0,-1.0,11112,89,0.28725701943844495,0.10493160547156227,0.6078113750899928,568,6.382022471910112,3680.345572354212,70.0,485,83,0.16907216494845362
2.0,3,30.0,2,5.0,5.0,-0.9,11112,89,0.2737580993520518,0.10493160547156227,0.6213102951763859,518,5.820224719101123,3356.3714902807774,70.0,437,81,0.2379862700228833
2.0,3,30.0,2,5.0,5.0,-0.8,11112,89,0.2693484521238301,0.011519078473722102,0.7191324694024478,616,6.921348314606742,3991.3606911447087,70.0,531,85,0.0018832391713747645
2.0,3,30.0,2,5.0,5.0,-0.7,11112,89,0.26259899208063353,0.0003599712023038157,0.7370410367170627,493,5.53932584269663,3194.3844492440603,70.0,412,81,0.13349514563106796
2.0,3,30.0,2,5.0,5.0,-0.6,11112,89,0.24244060475161988,0.0008999280057595393,0.7566594672426206,396,4.449438202247191,2565.874730021598,70.0,319,77,0.1724137931034483
2.0,3,30.0,2,5.0,5.0,-0.5,11112,89,0.23803095752339812,0.0007199424046076314,0.7612491000719942,396,4.449438202247191,2565.874730021598,65.0,319,77,0.1724137931034483
2.0,3,30.0,2,5.0,5.0,-0.4,11112,89,0.1789056875449964,0.05966522678185745,0.7614290856731462,556,6.247191011235955,3602.591792656587,45.0,474,82,0.1160337552742616
2.0,3,30.0,2,5.0,5.0,-0.3,11112,89,0.17233621310295177,0.0503959683225342,0.777267818574514,432,4.853932584269663,2799.136069114471,45.0,354,78,0.15254237288135594
2.0,3,30.0,2,5.0,5.0,-0.2,11112,89,0.17008639308855292,0.0503959683225342,0.7795176385889129,432,4.853932584269663,2799.136069114471,45.0,354,78,0.15254237288135594
2.0,3,30.0,2,5.0,5.0,-0.1,11112,89,0.16792656587473,0.0503959683225342,0.7816774658027358,432,4.853932584269663,2799.136069114471,45.0,354,78,0.15254237288135594
2.0,3,30.0,2,5.0,5.0,0.0,11112,89,0.15460763138948885,0.00017998560115190784,0.8452123830093593,431,4.842696629213483,2792.656587473002,45.0,353,78,0.1529745042492918
2.0,3,30.0,2,5.0,5.0,0.1,11112,89,0.1368790496760259,0.00665946724262059,0.8564614830813535,382,4.292134831460674,2475.161987041037,45.0,305,77,0.24918032786885247
2.0,3,30.0,2,5.0,5.0,0.2,11112,89,0.1368790496760259,0.0064794816414686825,0.8566414686825053,380,4.269662921348314,2462.2030237580993,45.0,303,77,0.2508250825082508
2.0,3,30.0,2,5.0,5.0,0.3,11112,89,0.13471922246220303,0.0021598272138228943,0.8631209503239741,332,3.730337078651685,2151.1879049676027,45.0,255,77,0.3843137254901961
2.0,3,30.0,2,5.0,5.0,0.4,11112,89,0.13012958963282936,0.00017998560115190784,0.8696904247660188,308,3.460674157303371,1995.6803455723543,45.0,231,77,0.47186147186147187
2.0,3,30.0,2,5.0,5.0,0.5,11112,89,0.12787976961843053,0.00017998560115190784,0.8719402447804175,308,3.460674157303371,1995.6803455723543,45.0,231,77,0.47186147186147187
2.0,3,30.0,2,5.0,5.0,0.6,11112,89,0.12338012958963283,0.00017998560115190784,0.8764398848092153,308,3.460674157303371,1995.6803455723543,45.0,231,77,0.47186147186147187
2.0,3,30.0,2,5.0,5.0,0.7,11112,89,0.12338012958963283,0.00017998560115190784,0.8764398848092153,308,3.460674157303371,1995.6803455723543,45.0,231,77,0.47186147186147187
2.0,3,30.0,2,5.0,5.0,0.8,11112,89,0.11897048236141108,0.00017998560115190784,0.880849532037437,308,3.460674157303371,1995.6803455723543,45.0,231,77,0.47186147186147187
2.0,3,30.0,2,5.0,5.0,0.9,11112,89,0.11681065514758819,0.00017998560115190784,0.8830093592512599,308,3.460674157303371,1995.6803455723543,45.0,231,77,0.47186147186147187
2.0,3,30.0,2,5.0,5.0,1.0,11112,89,0.11033117350611951,0.00017998560115190784,0.8894888408927286,260,2.9213483146067416,1684.6652267818577,50.0,207,53,0.5265700483091788
2.0,3,30.0,3,5.0,10.0,-4.0,11112,89,1.0,0.0,0.0,0,0.0,0.0,,0,0,
2.0,3,30.0,3,5.0,10.0,-3.9,11112,89,1.0,0.0,0.0,0,0.0,0.0,,0,0,
2.0,3,30.0,3,5.0,10.0,-3.8,11112,89,1.0,0.0,0.0,0,0.0,0.0,,0,0,
2.0,3,30.0,3,5.0,10.0,-3.7,11112,89,1.0,0.0,0.0,0,0.0,0.0,,0,0,
2.0,3,30.0,3,5.0,10.0,-3.6,11112,89,1.0,0.0,0.0,0,0.0,0.0,,0,0,
2.0,3,30.0,3,5.0,10.0,-3.5,11112,89,1.0,0.0,0.0,0,0.0,0.0,,0,0,
2.0,3,30.0,3,5.0,10.0,-3.4,11112,89,1.0,0.0,0.0,0,0.0,0.0,,0,0,
2.0,3,30.0,3,5.0,10.0,-3.3,11112,89,1.0,0.0,0.0,0,0.0,0.0,,0,0,
2.0,3,30.0,3,5.0,10.0,-3.2,11112,89,1.0,0.0,0.0,0,0.0,0.0,,0,0,
2.0,3,30.0,3,5.0,10.0,-3.1,11112,89,1.0,0.0,0.0,0,0.0,0.0,,0,0,
2.0,3,30.0,3,5.0,10.0,-3.0,11112,89,1.0,0.0,0.0,0,0.0,0.0,,0,0,
2.0,3,30.0,3,5.0,10.0,-2.9,11112,89,1.0,0.0,0.0,0,0.0,0.0,,0,0,
2.0,3,30.0,3,5.0,10.0,-2.8,11112,89,1.0,0.0,0.0,0,0.0,0.0,,0,0,
2.0,3,30.0,3,5.0,10.0,-2.7,11112,89,1.0,0.0,0.0,0,0.0,0.0,,0,0,
2.0,3,30.0,3,5.0,10.0,-2.6,11112,89,1.0,0.0,0.0,0,0.0,0.0,,0,0,
2.0,3,30.0,3,5.0,10.0,-2.5,11112,89,1.0,0.0,0.0,0,0.0,0.0,,0,0,
2.0,3,30.0,3,5.0,10.0,-2.4,11112,89,1.0,0.0,0.0,0,0.0,0.0,,0,0,
2.0,3,30.0,3,5.0,10.0,-2.3,11112,89,0.8974982001439885,0.10250179985601152,0.0,124,1.3932584269662922,803.4557235421166,95.0,119,5,1.0
2.0,3,30.0,3,5.0,10.0,-2.2,11112,89,0.7927465802735781,0.2072534197264219,0.0,246,2.764044943820225,1593.952483801296,70.0,238,8,0.7478991596638656
2.0,3,30.0,3,5.0,10.0,-2.1,11112,89,0.6904247660187185,0.20716342692584594,0.10241180705543557,369,4.146067415730337,2390.9287257019437,80.0,358,11,0.6675977653631285
2.0,3,30.0,3,5.0,10.0,-2.0,11112,89,0.5811735061195105,0.20500359971202303,0.21382289416846653,493,5.53932584269663,3194.3844492440603,90.0,475,18,0.5010526315789474
2.0,3,30.0,3,5.0,10.0,-1.9,11112,89,0.572264218862491,0.10466162706983441,0.3230741540676746,492,5.52808988764045,3187.904967602592,95.0,413,79,0.288135593220339
2.0,3,30.0,3,5.0,10.0,-1.8,11112,89,0.5009899208063355,0.06686465082793376,0.4321454283657307,553,6.213483146067416,3583.153347732182,90.0,470,83,0.12127659574468085
2.0,3,30.0,3,5.0,10.0,-1.7,11112,89,0.4919906407487401,0.064434845212383,0.4435745140388769,552,6.202247191011236,3576.6738660907126,90.0,469,83,0.12153518123667377
2.0,3,30.0,3,5.0,10.0,-1.6,11112,89,0.48326133909287255,0.0,0.5167386609071274,492,5.52808988764045,3187.904967602592,95.0,408,84,0.13970588235294118
2.0,3,30.0,3,5.0,10.0,-1.5,11112,89,0.4788516918646508,0.0,0.5211483081353492,492,5.52808988764045,3187.904967602592,95.0,408,84,0.13970588235294118
2.0,3,30.0,3,5.0,10.0,-1.4,11112,89,0.46787257019438444,0.0,0.5321274298056156,491,5.51685393258427,3181.4254859611233,100.0,407,84,0.14004914004914004
2.0,3,30.0,3,5.0,10.0,-1.3,11112,89,0.34782217422606193,0.10232181425485962,0.5498560115190785,614,6.898876404494382,3978.4017278617707,65.0,530,84,0.11320754716981132
2.0,3,30.0,3,5.0,10.0,-1.2,11112,89,0.31344492440604754,0.10232181425485962,0.5842332613390929,590,6.629213483146067,3822.894168466523,65.0,507,83,0.14003944773175542
2.0,3,30.0,3,5.0,10.0,-1.1,11112,89,0.2880669546436285,0.10232181425485962,0.6096112311015118,492,5.52808988764045,3187.904967602592,65.0,412,80,0.279126213592233
2.0,3,30.0,3,5.0,10.0,-1.0,11112,89,0.2786177105831533,0.10502159827213822,0.6163606911447084,493,5.53932584269663,3194.3844492440603,65.0,413,80,0.2784503631961259
2.0,3,30.0,3,5.0,10.0,-0.9,11112,89,0.2686285097192225,0.10502159827213822,0.6263498920086393,470,5.280898876404494,3045.3563714902807,65.0,391,79,0.29411764705882354
2.0,3,30.0,3,5.0,10.0,-0.8,11112,89,0.259809215262779,0.0008099352051835853,0.7393808495320374,422,4.741573033707865,2734.341252699784,65.0,343,79,0.16034985422740525
2.0,3,30.0,3,5.0,10.0,-0.7,11112,89,0.2474802015838733,0.0005399568034557236,0.751979841612671,371,4.168539325842697,2403.887688984881,65.0,294,77,0.1870748299319728
2.0,3,30.0,3,5.0,10.0,-0.6,11112,89,0.24028077753779697,0.0012598992080633548,0.7584593232541397,372,4.179775280898877,2410.36717062635,65.0,295,77,0.1864406779661017
2.0,3,30.0,3,5.0,10.0,-0.5,11112,89,0.23587113030957524,0.0009899208063354932,0.7631389488840893,372,4.179775280898877,2410.36717062635,60.0,295,77,0.1864406779661017
2.0,3,30.0,3,5.0,10.0,-0.4,11112,89,0.18439524838012958,0.043466522678185744,0.7721382289416847,434,4.876404494382022,2812.095032397408,40.0,356,78,0.1544943820224719
2.0,3,30.0,3,5.0,10.0,-0.3,11112,89,0.17782577393808496,0.04499640028797696,0.7771778257739381,432,4.853932584269663,2799.136069114471,40.0,354,78,0.15254237288135594
2.0,3,30.0,3,5.0,10.0,-0.2,11112,89,0.1755759539236861,0.04499640028797696,0.7794276457883369,432,4.853932584269663,2799.136069114471,40.0,354,78,0.15254237288135594
2.0,3,30.0,3,5.0,10.0,-0.1,11112,89,0.1734161267098632,0.04499640028797696,0.7815874730021598,432,4.853932584269663,2799.136069114471,40.0,354,78,0.15254237288135594
2.0,3,30.0,3,5.0,10.0,0.0,11112,89,0.1447084233261339,0.0002699784017278618,0.8550215982721382,308,3.460674157303371,1995.6803455723543,40.0,231,77,0.47186147186147187
2.0,3,30.0,3,5.0,10.0,0.1,11112,89,0.14245860331173507,0.0,0.8575413966882649,308,3.460674157303371,1995.6803455723543,40.0,231,77,0.47186147186147187
2.0,3,30.0,3,5.0,10.0,0.2,11112,89,0.14245860331173507,0.0,0.8575413966882649,308,3.460674157303371,1995.6803455723543,40.0,231,77,0.47186147186147187
2.0,3,30.0,3,5.0,10.0,0.3,11112,89,0.14029877609791216,0.0,0.8597012239020878,308,3.460674157303371,1995.6803455723543,40.0,231,77,0.47186147186147187
2.0,3,30.0,3,5.0,10.0,0.4,11112,89,0.13237940964722822,0.0002699784017278618,0.8673506119510439,284,3.191011235955056,1840.172786177106,40.0,219,65,0.4977168949771689
2.0,3,30.0,3,5.0,10.0,0.5,11112,89,0.12338012958963283,0.0002699784017278618,0.8763498920086393,234,2.6292134831460676,1516.1987041036716,97.5,194,40,0.5618556701030928
2.0,3,30.0,3,5.0,10.0,0.6,11112,89,0.11564074874010079,0.0002699784017278618,0.8840892728581713,210,2.359550561797753,1360.6911447084233,97.5,171,39,0.5730994152046783
2.0,3,30.0,3,5.0,10.0,0.7,11112,89,0.11564074874010079,0.0002699784017278618,0.8840892728581713,210,2.359550561797753,1360.6911447084233,97.5,171,39,0.5730994152046783
2.0,3,30.0,3,5.0,10.0,0.8,11112,89,0.10583153347732181,0.0002699784017278618,0.8938984881209503,162,1.8202247191011236,1049.6760259179266,260.0,147,15,0.6666666666666666
2.0,3,30.0,3,5.0,10.0,0.9,11112,89,0.09692224622030238,0.0002699784017278618,0.9028077753779697,112,1.2584269662921348,725.7019438444925,260.0,100,12,0.76
2.0,3,30.0,3,5.0,10.0,1.0,11112,89,0.09692224622030238,0.0002699784017278618,0.9028077753779697,112,1.2584269662921348,725.7019438444925,260.0,100,12,0.76
2.0,3,60.0,1,5.0,0.0,-4.0,10741,88,1.0,0.0,0.0,0,0.0,0.0,,0,0,
2.0,3,60.0,1,5.0,0.0,-3.9,10741,88,1.0,0.0,0.0,0,0.0,0.0,,0,0,
2.0,3,60.0,1,5.0,0.0,-3.8,10741,88,1.0,0.0,0.0,0,0.0,0.0,,0,0,
2.0,3,60.0,1,5.0,0.0,-3.7,10741,88,1.0,0.0,0.0,0,0.0,0.0,,0,0,
2.0,3,60.0,1,5.0,0.0,-3.6,10741,88,1.0,0.0,0.0,0,0.0,0.0,,0,0,
2.0,3,60.0,1,5.0,0.0,-3.5,10741,88,1.0,0.0,0.0,0,0.0,0.0,,0,0,
2.0,3,60.0,1,5.0,0.0,-3.4,10741,88,1.0,0.0,0.0,0,0.0,0.0,,0,0,
2.0,3,60.0,1,5.0,0.0,-3.3,10741,88,1.0,0.0,0.0,0,0.0,0.0,,0,0,
2.0,3,60.0,1,5.0,0.0,-3.2,10741,88,1.0,0.0,0.0,0,0.0,0.0,,0,0,
2.0,3,60.0,1,5.0,0.0,-3.1,10741,88,1.0,0.0,0.0,0,0.0,0.0,,0,0,
2.0,3,60.0,1,5.0,0.0,-3.0,10741,88,1.0,0.0,0.0,0,0.0,0.0,,0,0,
2.0,3,60.0,1,5.0,0.0,-2.9,10741,88,1.0,0.0,0.0,0,0.0,0.0,,0,0,
2.0,3,60.0,1,5.0,0.0,-2.8,10741,88,1.0,0.0,0.0,0,0.0,0.0,,0,0,
2.0,3,60.0,1,5.0,0.0,-2.7,10741,88,1.0,0.0,0.0,0,0.0,0.0,,0,0,
2.0,3,60.0,1,5.0,0.0,-2.6,10741,88,1.0,0.0,0.0,0,0.0,0.0,,0,0,
2.0,3,60.0,1,5.0,0.0,-2.5,10741,88,1.0,0.0,0.0,0,0.0,0.0,,0,0,
2.0,3,60.0,1,5.0,0.0,-2.4,10741,88,1.0,0.0,0.0,0,0.0,0.0,,0,0,
2.0,3,60.0,1,5.0,0.0,-2.3,10741,88,0.9285913788287868,0.0714086211712131,0.0,124,1.4090909090909092,831.2075225770413,65.0,120,4,0.5
2.0,3,60.0,1,5.0,0.0,-2.2,10741,88,0.8502932687831674,0.1497067312168327,0.0,248,2.8181818181818183,1662.4150451540827,70.0,240,8,0.5
2.0,3,60.0,1,5.0,0.0,-2.1,10741,88,0.7142724141141421,0.23508053253886976,0.05064705334698818,620,7.045454545454546,4156.037612885206,35.0,607,13,0.19769357495881384
2.0,3,60.0,1,5.0,0.0,-2.0,10741,88,0.5737827017968532,0.27865189460944045,0.14756540359370635,744,8.454545454545455,4987.245135462247,45.0,726,18,0.1652892561983471
2.0,3,60.0,1,5.0,0.0,-1.9,10741,88,0.4952983893492226,0.2674797504887813,0.2372218601619961,992,11.272727272727273,6649.660180616331,30.0,913,79,0.06571741511500548
2.0,3,60.0,1,5.0,0.0,-1.8,10741,88,0.3985662415045154,0.2859137882878689,0.3155199702076157,1239,14.079545454545455,8305.371939298017,30.0,1158,81,0.05267702936096719
2.0,3,60.0,1,5.0,0.0,-1.7,10741,88,0.3800391025044223,0.26971417931291314,0.35024671818266456,991,11.261363636363637,6642.956894143935,35.0,910,81,0.06703296703296703
2.0,3,60.0,1,5.0,0.0,-1.6,10741,88,0.33860906805697794,0.2121776370915185,0.4492132948515036,868,9.863636363636363,5818.4526580392885,35.0,785,83,0.14904458598726114
2.0,3,60.0,1,5.0,0.0,-1.5,10741,88,0.3340471092077088,0.20985010706638116,0.45610278372591007,868,9.863636363636363,5818.4526580392885,30.0,786,82,0.15012722646310434
2.0,3,60.0,1,5.0,0.0,-1.4,10741,88,0.3271576203333023,0.19132296806628807,0.4815194116004096,868,9.863636363636363,5818.4526580392885,30.0,786,82,0.15012722646310434
2.0,3,60.0,1,5.0,0.0,-1.3,10741,88,0.23489433013685876,0.24653198026254539,0.5185736896005958,989,11.238636363636363,6629.550321199144,35.0,904,85,0.1161504424778761
2.0,3,60.0,1,5.0,0.0,-1.2,10741,88,0.21664649473978215,0.20966390466437018,0.5736896005958477,865,9.829545454545455,5798.342798622102,40.0,781,84,0.10371318822023047
2.0,3,60.0,1,5.0,0.0,-1.1,10741,88,0.21199143468950749,0.14737920119169537,0.6406293641187971,742,8.431818181818182,4973.838562517457,40.0,663,79,0.08597285067873303
2.0,3,60.0,1,5.0,0.0,-1.0,10741,88,0.19132296806628807,0.16115817894050832,0.6475188529932037,741,8.420454545454545,4967.135276045061,25.0,662,79,0.08610271903323263
2.0,3,60.0,1,5.0,0.0,-0.9,10741,88,0.1866679080160134,0.13360022344288242,0.6797318685411042,618,7.0227272727272725,4142.631039940415,25.0,542,76,0.10516605166051661
2.0,3,60.0,1,5.0,0.0,-0.8,10741,88,0.12438320454333861,0.1428172423424262,0.7327995531142352,742,8.431818181818182,4973.838562517457,20.0,666,76,0.08558558558558559
2.0,3,60.0,1,5.0,0.0,-0.7,10741,88,0.11740061446792664,0.14514477236756354,0.7374546131645098,741,8.420454545454545,4967.135276045061,20.0,665,76,0.08571428571428572
2.0,3,60.0,1,5.0,0.0,-0.6,10741,88,0.10362163671911367,0.15203426124197003,0.7443441020389163,618,7.0227272727272725,4142.631039940415,25.0,542,76,0.10516605166051661
2.0,3,60.0,1,5.0,0.0,-0.5,10741,88,0.10129410669397636,0.1497067312168327,0.7489991620891909,618,7.0227272727272725,4142.631039940415,25.0,542,76,0.10516605166051661
2.0,3,60.0,1,5.0,0.0,-0.4,10741,88,0.07606368122148775,0.14514477236756354,0.7787915464109487,557,6.329545454545454,3733.73056512429,40.0,480,77,0.11875
2.0,3,60.0,1,5.0,0.0,-0.3,10741,88,0.06908109114607579,0.13825528349315705,0.7926636253607672,555,6.306818181818182,3720.3239921794993,40.0,478,77,0.1192468619246862
2.0,3,60.0,1,5.0,0.0,-0.2,10741,88,0.06908109114607579,0.11982124569406945,0.8110976631598548,556,6.318181818181818,3727.0272786518944,25.0,479,77,0.23799582463465555
2.0,3,60.0,1,5.0,0.0,-0.1,10741,88,0.06908109114607579,0.11749371566893213,0.8134251931849921,556,6.318181818181818,3727.0272786518944,20.0,479,77,0.23799582463465555
2.0,3,60.0,1,5.0,0.0,0.0,10741,88,0.05064705334698818,0.0807187412717624,0.8686342053812495,421,4.784090909090909,2822.083604878503,25.0,346,75,0.32947976878612717
2.0,3,60.0,1,5.0,0.0,0.1,10741,88,0.05064705334698818,0.05306768457313099,0.8962852620798808,372,4.2272727272727275,2493.6225677311236,20.0,299,73,0.38127090301003347
2.0,3,60.0,1,5.0,0.0,0.2,10741,88,0.05064705334698818,0.05306768457313099,0.8962852620798808,372,4.2272727272727275,2493.6225677311236,20.0,299,73,0.38127090301003347
2.0,3,60.0,1,5.0,0.0,0.3,10741,88,0.05064705334698818,0.05074015454799367,0.8986127921050182,372,4.2272727272727275,2493.6225677311236,20.0,299,73,0.38127090301003347
2.0,3,60.0,1,5.0,0.0,0.4,10741,88,0.048319523321850855,0.02532352667349409,0.926356950004655,247,2.8068181818181817,1655.711758681687,15.0,180,67,0.31666666666666665
2.0,3,60.0,1,5.0,0.0,0.5,10741,88,0.048319523321850855,0.022995996648356765,0.9286844800297924,247,2.8068181818181817,1655.711758681687,15.0,180,67,0.31666666666666665
2.0,3,60.0,1,5.0,0.0,0.6,10741,88,0.048319523321850855,0.022995996648356765,0.9286844800297924,247,2.8068181818181817,1655.711758681687,15.0,180,67,0.31666666666666665
2.0,3,60.0,1,5.0,0.0,0.7,10741,88,0.048319523321850855,0.022995996648356765,0.9286844800297924,247,2.8068181818181817,1655.711758681687,15.0,180,67,0.31666666666666665
2.0,3,60.0,1,5.0,0.0,0.8,10741,88,0.04608509449771902,0.011544548924681129,0.9423703565775998,124,1.4090909090909092,831.2075225770413,12.5,119,5,0.4789915966386555
2.0,3,60.0,1,5.0,0.0,0.9,10741,88,0.04608509449771902,0.011544548924681129,0.9423703565775998,124,1.4090909090909092,831.2075225770413,12.5,119,5,0.4789915966386555
2.0,3,60.0,1,5.0,0.0,1.0,10741,88,0.04608509449771902,0.011544548924681129,0.9423703565775998,124,1.4090909090909092,831.2075225770413,12.5,119,5,0.4789915966386555
2.0,3,60.0,2,5.0,5.0,-4.0,10741,88,1.0,0.0,0.0,0,0.0,0.0,,0,0,
2.0,3,60.0,2,5.0,5.0,-3.9,10741,88,1.0,0.0,0.0,0,0.0,0.0,,0,0,
2.0,3,60.0,2,5.0,5.0,-3.8,10741,88,1.0,0.0,0.0,0,0.0,0.0,,0,0,
2.0,3,60.0,2,5.0,5.0,-3.7,10741,88,1.0,0.0,0.0,0,0.0,0.0,,0,0,
2.0,3,60.0,2,5.0,5.0,-3.6,10741,88,1.0,0.0,0.0,0,0.0,0.0,,0,0,
2.0,3,60.0,2,5.0,5.0,-3.5,10741,88,1.0,0.0,0.0,0,0.0,0.0,,0,0,
2.0,3,60.0,2,5.0,5.0,-3.4,10741,88,1.0,0.0,0.0,0,0.0,0.0,,0,0,
2.0,3,60.0,2,5.0,5.0,-3.3,10741,88,1.0,0.0,0.0,0,0.0,0.0,,0,0,
2.0,3,60.0,2,5.0,5.0,-3.2,10741,88,1.0,0.0,0.0,0,0.0,0.0,,0,0,
2.0,3,60.0,2,5.0,5.0,-3.1,10741,88,1.0,0.0,0.0,0,0.0,0.0,,0,0,
2.0,3,60.0,2,5.0,5.0,-3.0,10741,88,1.0,0.0,0.0,0,0.0,0.0,,0,0,
2.0,3,60.0,2,5.0,5.0,-2.9,10741,88,1.0,0.0,0.0,0,0.0,0.0,,0,0,
2.0,3,60.0,2,5.0,5.0,-2.8,10741,88,1.0,0.0,0.0,0,0.0,0.0,,0,0,
2.0,3,60.0,2,5.0,5.0,-2.7,10741,88,1.0,0.0,0.0,0,0.0,0.0,,0,0,
2.0,3,60.0,2,5.0,5.0,-2.6,10741,88,1.0,0.0,0.0,0,0.0,0.0,,0,0,
2.0,3,60.0,2,5.0,5.0,-2.5,10741,88,1.0,0.0,0.0,0,0.0,0.0,,0,0,
2.0,3,60.0,2,5.0,5.0,-2.4,10741,88,1.0,0.0,0.0,0,0.0,0.0,,0,0,
2.0,3,60.0,2,5.0,5.0,-2.3,10741,88,0.9285913788287868,0.0714086211712131,0.0,124,1.4090909090909092,831.2075225770413,65.0,120,4,0.5
2.0,3,60.0,2,5.0,5.0,-2.2,10741,88,0.8502932687831674,0.1497067312168327,0.0,248,2.8181818181818183,1662.4150451540827,70.0,240,8,0.5
2.0,3,60.0,2,5.0,5.0,-2.1,10741,88,0.7142724141141421,0.23508053253886976,0.05064705334698818,620,7.045454545454546,4156.037612885206,35.0,607,13,0.19769357495881384
2.0,3,60.0,2,5.0,5.0,-2.0,10741,88,0.5737827017968532,0.27865189460944045,0.14756540359370635,744,8.454545454545455,4987.245135462247,45.0,726,18,0.1652892561983471
2.0,3,60.0,2,5.0,5.0,-1.9,10741,88,0.49753281817335443,0.2652453216646495,0.2372218601619961,965,10.965909090909092,6468.671445861652,30.0,886,79,0.06772009029345373
2.0,3,60.0,2,5.0,5.0,-1.8,10741,88,0.3985662415045154,0.2860068894888744,0.3154268690066102,1236,14.045454545454545,8285.26207988083,30.0,1154,82,0.05199306759098787
2.0,3,60.0,2,5.0,5.0,-1.7,10741,88,0.3800391025044223,0.2698072805139186,0.3501536169816591,990,11.25,6636.25360767154,35.0,908,82,0.06607929515418502
2.0,3,60.0,2,5.0,5.0,-1.6,10741,88,0.33860906805697794,0.2121776370915185,0.4492132948515036,867,9.852272727272727,5811.7493715668925,35.0,784,83,0.14923469387755103
2.0,3,60.0,2,5.0,5.0,-1.5,10741,88,0.3340471092077088,0.20985010706638116,0.45610278372591007,867,9.852272727272727,5811.7493715668925,30.0,784,83,0.14923469387755103
2.0,3,60.0,2,5.0,5.0,-1.4,10741,88,0.3271576203333023,0.19132296806628807,0.4815194116004096,866,9.840909090909092,5805.046085094498,30.0,783,83,0.14942528735632185
2.0,3,60.0,2,5.0,5.0,-1.3,10741,88,0.23508053253886976,0.24169071781025975,0.5232287496508705,937,10.647727272727273,6280.979424634578,40.0,853,84,0.123094958968347
2.0,3,60.0,2,5.0,5.0,-1.2,10741,88,0.21673959594078765,0.20957080346336468,0.5736896005958477,863,9.806818181818182,5784.936225677311,40.0,779,84,0.10397946084724005
2.0,3,60.0,2,5.0,5.0,-1.1,10741,88,0.212084535890513,0.14737920119169537,0.6405362629177916,740,8.409090909090908,4960.431989572665,40.0,661,79,0.08623298033282904
2.0,3,60.0,2,5.0,5.0,-1.0,10741,88,0.19113676566427706,0.1614374825435248,0.6474257517921981,738,8.386363636363637,4947.025416627875,25.0,659,79,0.08649468892261002
2.0,3,60.0,2,5.0,5.0,-0.9,10741,88,0.18648170561400243,0.1337864258448934,0.6797318685411042,616,7.0,4129.224466995624,25.0,540,76,0.10555555555555556
2.0,3,60.0,2,5.0,5.0,-0.8,10741,88,0.12438320454333861,0.1430034447444372,0.7326133507122242,740,8.409090909090908,4960.431989572665,20.0,664,76,0.0858433734939759
2.0,3,60.0,2,5.0,5.0,-0.7,10741,88,0.11749371566893213,0.14523787356856904,0.7372684107624988,739,8.397727272727273,4953.728703100271,20.0,663,76,0.08597285067873303
2.0,3,60.0,2,5.0,5.0,-0.6,10741,88,0.10362163671911367,0.152220463643981,0.7441578996369053,615,6.988636363636363,4122.521180523228,25.0,539,76,0.10575139146567718
2.0,3,60.0,2,5.0,5.0,-0.5,10741,88,0.10129410669397636,0.14989293361884368,0.74881295968718,615,6.988636363636363,4122.521180523228,25.0,539,76,0.10575139146567718
2.0,3,60.0,2,5.0,5.0,-0.4,10741,88,0.08183595568382832,0.1392793967042175,0.7788846476119542,555,6.306818181818182,3720.3239921794993,40.0,478,77,0.1192468619246862
2.0,3,60.0,2,5.0,5.0,-0.3,10741,88,0.07494646680942184,0.132389907829811,0.7926636253607672,555,6.306818181818182,3720.3239921794993,40.0,478,77,0.1192468619246862
2.0,3,60.0,2,5.0,5.0,-0.2,10741,88,0.07494646680942184,0.11386276882971791,0.8111907643608602,556,6.318181818181818,3727.0272786518944,20.0,479,77,0.23799582463465555
2.0,3,60.0,2,5.0,5.0,-0.1,10741,88,0.07494646680942184,0.11153523880458058,0.8135182943859975,556,6.318181818181818,3727.0272786518944,20.0,479,77,0.23799582463465555
2.0,3,60.0,2,5.0,5.0,0.0,10741,88,0.05641932780932874,0.07839121124662508,0.8651894609440461,371,4.215909090909091,2486.9192812587285,25.0,298,73,0.3825503355704698
2.0,3,60.0,2,5.0,5.0,0.1,10741,88,0.05641932780932874,0.05306768457313099,0.8905129876175403,370,4.204545454545454,2480.2159947863324,15.0,298,72,0.3825503355704698
2.0,3,60.0,2,5.0,5.0,0.2,10741,88,0.05641932780932874,0.05306768457313099,0.8905129876175403,370,4.204545454545454,2480.2159947863324,15.0,298,72,0.3825503355704698
2.0,3,60.0,2,5.0,5.0,0.3,10741,88,0.05641932780932874,0.05074015454799367,0.8928405176426776,370,4.204545454545454,2480.2159947863324,15.0,298,72,0.3825503355704698
2.0,3,60.0,2,5.0,5.0,0.4,10741,88,0.05409179778419142,0.02541662787449958,0.920491574341309,247,2.8068181818181817,1655.711758681687,15.0,180,67,0.31666666666666665
2.0,3,60.0,2,5.0,5.0,0.5,10741,88,0.05409179778419142,0.023089097849362257,0.9228191043664463,247,2.8068181818181817,1655.711758681687,10.0,180,67,0.31666666666666665
2.0,3,60.0,2,5.0,5.0,0.6,10741,88,0.05409179778419142,0.023089097849362257,0.9228191043664463,247,2.8068181818181817,1655.711758681687,10.0,180,67,0.31666666666666665
2.0,3,60.0,2,5.0,5.0,0.7,10741,88,0.05409179778419142,0.023089097849362257,0.9228191043664463,247,2.8068181818181817,1655.711758681687,10.0,180,67,0.31666666666666665
2.0,3,60.0,2,5.0,5.0,0.8,10741,88,0.05185736896005958,0.011544548924681129,0.9365980821152593,124,1.4090909090909092,831.2075225770413,10.0,119,5,0.4789915966386555
2.0,3,60.0,2,5.0,5.0,0.9,10741,88,0.05185736896005958,0.011544548924681129,0.9365980821152593,124,1.4090909090909092,831.2075225770413,10.0,119,5,0.4789915966386555
2.0,3,60.0,2,5.0,5.0,1.0,10741,88,0.05185736896005958,0.011544548924681129,0.9365980821152593,124,1.4090909090909092,831.2075225770413,10.0,119,5,0.4789915966386555
2.0,3,60.0,3,5.0,10.0,-4.0,10741,88,1.0,0.0,0.0,0,0.0,0.0,,0,0,
2.0,3,60.0,3,5.0,10.0,-3.9,10741,88,1.0,0.0,0.0,0,0.0,0.0,,0,0,
2.0,3,60.0,3,5.0,10.0,-3.8,10741,88,1.0,0.0,0.0,0,0.0,0.0,,0,0,
2.0,3,60.0,3,5.0,10.0,-3.7,10741,88,1.0,0.0,0.0,0,0.0,0.0,,0,0,
2.0,3,60.0,3,5.0,10.0,-3.6,10741,88,1.0,0.0,0.0,0,0.0,0.0,,0,0,
2.0,3,60.0,3,5.0,10.0,-3.5,10741,88,1.0,0.0,0.0,0,0.0,0.0,,0,0,
2.0,3,60.0,3,5.0,10.0,-3.4,10741,88,1.0,0.0,0.0,0,0.0,0.0,,0,0,
2.0,3,60.0,3,5.0,10.0,-3.3,10741,88,1.0,0.0,0.0,0,0.0,0.0,,0,0,
2.0,3,60.0,3,5.0,10.0,-3.2,10741,88,1.0,0.0,0.0,0,0.0,0.0,,0,0,
2.0,3,60.0,3,5.0,10.0,-3.1,10741,88,1.0,0.0,0.0,0,0.0,0.0,,0,0,
2.0,3,60.0,3,5.0,10.0,-3.0,10741,88,1.0,0.0,0.0,0,0.0,0.0,,0,0,
2.0,3,60.0,3,5.0,10.0,-2.9,10741,88,1.0,0.0,0.0,0,0.0,0.0,,0,0,
2.0,3,60.0,3,5.0,10.0,-2.8,10741,88,1.0,0.0,0.0,0,0.0,0.0,,0,0,
2.0,3,60.0,3,5.0,10.0,-2.7,10741,88,1.0,0.0,0.0,0,0.0,0.0,,0,0,
2.0,3,60.0,3,5.0,10.0,-2.6,10741,88,1.0,0.0,0.0,0,0.0,0.0,,0,0,
2.0,3,60.0,3,5.0,10.0,-2.5,10741,88,1.0,0.0,0.0,0,0.0,0.0,,0,0,
2.0,3,60.0,3,5.0,10.0,-2.4,10741,88,1.0,0.0,0.0,0,0.0,0.0,,0,0,
2.0,3,60.0,3,5.0,10.0,-2.3,10741,88,0.9285913788287868,0.0714086211712131,0.0,124,1.4090909090909092,831.2075225770413,65.0,120,4,0.5
2.0,3,60.0,3,5.0,10.0,-2.2,10741,88,0.8502932687831674,0.1497067312168327,0.0,246,2.7954545454545454,1649.0084722092915,65.0,239,7,0.502092050209205
2.0,3,60.0,3,5.0,10.0,-2.1,10741,88,0.7142724141141421,0.2235359836141886,0.062191602271669304,492,5.590909090909091,3298.016944418583,55.0,480,12,0.25
2.0,3,60.0,3,5.0,10.0,-2.0,10741,88,0.5737827017968532,0.27865189460944045,0.14756540359370635,741,8.420454545454545,4967.135276045061,45.0,723,18,0.16597510373443983
2.0,3,60.0,3,5.0,10.0,-1.9,10741,88,0.49771902057536543,0.25342146913695185,0.24885951028768272,730,8.295454545454545,4893.399124848711,40.0,651,79,0.09216589861751152
2.0,3,60.0,3,5.0,10.0,-1.8,10741,88,0.3916767526301089,0.25844893399124846,0.3498743133786426,852,9.681818181818182,5711.20007448096,40.0,771,81,0.07782101167315175
2.0,3,60.0,3,5.0,10.0,-1.7,10741,88,0.3800391025044223,0.24709058746857834,0.37287031002699933,802,9.113636363636363,5376.035750861186,40.0,721,81,0.08321775312066575
2.0,3,60.0,3,5.0,10.0,-1.6,10741,88,0.35006051578065356,0.1890885392421562,0.4608509449771902,742,8.431818181818182,4973.838562517457,45.0,659,83,0.17754172989377845
2.0,3,60.0,3,5.0,10.0,-1.5,10741,88,0.3454985569313844,0.1867610092170189,0.4677404338515967,741,8.420454545454545,4967.135276045061,40.0,659,82,0.17754172989377845
2.0,3,60.0,3,5.0,10.0,-1.4,10741,88,0.33860906805697794,0.1683269714179313,0.49306396052509077,740,8.409090909090908,4960.431989572665,40.0,658,82,0.1778115501519757
2.0,3,60.0,3,5.0,10.0,-1.3,10741,88,0.2334047109207709,0.2279117400614468,0.5386835490177824,790,8.977272727272727,5295.59631319244,40.0,707,83,0.1471004243281471
2.0,3,60.0,3,5.0,10.0,-1.2,10741,88,0.22828414486546877,0.1842472767898706,0.5874685783446606,715,8.125,4792.849827762779,40.0,632,83,0.08860759493670886
2.0,3,60.0,3,5.0,10.0,-1.1,10741,88,0.23517363373987524,0.105949166744251,0.6588771995158738,478,5.431818181818182,3204.170933805046,50.0,400,78,0.1375
2.0,3,60.0,3,5.0,10.0,-1.0,10741,88,0.2024951121869472,0.12736244297551438,0.6701424448375384,492,5.590909090909091,3298.016944418583,40.0,417,75,0.1366906474820144
2.0,3,60.0,3,5.0,10.0,-0.9,10741,88,0.19784005213667255,0.099338981472861,0.7028209663904664,429,4.875,2875.7098966576673,40.0,355,74,0.16056338028169015
2.0,3,60.0,3,5.0,10.0,-0.8,10741,88,0.13369332464388792,0.10185271390000931,0.7644539614561028,444,5.045454545454546,2976.2591937435996,50.0,370,74,0.15405405405405406
2.0,3,60.0,3,5.0,10.0,-0.7,10741,88,0.12242807932222326,0.10874220277441579,0.768829717903361,445,5.056818181818182,2982.962480215995,50.0,370,75,0.15405405405405406
2.0,3,60.0,3,5.0,10.0,-0.6,10741,88,0.1151661856437948,0.12726934177450888,0.7575644725816963,419,4.761363636363637,2808.677031933712,50.0,344,75,0.16569767441860464
2.0,3,60.0,3,5.0,10.0,-0.5,10741,88,0.11283865561865748,0.12494181174937156,0.762219532631971,419,4.761363636363637,2808.677031933712,50.0,344,75,0.16569767441860464
2.0,3,60.0,3,5.0,10.0,-0.4,10741,88,0.0992458802718555,0.1218694721161903,0.7788846476119542,492,5.590909090909091,3298.016944418583,40.0,416,76,0.13701923076923078
2.0,3,60.0,3,5.0,10.0,-0.3,10741,88,0.0901219625733172,0.10362163671911367,0.8062564007075691,418,4.75,2801.9737454613164,40.0,343,75,0.1661807580174927
2.0,3,60.0,3,5.0,10.0,-0.2,10741,88,0.0901219625733172,0.08500139651801508,0.8248766409086677,419,4.761363636363637,2808.677031933712,40.0,344,75,0.16569767441860464
2.0,3,60.0,3,5.0,10.0,-0.1,10741,88,0.0901219625733172,0.08267386649287777,0.827204170933805,419,4.761363636363637,2808.677031933712,40.0,344,75,0.16569767441860464
2.0,3,60.0,3,5.0,10.0,0.0,10741,88,0.07373615119635044,0.06693976352294945,0.8593240852807001,308,3.5,2064.612233497812,35.0,234,74,0.47863247863247865
2.0,3,60.0,3,5.0,10.0,0.1,10741,88,0.07373615119635044,0.03928870682431804,0.8869751419793316,283,3.215909090909091,1897.0300716879249,20.0,211,72,0.4786729857819905
2.0,3,60.0,3,5.0,10.0,0.2,10741,88,0.07373615119635044,0.03928870682431804,0.8869751419793316,283,3.215909090909091,1897.0300716879249,20.0,211,72,0.4786729857819905
2.0,3,60.0,3,5.0,10.0,0.3,10741,88,0.07373615119635044,0.03230611674890606,0.8939577320547435,233,2.647727272727273,1561.86574806815,20.0,163,70,0.4785276073619632
2.0,3,60.0,3,5.0,10.0,0.4,10741,88,0.0714086211712131,0.007261893678428452,0.9213294851503584,113,1.2840909090909092,757.4713713806908,165.0,80,33,0.6875
2.0,3,60.0,3,5.0,10.0,0.5,10741,88,0.0714086211712131,0.00027930360301647893,0.9283120752257704,63,0.7159090909090909,422.30704776091613,805.0,55,8,1.0
2.0,3,60.0,3,5.0,10.0,0.6,10741,88,0.0714086211712131,0.00027930360301647893,0.9283120752257704,63,0.7159090909090909,422.30704776091613,805.0,55,8,1.0
2.0,3,60.0,3,5.0,10.0,0.7,10741,88,0.0714086211712131,0.00027930360301647893,0.9283120752257704,63,0.7159090909090909,422.30704776091613,805.0,55,8,1.0
2.0,3,60.0,3,5.0,10.0,0.8,10741,88,0.06917419234708128,0.0,0.9308258076529187,62,0.7045454545454546,415.6037612885207,805.0,55,7,1.0
2.0,3,60.0,3,5.0,10.0,0.9,10741,88,0.06917419234708128,0.0,0.9308258076529187,62,0.7045454545454546,415.6037612885207,805.0,55,7,1.0
2.0,3,60.0,3,5.0,10.0,1.0,10741,88,0.06917419234708128,0.0,0.9308258076529187,62,0.7045454545454546,415.6037612885207,805.0,55,7,1.0
2.0,3,120.0,1,5.0,0.0,-4.0,9998,87,1.0,0.0,0.0,0,0.0,0.0,,0,0,
2.0,3,120.0,1,5.0,0.0,-3.9,9998,87,1.0,0.0,0.0,0,0.0,0.0,,0,0,
2.0,3,120.0,1,5.0,0.0,-3.8,9998,87,1.0,0.0,0.0,0,0.0,0.0,,0,0,
2.0,3,120.0,1,5.0,0.0,-3.7,9998,87,1.0,0.0,0.0,0,0.0,0.0,,0,0,
2.0,3,120.0,1,5.0,0.0,-3.6,9998,87,1.0,0.0,0.0,0,0.0,0.0,,0,0,
2.0,3,120.0,1,5.0,0.0,-3.5,9998,87,1.0,0.0,0.0,0,0.0,0.0,,0,0,
2.0,3,120.0,1,5.0,0.0,-3.4,9998,87,1.0,0.0,0.0,0,0.0,0.0,,0,0,
2.0,3,120.0,1,5.0,0.0,-3.3,9998,87,1.0,0.0,0.0,0,0.0,0.0,,0,0,
2.0,3,120.0,1,5.0,0.0,-3.2,9998,87,1.0,0.0,0.0,0,0.0,0.0,,0,0,
2.0,3,120.0,1,5.0,0.0,-3.1,9998,87,1.0,0.0,0.0,0,0.0,0.0,,0,0,
2.0,3,120.0,1,5.0,0.0,-3.0,9998,87,1.0,0.0,0.0,0,0.0,0.0,,0,0,
2.0,3,120.0,1,5.0,0.0,-2.9,9998,87,1.0,0.0,0.0,0,0.0,0.0,,0,0,
2.0,3,120.0,1,5.0,0.0,-2.8,9998,87,1.0,0.0,0.0,0,0.0,0.0,,0,0,
2.0,3,120.0,1,5.0,0.0,-2.7,9998,87,1.0,0.0,0.0,0,0.0,0.0,,0,0,
2.0,3,120.0,1,5.0,0.0,-2.6,9998,87,1.0,0.0,0.0,0,0.0,0.0,,0,0,
2.0,3,120.0,1,5.0,0.0,-2.5,9998,87,1.0,0.0,0.0,0,0.0,0.0,,0,0,
2.0,3,120.0,1,5.0,0.0,-2.4,9998,87,1.0,0.0,0.0,0,0.0,0.0,,0,0,
2.0,3,120.0,1,5.0,0.0,-2.3,9998,87,1.0,0.0,0.0,0,0.0,0.0,,0,0,
2.0,3,120.0,1,5.0,0.0,-2.2,9998,87,0.881376275255051,0.11862372474494899,0.0,372,4.275862068965517,2678.9357871574316,20.0,367,5,0.16621253405994552
2.0,3,120.0,1,5.0,0.0,-2.1,9998,87,0.7524504900980196,0.2475495099019804,0.0,372,4.275862068965517,2678.9357871574316,60.0,365,7,0.4986301369863014
2.0,3,120.0,1,5.0,0.0,-2.0,9998,87,0.6039207841568314,0.3242648529705941,0.07181436287257452,593,6.816091954022989,4270.454090818163,35.0,583,10,0.20754716981132076
2.0,3,120.0,1,5.0,0.0,-1.9,9998,87,0.3787757551510302,0.4257851570314063,0.1954390878175635,744,8.551724137931034,5357.871574314863,40.0,666,78,0.18018018018018017
2.0,3,120.0,1,5.0,0.0,-1.8,9998,87,0.2993598719743949,0.44818963792758554,0.2524504900980196,619,7.114942528735632,4457.691538307662,55.0,541,78,0.33271719038817005
2.0,3,120.0,1,5.0,0.0,-1.7,9998,87,0.2920584116823365,0.3687737547509502,0.3391678335667133,743,8.540229885057471,5350.6701340268055,20.0,664,79,0.2891566265060241
2.0,3,120.0,1,5.0,0.0,-1.6,9998,87,0.23744748949789957,0.28485697139427885,0.4776955391078216,620,7.126436781609195,4464.892978595719,40.0,539,81,0.32838589981447125
2.0,3,120.0,1,5.0,0.0,-1.5,9998,87,0.21274254850970195,0.27985597119423883,0.5074014802960592,619,7.114942528735632,4457.691538307662,40.0,542,77,0.32656826568265684
2.0,3,120.0,1,5.0,0.0,-1.4,9998,87,0.17813562712542508,0.21294258851770353,0.6089217843568714,618,7.103448275862069,4450.4900980196035,35.0,543,75,0.21731123388581952
2.0,3,120.0,1,5.0,0.0,-1.3,9998,87,0.14832966593318664,0.2031406281256251,0.6485297059411882,496,5.7011494252873565,3571.9143828765755,40.0,420,76,0.2785714285714286
2.0,3,120.0,1,5.0,0.0,-1.2,9998,87,0.126125225045009,0.16593318663732748,0.7079415883176635,434,4.988505747126437,3125.4250850170033,40.0,358,76,0.3268156424581006
2.0,3,120.0,1,5.0,0.0,-1.1,9998,87,0.11872374474894978,0.15093018603720745,0.7303460692138428,434,4.988505747126437,3125.4250850170033,35.0,358,76,0.3268156424581006
2.0,3,120.0,1,5.0,0.0,-1.0,9998,87,0.02960592118423685,0.21044208841768353,0.7599519903980796,557,6.402298850574713,4011.2022404480895,30.0,481,76,0.24532224532224534
2.0,3,120.0,1,5.0,0.0,-0.9,9998,87,0.01240248049609922,0.1831366273254651,0.8044608921784356,371,4.264367816091954,2671.734346869374,30.0,296,75,0.5101351351351351
2.0,3,120.0,1,5.0,0.0,-0.8,9998,87,0.0,0.16823364672934588,0.8317663532706542,248,2.8505747126436782,1785.9571914382877,100.0,173,75,0.7283236994219653
2.0,3,120.0,1,5.0,0.0,-0.7,9998,87,0.0,0.15343068613722743,0.8465693138627726,248,2.8505747126436782,1785.9571914382877,95.0,174,74,0.6609195402298851
2.0,3,120.0,1,5.0,0.0,-0.6,9998,87,0.0,0.14342868573714743,0.8565713142628526,248,2.8505747126436782,1785.9571914382877,90.0,174,74,0.6609195402298851
2.0,3,120.0,1,5.0,0.0,-0.5,9998,87,0.0,0.13592718543708743,0.8640728145629126,248,2.8505747126436782,1785.9571914382877,90.0,174,74,0.6609195402298851
2.0,3,120.0,1,5.0,0.0,-0.4,9998,87,0.0,0.014802960592118424,0.9851970394078816,62,0.7126436781609196,446.48929785957193,795.0,58,4,1.0
2.0,3,120.0,1,5.0,0.0,-0.3,9998,87,0.0,0.014802960592118424,0.9851970394078816,62,0.7126436781609196,446.48929785957193,795.0,58,4,1.0
2.0,3,120.0,1,5.0,0.0,-0.2,9998,87,0.0,0.014802960592118424,0.9851970394078816,62,0.7126436781609196,446.48929785957193,795.0,58,4,1.0
2.0,3,120.0,1,5.0,0.0,-0.1,9998,87,0.0,0.014802960592118424,0.9851970394078816,62,0.7126436781609196,446.48929785957193,795.0,58,4,1.0
2.0,3,120.0,1,5.0,0.0,0.0,9998,87,0.0,0.01230246049209842,0.9876975395079016,61,0.7011494252873564,439.2878575715143,795.0,57,4,1.0
2.0,3,120.0,1,5.0,0.0,0.1,9998,87,0.0,0.01230246049209842,0.9876975395079016,61,0.7011494252873564,439.2878575715143,795.0,57,4,1.0
2.0,3,120.0,1,5.0,0.0,0.2,9998,87,0.0,0.01230246049209842,0.9876975395079016,61,0.7011494252873564,439.2878575715143,795.0,57,4,1.0
2.0,3,120.0,1,5.0,0.0,0.3,9998,87,0.0,0.01230246049209842,0.9876975395079016,61,0.7011494252873564,439.2878575715143,795.0,57,4,1.0
2.0,3,120.0,1,5.0,0.0,0.4,9998,87,0.0,0.009801960392078415,0.9901980396079216,61,0.7011494252873564,439.2878575715143,800.0,57,4,1.0
2.0,3,120.0,1,5.0,0.0,0.5,9998,87,0.0,0.009801960392078415,0.9901980396079216,61,0.7011494252873564,439.2878575715143,800.0,57,4,1.0
2.0,3,120.0,1,5.0,0.0,0.6,9998,87,0.0,0.009801960392078415,0.9901980396079216,61,0.7011494252873564,439.2878575715143,800.0,57,4,1.0
2.0,3,120.0,1,5.0,0.0,0.7,9998,87,0.0,0.009801960392078415,0.9901980396079216,61,0.7011494252873564,439.2878575715143,800.0,57,4,1.0
2.0,3,120.0,1,5.0,0.0,0.8,9998,87,0.0,0.007401480296059212,0.9925985197039408,61,0.7011494252873564,439.2878575715143,800.0,57,4,1.0
2.0,3,120.0,1,5.0,0.0,0.9,9998,87,0.0,0.007401480296059212,0.9925985197039408,61,0.7011494252873564,439.2878575715143,800.0,57,4,1.0
2.0,3,120.0,1,5.0,0.0,1.0,9998,87,0.0,0.007401480296059212,0.9925985197039408,61,0.7011494252873564,439.2878575715143,800.0,57,4,1.0
2.0,3,120.0,2,5.0,5.0,-4.0,9998,87,1.0,0.0,0.0,0,0.0,0.0,,0,0,
2.0,3,120.0,2,5.0,5.0,-3.9,9998,87,1.0,0.0,0.0,0,0.0,0.0,,0,0,
2.0,3,120.0,2,5.0,5.0,-3.8,9998,87,1.0,0.0,0.0,0,0.0,0.0,,0,0,
2.0,3,120.0,2,5.0,5.0,-3.7,9998,87,1.0,0.0,0.0,0,0.0,0.0,,0,0,
2.0,3,120.0,2,5.0,5.0,-3.6,9998,87,1.0,0.0,0.0,0,0.0,0.0,,0,0,
2.0,3,120.0,2,5.0,5.0,-3.5,9998,87,1.0,0.0,0.0,0,0.0,0.0,,0,0,
2.0,3,120.0,2,5.0,5.0,-3.4,9998,87,1.0,0.0,0.0,0,0.0,0.0,,0,0,
2.0,3,120.0,2,5.0,5.0,-3.3,9998,87,1.0,0.0,0.0,0,0.0,0.0,,0,0,
2.0,3,120.0,2,5.0,5.0,-3.2,9998,87,1.0,0.0,0.0,0,0.0,0.0,,0,0,
2.0,3,120.0,2,5.0,5.0,-3.1,9998,87,1.0,0.0,0.0,0,0.0,0.0,,0,0,
2.0,3,120.0,2,5.0,5.0,-3.0,9998,87,1.0,0.0,0.0,0,0.0,0.0,,0,0,
2.0,3,120.0,2,5.0,5.0,-2.9,9998,87,1.0,0.0,0.0,0,0.0,0.0,,0,0,
2.0,3,120.0,2,5.0,5.0,-2.8,9998,87,1.0,0.0,0.0,0,0.0,0.0,,0,0,
2.0,3,120.0,2,5.0,5.0,-2.7,9998,87,1.0,0.0,0.0,0,0.0,0.0,,0,0,
2.0,3,120.0,2,5.0,5.0,-2.6,9998,87,1.0,0.0,0.0,0,0.0,0.0,,0,0,
2.0,3,120.0,2,5.0,5.0,-2.5,9998,87,1.0,0.0,0.0,0,0.0,0.0,,0,0,
2.0,3,120.0,2,5.0,5.0,-2.4,9998,87,1.0,0.0,0.0,0,0.0,0.0,,0,0,
2.0,3,120.0,2,5.0,5.0,-2.3,9998,87,1.0,0.0,0.0,0,0.0,0.0,,0,0,
2.0,3,120.0,2,5.0,5.0,-2.2,9998,87,0.881376275255051,0.11862372474494899,0.0,371,4.264367816091954,2671.734346869374,20.0,365,6,0.1643835616438356
2.0,3,120.0,2,5.0,5.0,-2.1,9998,87,0.7499499899979996,0.2500500100020004,0.0,322,3.7011494252873565,2318.863772754551,80.0,313,9,0.5718849840255591
2.0,3,120.0,2,5.0,5.0,-2.0,9998,87,0.5966193238647729,0.33166633326665335,0.07171434286857371,447,5.137931034482759,3219.043808761752,55.0,436,11,0.27293577981651373
2.0,3,120.0,2,5.0,5.0,-1.9,9998,87,0.373874774954991,0.4306861372274455,0.1954390878175635,645,7.413793103448276,4644.92898579716,55.0,566,79,0.29328621908127206
2.0,3,120.0,2,5.0,5.0,-1.8,9998,87,0.2993598719743949,0.4482896579315863,0.2523504700940188,618,7.103448275862069,4450.4900980196035,55.0,538,80,0.3308550185873606
2.0,3,120.0,2,5.0,5.0,-1.7,9998,87,0.2920584116823365,0.36637327465493097,0.34156831366273255,693,7.9655172413793105,4990.5981196239245,40.0,612,81,0.3104575163398693
2.0,3,120.0,2,5.0,5.0,-1.6,9998,87,0.23744748949789957,0.28485697139427885,0.4776955391078216,619,7.114942528735632,4457.691538307662,40.0,537,82,0.32774674115456237
2.0,3,120.0,2,5.0,5.0,-1.5,9998,87,0.20794158831766354,0.28465693138627723,0.5074014802960592,521,5.988505747126437,3751.9503900780155,55.0,444,77,0.39864864864864863
2.0,3,120.0,2,5.0,5.0,-1.4,9998,87,0.17343468693738748,0.21764352870574113,0.6089217843568714,520,5.977011494252873,3744.748949789958,55.0,445,75,0.2651685393258427
2.0,3,120.0,2,5.0,5.0,-1.3,9998,87,0.14832966593318664,0.2031406281256251,0.6485297059411882,496,5.7011494252873565,3571.9143828765755,40.0,420,76,0.2785714285714286
2.0,3,120.0,2,5.0,5.0,-1.2,9998,87,0.1199239847969594,0.17213442688537708,0.7079415883176635,434,4.988505747126437,3125.4250850170033,40.0,358,76,0.3268156424581006
2.0,3,120.0,2,5.0,5.0,-1.1,9998,87,0.11252250450090018,0.15713142628525706,0.7303460692138428,434,4.988505747126437,3125.4250850170033,35.0,358,76,0.3268156424581006
2.0,3,120.0,2,5.0,5.0,-1.0,9998,87,0.023404680936187236,0.21434286857371473,0.762252450490098,507,5.827586206896552,3651.130226045209,30.0,431,76,0.2737819025522042
2.0,3,120.0,2,5.0,5.0,-0.9,9998,87,0.01240248049609922,0.1832366473294659,0.8043608721744349,370,4.252873563218391,2664.532906581316,30.0,295,75,0.511864406779661
2.0,3,120.0,2,5.0,5.0,-0.8,9998,87,0.0,0.16823364672934588,0.8317663532706542,248,2.8505747126436782,1785.9571914382877,100.0,173,75,0.7283236994219653
2.0,3,120.0,2,5.0,5.0,-0.7,9998,87,0.0,0.15343068613722743,0.8465693138627726,248,2.8505747126436782,1785.9571914382877,95.0,173,75,0.6589595375722543
2.0,3,120.0,2,5.0,5.0,-0.6,9998,87,0.0,0.14342868573714743,0.8565713142628526,248,2.8505747126436782,1785.9571914382877,90.0,173,75,0.6589595375722543
2.0,3,120.0,2,5.0,5.0,-0.5,9998,87,0.0,0.13592718543708743,0.8640728145629126,246,2.8275862068965516,1771.5543108621723,90.0,173,73,0.6589595375722543
2.0,3,120.0,2,5.0,5.0,-0.4,9998,87,0.0,0.021004200840168033,0.9789957991598319,62,0.7126436781609196,446.48929785957193,790.0,58,4,1.0
2.0,3,120.0,2,5.0,5.0,-0.3,9998,87,0.0,0.021004200840168033,0.9789957991598319,62,0.7126436781609196,446.48929785957193,790.0,58,4,1.0
2.0,3,120.0,2,5.0,5.0,-0.2,9998,87,0.0,0.021004200840168033,0.9789957991598319,62,0.7126436781609196,446.48929785957193,790.0,58,4,1.0
2.0,3,120.0,2,5.0,5.0,-0.1,9998,87,0.0,0.021004200840168033,0.9789957991598319,62,0.7126436781609196,446.48929785957193,790.0,58,4,1.0
2.0,3,120.0,2,5.0,5.0,0.0,9998,87,0.0,0.01840368073614723,0.9815963192638528,61,0.7011494252873564,439.2878575715143,790.0,57,4,1.0
2.0,3,120.0,2,5.0,5.0,0.1,9998,87,0.0,0.01840368073614723,0.9815963192638528,61,0.7011494252873564,439.2878575715143,790.0,57,4,1.0
2.0,3,120.0,2,5.0,5.0,0.2,9998,87,0.0,0.01840368073614723,0.9815963192638528,61,0.7011494252873564,439.2878575715143,790.0,57,4,1.0
2.0,3,120.0,2,5.0,5.0,0.3,9998,87,0.0,0.01840368073614723,0.9815963192638528,61,0.7011494252873564,439.2878575715143,790.0,57,4,1.0
2.0,3,120.0,2,5.0,5.0,0.4,9998,87,0.0,0.015903180636127227,0.9840968193638727,61,0.7011494252873564,439.2878575715143,795.0,57,4,1.0
2.0,3,120.0,2,5.0,5.0,0.5,9998,87,0.0,0.015903180636127227,0.9840968193638727,61,0.7011494252873564,439.2878575715143,795.0,57,4,1.0
2.0,3,120.0,2,5.0,5.0,0.6,9998,87,0.0,0.015903180636127227,0.9840968193638727,61,0.7011494252873564,439.2878575715143,795.0,57,4,1.0
2.0,3,120.0,2,5.0,5.0,0.7,9998,87,0.0,0.015903180636127227,0.9840968193638727,61,0.7011494252873564,439.2878575715143,795.0,57,4,1.0
2.0,3,120.0,2,5.0,5.0,0.8,9998,87,0.0,0.013502700540108022,0.986497299459892,61,0.7011494252873564,439.2878575715143,795.0,57,4,1.0
2.0,3,120.0,2,5.0,5.0,0.9,9998,87,0.0,0.013502700540108022,0.986497299459892,61,0.7011494252873564,439.2878575715143,795.0,57,4,1.0
2.0,3,120.0,2,5.0,5.0,1.0,9998,87,0.0,0.013502700540108022,0.986497299459892,61,0.7011494252873564,439.2878575715143,795.0,57,4,1.0
2.0,3,120.0,3,5.0,10.0,-4.0,9998,87,1.0,0.0,0.0,0,0.0,0.0,,0,0,
2.0,3,120.0,3,5.0,10.0,-3.9,9998,87,1.0,0.0,0.0,0,0.0,0.0,,0,0,
2.0,3,120.0,3,5.0,10.0,-3.8,9998,87,1.0,0.0,0.0,0,0.0,0.0,,0,0,
2.0,3,120.0,3,5.0,10.0,-3.7,9998,87,1.0,0.0,0.0,0,0.0,0.0,,0,0,
2.0,3,120.0,3,5.0,10.0,-3.6,9998,87,1.0,0.0,0.0,0,0.0,0.0,,0,0,
2.0,3,120.0,3,5.0,10.0,-3.5,9998,87,1.0,0.0,0.0,0,0.0,0.0,,0,0,
2.0,3,120.0,3,5.0,10.0,-3.4,9998,87,1.0,0.0,0.0,0,0.0,0.0,,0,0,
2.0,3,120.0,3,5.0,10.0,-3.3,9998,87,1.0,0.0,0.0,0,0.0,0.0,,0,0,
2.0,3,120.0,3,5.0,10.0,-3.2,9998,87,1.0,0.0,0.0,0,0.0,0.0,,0,0,
2.0,3,120.0,3,5.0,10.0,-3.1,9998,87,1.0,0.0,0.0,0,0.0,0.0,,0,0,
2.0,3,120.0,3,5.0,10.0,-3.0,9998,87,1.0,0.0,0.0,0,0.0,0.0,,0,0,
2.0,3,120.0,3,5.0,10.0,-2.9,9998,87,1.0,0.0,0.0,0,0.0,0.0,,0,0,
2.0,3,120.0,3,5.0,10.0,-2.8,9998,87,1.0,0.0,0.0,0,0.0,0.0,,0,0,
2.0,3,120.0,3,5.0,10.0,-2.7,9998,87,1.0,0.0,0.0,0,0.0,0.0,,0,0,
2.0,3,120.0,3,5.0,10.0,-2.6,9998,87,1.0,0.0,0.0,0,0.0,0.0,,0,0,
2.0,3,120.0,3,5.0,10.0,-2.5,9998,87,1.0,0.0,0.0,0,0.0,0.0,,0,0,
2.0,3,120.0,3,5.0,10.0,-2.4,9998,87,1.0,0.0,0.0,0,0.0,0.0,,0,0,
2.0,3,120.0,3,5.0,10.0,-2.3,9998,87,1.0,0.0,0.0,0,0.0,0.0,,0,0,
2.0,3,120.0,3,5.0,10.0,-2.2,9998,87,0.8664732946589317,0.13352670534106822,0.0,223,2.5632183908045976,1605.9211842368475,90.0,217,6,0.5483870967741935
2.0,3,120.0,3,5.0,10.0,-2.1,9998,87,0.7425485097019404,0.25745149029805964,0.0,247,2.839080459770115,1778.7557511502303,80.0,239,8,0.7489539748953975
2.0,3,120.0,3,5.0,10.0,-2.0,9998,87,0.5814162832566513,0.34696939387877573,0.07161432286457292,295,3.3908045977011496,2124.424884976995,60.0,285,10,0.41403508771929826
2.0,3,120.0,3,5.0,10.0,-1.9,9998,87,0.3712742548509702,0.4405881176235247,0.1881376275255051,544,6.252873563218391,3917.5835167033406,60.0,467,77,0.38329764453961457
2.0,3,120.0,3,5.0,10.0,-1.8,9998,87,0.3017603520704141,0.45329065813162633,0.2449489897979596,529,6.080459770114943,3809.5619123824763,85.0,451,78,0.3968957871396896
2.0,3,120.0,3,5.0,10.0,-1.7,9998,87,0.29465893178635727,0.36867373474694937,0.33666733346669336,481,5.528735632183908,3463.8927785557116,105.0,401,80,0.44389027431421446
2.0,3,120.0,3,5.0,10.0,-1.6,9998,87,0.23744748949789957,0.28475695139027807,0.47779555911182237,619,7.114942528735632,4457.691538307662,40.0,537,82,0.32774674115456237
2.0,3,120.0,3,5.0,10.0,-1.5,9998,87,0.20564112822564512,0.28695739147829563,0.5074014802960592,497,5.712643678160919,3579.1158231646327,55.0,419,78,0.4200477326968974
2.0,3,120.0,3,5.0,10.0,-1.4,9998,87,0.1712342468493699,0.21984396879375875,0.6089217843568714,483,5.551724137931035,3478.2956591318266,55.0,406,77,0.2857142857142857
2.0,3,120.0,3,5.0,10.0,-1.3,9998,87,0.14832966593318664,0.2031406281256251,0.6485297059411882,482,5.540229885057471,3471.094218843769,42.5,406,76,0.2881773399014778
2.0,3,120.0,3,5.0,10.0,-1.2,9998,87,0.11372274454890978,0.1783356671334267,0.7079415883176635,420,4.827586206896552,3024.604920984197,40.0,345,75,0.3391304347826087
2.0,3,120.0,3,5.0,10.0,-1.1,9998,87,0.10632126425285057,0.16333266653330666,0.7303460692138428,393,4.517241379310345,2830.1660332066413,35.0,319,74,0.3667711598746082
2.0,3,120.0,3,5.0,10.0,-1.0,9998,87,0.009901980396079216,0.2426485297059412,0.7474494898979795,319,3.6666666666666665,2297.259451890378,95.0,245,74,0.47346938775510206
2.0,3,120.0,3,5.0,10.0,-0.9,9998,87,0.0003000600120024005,0.1954390878175635,0.8042608521704341,247,2.839080459770115,1778.7557511502303,115.0,173,74,0.8670520231213873
2.0,3,120.0,3,5.0,10.0,-0.8,9998,87,0.0,0.16823364672934588,0.8317663532706542,248,2.8505747126436782,1785.9571914382877,100.0,173,75,0.7283236994219653
2.0,3,120.0,3,5.0,10.0,-0.7,9998,87,0.0,0.15343068613722743,0.8465693138627726,248,2.8505747126436782,1785.9571914382877,95.0,173,75,0.6589595375722543
2.0,3,120.0,3,5.0,10.0,-0.6,9998,87,0.0,0.14342868573714743,0.8565713142628526,234,2.689655172413793,1685.1370274054811,107.5,173,61,0.6589595375722543
2.0,3,120.0,3,5.0,10.0,-0.5,9998,87,0.0,0.136127225445089,0.863872774554911,185,2.1264367816091956,1332.266453290658,175.0,173,12,0.6589595375722543
2.0,3,120.0,3,5.0,10.0,-0.4,9998,87,0.0,0.027205441088217642,0.9727945589117823,62,0.7126436781609196,446.48929785957193,785.0,57,5,1.0
2.0,3,120.0,3,5.0,10.0,-0.3,9998,87,0.0,0.027205441088217642,0.9727945589117823,62,0.7126436781609196,446.48929785957193,785.0,57,5,1.0
2.0,3,120.0,3,5.0,10.0,-0.2,9998,87,0.0,0.027205441088217642,0.9727945589117823,62,0.7126436781609196,446.48929785957193,785.0,57,5,1.0
2.0,3,120.0,3,5.0,10.0,-0.1,9998,87,0.0,0.027205441088217642,0.9727945589117823,62,0.7126436781609196,446.48929785957193,785.0,57,5,1.0
2.0,3,120.0,3,5.0,10.0,0.0,9998,87,0.0,0.02450490098019604,0.9754950990198039,61,0.7011494252873564,439.2878575715143,785.0,56,5,1.0
2.0,3,120.0,3,5.0,10.0,0.1,9998,87,0.0,0.02450490098019604,0.9754950990198039,61,0.7011494252873564,439.2878575715143,785.0,56,5,1.0
2.0,3,120.0,3,5.0,10.0,0.2,9998,87,0.0,0.02450490098019604,0.9754950990198039,61,0.7011494252873564,439.2878575715143,785.0,56,5,1.0
2.0,3,120.0,3,5.0,10.0,0.3,9998,87,0.0,0.02450490098019604,0.9754950990198039,61,0.7011494252873564,439.2878575715143,785.0,56,5,1.0
2.0,3,120.0,3,5.0,10.0,0.4,9998,87,0.0,0.022004400880176037,0.9779955991198239,61,0.7011494252873564,439.2878575715143,790.0,56,5,1.0
2.0,3,120.0,3,5.0,10.0,0.5,9998,87,0.0,0.022004400880176037,0.9779955991198239,61,0.7011494252873564,439.2878575715143,790.0,56,5,1.0
2.0,3,120.0,3,5.0,10.0,0.6,9998,87,0.0,0.022004400880176037,0.9779955991198239,61,0.7011494252873564,439.2878575715143,790.0,56,5,1.0
2.0,3,120.0,3,5.0,10.0,0.7,9998,87,0.0,0.022004400880176037,0.9779955991198239,61,0.7011494252873564,439.2878575715143,790.0,56,5,1.0
2.0,3,120.0,3,5.0,10.0,0.8,9998,87,0.0,0.01960392078415683,0.9803960792158432,61,0.7011494252873564,439.2878575715143,790.0,57,4,1.0
2.0,3,120.0,3,5.0,10.0,0.9,9998,87,0.0,0.01960392078415683,0.9803960792158432,61,0.7011494252873564,439.2878575715143,790.0,57,4,1.0
2.0,3,120.0,3,5.0,10.0,1.0,9998,87,0.0,0.01960392078415683,0.9803960792158432,61,0.7011494252873564,439.2878575715143,790.0,57,4,1.0
2.0,5,15.0,1,5.0,0.0,-4.0,10494,88,1.0,0.0,0.0,0,0.0,0.0,,0,0,
2.0,5,15.0,1,5.0,0.0,-3.9,10494,88,1.0,0.0,0.0,0,0.0,0.0,,0,0,
2.0,5,15.0,1,5.0,0.0,-3.8,10494,88,1.0,0.0,0.0,0,0.0,0.0,,0,0,
2.0,5,15.0,1,5.0,0.0,-3.7,10494,88,1.0,0.0,0.0,0,0.0,0.0,,0,0,
2.0,5,15.0,1,5.0,0.0,-3.6,10494,88,1.0,0.0,0.0,0,0.0,0.0,,0,0,
2.0,5,15.0,1,5.0,0.0,-3.5,10494,88,1.0,0.0,0.0,0,0.0,0.0,,0,0,
2.0,5,15.0,1,5.0,0.0,-3.4,10494,88,1.0,0.0,0.0,0,0.0,0.0,,0,0,
2.0,5,15.0,1,5.0,0.0,-3.3,10494,88,1.0,0.0,0.0,0,0.0,0.0,,0,0,
2.0,5,15.0,1,5.0,0.0,-3.2,10494,88,1.0,0.0,0.0,0,0.0,0.0,,0,0,
2.0,5,15.0,1,5.0,0.0,-3.1,10494,88,1.0,0.0,0.0,0,0.0,0.0,,0,0,
2.0,5,15.0,1,5.0,0.0,-3.0,10494,88,1.0,0.0,0.0,0,0.0,0.0,,0,0,
2.0,5,15.0,1,5.0,0.0,-2.9,10494,88,1.0,0.0,0.0,0,0.0,0.0,,0,0,
2.0,5,15.0,1,5.0,0.0,-2.8,10494,88,1.0,0.0,0.0,0,0.0,0.0,,0,0,
2.0,5,15.0,1,5.0,0.0,-2.7,10494,88,1.0,0.0,0.0,0,0.0,0.0,,0,0,
2.0,5,15.0,1,5.0,0.0,-2.6,10494,88,1.0,0.0,0.0,0,0.0,0.0,,0,0,
2.0,5,15.0,1,5.0,0.0,-2.5,10494,88,1.0,0.0,0.0,0,0.0,0.0,,0,0,
2.0,5,15.0,1,5.0,0.0,-2.4,10494,88,0.9835143891747665,0.016485610825233466,0.0,123,1.3977272727272727,843.9108061749571,15.0,121,2,0.49586776859504134
2.0,5,15.0,1,5.0,0.0,-2.3,10494,88,0.9124261482752049,0.07813988946064418,0.009433962264150943,726,8.25,4981.132075471698,15.0,719,7,0.08205841446453407
2.0,5,15.0,1,5.0,0.0,-2.2,10494,88,0.8349533066514199,0.14617876882027825,0.018867924528301886,1161,13.193181818181818,7965.694682675815,15.0,1090,71,0.0
2.0,5,15.0,1,5.0,0.0,-2.1,10494,88,0.7287974080426911,0.20268724985706119,0.06851534210024776,2177,24.738636363636363,14936.535162950257,15.0,2101,76,0.0
2.0,5,15.0,1,5.0,0.0,-2.0,10494,88,0.59157613874595,0.2408042691061559,0.16761959214789404,3307,37.57954545454545,22689.536878216124,15.0,3225,82,0.018604651162790697
2.0,5,15.0,1,5.0,0.0,-1.9,10494,88,0.5381170192490947,0.21450352582428053,0.24737945492662475,3599,40.89772727272727,24692.967409948542,10.0,3517,82,0.017059994313335228
2.0,5,15.0,1,5.0,0.0,-1.8,10494,88,0.45587955021917287,0.2138364779874214,0.33028397179340574,3990,45.34090909090909,27375.643224699827,10.0,3905,85,0.012291933418693982
2.0,5,15.0,1,5.0,0.0,-1.7,10494,88,0.4205260148656375,0.16914427291785783,0.41032971221650466,3496,39.72727272727273,23986.277873070325,10.0,3412,84,0.020808909730363423
2.0,5,15.0,1,5.0,0.0,-1.6,10494,88,0.34448256146369355,0.17162187916904897,0.4838955593672575,3183,36.17045454545455,21838.765008576327,10.0,3098,85,0.022918011620400257
2.0,5,15.0,1,5.0,0.0,-1.5,10494,88,0.33752620545073375,0.15046693348580142,0.5120068610634648,3057,34.73863636363637,20974.271012006862,10.0,2973,84,0.023881601076353853
2.0,5,15.0,1,5.0,0.0,-1.4,10494,88,0.29245283018867924,0.11539927577663427,0.5921478940346865,2482,28.204545454545453,17029.15951972556,10.0,2404,78,0.04908485856905158
2.0,5,15.0,1,5.0,0.0,-1.3,10494,88,0.2076424623594435,0.16247379454926625,0.6298837430912902,2702,30.704545454545453,18538.59348198971,10.0,2621,81,0.02174742464708127
2.0,5,15.0,1,5.0,0.0,-1.2,10494,88,0.17429007051648562,0.17019249094720793,0.6555174385363065,2316,26.318181818181817,15890.222984562606,10.0,2235,81,0.025503355704697986
2.0,5,15.0,1,5.0,0.0,-1.1,10494,88,0.16037735849056603,0.11072994091862016,0.7288927005908138,1594,18.113636363636363,10936.535162950257,15.0,1515,79,0.06864686468646865
2.0,5,15.0,1,5.0,0.0,-1.0,10494,88,0.15084810367829235,0.11320754716981132,0.7359443491518963,1582,17.977272727272727,10854.202401372213,15.0,1503,79,0.06919494344644045
2.0,5,15.0,1,5.0,0.0,-0.9,10494,88,0.12702496664760815,0.10663236134934248,0.7663426720030494,1141,12.965909090909092,7828.4734133790735,15.0,1061,80,0.09613572101790764
2.0,5,15.0,1,5.0,0.0,-0.8,10494,88,0.11778158947970269,0.07575757575757576,0.8064608347627216,1438,16.34090909090909,9866.209262435677,10.0,1358,80,0.0743740795287187
2.0,5,15.0,1,5.0,0.0,-0.7,10494,88,0.11301696207356585,0.07337526205450734,0.8136077758719268,1438,16.34090909090909,9866.209262435677,10.0,1358,80,0.0743740795287187
2.0,5,15.0,1,5.0,0.0,-0.6,10494,88,0.11072994091862016,0.04250047646274061,0.8467695826186392,1065,12.102272727272727,7307.032590051458,10.0,988,77,0.10222672064777327
2.0,5,15.0,1,5.0,0.0,-0.5,10494,88,0.10367829235753764,0.04716981132075472,0.8491518963217076,1077,12.238636363636363,7389.365351629503,10.0,1000,77,0.101
2.0,5,15.0,1,5.0,0.0,-0.4,10494,88,0.06575185820468839,0.06375071469411092,0.8704974271012007,1035,11.761363636363637,7101.200686106346,10.0,959,76,0.10636079249217935
2.0,5,15.0,1,5.0,0.0,-0.3,10494,88,0.05870020964360587,0.06842004955212502,0.8728797408042691,962,10.931818181818182,6600.343053173242,10.0,887,75,0.11499436302142052
2.0,5,15.0,1,5.0,0.0,-0.2,10494,88,0.05870020964360587,0.06842004955212502,0.8728797408042691,962,10.931818181818182,6600.343053173242,10.0,887,75,0.11499436302142052
2.0,5,15.0,1,5.0,0.0,-0.1,10494,88,0.05870020964360587,0.0566990661330284,0.8846007242233658,839,9.534090909090908,5756.432246998284,10.0,764,75,0.13350785340314136
2.0,5,15.0,1,5.0,0.0,0.0,10494,88,0.040022870211549454,0.04011816275967219,0.9198589670287783,728,8.272727272727273,4994.854202401372,5.0,668,60,0.15419161676646706
2.0,5,15.0,1,5.0,0.0,0.1,10494,88,0.03068420049552125,0.0375452639603583,0.9317705355441205,628,7.136363636363637,4308.747855917667,10.0,568,60,0.1813380281690141
2.0,5,15.0,1,5.0,0.0,0.2,10494,88,0.03068420049552125,0.0375452639603583,0.9317705355441205,628,7.136363636363637,4308.747855917667,10.0,568,60,0.1813380281690141
2.0,5,15.0,1,5.0,0.0,0.3,10494,88,0.03068420049552125,0.030493615399275777,0.938822184105203,505,5.738636363636363,3464.83704974271,10.0,445,60,0.23146067415730337
2.0,5,15.0,1,5.0,0.0,0.4,10494,88,0.021250238231370306,0.025728987993138937,0.9530207737754908,355,4.034090909090909,2435.6775300171525,15.0,321,34,0.32087227414330216
2.0,5,15.0,1,5.0,0.0,0.5,10494,88,0.021250238231370306,0.025728987993138937,0.9530207737754908,355,4.034090909090909,2435.6775300171525,15.0,321,34,0.32087227414330216
2.0,5,15.0,1,5.0,0.0,0.6,10494,88,0.021250238231370306,0.018677339432056413,0.9600724223365733,257,2.9204545454545454,1763.2933104631218,10.0,223,34,0.5112107623318386
2.0,5,15.0,1,5.0,0.0,0.7,10494,88,0.021250238231370306,0.018677339432056413,0.9600724223365733,257,2.9204545454545454,1763.2933104631218,10.0,223,34,0.5112107623318386
2.0,5,15.0,1,5.0,0.0,0.8,10494,88,0.018867924528301886,0.00476462740613684,0.9763674480655613,111,1.2613636363636365,761.5780445969125,215.0,106,5,0.5377358490566038
2.0,5,15.0,1,5.0,0.0,0.9,10494,88,0.018867924528301886,0.00476462740613684,0.9763674480655613,111,1.2613636363636365,761.5780445969125,215.0,106,5,0.5377358490566038
2.0,5,15.0,1,5.0,0.0,1.0,10494,88,0.018867924528301886,0.00476462740613684,0.9763674480655613,111,1.2613636363636365,761.5780445969125,215.0,106,5,0.5377358490566038
2.0,5,15.0,2,5.0,5.0,-4.0,10494,88,1.0,0.0,0.0,0,0.0,0.0,,0,0,
2.0,5,15.0,2,5.0,5.0,-3.9,10494,88,1.0,0.0,0.0,0,0.0,0.0,,0,0,
2.0,5,15.0,2,5.0,5.0,-3.8,10494,88,1.0,0.0,0.0,0,0.0,0.0,,0,0,
2.0,5,15.0,2,5.0,5.0,-3.7,10494,88,1.0,0.0,0.0,0,0.0,0.0,,0,0,
2.0,5,15.0,2,5.0,5.0,-3.6,10494,88,1.0,0.0,0.0,0,0.0,0.0,,0,0,
2.0,5,15.0,2,5.0,5.0,-3.5,10494,88,1.0,0.0,0.0,0,0.0,0.0,,0,0,
2.0,5,15.0,2,5.0,5.0,-3.4,10494,88,1.0,0.0,0.0,0,0.0,0.0,,0,0,
2.0,5,15.0,2,5.0,5.0,-3.3,10494,88,1.0,0.0,0.0,0,0.0,0.0,,0,0,
2.0,5,15.0,2,5.0,5.0,-3.2,10494,88,1.0,0.0,0.0,0,0.0,0.0,,0,0,
2.0,5,15.0,2,5.0,5.0,-3.1,10494,88,1.0,0.0,0.0,0,0.0,0.0,,0,0,
2.0,5,15.0,2,5.0,5.0,-3.0,10494,88,1.0,0.0,0.0,0,0.0,0.0,,0,0,
2.0,5,15.0,2,5.0,5.0,-2.9,10494,88,1.0,0.0,0.0,0,0.0,0.0,,0,0,
2.0,5,15.0,2,5.0,5.0,-2.8,10494,88,1.0,0.0,0.0,0,0.0,0.0,,0,0,
2.0,5,15.0,2,5.0,5.0,-2.7,10494,88,1.0,0.0,0.0,0,0.0,0.0,,0,0,
2.0,5,15.0,2,5.0,5.0,-2.6,10494,88,1.0,0.0,0.0,0,0.0,0.0,,0,0,
2.0,5,15.0,2,5.0,5.0,-2.5,10494,88,1.0,0.0,0.0,0,0.0,0.0,,0,0,
2.0,5,15.0,2,5.0,5.0,-2.4,10494,88,0.9836096817228893,0.01639031827711073,0.0,123,1.3977272727272727,843.9108061749571,15.0,121,2,0.49586776859504134
2.0,5,15.0,2,5.0,5.0,-2.3,10494,88,0.9198589670287783,0.0707070707070707,0.009433962264150943,591,6.715909090909091,4054.8885077186965,15.0,583,8,0.09948542024013722
2.0,5,15.0,2,5.0,5.0,-2.2,10494,88,0.8377167905469792,0.14122355631789593,0.021059653135124833,1108,12.590909090909092,7602.058319039451,15.0,1037,71,0.0
2.0,5,15.0,2,5.0,5.0,-2.1,10494,88,0.7506194015627978,0.1602820659424433,0.08909853249475891,1723,19.579545454545453,11821.612349914236,15.0,1647,76,0.0
2.0,5,15.0,2,5.0,5.0,-2.0,10494,88,0.6305507909281495,0.1483704974271012,0.22107871164474938,2238,25.431818181818183,15355.060034305316,15.0,2156,82,0.027829313543599257
2.0,5,15.0,2,5.0,5.0,-1.9,10494,88,0.5725176291214027,0.09538784067085954,0.33209453020773777,2050,23.295454545454547,14065.180102915952,15.0,1968,82,0.03048780487804878
2.0,5,15.0,2,5.0,5.0,-1.8,10494,88,0.522107871164475,0.07718696397941681,0.40070516485610824,2488,28.272727272727273,17070.325900514577,15.0,2401,87,0.0
2.0,5,15.0,2,5.0,5.0,-1.7,10494,88,0.4469220506956356,0.03821231179721746,0.514865637507147,1660,18.863636363636363,11389.365351629503,15.0,1573,87,0.006993006993006993
2.0,5,15.0,2,5.0,5.0,-1.6,10494,88,0.39184295788069373,0.06918238993710692,0.5389746521821993,2047,23.261363636363637,14044.59691252144,15.0,1960,87,0.0005102040816326531
2.0,5,15.0,2,5.0,5.0,-1.5,10494,88,0.37793024585477414,0.048027444253859346,0.5740423098913665,1824,20.727272727272727,12514.579759862778,15.0,1737,87,0.0
2.0,5,15.0,2,5.0,5.0,-1.4,10494,88,0.2991233085572708,0.025252525252525252,0.6756241661902039,1078,12.25,7396.226415094339,20.0,1000,78,0.094
2.0,5,15.0,2,5.0,5.0,-1.3,10494,88,0.1960167714884696,0.07747284162378502,0.7265103868877454,1211,13.761363636363637,8308.747855917667,15.0,1128,83,0.04875886524822695
2.0,5,15.0,2,5.0,5.0,-1.2,10494,88,0.17667238421955403,0.12083095101963026,0.7024966647608157,1549,17.602272727272727,10627.78730703259,15.0,1466,83,0.03751705320600273
2.0,5,15.0,2,5.0,5.0,-1.1,10494,88,0.15332570992948352,0.06641890604154756,0.7802553840289689,833,9.465909090909092,5715.265866209262,15.0,754,79,0.07559681697612732
2.0,5,15.0,2,5.0,5.0,-1.0,10494,88,0.14379645511720984,0.0688965122927387,0.7873070325900514,817,9.284090909090908,5605.48885077187,15.0,738,79,0.07723577235772358
2.0,5,15.0,2,5.0,5.0,-0.9,10494,88,0.13398132266056795,0.09252906422717744,0.7734896131122546,988,11.227272727272727,6778.730703259006,15.0,907,81,0.06063947078280044
2.0,5,15.0,2,5.0,5.0,-0.8,10494,88,0.13884124261482753,0.030874785591766724,0.8302839717934057,939,10.670454545454545,6442.53859348199,15.0,858,81,0.06293706293706294
2.0,5,15.0,2,5.0,5.0,-0.7,10494,88,0.13407661520869069,0.026110158185629884,0.8398132266056795,889,10.102272727272727,6099.485420240137,15.0,808,81,0.06683168316831684
2.0,5,15.0,2,5.0,5.0,-0.6,10494,88,0.131789594053745,0.0,0.868210405946255,615,6.988636363636363,4219.554030874786,15.0,537,78,0.1005586592178771
2.0,5,15.0,2,5.0,5.0,-0.5,10494,88,0.12473794549266247,0.007051648561082523,0.868210405946255,652,7.409090909090909,4473.413379073757,15.0,574,78,0.09407665505226481
2.0,5,15.0,2,5.0,5.0,-0.4,10494,88,0.07375643224699828,0.02296550409757957,0.9032780636554222,421,4.784090909090909,2888.5077186963977,20.0,344,77,0.15988372093023256
2.0,5,15.0,2,5.0,5.0,-0.3,10494,88,0.07127882599580712,0.03459119496855346,0.8941299790356394,517,5.875,3547.169811320755,15.0,440,77,0.125
2.0,5,15.0,2,5.0,5.0,-0.2,10494,88,0.07127882599580712,0.03459119496855346,0.8941299790356394,517,5.875,3547.169811320755,15.0,440,77,0.125
2.0,5,15.0,2,5.0,5.0,-0.1,10494,88,0.07127882599580712,0.022774919001334097,0.9059462550028587,394,4.4772727272727275,2703.2590051457973,20.0,317,77,0.17350157728706625
2.0,5,15.0,2,5.0,5.0,0.0,10494,88,0.045645130550790926,0.0119115685153421,0.942443300933867,282,3.2045454545454546,1934.819897084048,20.0,270,12,0.37407407407407406
2.0,5,15.0,2,5.0,5.0,0.1,10494,88,0.03649704593100819,0.014103297122165046,0.9493996569468267,233,2.647727272727273,1598.6277873070328,110.0,220,13,0.2545454545454545
2.0,5,15.0,2,5.0,5.0,0.2,10494,88,0.03649704593100819,0.014103297122165046,0.9493996569468267,233,2.647727272727273,1598.6277873070328,110.0,220,13,0.2545454545454545
2.0,5,15.0,2,5.0,5.0,0.3,10494,88,0.03649704593100819,0.011816275967219363,0.9516866781017724,209,2.375,1433.9622641509434,205.0,197,12,0.2893401015228426
2.0,5,15.0,2,5.0,5.0,0.4,10494,88,0.03163712597674862,0.014198589670287783,0.9541642843529636,184,2.090909090909091,1262.435677530017,240.0,173,11,0.6473988439306358
2.0,5,15.0,2,5.0,5.0,0.5,10494,88,0.03163712597674862,0.014198589670287783,0.9541642843529636,184,2.090909090909091,1262.435677530017,240.0,173,11,0.6473988439306358
2.0,5,15.0,2,5.0,5.0,0.6,10494,88,0.03163712597674862,0.011816275967219363,0.956546598056032,184,2.090909090909091,1262.435677530017,240.0,173,11,0.6473988439306358
2.0,5,15.0,2,5.0,5.0,0.7,10494,88,0.03163712597674862,0.011816275967219363,0.956546598056032,184,2.090909090909091,1262.435677530017,240.0,173,11,0.6473988439306358
2.0,5,15.0,2,5.0,5.0,0.8,10494,88,0.029350104821802937,0.0001905850962454736,0.9704593100819516,62,0.7045454545454546,425.3859348198971,820.0,55,7,1.0
2.0,5,15.0,2,5.0,5.0,0.9,10494,88,0.029350104821802937,0.0001905850962454736,0.9704593100819516,62,0.7045454545454546,425.3859348198971,820.0,55,7,1.0
2.0,5,15.0,2,5.0,5.0,1.0,10494,88,0.029350104821802937,0.0001905850962454736,0.9704593100819516,62,0.7045454545454546,425.3859348198971,820.0,55,7,1.0
2.0,5,15.0,3,5.0,10.0,-4.0,10494,88,1.0,0.0,0.0,0,0.0,0.0,,0,0,
2.0,5,15.0,3,5.0,10.0,-3.9,10494,88,1.0,0.0,0.0,0,0.0,0.0,,0,0,
2.0,5,15.0,3,5.0,10.0,-3.8,10494,88,1.0,0.0,0.0,0,0.0,0.0,,0,0,
2.0,5,15.0,3,5.0,10.0,-3.7,10494,88,1.0,0.0,0.0,0,0.0,0.0,,0,0,
2.0,5,15.0,3,5.0,10.0,-3.6,10494,88,1.0,0.0,0.0,0,0.0,0.0,,0,0,
2.0,5,15.0,3,5.0,10.0,-3.5,10494,88,1.0,0.0,0.0,0,0.0,0.0,,0,0,
2.0,5,15.0,3,5.0,10.0,-3.4,10494,88,1.0,0.0,0.0,0,0.0,0.0,,0,0,
2.0,5,15.0,3,5.0,10.0,-3.3,10494,88,1.0,0.0,0.0,0,0.0,0.0,,0,0,
2.0,5,15.0,3,5.0,10.0,-3.2,10494,88,1.0,0.0,0.0,0,0.0,0.0,,0,0,
2.0,5,15.0,3,5.0,10.0,-3.1,10494,88,1.0,0.0,0.0,0,0.0,0.0,,0,0,
2.0,5,15.0,3,5.0,10.0,-3.0,10494,88,1.0,0.0,0.0,0,0.0,0.0,,0,0,
2.0,5,15.0,3,5.0,10.0,-2.9,10494,88,1.0,0.0,0.0,0,0.0,0.0,,0,0,
2.0,5,15.0,3,5.0,10.0,-2.8,10494,88,1.0,0.0,0.0,0,0.0,0.0,,0,0,
2.0,5,15.0,3,5.0,10.0,-2.7,10494,88,1.0,0.0,0.0,0,0.0,0.0,,0,0,
2.0,5,15.0,3,5.0,10.0,-2.6,10494,88,1.0,0.0,0.0,0,0.0,0.0,,0,0,
2.0,5,15.0,3,5.0,10.0,-2.5,10494,88,1.0,0.0,0.0,0,0.0,0.0,,0,0,
2.0,5,15.0,3,5.0,10.0,-2.4,10494,88,0.9859919954259577,0.01400800457404231,0.0,98,1.1136363636363635,672.3842195540309,15.0,96,2,0.4895833333333333
2.0,5,15.0,3,5.0,10.0,-2.3,10494,88,0.9435868115113398,0.056413188488660185,0.0,396,4.5,2716.9811320754716,15.0,391,5,0.1534526854219949
2.0,5,15.0,3,5.0,10.0,-2.2,10494,88,0.846864875166762,0.13217076424623594,0.020964360587002098,1011,11.488636363636363,6936.5351629502575,15.0,940,71,0.0
2.0,5,15.0,3,5.0,10.0,-2.1,10494,88,0.8254240518391461,0.15103868877453783,0.02353725938631599,1134,12.886363636363637,7780.445969125214,15.0,1062,72,0.05649717514124294
2.0,5,15.0,3,5.0,10.0,-2.0,10494,88,0.6069182389937107,0.12769201448446732,0.265389746521822,1241,14.102272727272727,8514.57975986278,15.0,1159,82,0.05176876617773943
2.0,5,15.0,3,5.0,10.0,-1.9,10494,88,0.5266819134743663,0.09643605870020965,0.37688202782542407,848,9.636363636363637,5818.181818181818,15.0,769,79,0.09752925877763328
2.0,5,15.0,3,5.0,10.0,-1.8,10494,88,0.5749952353725939,0.04993329521631409,0.37507146941109204,466,5.295454545454546,3197.2555746140656,20.0,392,74,0.09948979591836735
2.0,5,15.0,3,5.0,10.0,-1.7,10494,88,0.48408614446350295,0.040880503144654086,0.47503335239184297,417,4.738636363636363,2861.06346483705,20.0,343,74,0.16909620991253643
2.0,5,15.0,3,5.0,10.0,-1.6,10494,88,0.3238993710691824,0.029731275014293884,0.6463693539165237,619,7.034090909090909,4246.998284734134,50.0,532,87,0.022556390977443608
2.0,5,15.0,3,5.0,10.0,-1.5,10494,88,0.29531160663236133,0.002001143510577473,0.7026872498570612,378,4.295454545454546,2593.481989708405,80.0,297,81,0.18855218855218855
2.0,5,15.0,3,5.0,10.0,-1.4,10494,88,0.22774919001334096,0.009338669716028206,0.7629121402706308,350,3.977272727272727,2401.3722126929674,110.0,272,78,0.20955882352941177
2.0,5,15.0,3,5.0,10.0,-1.3,10494,88,0.15180102915951973,0.05565084810367829,0.792548122736802,562,6.386363636363637,3855.917667238422,15.0,484,78,0.11570247933884298
2.0,5,15.0,3,5.0,10.0,-1.2,10494,88,0.14951400800457404,0.0465980560320183,0.8038879359634077,533,6.056818181818182,3656.9468267581474,15.0,455,78,0.12307692307692308
2.0,5,15.0,3,5.0,10.0,-1.1,10494,88,0.14922813036020582,0.054030874785591765,0.7967409948542024,583,6.625,4000.0,15.0,506,77,0.11264822134387352
2.0,5,15.0,3,5.0,10.0,-1.0,10494,88,0.12750142938822184,0.06632361349342482,0.8061749571183533,581,6.6022727272727275,3986.277873070326,15.0,504,77,0.1130952380952381
2.0,5,15.0,3,5.0,10.0,-0.9,10494,88,0.1251191156851534,0.0660377358490566,0.80884314846579,580,6.590909090909091,3979.416809605489,15.0,503,77,0.11133200795228629
2.0,5,15.0,3,5.0,10.0,-0.8,10494,88,0.18172288927005908,0.0,0.8182771107299409,246,2.7954545454545454,1687.8216123499142,110.0,168,78,0.32142857142857145
2.0,5,15.0,3,5.0,10.0,-0.7,10494,88,0.1558986087287974,0.0,0.8441013912712025,245,2.784090909090909,1680.960548885077,110.0,167,78,0.38922155688622756
2.0,5,15.0,3,5.0,10.0,-0.6,10494,88,0.14217648179912332,0.0,0.8578235182008767,245,2.784090909090909,1680.960548885077,80.0,167,78,0.38922155688622756
2.0,5,15.0,3,5.0,10.0,-0.5,10494,88,0.13512483323804078,0.0,0.8648751667619592,245,2.784090909090909,1680.960548885077,80.0,167,78,0.38922155688622756
2.0,5,15.0,3,5.0,10.0,-0.4,10494,88,0.04250047646274061,0.0173432437583381,0.9401562797789212,127,1.4431818181818181,871.3550600343053,40.0,58,69,1.0
2.0,5,15.0,3,5.0,10.0,-0.3,10494,88,0.04250047646274061,0.0173432437583381,0.9401562797789212,127,1.4431818181818181,871.3550600343053,40.0,58,69,1.0
2.0,5,15.0,3,5.0,10.0,-0.2,10494,88,0.04250047646274061,0.0173432437583381,0.9401562797789212,127,1.4431818181818181,871.3550600343053,40.0,58,69,1.0
2.0,5,15.0,3,5.0,10.0,-0.1,10494,88,0.04250047646274061,0.017057366113969887,0.9404421574232895,126,1.4318181818181819,864.4939965694683,27.5,57,69,1.0
2.0,5,15.0,3,5.0,10.0,0.0,10494,88,0.04011816275967219,0.0002858776443682104,0.9595959595959596,63,0.7159090909090909,432.24699828473416,810.0,56,7,1.0
2.0,5,15.0,3,5.0,10.0,0.1,10494,88,0.04011816275967219,0.0002858776443682104,0.9595959595959596,63,0.7159090909090909,432.24699828473416,810.0,56,7,1.0
2.0,5,15.0,3,5.0,10.0,0.2,10494,88,0.04011816275967219,0.0002858776443682104,0.9595959595959596,63,0.7159090909090909,432.24699828473416,810.0,56,7,1.0
2.0,5,15.0,3,5.0,10.0,0.3,10494,88,0.04011816275967219,0.0002858776443682104,0.9595959595959596,63,0.7159090909090909,432.24699828473416,810.0,56,7,1.0
2.0,5,15.0,3,5.0,10.0,0.4,10494,88,0.037449971412235564,0.007432818753573471,0.955117209834191,112,1.2727272727272727,768.4391080617496,240.0,103,9,0.7572815533980582
2.0,5,15.0,3,5.0,10.0,0.5,10494,88,0.037449971412235564,0.007432818753573471,0.955117209834191,112,1.2727272727272727,768.4391080617496,240.0,103,9,0.7572815533980582
2.0,5,15.0,3,5.0,10.0,0.6,10494,88,0.037449971412235564,0.0002858776443682104,0.9622641509433962,62,0.7045454545454546,425.3859348198971,815.0,55,7,1.0
2.0,5,15.0,3,5.0,10.0,0.7,10494,88,0.037449971412235564,0.0002858776443682104,0.9622641509433962,62,0.7045454545454546,425.3859348198971,815.0,55,7,1.0
2.0,5,15.0,3,5.0,10.0,0.8,10494,88,0.03516295025728988,0.0002858776443682104,0.964551172098342,62,0.7045454545454546,425.3859348198971,815.0,55,7,1.0
2.0,5,15.0,3,5.0,10.0,0.9,10494,88,0.03516295025728988,0.0002858776443682104,0.964551172098342,62,0.7045454545454546,425.3859348198971,815.0,55,7,1.0
2.0,5,15.0,3,5.0,10.0,1.0,10494,88,0.03516295025728988,0.0002858776443682104,0.964551172098342,62,0.7045454545454546,425.3859348198971,815.0,55,7,1.0
2.0,5,30.0,1,5.0,0.0,-4.0,10320,87,1.0,0.0,0.0,0,0.0,0.0,,0,0,
2.0,5,30.0,1,5.0,0.0,-3.9,10320,87,1.0,0.0,0.0,0,0.0,0.0,,0,0,
2.0,5,30.0,1,5.0,0.0,-3.8,10320,87,1.0,0.0,0.0,0,0.0,0.0,,0,0,
2.0,5,30.0,1,5.0,0.0,-3.7,10320,87,1.0,0.0,0.0,0,0.0,0.0,,0,0,
2.0,5,30.0,1,5.0,0.0,-3.6,10320,87,1.0,0.0,0.0,0,0.0,0.0,,0,0,
2.0,5,30.0,1,5.0,0.0,-3.5,10320,87,1.0,0.0,0.0,0,0.0,0.0,,0,0,
2.0,5,30.0,1,5.0,0.0,-3.4,10320,87,1.0,0.0,0.0,0,0.0,0.0,,0,0,
2.0,5,30.0,1,5.0,0.0,-3.3,10320,87,1.0,0.0,0.0,0,0.0,0.0,,0,0,
2.0,5,30.0,1,5.0,0.0,-3.2,10320,87,1.0,0.0,0.0,0,0.0,0.0,,0,0,
2.0,5,30.0,1,5.0,0.0,-3.1,10320,87,1.0,0.0,0.0,0,0.0,0.0,,0,0,
2.0,5,30.0,1,5.0,0.0,-3.0,10320,87,1.0,0.0,0.0,0,0.0,0.0,,0,0,
2.0,5,30.0,1,5.0,0.0,-2.9,10320,87,1.0,0.0,0.0,0,0.0,0.0,,0,0,
2.0,5,30.0,1,5.0,0.0,-2.8,10320,87,1.0,0.0,0.0,0,0.0,0.0,,0,0,
2.0,5,30.0,1,5.0,0.0,-2.7,10320,87,1.0,0.0,0.0,0,0.0,0.0,,0,0,
2.0,5,30.0,1,5.0,0.0,-2.6,10320,87,1.0,0.0,0.0,0,0.0,0.0,,0,0,
2.0,5,30.0,1,5.0,0.0,-2.5,10320,87,1.0,0.0,0.0,0,0.0,0.0,,0,0,
2.0,5,30.0,1,5.0,0.0,-2.4,10320,87,1.0,0.0,0.0,0,0.0,0.0,,0,0,
2.0,5,30.0,1,5.0,0.0,-2.3,10320,87,0.9736434108527132,0.02635658914728682,0.0,124,1.4252873563218391,865.1162790697674,25.0,121,3,0.49586776859504134
2.0,5,30.0,1,5.0,0.0,-2.2,10320,87,0.9640503875968992,0.035949612403100774,0.0,124,1.4252873563218391,865.1162790697674,30.0,121,3,0.49586776859504134
2.0,5,30.0,1,5.0,0.0,-2.1,10320,87,0.810562015503876,0.18943798449612403,0.0,124,1.4252873563218391,865.1162790697674,145.0,120,4,1.0
2.0,5,30.0,1,5.0,0.0,-2.0,10320,87,0.6187015503875969,0.3573643410852713,0.023934108527131782,372,4.275862068965517,2595.348837209302,20.0,365,7,0.4931506849315068
2.0,5,30.0,1,5.0,0.0,-1.9,10320,87,0.45319767441860465,0.4077519379844961,0.13905038759689922,372,4.275862068965517,2595.348837209302,30.0,300,72,0.3933333333333333
2.0,5,30.0,1,5.0,0.0,-1.8,10320,87,0.26618217054263565,0.5156007751937984,0.21821705426356588,496,5.7011494252873565,3460.4651162790697,130.0,418,78,0.7057416267942583
2.0,5,30.0,1,5.0,0.0,-1.7,10320,87,0.26133720930232557,0.36463178294573645,0.374031007751938,495,5.689655172413793,3453.4883720930234,125.0,416,79,0.7043269230769231
2.0,5,30.0,1,5.0,0.0,-1.6,10320,87,0.1821705426356589,0.41007751937984493,0.4077519379844961,422,4.850574712643678,2944.1860465116283,115.0,347,75,0.6829971181556196
2.0,5,30.0,1,5.0,0.0,-1.5,10320,87,0.1821705426356589,0.4052325581395349,0.4125968992248062,421,4.839080459770115,2937.209302325581,115.0,346,75,0.6820809248554913
2.0,5,30.0,1,5.0,0.0,-1.4,10320,87,0.17732558139534885,0.3958333333333333,0.4268410852713178,494,5.67816091954023,3446.5116279069766,60.0,419,75,0.5608591885441527
2.0,5,30.0,1,5.0,0.0,-1.3,10320,87,0.1677325581395349,0.18963178294573643,0.6426356589147287,618,7.103448275862069,4311.627906976744,20.0,540,78,0.42962962962962964
2.0,5,30.0,1,5.0,0.0,-1.2,10320,87,0.16298449612403101,0.16792635658914729,0.6690891472868217,494,5.67816091954023,3446.5116279069766,15.0,417,77,0.5563549160671463
2.0,5,30.0,1,5.0,0.0,-1.1,10320,87,0.15823643410852714,0.03837209302325582,0.8033914728682171,494,5.67816091954023,3446.5116279069766,10.0,420,74,0.4142857142857143
2.0,5,30.0,1,5.0,0.0,-1.0,10320,87,0.14874031007751937,0.03817829457364341,0.8130813953488372,494,5.67816091954023,3446.5116279069766,10.0,421,73,0.4156769596199525
2.0,5,30.0,1,5.0,0.0,-0.9,10320,87,0.1438953488372093,0.03827519379844961,0.8178294573643411,494,5.67816091954023,3446.5116279069766,10.0,421,73,0.4156769596199525
2.0,5,30.0,1,5.0,0.0,-0.8,10320,87,0.031104651162790698,0.14147286821705427,0.827422480620155,371,4.264367816091954,2588.3720930232557,10.0,297,74,0.5824915824915825
2.0,5,30.0,1,5.0,0.0,-0.7,10320,87,0.02625968992248062,0.13924418604651162,0.8344961240310077,371,4.264367816091954,2588.3720930232557,10.0,297,74,0.5824915824915825
2.0,5,30.0,1,5.0,0.0,-0.6,10320,87,0.02625968992248062,0.13197674418604652,0.8417635658914728,371,4.264367816091954,2588.3720930232557,10.0,297,74,0.3838383838383838
2.0,5,30.0,1,5.0,0.0,-0.5,10320,87,0.023934108527131782,0.12955426356589148,0.8465116279069768,371,4.264367816091954,2588.3720930232557,10.0,297,74,0.3838383838383838
2.0,5,30.0,1,5.0,0.0,-0.4,10320,87,0.019089147286821706,0.11753875968992249,0.8633720930232558,358,4.114942528735632,2497.6744186046512,70.0,284,74,0.4014084507042254
2.0,5,30.0,1,5.0,0.0,-0.3,10320,87,0.016666666666666666,0.1126937984496124,0.8706395348837209,333,3.8275862068965516,2323.2558139534885,75.0,259,74,0.44015444015444016
2.0,5,30.0,1,5.0,0.0,-0.2,10320,87,0.016666666666666666,0.11036821705426357,0.8729651162790698,333,3.8275862068965516,2323.2558139534885,75.0,259,74,0.44015444015444016
2.0,5,30.0,1,5.0,0.0,-0.1,10320,87,0.016666666666666666,0.10794573643410853,0.8753875968992249,333,3.8275862068965516,2323.2558139534885,75.0,259,74,0.44015444015444016
2.0,5,30.0,1,5.0,0.0,0.0,10320,87,0.011918604651162791,0.04796511627906977,0.9401162790697675,296,3.4022988505747125,2065.1162790697676,30.0,237,59,0.4810126582278481
2.0,5,30.0,1,5.0,0.0,0.1,10320,87,0.011918604651162791,0.01434108527131783,0.9737403100775194,173,1.9885057471264367,1206.9767441860465,10.0,119,54,0.4789915966386555
2.0,5,30.0,1,5.0,0.0,0.2,10320,87,0.011918604651162791,0.01434108527131783,0.9737403100775194,173,1.9885057471264367,1206.9767441860465,10.0,119,54,0.4789915966386555
2.0,5,30.0,1,5.0,0.0,0.3,10320,87,0.011918604651162791,0.01434108527131783,0.9737403100775194,173,1.9885057471264367,1206.9767441860465,10.0,119,54,0.4789915966386555
2.0,5,30.0,1,5.0,0.0,0.4,10320,87,0.009496124031007752,0.009689922480620155,0.9808139534883721,124,1.4252873563218391,865.1162790697674,12.5,119,5,0.4789915966386555
2.0,5,30.0,1,5.0,0.0,0.5,10320,87,0.009496124031007752,0.009689922480620155,0.9808139534883721,124,1.4252873563218391,865.1162790697674,12.5,119,5,0.4789915966386555
2.0,5,30.0,1,5.0,0.0,0.6,10320,87,0.009496124031007752,0.009689922480620155,0.9808139534883721,124,1.4252873563218391,865.1162790697674,12.5,119,5,0.4789915966386555
2.0,5,30.0,1,5.0,0.0,0.7,10320,87,0.009496124031007752,0.009689922480620155,0.9808139534883721,124,1.4252873563218391,865.1162790697674,12.5,119,5,0.4789915966386555
2.0,5,30.0,1,5.0,0.0,0.8,10320,87,0.007170542635658915,0.009593023255813954,0.9832364341085271,124,1.4252873563218391,865.1162790697674,12.5,119,5,0.4789915966386555
2.0,5,30.0,1,5.0,0.0,0.9,10320,87,0.007170542635658915,0.009593023255813954,0.9832364341085271,124,1.4252873563218391,865.1162790697674,12.5,119,5,0.4789915966386555
2.0,5,30.0,1,5.0,0.0,1.0,10320,87,0.007170542635658915,0.009593023255813954,0.9832364341085271,124,1.4252873563218391,865.1162790697674,12.5,119,5,0.4789915966386555
2.0,5,30.0,2,5.0,5.0,-4.0,10320,87,1.0,0.0,0.0,0,0.0,0.0,,0,0,
2.0,5,30.0,2,5.0,5.0,-3.9,10320,87,1.0,0.0,0.0,0,0.0,0.0,,0,0,
2.0,5,30.0,2,5.0,5.0,-3.8,10320,87,1.0,0.0,0.0,0,0.0,0.0,,0,0,
2.0,5,30.0,2,5.0,5.0,-3.7,10320,87,1.0,0.0,0.0,0,0.0,0.0,,0,0,
2.0,5,30.0,2,5.0,5.0,-3.6,10320,87,1.0,0.0,0.0,0,0.0,0.0,,0,0,
2.0,5,30.0,2,5.0,5.0,-3.5,10320,87,1.0,0.0,0.0,0,0.0,0.0,,0,0,
2.0,5,30.0,2,5.0,5.0,-3.4,10320,87,1.0,0.0,0.0,0,0.0,0.0,,0,0,
2.0,5,30.0,2,5.0,5.0,-3.3,10320,87,1.0,0.0,0.0,0,0.0,0.0,,0,0,
2.0,5,30.0,2,5.0,5.0,-3.2,10320,87,1.0,0.0,0.0,0,0.0,0.0,,0,0,
2.0,5,30.0,2,5.0,5.0,-3.1,10320,87,1.0,0.0,0.0,0,0.0,0.0,,0,0,
2.0,5,30.0,2,5.0,5.0,-3.0,10320,87,1.0,0.0,0.0,0,0.0,0.0,,0,0,
2.0,5,30.0,2,5.0,5.0,-2.9,10320,87,1.0,0.0,0.0,0,0.0,0.0,,0,0,
2.0,5,30.0,2,5.0,5.0,-2.8,10320,87,1.0,0.0,0.0,0,0.0,0.0,,0,0,
2.0,5,30.0,2,5.0,5.0,-2.7,10320,87,1.0,0.0,0.0,0,0.0,0.0,,0,0,
2.0,5,30.0,2,5.0,5.0,-2.6,10320,87,1.0,0.0,0.0,0,0.0,0.0,,0,0,
2.0,5,30.0,2,5.0,5.0,-2.5,10320,87,1.0,0.0,0.0,0,0.0,0.0,,0,0,
2.0,5,30.0,2,5.0,5.0,-2.4,10320,87,1.0,0.0,0.0,0,0.0,0.0,,0,0,
2.0,5,30.0,2,5.0,5.0,-2.3,10320,87,0.9736434108527132,0.02635658914728682,0.0,123,1.4137931034482758,858.139534883721,25.0,121,2,0.49586776859504134
2.0,5,30.0,2,5.0,5.0,-2.2,10320,87,0.9640503875968992,0.035949612403100774,0.0,124,1.4252873563218391,865.1162790697674,30.0,121,3,0.49586776859504134
2.0,5,30.0,2,5.0,5.0,-2.1,10320,87,0.810562015503876,0.18943798449612403,0.0,124,1.4252873563218391,865.1162790697674,140.0,119,5,1.0
2.0,5,30.0,2,5.0,5.0,-2.0,10320,87,0.6187015503875969,0.3549418604651163,0.02635658914728682,346,3.9770114942528734,2413.953488372093,130.0,315,31,0.49206349206349204
2.0,5,30.0,2,5.0,5.0,-1.9,10320,87,0.4556201550387597,0.40532945736434106,0.13905038759689922,347,3.9885057471264367,2420.9302325581393,85.0,275,72,0.4290909090909091
2.0,5,30.0,2,5.0,5.0,-1.8,10320,87,0.2686046511627907,0.5131782945736434,0.21821705426356588,471,5.413793103448276,3286.046511627907,130.0,392,79,0.6913265306122449
2.0,5,30.0,2,5.0,5.0,-1.7,10320,87,0.2636627906976744,0.3623062015503876,0.374031007751938,469,5.390804597701149,3272.093023255814,125.0,389,80,0.6915167095115681
2.0,5,30.0,2,5.0,5.0,-1.6,10320,87,0.1821705426356589,0.4125,0.40532945736434106,371,4.264367816091954,2588.3720930232557,120.0,296,75,0.7972972972972973
2.0,5,30.0,2,5.0,5.0,-1.5,10320,87,0.1821705426356589,0.40755813953488373,0.41027131782945736,370,4.252873563218391,2581.3953488372094,120.0,295,75,0.7966101694915254
2.0,5,30.0,2,5.0,5.0,-1.4,10320,87,0.17732558139534885,0.399515503875969,0.42315891472868217,382,4.390804597701149,2665.116279069767,115.0,306,76,0.7254901960784313
2.0,5,30.0,2,5.0,5.0,-1.3,10320,87,0.17238372093023255,0.1826550387596899,0.6449612403100775,541,6.218390804597701,3774.4186046511627,30.0,462,79,0.4025974025974026
2.0,5,30.0,2,5.0,5.0,-1.2,10320,87,0.1677325581395349,0.16094961240310077,0.6713178294573643,418,4.804597701149425,2916.279069767442,105.0,339,79,0.5427728613569321
2.0,5,30.0,2,5.0,5.0,-1.1,10320,87,0.1630813953488372,0.02868217054263566,0.8082364341085271,393,4.517241379310345,2741.860465116279,10.0,318,75,0.39622641509433965
2.0,5,30.0,2,5.0,5.0,-1.0,10320,87,0.15358527131782945,0.028488372093023257,0.8179263565891473,392,4.505747126436781,2734.8837209302324,10.0,317,75,0.39747634069400634
2.0,5,30.0,2,5.0,5.0,-0.9,10320,87,0.14874031007751937,0.02868217054263566,0.8225775193798449,393,4.517241379310345,2741.860465116279,10.0,318,75,0.39622641509433965
2.0,5,30.0,2,5.0,5.0,-0.8,10320,87,0.03352713178294574,0.1367248062015504,0.8297480620155039,319,3.6666666666666665,2225.581395348837,100.0,245,74,0.6122448979591837
2.0,5,30.0,2,5.0,5.0,-0.7,10320,87,0.02868217054263566,0.13459302325581396,0.8367248062015504,296,3.4022988505747125,2065.1162790697676,100.0,221,75,0.6787330316742082
2.0,5,30.0,2,5.0,5.0,-0.6,10320,87,0.02868217054263566,0.12713178294573643,0.8441860465116279,296,3.4022988505747125,2065.1162790697676,95.0,221,75,0.4117647058823529
2.0,5,30.0,2,5.0,5.0,-0.5,10320,87,0.02635658914728682,0.12461240310077519,0.849031007751938,271,3.1149425287356323,1890.6976744186047,95.0,209,62,0.4354066985645933
2.0,5,30.0,2,5.0,5.0,-0.4,10320,87,0.022771317829457363,0.11133720930232559,0.8658914728682171,259,2.9770114942528734,1806.9767441860463,85.0,210,49,0.43333333333333335
2.0,5,30.0,2,5.0,5.0,-0.3,10320,87,0.022771317829457363,0.10416666666666667,0.873062015503876,259,2.9770114942528734,1806.9767441860463,80.0,210,49,0.43333333333333335
2.0,5,30.0,2,5.0,5.0,-0.2,10320,87,0.022771317829457363,0.10184108527131783,0.8753875968992249,259,2.9770114942528734,1806.9767441860463,80.0,210,49,0.43333333333333335
2.0,5,30.0,2,5.0,5.0,-0.1,10320,87,0.022771317829457363,0.09941860465116278,0.8778100775193799,259,2.9770114942528734,1806.9767441860463,75.0,210,49,0.43333333333333335
2.0,5,30.0,2,5.0,5.0,0.0,10320,87,0.020348837209302327,0.04089147286821705,0.9387596899224806,221,2.5402298850574714,1541.860465116279,200.0,210,11,0.5380952380952381
2.0,5,30.0,2,5.0,5.0,0.1,10320,87,0.020348837209302327,0.007170542635658915,0.9724806201550388,99,1.1379310344827587,690.6976744186047,390.0,93,6,0.6021505376344086
2.0,5,30.0,2,5.0,5.0,0.2,10320,87,0.020348837209302327,0.007170542635658915,0.9724806201550388,99,1.1379310344827587,690.6976744186047,390.0,93,6,0.6021505376344086
2.0,5,30.0,2,5.0,5.0,0.3,10320,87,0.020348837209302327,0.007170542635658915,0.9724806201550388,99,1.1379310344827587,690.6976744186047,390.0,93,6,0.6021505376344086
2.0,5,30.0,2,5.0,5.0,0.4,10320,87,0.017829457364341085,0.007364341085271318,0.9748062015503876,100,1.1494252873563218,697.6744186046511,377.5,95,5,0.6
2.0,5,30.0,2,5.0,5.0,0.5,10320,87,0.017829457364341085,0.007364341085271318,0.9748062015503876,100,1.1494252873563218,697.6744186046511,377.5,95,5,0.6
2.0,5,30.0,2,5.0,5.0,0.6,10320,87,0.017829457364341085,0.007364341085271318,0.9748062015503876,100,1.1494252873563218,697.6744186046511,377.5,95,5,0.6
2.0,5,30.0,2,5.0,5.0,0.7,10320,87,0.017829457364341085,0.007364341085271318,0.9748062015503876,100,1.1494252873563218,697.6744186046511,377.5,95,5,0.6
2.0,5,30.0,2,5.0,5.0,0.8,10320,87,0.01560077519379845,0.007170542635658915,0.9772286821705426,99,1.1379310344827587,690.6976744186047,395.0,93,6,0.6021505376344086
2.0,5,30.0,2,5.0,5.0,0.9,10320,87,0.01560077519379845,0.007170542635658915,0.9772286821705426,99,1.1379310344827587,690.6976744186047,395.0,93,6,0.6021505376344086
2.0,5,30.0,2,5.0,5.0,1.0,10320,87,0.01560077519379845,0.007170542635658915,0.9772286821705426,99,1.1379310344827587,690.6976744186047,395.0,93,6,0.6021505376344086
2.0,5,30.0,3,5.0,10.0,-4.0,10320,87,1.0,0.0,0.0,0,0.0,0.0,,0,0,
2.0,5,30.0,3,5.0,10.0,-3.9,10320,87,1.0,0.0,0.0,0,0.0,0.0,,0,0,
2.0,5,30.0,3,5.0,10.0,-3.8,10320,87,1.0,0.0,0.0,0,0.0,0.0,,0,0,
2.0,5,30.0,3,5.0,10.0,-3.7,10320,87,1.0,0.0,0.0,0,0.0,0.0,,0,0,
2.0,5,30.0,3,5.0,10.0,-3.6,10320,87,1.0,0.0,0.0,0,0.0,0.0,,0,0,
2.0,5,30.0,3,5.0,10.0,-3.5,10320,87,1.0,0.0,0.0,0,0.0,0.0,,0,0,
2.0,5,30.0,3,5.0,10.0,-3.4,10320,87,1.0,0.0,0.0,0,0.0,0.0,,0,0,
2.0,5,30.0,3,5.0,10.0,-3.3,10320,87,1.0,0.0,0.0,0,0.0,0.0,,0,0,
2.0,5,30.0,3,5.0,10.0,-3.2,10320,87,1.0,0.0,0.0,0,0.0,0.0,,0,0,
2.0,5,30.0,3,5.0,10.0,-3.1,10320,87,1.0,0.0,0.0,0,0.0,0.0,,0,0,
2.0,5,30.0,3,5.0,10.0,-3.0,10320,87,1.0,0.0,0.0,0,0.0,0.0,,0,0,
2.0,5,30.0,3,5.0,10.0,-2.9,10320,87,1.0,0.0,0.0,0,0.0,0.0,,0,0,
2.0,5,30.0,3,5.0,10.0,-2.8,10320,87,1.0,0.0,0.0,0,0.0,0.0,,0,0,
2.0,5,30.0,3,5.0,10.0,-2.7,10320,87,1.0,0.0,0.0,0,0.0,0.0,,0,0,
2.0,5,30.0,3,5.0,10.0,-2.6,10320,87,1.0,0.0,0.0,0,0.0,0.0,,0,0,
2.0,5,30.0,3,5.0,10.0,-2.5,10320,87,1.0,0.0,0.0,0,0.0,0.0,,0,0,
2.0,5,30.0,3,5.0,10.0,-2.4,10320,87,1.0,0.0,0.0,0,0.0,0.0,,0,0,
2.0,5,30.0,3,5.0,10.0,-2.3,10320,87,0.973546511627907,0.026453488372093024,0.0,123,1.4137931034482758,858.139534883721,25.0,121,2,0.49586776859504134
2.0,5,30.0,3,5.0,10.0,-2.2,10320,87,0.9640503875968992,0.035949612403100774,0.0,123,1.4137931034482758,858.139534883721,30.0,121,2,0.49586776859504134
2.0,5,30.0,3,5.0,10.0,-2.1,10320,87,0.810562015503876,0.18943798449612403,0.0,122,1.4022988505747127,851.1627906976744,135.0,119,3,1.0
2.0,5,30.0,3,5.0,10.0,-2.0,10320,87,0.6066860465116279,0.35968992248062015,0.03362403100775194,184,2.1149425287356323,1283.7209302325582,130.0,120,64,0.5
2.0,5,30.0,3,5.0,10.0,-1.9,10320,87,0.4627906976744186,0.39815891472868215,0.13905038759689922,309,3.5517241379310347,2155.813953488372,85.0,238,71,0.4957983193277311
2.0,5,30.0,3,5.0,10.0,-1.8,10320,87,0.2757751937984496,0.5060077519379845,0.21821705426356588,432,4.9655172413793105,3013.953488372093,140.0,355,77,0.6676056338028169
2.0,5,30.0,3,5.0,10.0,-1.7,10320,87,0.27054263565891473,0.3553294573643411,0.3741279069767442,431,4.954022988505747,3006.9767441860463,155.0,352,79,0.6676136363636364
2.0,5,30.0,3,5.0,10.0,-1.6,10320,87,0.1821705426356589,0.4125968992248062,0.4052325581395349,371,4.264367816091954,2588.3720930232557,120.0,294,77,0.7959183673469388
2.0,5,30.0,3,5.0,10.0,-1.5,10320,87,0.1821705426356589,0.40755813953488373,0.41027131782945736,370,4.252873563218391,2581.3953488372094,120.0,293,77,0.7952218430034129
2.0,5,30.0,3,5.0,10.0,-1.4,10320,87,0.17732558139534885,0.40300387596899223,0.4196705426356589,356,4.091954022988506,2483.720930232558,115.0,294,62,0.7959183673469388
2.0,5,30.0,3,5.0,10.0,-1.3,10320,87,0.1866279069767442,0.16124031007751938,0.6521317829457365,417,4.793103448275862,2909.302325581395,115.0,351,66,0.32763532763532766
2.0,5,30.0,3,5.0,10.0,-1.2,10320,87,0.1817829457364341,0.13963178294573644,0.6785852713178294,294,3.3793103448275863,2051.162790697674,115.0,227,67,0.4977973568281938
2.0,5,30.0,3,5.0,10.0,-1.1,10320,87,0.17713178294573642,0.0003875968992248062,0.8224806201550388,233,2.67816091954023,1625.5813953488373,110.0,169,64,0.3254437869822485
2.0,5,30.0,3,5.0,10.0,-1.0,10320,87,0.16763565891472867,0.00029069767441860465,0.8320736434108527,233,2.67816091954023,1625.5813953488373,110.0,169,64,0.3254437869822485
2.0,5,30.0,3,5.0,10.0,-0.9,10320,87,0.16279069767441862,0.00029069767441860465,0.8369186046511627,208,2.3908045977011496,1451.1627906976744,170.0,169,39,0.3254437869822485
2.0,5,30.0,3,5.0,10.0,-0.8,10320,87,0.040697674418604654,0.12248062015503876,0.8368217054263566,184,2.1149425287356323,1283.7209302325582,165.0,171,13,0.672514619883041
2.0,5,30.0,3,5.0,10.0,-0.7,10320,87,0.03837209302325582,0.12015503875968993,0.8414728682170542,184,2.1149425287356323,1283.7209302325582,170.0,171,13,0.672514619883041
2.0,5,30.0,3,5.0,10.0,-0.6,10320,87,0.03837209302325582,0.1125,0.8491279069767442,184,2.1149425287356323,1283.7209302325582,175.0,171,13,0.32748538011695905
2.0,5,30.0,3,5.0,10.0,-0.5,10320,87,0.03837209302325582,0.11017441860465116,0.851453488372093,184,2.1149425287356323,1283.7209302325582,175.0,171,13,0.32748538011695905
2.0,5,30.0,3,5.0,10.0,-0.4,10320,87,0.035949612403100774,0.09815891472868217,0.8658914728682171,184,2.1149425287356323,1283.7209302325582,185.0,172,12,0.3313953488372093
2.0,5,30.0,3,5.0,10.0,-0.3,10320,87,0.035949612403100774,0.0933139534883721,0.8707364341085271,184,2.1149425287356323,1283.7209302325582,185.0,172,12,0.3313953488372093
2.0,5,30.0,3,5.0,10.0,-0.2,10320,87,0.035949612403100774,0.09098837209302325,0.873062015503876,184,2.1149425287356323,1283.7209302325582,190.0,172,12,0.3313953488372093
2.0,5,30.0,3,5.0,10.0,-0.1,10320,87,0.035949612403100774,0.08856589147286821,0.875484496124031,183,2.103448275862069,1276.7441860465117,190.0,171,12,0.3333333333333333
2.0,5,30.0,3,5.0,10.0,0.0,10320,87,0.03352713178294574,0.03372093023255814,0.9327519379844961,184,2.1149425287356323,1283.7209302325582,235.0,172,12,0.6511627906976745
2.0,5,30.0,3,5.0,10.0,0.1,10320,87,0.03352713178294574,0.0,0.9664728682170542,62,0.7126436781609196,432.5581395348837,805.0,55,7,1.0
2.0,5,30.0,3,5.0,10.0,0.2,10320,87,0.03352713178294574,0.0,0.9664728682170542,62,0.7126436781609196,432.5581395348837,805.0,55,7,1.0
2.0,5,30.0,3,5.0,10.0,0.3,10320,87,0.03352713178294574,0.0,0.9664728682170542,62,0.7126436781609196,432.5581395348837,805.0,55,7,1.0
2.0,5,30.0,3,5.0,10.0,0.4,10320,87,0.0312015503875969,0.0,0.9687984496124031,62,0.7126436781609196,432.5581395348837,805.0,55,7,1.0
2.0,5,30.0,3,5.0,10.0,0.5,10320,87,0.0312015503875969,0.0,0.9687984496124031,62,0.7126436781609196,432.5581395348837,805.0,55,7,1.0
2.0,5,30.0,3,5.0,10.0,0.6,10320,87,0.0312015503875969,0.0,0.9687984496124031,62,0.7126436781609196,432.5581395348837,805.0,55,7,1.0
2.0,5,30.0,3,5.0,10.0,0.7,10320,87,0.0312015503875969,0.0,0.9687984496124031,62,0.7126436781609196,432.5581395348837,805.0,55,7,1.0
2.0,5,30.0,3,5.0,10.0,0.8,10320,87,0.02877906976744186,0.0,0.9712209302325582,62,0.7126436781609196,432.5581395348837,810.0,55,7,1.0
2.0,5,30.0,3,5.0,10.0,0.9,10320,87,0.02877906976744186,0.0,0.9712209302325582,62,0.7126436781609196,432.5581395348837,810.0,55,7,1.0
2.0,5,30.0,3,5.0,10.0,1.0,10320,87,0.02877906976744186,0.0,0.9712209302325582,62,0.7126436781609196,432.5581395348837,810.0,55,7,1.0
2.0,5,60.0,1,5.0,0.0,-4.0,9949,86,1.0,0.0,0.0,0,0.0,0.0,,0,0,
2.0,5,60.0,1,5.0,0.0,-3.9,9949,86,1.0,0.0,0.0,0,0.0,0.0,,0,0,
2.0,5,60.0,1,5.0,0.0,-3.8,9949,86,1.0,0.0,0.0,0,0.0,0.0,,0,0,
2.0,5,60.0,1,5.0,0.0,-3.7,9949,86,1.0,0.0,0.0,0,0.0,0.0,,0,0,
2.0,5,60.0,1,5.0,0.0,-3.6,9949,86,1.0,0.0,0.0,0,0.0,0.0,,0,0,
2.0,5,60.0,1,5.0,0.0,-3.5,9949,86,1.0,0.0,0.0,0,0.0,0.0,,0,0,
2.0,5,60.0,1,5.0,0.0,-3.4,9949,86,1.0,0.0,0.0,0,0.0,0.0,,0,0,
2.0,5,60.0,1,5.0,0.0,-3.3,9949,86,1.0,0.0,0.0,0,0.0,0.0,,0,0,
2.0,5,60.0,1,5.0,0.0,-3.2,9949,86,1.0,0.0,0.0,0,0.0,0.0,,0,0,
2.0,5,60.0,1,5.0,0.0,-3.1,9949,86,1.0,0.0,0.0,0,0.0,0.0,,0,0,
2.0,5,60.0,1,5.0,0.0,-3.0,9949,86,1.0,0.0,0.0,0,0.0,0.0,,0,0,
2.0,5,60.0,1,5.0,0.0,-2.9,9949,86,1.0,0.0,0.0,0,0.0,0.0,,0,0,
2.0,5,60.0,1,5.0,0.0,-2.8,9949,86,1.0,0.0,0.0,0,0.0,0.0,,0,0,
2.0,5,60.0,1,5.0,0.0,-2.7,9949,86,1.0,0.0,0.0,0,0.0,0.0,,0,0,
2.0,5,60.0,1,5.0,0.0,-2.6,9949,86,1.0,0.0,0.0,0,0.0,0.0,,0,0,
2.0,5,60.0,1,5.0,0.0,-2.5,9949,86,1.0,0.0,0.0,0,0.0,0.0,,0,0,
2.0,5,60.0,1,5.0,0.0,-2.4,9949,86,1.0,0.0,0.0,0,0.0,0.0,,0,0,
2.0,5,60.0,1,5.0,0.0,-2.3,9949,86,0.9751733842597246,0.024826615740275403,0.0,124,1.441860465116279,897.3766207659062,20.0,121,3,0.49586776859504134
2.0,5,60.0,1,5.0,0.0,-2.2,9949,86,0.8382752035380441,0.16172479646195598,0.0,546,6.348837209302325,3951.3518946627805,25.0,539,7,0.11131725417439703
2.0,5,60.0,1,5.0,0.0,-2.1,9949,86,0.6567494220524676,0.34325057794753244,0.0,744,8.651162790697674,5384.259724595437,20.0,735,9,0.16326530612244897
2.0,5,60.0,1,5.0,0.0,-2.0,9949,86,0.5597547492210272,0.3954166247864107,0.044828625992562064,370,4.3023255813953485,2677.656045833752,20.0,362,8,0.3259668508287293
2.0,5,60.0,1,5.0,0.0,-1.9,9949,86,0.3133983314906021,0.49753744094883906,0.18906422756055885,1115,12.965116279069768,8069.152678661171,25.0,1035,80,0.17198067632850242
2.0,5,60.0,1,5.0,0.0,-1.8,9949,86,0.27108252085636747,0.4702985224645693,0.2586189566790632,743,8.63953488372093,5377.022816363454,20.0,663,80,0.40874811463046756
2.0,5,60.0,1,5.0,0.0,-1.7,9949,86,0.2611317720373907,0.3059603980299528,0.43290782993265653,372,4.325581395348837,2692.1298622977183,105.0,298,74,0.7919463087248322
2.0,5,60.0,1,5.0,0.0,-1.6,9949,86,0.1441350889536637,0.4105940295507086,0.4452708814956277,372,4.325581395348837,2692.1298622977183,95.0,296,76,0.7972972972972973
2.0,5,60.0,1,5.0,0.0,-1.5,9949,86,0.1441350889536637,0.39571816262941,0.4601467484169263,371,4.313953488372093,2684.892954065735,95.0,296,75,0.7972972972972973
2.0,5,60.0,1,5.0,0.0,-1.4,9949,86,0.11187053975273897,0.2690722685697055,0.6190571916775556,991,11.523255813953488,7171.776057895265,15.0,914,77,0.12800875273522977
2.0,5,60.0,1,5.0,0.0,-1.3,9949,86,0.09950748818976782,0.18655141220223137,0.7139410996080008,620,7.209302325581396,4486.88310382953,25.0,544,76,0.21691176470588236
2.0,5,60.0,1,5.0,0.0,-1.2,9949,86,0.09699467283144035,0.17157503266659965,0.73143029450196,620,7.209302325581396,4486.88310382953,25.0,544,76,0.21691176470588236
2.0,5,60.0,1,5.0,0.0,-1.1,9949,86,0.0920695547291185,0.07950547793748115,0.8284249673334003,372,4.325581395348837,2692.1298622977183,20.0,298,74,0.5838926174496645
2.0,5,60.0,1,5.0,0.0,-1.0,9949,86,0.019901497637953562,0.13428485274902,0.8458136496130264,494,5.744186046511628,3575.032666599658,20.0,420,74,0.27380952380952384
2.0,5,60.0,1,5.0,0.0,-0.9,9949,86,0.019901497637953562,0.12182128857171574,0.8582772137903307,494,5.744186046511628,3575.032666599658,17.5,420,74,0.27380952380952384
2.0,5,60.0,1,5.0,0.0,-0.8,9949,86,0.0,0.12172077595738265,0.8782792240426174,248,2.883720930232558,1794.7532415318124,80.0,175,73,0.6628571428571428
2.0,5,60.0,1,5.0,0.0,-0.7,9949,86,0.0,0.11187053975273897,0.888129460247261,247,2.872093023255814,1787.516333299829,80.0,174,73,0.6609195402298851
2.0,5,60.0,1,5.0,0.0,-0.6,9949,86,0.0,0.09940697557543472,0.9005930244245652,184,2.13953488372093,1331.591114684893,185.0,174,10,0.6609195402298851
2.0,5,60.0,1,5.0,0.0,-0.5,9949,86,0.0,0.09940697557543472,0.9005930244245652,184,2.13953488372093,1331.591114684893,185.0,174,10,0.6609195402298851
2.0,5,60.0,1,5.0,0.0,-0.4,9949,86,0.0,0.07458035983515932,0.9254196401648407,172,2.0,1244.7482159010956,200.0,163,9,0.6319018404907976
2.0,5,60.0,1,5.0,0.0,-0.3,9949,86,0.0,0.06714242637451,0.93285757362549,172,2.0,1244.7482159010956,205.0,163,9,0.6319018404907976
2.0,5,60.0,1,5.0,0.0,-0.2,9949,86,0.0,0.06462961101618253,0.9353703889838175,172,2.0,1244.7482159010956,205.0,163,9,0.6319018404907976
2.0,5,60.0,1,5.0,0.0,-0.1,9949,86,0.0,0.06221730827218816,0.9377826917278118,172,2.0,1244.7482159010956,205.0,163,9,0.6319018404907976
2.0,5,60.0,1,5.0,0.0,0.0,9949,86,0.0,0.00251281535832747,0.9974871846416725,25,0.29069767441860467,180.92270579957784,800.0,23,2,1.0
2.0,5,60.0,1,5.0,0.0,0.1,9949,86,0.0,0.00251281535832747,0.9974871846416725,25,0.29069767441860467,180.92270579957784,800.0,23,2,1.0
2.0,5,60.0,1,5.0,0.0,0.2,9949,86,0.0,0.00251281535832747,0.9974871846416725,25,0.29069767441860467,180.92270579957784,800.0,23,2,1.0
2.0,5,60.0,1,5.0,0.0,0.3,9949,86,0.0,0.00251281535832747,0.9974871846416725,25,0.29069767441860467,180.92270579957784,800.0,23,2,1.0
2.0,5,60.0,1,5.0,0.0,0.4,9949,86,0.0,0.0,1.0,0,0.0,0.0,,0,0,
2.0,5,60.0,1,5.0,0.0,0.5,9949,86,0.0,0.0,1.0,0,0.0,0.0,,0,0,
2.0,5,60.0,1,5.0,0.0,0.6,9949,86,0.0,0.0,1.0,0,0.0,0.0,,0,0,
2.0,5,60.0,1,5.0,0.0,0.7,9949,86,0.0,0.0,1.0,0,0.0,0.0,,0,0,
2.0,5,60.0,1,5.0,0.0,0.8,9949,86,0.0,0.0,1.0,0,0.0,0.0,,0,0,
2.0,5,60.0,1,5.0,0.0,0.9,9949,86,0.0,0.0,1.0,0,0.0,0.0,,0,0,
2.0,5,60.0,1,5.0,0.0,1.0,9949,86,0.0,0.0,1.0,0,0.0,0.0,,0,0,
2.0,5,60.0,2,5.0,5.0,-4.0,9949,86,1.0,0.0,0.0,0,0.0,0.0,,0,0,
2.0,5,60.0,2,5.0,5.0,-3.9,9949,86,1.0,0.0,0.0,0,0.0,0.0,,0,0,
2.0,5,60.0,2,5.0,5.0,-3.8,9949,86,1.0,0.0,0.0,0,0.0,0.0,,0,0,
2.0,5,60.0,2,5.0,5.0,-3.7,9949,86,1.0,0.0,0.0,0,0.0,0.0,,0,0,
2.0,5,60.0,2,5.0,5.0,-3.6,9949,86,1.0,0.0,0.0,0,0.0,0.0,,0,0,
2.0,5,60.0,2,5.0,5.0,-3.5,9949,86,1.0,0.0,0.0,0,0.0,0.0,,0,0,
2.0,5,60.0,2,5.0,5.0,-3.4,9949,86,1.0,0.0,0.0,0,0.0,0.0,,0,0,
2.0,5,60.0,2,5.0,5.0,-3.3,9949,86,1.0,0.0,0.0,0,0.0,0.0,,0,0,
2.0,5,60.0,2,5.0,5.0,-3.2,9949,86,1.0,0.0,0.0,0,0.0,0.0,,0,0,
2.0,5,60.0,2,5.0,5.0,-3.1,9949,86,1.0,0.0,0.0,0,0.0,0.0,,0,0,
2.0,5,60.0,2,5.0,5.0,-3.0,9949,86,1.0,0.0,0.0,0,0.0,0.0,,0,0,
2.0,5,60.0,2,5.0,5.0,-2.9,9949,86,1.0,0.0,0.0,0,0.0,0.0,,0,0,
2.0,5,60.0,2,5.0,5.0,-2.8,9949,86,1.0,0.0,0.0,0,0.0,0.0,,0,0,
2.0,5,60.0,2,5.0,5.0,-2.7,9949,86,1.0,0.0,0.0,0,0.0,0.0,,0,0,
2.0,5,60.0,2,5.0,5.0,-2.6,9949,86,1.0,0.0,0.0,0,0.0,0.0,,0,0,
2.0,5,60.0,2,5.0,5.0,-2.5,9949,86,1.0,0.0,0.0,0,0.0,0.0,,0,0,
2.0,5,60.0,2,5.0,5.0,-2.4,9949,86,1.0,0.0,0.0,0,0.0,0.0,,0,0,
2.0,5,60.0,2,5.0,5.0,-2.3,9949,86,0.9751733842597246,0.024826615740275403,0.0,123,1.430232558139535,890.139712533923,20.0,121,2,0.49586776859504134
2.0,5,60.0,2,5.0,5.0,-2.2,9949,86,0.8282239421047342,0.17177605789526584,0.0,346,4.023255813953488,2503.9702482661573,25.0,339,7,0.2448377581120944
2.0,5,60.0,2,5.0,5.0,-2.1,9949,86,0.6492109759774852,0.35078902402251483,0.0,594,6.906976744186046,4298.72348979797,20.0,584,10,0.20376712328767124
2.0,5,60.0,2,5.0,5.0,-2.0,9949,86,0.5597547492210272,0.39561765001507687,0.04462760076389587,370,4.3023255813953485,2677.656045833752,20.0,362,8,0.3259668508287293
2.0,5,60.0,2,5.0,5.0,-1.9,9949,86,0.30585988541561965,0.5026635842798272,0.19147653030455322,914,10.627906976744185,6614.534124032566,25.0,833,81,0.21248499399759904
2.0,5,60.0,2,5.0,5.0,-1.8,9949,86,0.27108252085636747,0.4678862197205749,0.2610312594230576,692,8.046511627906977,5007.940496532315,25.0,612,80,0.44281045751633985
2.0,5,60.0,2,5.0,5.0,-1.7,9949,86,0.2611317720373907,0.3059603980299528,0.43290782993265653,372,4.325581395348837,2692.1298622977183,105.0,298,74,0.7919463087248322
2.0,5,60.0,2,5.0,5.0,-1.6,9949,86,0.1441350889536637,0.4105940295507086,0.4452708814956277,372,4.325581395348837,2692.1298622977183,95.0,296,76,0.7972972972972973
2.0,5,60.0,2,5.0,5.0,-1.5,9949,86,0.1441350889536637,0.39561765001507687,0.4602472610312594,371,4.313953488372093,2684.892954065735,95.0,296,75,0.7972972972972973
2.0,5,60.0,2,5.0,5.0,-1.4,9949,86,0.11187053975273897,0.2689717559553724,0.6191577042918887,985,11.453488372093023,7128.354608503367,15.0,909,76,0.12871287128712872
2.0,5,60.0,2,5.0,5.0,-1.3,9949,86,0.09950748818976782,0.18655141220223137,0.7139410996080008,618,7.186046511627907,4472.4092873655645,20.0,541,77,0.21626617375231053
2.0,5,60.0,2,5.0,5.0,-1.2,9949,86,0.09699467283144035,0.17157503266659965,0.73143029450196,616,7.162790697674419,4457.935470901598,20.0,539,77,0.21706864564007422
2.0,5,60.0,2,5.0,5.0,-1.1,9949,86,0.0920695547291185,0.07950547793748115,0.8284249673334003,371,4.313953488372093,2684.892954065735,20.0,297,74,0.5858585858585859
2.0,5,60.0,2,5.0,5.0,-1.0,9949,86,0.015277917378631017,0.13890843300834255,0.8458136496130264,398,4.627906976744186,2880.289476329279,35.0,323,75,0.35294117647058826
2.0,5,60.0,2,5.0,5.0,-0.9,9949,86,0.015277917378631017,0.12644486883103828,0.8582772137903307,398,4.627906976744186,2880.289476329279,35.0,323,75,0.35294117647058826
2.0,5,60.0,2,5.0,5.0,-0.8,9949,86,0.0,0.12172077595738265,0.8782792240426174,246,2.86046511627907,1780.279425067846,80.0,174,72,0.6609195402298851
2.0,5,60.0,2,5.0,5.0,-0.7,9949,86,0.0,0.11177002713840586,0.8882299728615941,196,2.2790697674418605,1418.4340134686904,185.0,173,23,0.6589595375722543
2.0,5,60.0,2,5.0,5.0,-0.6,9949,86,0.0,0.10563875766408684,0.8943612423359132,184,2.13953488372093,1331.591114684893,185.0,173,11,0.6589595375722543
2.0,5,60.0,2,5.0,5.0,-0.5,9949,86,0.0,0.10563875766408684,0.8943612423359132,184,2.13953488372093,1331.591114684893,185.0,173,11,0.6589595375722543
2.0,5,60.0,2,5.0,5.0,-0.4,9949,86,0.0,0.07940496532314806,0.920595034676852,172,2.0,1244.7482159010956,200.0,163,9,0.6319018404907976
2.0,5,60.0,2,5.0,5.0,-0.3,9949,86,0.0,0.07196703186249874,0.9280329681375012,172,2.0,1244.7482159010956,205.0,163,9,0.6319018404907976
2.0,5,60.0,2,5.0,5.0,-0.2,9949,86,0.0,0.06945421650417127,0.9305457834958287,172,2.0,1244.7482159010956,205.0,163,9,0.6319018404907976
2.0,5,60.0,2,5.0,5.0,-0.1,9949,86,0.0,0.0670419137601769,0.9329580862398231,172,2.0,1244.7482159010956,205.0,163,9,0.6319018404907976
2.0,5,60.0,2,5.0,5.0,0.0,9949,86,0.0,0.00502563071665494,0.994974369283345,25,0.29069767441860467,180.92270579957784,795.0,23,2,1.0
2.0,5,60.0,2,5.0,5.0,0.1,9949,86,0.0,0.00502563071665494,0.994974369283345,25,0.29069767441860467,180.92270579957784,795.0,23,2,1.0
2.0,5,60.0,2,5.0,5.0,0.2,9949,86,0.0,0.00502563071665494,0.994974369283345,25,0.29069767441860467,180.92270579957784,795.0,23,2,1.0
2.0,5,60.0,2,5.0,5.0,0.3,9949,86,0.0,0.00502563071665494,0.994974369283345,25,0.29069767441860467,180.92270579957784,795.0,23,2,1.0
2.0,5,60.0,2,5.0,5.0,0.4,9949,86,0.0,0.0,1.0,0,0.0,0.0,,0,0,
2.0,5,60.0,2,5.0,5.0,0.5,9949,86,0.0,0.0,1.0,0,0.0,0.0,,0,0,
2.0,5,60.0,2,5.0,5.0,0.6,9949,86,0.0,0.0,1.0,0,0.0,0.0,,0,0,
2.0,5,60.0,2,5.0,5.0,0.7,9949,86,0.0,0.0,1.0,0,0.0,0.0,,0,0,
2.0,5,60.0,2,5.0,5.0,0.8,9949,86,0.0,0.0,1.0,0,0.0,0.0,,0,0,
2.0,5,60.0,2,5.0,5.0,0.9,9949,86,0.0,0.0,1.0,0,0.0,0.0,,0,0,
2.0,5,60.0,2,5.0,5.0,1.0,9949,86,0.0,0.0,1.0,0,0.0,0.0,,0,0,
2.0,5,60.0,3,5.0,10.0,-4.0,9949,86,1.0,0.0,0.0,0,0.0,0.0,,0,0,
2.0,5,60.0,3,5.0,10.0,-3.9,9949,86,1.0,0.0,0.0,0,0.0,0.0,,0,0,
2.0,5,60.0,3,5.0,10.0,-3.8,9949,86,1.0,0.0,0.0,0,0.0,0.0,,0,0,
2.0,5,60.0,3,5.0,10.0,-3.7,9949,86,1.0,0.0,0.0,0,0.0,0.0,,0,0,
2.0,5,60.0,3,5.0,10.0,-3.6,9949,86,1.0,0.0,0.0,0,0.0,0.0,,0,0,
2.0,5,60.0,3,5.0,10.0,-3.5,9949,86,1.0,0.0,0.0,0,0.0,0.0,,0,0,
2.0,5,60.0,3,5.0,10.0,-3.4,9949,86,1.0,0.0,0.0,0,0.0,0.0,,0,0,
2.0,5,60.0,3,5.0,10.0,-3.3,9949,86,1.0,0.0,0.0,0,0.0,0.0,,0,0,
2.0,5,60.0,3,5.0,10.0,-3.2,9949,86,1.0,0.0,0.0,0,0.0,0.0,,0,0,
2.0,5,60.0,3,5.0,10.0,-3.1,9949,86,1.0,0.0,0.0,0,0.0,0.0,,0,0,
2.0,5,60.0,3,5.0,10.0,-3.0,9949,86,1.0,0.0,0.0,0,0.0,0.0,,0,0,
2.0,5,60.0,3,5.0,10.0,-2.9,9949,86,1.0,0.0,0.0,0,0.0,0.0,,0,0,
2.0,5,60.0,3,5.0,10.0,-2.8,9949,86,1.0,0.0,0.0,0,0.0,0.0,,0,0,
2.0,5,60.0,3,5.0,10.0,-2.7,9949,86,1.0,0.0,0.0,0,0.0,0.0,,0,0,
2.0,5,60.0,3,5.0,10.0,-2.6,9949,86,1.0,0.0,0.0,0,0.0,0.0,,0,0,
2.0,5,60.0,3,5.0,10.0,-2.5,9949,86,1.0,0.0,0.0,0,0.0,0.0,,0,0,
2.0,5,60.0,3,5.0,10.0,-2.4,9949,86,1.0,0.0,0.0,0,0.0,0.0,,0,0,
2.0,5,60.0,3,5.0,10.0,-2.3,9949,86,0.9750728716453915,0.024927128354608502,0.0,123,1.430232558139535,890.139712533923,20.0,121,2,0.49586776859504134
2.0,5,60.0,3,5.0,10.0,-2.2,9949,86,0.8059101417227862,0.19408985827721378,0.0,123,1.430232558139535,890.139712533923,105.0,119,4,1.0
2.0,5,60.0,3,5.0,10.0,-2.1,9949,86,0.6118202834455724,0.38817971655442757,0.0,221,2.5697674418604652,1599.356719268268,105.0,214,7,0.7757009345794392
2.0,5,60.0,3,5.0,10.0,-2.0,9949,86,0.5597547492210272,0.39320534727108253,0.04703990350789024,344,4.0,2489.496431802191,35.0,336,8,0.35119047619047616
2.0,5,60.0,3,5.0,10.0,-1.9,9949,86,0.28354608503367174,0.5150266358427983,0.20142727912353,578,6.72093023255814,4182.93295808624,90.0,512,66,0.4609375
2.0,5,60.0,3,5.0,10.0,-1.8,9949,86,0.27349482360036187,0.4531108654136094,0.27339431098602873,494,5.744186046511628,3575.032666599658,105.0,428,66,0.6051401869158879
2.0,5,60.0,3,5.0,10.0,-1.7,9949,86,0.26374510001005125,0.30334707005729217,0.43290782993265653,320,3.7209302325581395,2315.8106342345964,125.0,282,38,0.8297872340425532
2.0,5,60.0,3,5.0,10.0,-1.6,9949,86,0.1441350889536637,0.4105940295507086,0.4452708814956277,334,3.883720930232558,2417.1273494823604,100.0,296,38,0.7972972972972973
2.0,5,60.0,3,5.0,10.0,-1.5,9949,86,0.1441350889536637,0.3955171374007438,0.46034777364559254,333,3.872093023255814,2409.890441250377,100.0,296,37,0.7972972972972973
2.0,5,60.0,3,5.0,10.0,-1.4,9949,86,0.11187053975273897,0.2682681676550407,0.6198612925922203,985,11.453488372093023,7128.354608503367,15.0,909,76,0.12871287128712872
2.0,5,60.0,3,5.0,10.0,-1.3,9949,86,0.09950748818976782,0.18635038697356518,0.714142124836667,616,7.162790697674419,4457.935470901598,20.0,540,76,0.21666666666666667
2.0,5,60.0,3,5.0,10.0,-1.2,9949,86,0.09709518544577345,0.17137400743793346,0.7315308071162931,616,7.162790697674419,4457.935470901598,20.0,539,77,0.21706864564007422
2.0,5,60.0,3,5.0,10.0,-1.1,9949,86,0.09478339531611217,0.07679163735048748,0.8284249673334003,357,4.151162790697675,2583.5762388179714,65.0,282,75,0.6134751773049646
2.0,5,60.0,3,5.0,10.0,-1.0,9949,86,0.0006030756859985928,0.15358327470097496,0.8458136496130264,250,2.9069767441860463,1809.2270579957783,95.0,175,75,0.6514285714285715
2.0,5,60.0,3,5.0,10.0,-0.9,9949,86,0.0006030756859985928,0.13629510503568198,0.8631018192783194,236,2.744186046511628,1707.910342748015,97.5,175,61,0.6514285714285715
2.0,5,60.0,3,5.0,10.0,-0.8,9949,86,0.0,0.12192180118604885,0.8780781988139511,185,2.1511627906976742,1338.828022916876,180.0,173,12,0.6589595375722543
2.0,5,60.0,3,5.0,10.0,-0.7,9949,86,0.0,0.11679565785506081,0.8832043421449391,184,2.13953488372093,1331.591114684893,185.0,172,12,0.6569767441860465
2.0,5,60.0,3,5.0,10.0,-0.6,9949,86,0.0,0.11187053975273897,0.888129460247261,184,2.13953488372093,1331.591114684893,185.0,172,12,0.6569767441860465
2.0,5,60.0,3,5.0,10.0,-0.5,9949,86,0.0,0.11187053975273897,0.888129460247261,184,2.13953488372093,1331.591114684893,185.0,172,12,0.6569767441860465
2.0,5,60.0,3,5.0,10.0,-0.4,9949,86,0.0,0.0842295708111368,0.9157704291888632,172,2.0,1244.7482159010956,200.0,161,11,0.6273291925465838
2.0,5,60.0,3,5.0,10.0,-0.3,9949,86,0.0,0.07679163735048748,0.9232083626495126,172,2.0,1244.7482159010956,205.0,162,10,0.6296296296296297
2.0,5,60.0,3,5.0,10.0,-0.2,9949,86,0.0,0.07427882199216002,0.9257211780078399,172,2.0,1244.7482159010956,205.0,162,10,0.6296296296296297
2.0,5,60.0,3,5.0,10.0,-0.1,9949,86,0.0,0.07186651924816564,0.9281334807518343,172,2.0,1244.7482159010956,205.0,162,10,0.6296296296296297
2.0,5,60.0,3,5.0,10.0,0.0,9949,86,0.0,0.00753844607498241,0.9924615539250176,25,0.29069767441860467,180.92270579957784,790.0,23,2,1.0
2.0,5,60.0,3,5.0,10.0,0.1,9949,86,0.0,0.00753844607498241,0.9924615539250176,25,0.29069767441860467,180.92270579957784,790.0,23,2,1.0
2.0,5,60.0,3,5.0,10.0,0.2,9949,86,0.0,0.00753844607498241,0.9924615539250176,25,0.29069767441860467,180.92270579957784,790.0,23,2,1.0
2.0,5,60.0,3,5.0,10.0,0.3,9949,86,0.0,0.00753844607498241,0.9924615539250176,25,0.29069767441860467,180.92270579957784,790.0,23,2,1.0
2.0,5,60.0,3,5.0,10.0,0.4,9949,86,0.0,0.0,1.0,0,0.0,0.0,,0,0,
2.0,5,60.0,3,5.0,10.0,0.5,9949,86,0.0,0.0,1.0,0,0.0,0.0,,0,0,
2.0,5,60.0,3,5.0,10.0,0.6,9949,86,0.0,0.0,1.0,0,0.0,0.0,,0,0,
2.0,5,60.0,3,5.0,10.0,0.7,9949,86,0.0,0.0,1.0,0,0.0,0.0,,0,0,
2.0,5,60.0,3,5.0,10.0,0.8,9949,86,0.0,0.0,1.0,0,0.0,0.0,,0,0,
2.0,5,60.0,3,5.0,10.0,0.9,9949,86,0.0,0.0,1.0,0,0.0,0.0,,0,0,
2.0,5,60.0,3,5.0,10.0,1.0,9949,86,0.0,0.0,1.0,0,0.0,0.0,,0,0,
2.0,5,120.0,1,5.0,0.0,-4.0,9206,85,1.0,0.0,0.0,0,0.0,0.0,,0,0,
2.0,5,120.0,1,5.0,0.0,-3.9,9206,85,1.0,0.0,0.0,0,0.0,0.0,,0,0,
2.0,5,120.0,1,5.0,0.0,-3.8,9206,85,1.0,0.0,0.0,0,0.0,0.0,,0,0,
2.0,5,120.0,1,5.0,0.0,-3.7,9206,85,1.0,0.0,0.0,0,0.0,0.0,,0,0,
2.0,5,120.0,1,5.0,0.0,-3.6,9206,85,1.0,0.0,0.0,0,0.0,0.0,,0,0,
2.0,5,120.0,1,5.0,0.0,-3.5,9206,85,1.0,0.0,0.0,0,0.0,0.0,,0,0,
2.0,5,120.0,1,5.0,0.0,-3.4,9206,85,1.0,0.0,0.0,0,0.0,0.0,,0,0,
2.0,5,120.0,1,5.0,0.0,-3.3,9206,85,1.0,0.0,0.0,0,0.0,0.0,,0,0,
2.0,5,120.0,1,5.0,0.0,-3.2,9206,85,1.0,0.0,0.0,0,0.0,0.0,,0,0,
2.0,5,120.0,1,5.0,0.0,-3.1,9206,85,1.0,0.0,0.0,0,0.0,0.0,,0,0,
2.0,5,120.0,1,5.0,0.0,-3.0,9206,85,1.0,0.0,0.0,0,0.0,0.0,,0,0,
2.0,5,120.0,1,5.0,0.0,-2.9,9206,85,1.0,0.0,0.0,0,0.0,0.0,,0,0,
2.0,5,120.0,1,5.0,0.0,-2.8,9206,85,1.0,0.0,0.0,0,0.0,0.0,,0,0,
2.0,5,120.0,1,5.0,0.0,-2.7,9206,85,1.0,0.0,0.0,0,0.0,0.0,,0,0,
2.0,5,120.0,1,5.0,0.0,-2.6,9206,85,1.0,0.0,0.0,0,0.0,0.0,,0,0,
2.0,5,120.0,1,5.0,0.0,-2.5,9206,85,1.0,0.0,0.0,0,0.0,0.0,,0,0,
2.0,5,120.0,1,5.0,0.0,-2.4,9206,85,1.0,0.0,0.0,0,0.0,0.0,,0,0,
2.0,5,120.0,1,5.0,0.0,-2.3,9206,85,1.0,0.0,0.0,0,0.0,0.0,,0,0,
2.0,5,120.0,1,5.0,0.0,-2.2,9206,85,0.8577014990223767,0.14229850097762328,0.0,620,7.294117647058823,4849.01151422985,20.0,614,6,0.0993485342019544
2.0,5,120.0,1,5.0,0.0,-2.1,9206,85,0.6668477080165109,0.333152291983489,0.0,865,10.176470588235293,6765.153160981968,20.0,856,9,0.1413551401869159
2.0,5,120.0,1,5.0,0.0,-2.0,9206,85,0.4945687595046709,0.4865305235715838,0.018900716923745384,345,4.0588235294117645,2698.2402780795132,55.0,337,8,0.35311572700296734
2.0,5,120.0,1,5.0,0.0,-1.9,9206,85,0.3681294807734086,0.46534868563980014,0.16652183358679123,966,11.364705882352942,7555.072778622637,15.0,888,78,0.20045045045045046
2.0,5,120.0,1,5.0,0.0,-1.8,9206,85,0.30371496849880514,0.42765587660221593,0.26862915489897893,965,11.352941176470589,7547.251792309364,20.0,885,80,0.1480225988700565
2.0,5,120.0,1,5.0,0.0,-1.7,9206,85,0.2419074516619596,0.2580925483380404,0.5,434,5.105882352941176,3394.308059960895,55.0,362,72,0.49171270718232046
2.0,5,120.0,1,5.0,0.0,-1.6,9206,85,0.1290462741690202,0.32793830110797306,0.5430154247230068,248,2.9176470588235293,1939.60460569194,60.0,178,70,0.6573033707865169
2.0,5,120.0,1,5.0,0.0,-1.5,9206,85,0.12633065392135565,0.31990006517488595,0.5537692809037584,248,2.9176470588235293,1939.60460569194,60.0,178,70,0.6573033707865169
2.0,5,120.0,1,5.0,0.0,-1.4,9206,85,0.1208994134260265,0.23940908103410818,0.6396915055398653,596,7.011764705882353,4661.307842711275,20.0,521,75,0.22456813819577734
2.0,5,120.0,1,5.0,0.0,-1.3,9206,85,0.034868563980013034,0.2662394090810341,0.6988920269389528,372,4.376470588235295,2909.40690853791,65.0,298,74,0.19463087248322147
2.0,5,120.0,1,5.0,0.0,-1.2,9206,85,0.03215294373234847,0.1936780360634369,0.7741690202042146,309,3.635294117647059,2416.684770801651,60.0,238,71,0.23949579831932774
2.0,5,120.0,1,5.0,0.0,-1.1,9206,85,0.02683032804692592,0.14523137084510102,0.8279383011079731,310,3.6470588235294117,2424.505757114925,40.0,240,70,0.2375
2.0,5,120.0,1,5.0,0.0,-1.0,9206,85,0.008038235933087117,0.13708451010210732,0.8548772539648055,308,3.623529411764706,2408.863784488377,40.0,238,70,0.23949579831932774
2.0,5,120.0,1,5.0,0.0,-0.9,9206,85,0.008038235933087117,0.10482294155985226,0.8871388225070607,246,2.8941176470588235,1923.962633065392,40.0,238,8,0.23949579831932774
2.0,5,120.0,1,5.0,0.0,-0.8,9206,85,0.0,0.05376928090375842,0.9462307190962416,124,1.4588235294117646,969.80230284597,40.0,118,6,0.4830508474576271
2.0,5,120.0,1,5.0,0.0,-0.7,9206,85,0.0,0.051053660656093854,0.9489463393439062,124,1.4588235294117646,969.80230284597,40.0,118,6,0.4830508474576271
2.0,5,120.0,1,5.0,0.0,-0.6,9206,85,0.0,0.043015424723006734,0.9569845752769932,124,1.4588235294117646,969.80230284597,35.0,118,6,0.4830508474576271
2.0,5,120.0,1,5.0,0.0,-0.5,9206,85,0.0,0.04029980447534217,0.9597001955246578,124,1.4588235294117646,969.80230284597,30.0,118,6,0.4830508474576271
2.0,5,120.0,1,5.0,0.0,-0.4,9206,85,0.0,0.0,1.0,0,0.0,0.0,,0,0,
2.0,5,120.0,1,5.0,0.0,-0.3,9206,85,0.0,0.0,1.0,0,0.0,0.0,,0,0,
2.0,5,120.0,1,5.0,0.0,-0.2,9206,85,0.0,0.0,1.0,0,0.0,0.0,,0,0,
2.0,5,120.0,1,5.0,0.0,-0.1,9206,85,0.0,0.0,1.0,0,0.0,0.0,,0,0,
2.0,5,120.0,1,5.0,0.0,0.0,9206,85,0.0,0.0,1.0,0,0.0,0.0,,0,0,
2.0,5,120.0,1,5.0,0.0,0.1,9206,85,0.0,0.0,1.0,0,0.0,0.0,,0,0,
2.0,5,120.0,1,5.0,0.0,0.2,9206,85,0.0,0.0,1.0,0,0.0,0.0,,0,0,
2.0,5,120.0,1,5.0,0.0,0.3,9206,85,0.0,0.0,1.0,0,0.0,0.0,,0,0,
2.0,5,120.0,1,5.0,0.0,0.4,9206,85,0.0,0.0,1.0,0,0.0,0.0,,0,0,
2.0,5,120.0,1,5.0,0.0,0.5,9206,85,0.0,0.0,1.0,0,0.0,0.0,,0,0,
2.0,5,120.0,1,5.0,0.0,0.6,9206,85,0.0,0.0,1.0,0,0.0,0.0,,0,0,
2.0,5,120.0,1,5.0,0.0,0.7,9206,85,0.0,0.0,1.0,0,0.0,0.0,,0,0,
2.0,5,120.0,1,5.0,0.0,0.8,9206,85,0.0,0.0,1.0,0,0.0,0.0,,0,0,
2.0,5,120.0,1,5.0,0.0,0.9,9206,85,0.0,0.0,1.0,0,0.0,0.0,,0,0,
2.0,5,120.0,1,5.0,0.0,1.0,9206,85,0.0,0.0,1.0,0,0.0,0.0,,0,0,
2.0,5,120.0,2,5.0,5.0,-4.0,9206,85,1.0,0.0,0.0,0,0.0,0.0,,0,0,
2.0,5,120.0,2,5.0,5.0,-3.9,9206,85,1.0,0.0,0.0,0,0.0,0.0,,0,0,
2.0,5,120.0,2,5.0,5.0,-3.8,9206,85,1.0,0.0,0.0,0,0.0,0.0,,0,0,
2.0,5,120.0,2,5.0,5.0,-3.7,9206,85,1.0,0.0,0.0,0,0.0,0.0,,0,0,
2.0,5,120.0,2,5.0,5.0,-3.6,9206,85,1.0,0.0,0.0,0,0.0,0.0,,0,0,
2.0,5,120.0,2,5.0,5.0,-3.5,9206,85,1.0,0.0,0.0,0,0.0,0.0,,0,0,
2.0,5,120.0,2,5.0,5.0,-3.4,9206,85,1.0,0.0,0.0,0,0.0,0.0,,0,0,
2.0,5,120.0,2,5.0,5.0,-3.3,9206,85,1.0,0.0,0.0,0,0.0,0.0,,0,0,
2.0,5,120.0,2,5.0,5.0,-3.2,9206,85,1.0,0.0,0.0,0,0.0,0.0,,0,0,
2.0,5,120.0,2,5.0,5.0,-3.1,9206,85,1.0,0.0,0.0,0,0.0,0.0,,0,0,
2.0,5,120.0,2,5.0,5.0,-3.0,9206,85,1.0,0.0,0.0,0,0.0,0.0,,0,0,
2.0,5,120.0,2,5.0,5.0,-2.9,9206,85,1.0,0.0,0.0,0,0.0,0.0,,0,0,
2.0,5,120.0,2,5.0,5.0,-2.8,9206,85,1.0,0.0,0.0,0,0.0,0.0,,0,0,
2.0,5,120.0,2,5.0,5.0,-2.7,9206,85,1.0,0.0,0.0,0,0.0,0.0,,0,0,
2.0,5,120.0,2,5.0,5.0,-2.6,9206,85,1.0,0.0,0.0,0,0.0,0.0,,0,0,
2.0,5,120.0,2,5.0,5.0,-2.5,9206,85,1.0,0.0,0.0,0,0.0,0.0,,0,0,
2.0,5,120.0,2,5.0,5.0,-2.4,9206,85,1.0,0.0,0.0,0,0.0,0.0,,0,0,
2.0,5,120.0,2,5.0,5.0,-2.3,9206,85,1.0,0.0,0.0,0,0.0,0.0,,0,0,
2.0,5,120.0,2,5.0,5.0,-2.2,9206,85,0.8522702585270476,0.14772974147295242,0.0,519,6.105882352941176,4059.091896589181,20.0,488,31,0.07377049180327869
2.0,5,120.0,2,5.0,5.0,-2.1,9206,85,0.6591353465131436,0.3408646534868564,0.0,717,8.435294117647059,5607.647186617423,20.0,661,56,0.10892586989409984
2.0,5,120.0,2,5.0,5.0,-2.0,9206,85,0.4892461438192483,0.4919617640669129,0.0187920921138388,247,2.9058823529411764,1931.7836193786661,55.0,191,56,0.36649214659685864
2.0,5,120.0,2,5.0,5.0,-1.9,9206,85,0.3681294807734086,0.46024331957419073,0.1716271996524006,866,10.188235294117646,6772.974147295242,20.0,788,78,0.22461928934010153
2.0,5,120.0,2,5.0,5.0,-1.8,9206,85,0.30371496849880514,0.4252661307842711,0.27101890071692375,716,8.423529411764706,5599.82620030415,35.0,637,79,0.27629513343799056
2.0,5,120.0,2,5.0,5.0,-1.7,9206,85,0.2486421898761677,0.2486421898761677,0.5027156202476646,384,4.517647058823529,3003.2587442971976,55.0,312,72,0.5673076923076923
2.0,5,120.0,2,5.0,5.0,-1.6,9206,85,0.1290462741690202,0.32793830110797306,0.5430154247230068,248,2.9176470588235293,1939.60460569194,55.0,178,70,0.6573033707865169
2.0,5,120.0,2,5.0,5.0,-1.5,9206,85,0.12633065392135565,0.31990006517488595,0.5537692809037584,248,2.9176470588235293,1939.60460569194,55.0,178,70,0.6573033707865169
2.0,5,120.0,2,5.0,5.0,-1.4,9206,85,0.1208994134260265,0.23397784053877907,0.6451227460351945,496,5.8352941176470585,3879.20921138388,20.0,422,74,0.2772511848341232
2.0,5,120.0,2,5.0,5.0,-1.3,9206,85,0.034868563980013034,0.2662394090810341,0.6988920269389528,372,4.376470588235295,2909.40690853791,65.0,298,74,0.19463087248322147
2.0,5,120.0,2,5.0,5.0,-1.2,9206,85,0.03215294373234847,0.1868346730393222,0.7810123832283293,309,3.635294117647059,2416.684770801651,60.0,238,71,0.23949579831932774
2.0,5,120.0,2,5.0,5.0,-1.1,9206,85,0.02683032804692592,0.1384966326308929,0.8346730393221812,309,3.635294117647059,2416.684770801651,40.0,239,70,0.2384937238493724
2.0,5,120.0,2,5.0,5.0,-1.0,9206,85,0.002824245057571149,0.13556376276341517,0.8616119921790137,212,2.4941176470588236,1658.049098414078,90.0,142,70,0.4014084507042254
2.0,5,120.0,2,5.0,5.0,-0.9,9206,85,0.002824245057571149,0.11003693243536823,0.8871388225070607,149,1.7529411764705882,1165.3269606778188,85.0,142,7,0.4014084507042254
2.0,5,120.0,2,5.0,5.0,-0.8,9206,85,0.0,0.05376928090375842,0.9462307190962416,124,1.4588235294117646,969.80230284597,40.0,118,6,0.4830508474576271
2.0,5,120.0,2,5.0,5.0,-0.7,9206,85,0.0,0.051053660656093854,0.9489463393439062,124,1.4588235294117646,969.80230284597,40.0,118,6,0.4830508474576271
2.0,5,120.0,2,5.0,5.0,-0.6,9206,85,0.0,0.043015424723006734,0.9569845752769932,124,1.4588235294117646,969.80230284597,35.0,118,6,0.4830508474576271
2.0,5,120.0,2,5.0,5.0,-0.5,9206,85,0.0,0.04029980447534217,0.9597001955246578,124,1.4588235294117646,969.80230284597,30.0,118,6,0.4830508474576271
2.0,5,120.0,2,5.0,5.0,-0.4,9206,85,0.0,0.0,1.0,0,0.0,0.0,,0,0,
2.0,5,120.0,2,5.0,5.0,-0.3,9206,85,0.0,0.0,1.0,0,0.0,0.0,,0,0,
2.0,5,120.0,2,5.0,5.0,-0.2,9206,85,0.0,0.0,1.0,0,0.0,0.0,,0,0,
2.0,5,120.0,2,5.0,5.0,-0.1,9206,85,0.0,0.0,1.0,0,0.0,0.0,,0,0,
2.0,5,120.0,2,5.0,5.0,0.0,9206,85,0.0,0.0,1.0,0,0.0,0.0,,0,0,
2.0,5,120.0,2,5.0,5.0,0.1,9206,85,0.0,0.0,1.0,0,0.0,0.0,,0,0,
2.0,5,120.0,2,5.0,5.0,0.2,9206,85,0.0,0.0,1.0,0,0.0,0.0,,0,0,
2.0,5,120.0,2,5.0,5.0,0.3,9206,85,0.0,0.0,1.0,0,0.0,0.0,,0,0,
2.0,5,120.0,2,5.0,5.0,0.4,9206,85,0.0,0.0,1.0,0,0.0,0.0,,0,0,
2.0,5,120.0,2,5.0,5.0,0.5,9206,85,0.0,0.0,1.0,0,0.0,0.0,,0,0,
2.0,5,120.0,2,5.0,5.0,0.6,9206,85,0.0,0.0,1.0,0,0.0,0.0,,0,0,
2.0,5,120.0,2,5.0,5.0,0.7,9206,85,0.0,0.0,1.0,0,0.0,0.0,,0,0,
2.0,5,120.0,2,5.0,5.0,0.8,9206,85,0.0,0.0,1.0,0,0.0,0.0,,0,0,
2.0,5,120.0,2,5.0,5.0,0.9,9206,85,0.0,0.0,1.0,0,0.0,0.0,,0,0,
2.0,5,120.0,2,5.0,5.0,1.0,9206,85,0.0,0.0,1.0,0,0.0,0.0,,0,0,
2.0,5,120.0,3,5.0,10.0,-4.0,9206,85,1.0,0.0,0.0,0,0.0,0.0,,0,0,
2.0,5,120.0,3,5.0,10.0,-3.9,9206,85,1.0,0.0,0.0,0,0.0,0.0,,0,0,
2.0,5,120.0,3,5.0,10.0,-3.8,9206,85,1.0,0.0,0.0,0,0.0,0.0,,0,0,
2.0,5,120.0,3,5.0,10.0,-3.7,9206,85,1.0,0.0,0.0,0,0.0,0.0,,0,0,
2.0,5,120.0,3,5.0,10.0,-3.6,9206,85,1.0,0.0,0.0,0,0.0,0.0,,0,0,
2.0,5,120.0,3,5.0,10.0,-3.5,9206,85,1.0,0.0,0.0,0,0.0,0.0,,0,0,
2.0,5,120.0,3,5.0,10.0,-3.4,9206,85,1.0,0.0,0.0,0,0.0,0.0,,0,0,
2.0,5,120.0,3,5.0,10.0,-3.3,9206,85,1.0,0.0,0.0,0,0.0,0.0,,0,0,
2.0,5,120.0,3,5.0,10.0,-3.2,9206,85,1.0,0.0,0.0,0,0.0,0.0,,0,0,
2.0,5,120.0,3,5.0,10.0,-3.1,9206,85,1.0,0.0,0.0,0,0.0,0.0,,0,0,
2.0,5,120.0,3,5.0,10.0,-3.0,9206,85,1.0,0.0,0.0,0,0.0,0.0,,0,0,
2.0,5,120.0,3,5.0,10.0,-2.9,9206,85,1.0,0.0,0.0,0,0.0,0.0,,0,0,
2.0,5,120.0,3,5.0,10.0,-2.8,9206,85,1.0,0.0,0.0,0,0.0,0.0,,0,0,
2.0,5,120.0,3,5.0,10.0,-2.7,9206,85,1.0,0.0,0.0,0,0.0,0.0,,0,0,
2.0,5,120.0,3,5.0,10.0,-2.6,9206,85,1.0,0.0,0.0,0,0.0,0.0,,0,0,
2.0,5,120.0,3,5.0,10.0,-2.5,9206,85,1.0,0.0,0.0,0,0.0,0.0,,0,0,
2.0,5,120.0,3,5.0,10.0,-2.4,9206,85,1.0,0.0,0.0,0,0.0,0.0,,0,0,
2.0,5,120.0,3,5.0,10.0,-2.3,9206,85,1.0,0.0,0.0,0,0.0,0.0,,0,0,
2.0,5,120.0,3,5.0,10.0,-2.2,9206,85,0.8254399304801217,0.17456006951987835,0.0,271,3.1882352941176473,2119.4872908972407,20.0,206,65,0.28640776699029125
2.0,5,120.0,3,5.0,10.0,-2.1,9206,85,0.6244840321529437,0.37551596784705626,0.0,394,4.635294117647059,3081.468607429937,20.0,326,68,0.18098159509202455
2.0,5,120.0,3,5.0,10.0,-2.0,9206,85,0.4892461438192483,0.4946773843145775,0.016076471866174235,223,2.623529411764706,1744.0799478600914,50.0,156,67,0.3782051282051282
2.0,5,120.0,3,5.0,10.0,-1.9,9206,85,0.3598739952205084,0.47631979144036496,0.16380621333912665,652,7.670588235294118,5099.283076254616,45.0,589,63,0.30390492359932086
2.0,5,120.0,3,5.0,10.0,-1.8,9206,85,0.30371496849880514,0.4317836193786661,0.2645014121225288,530,6.235294117647059,4145.122746035195,65.0,465,65,0.3827956989247312
2.0,5,120.0,3,5.0,10.0,-1.7,9206,85,0.2553769280903758,0.23386921572887248,0.5107538561807516,310,3.6470588235294117,2424.505757114925,90.0,238,72,0.7436974789915967
2.0,5,120.0,3,5.0,10.0,-1.6,9206,85,0.1290462741690202,0.32793830110797306,0.5430154247230068,247,2.9058823529411764,1931.7836193786661,50.0,177,70,0.6610169491525424
2.0,5,120.0,3,5.0,10.0,-1.5,9206,85,0.12633065392135565,0.31990006517488595,0.5537692809037584,248,2.9176470588235293,1939.60460569194,50.0,178,70,0.6573033707865169
2.0,5,120.0,3,5.0,10.0,-1.4,9206,85,0.1208994134260265,0.23397784053877907,0.6451227460351945,494,5.811764705882353,3863.5672387573322,20.0,421,73,0.27790973871733965
2.0,5,120.0,3,5.0,10.0,-1.3,9206,85,0.034868563980013034,0.2662394090810341,0.6988920269389528,371,4.364705882352941,2901.5859222246363,65.0,296,75,0.19256756756756757
2.0,5,120.0,3,5.0,10.0,-1.2,9206,85,0.03215294373234847,0.17999131001520746,0.787855746252444,309,3.635294117647059,2416.684770801651,60.0,237,72,0.23628691983122363
2.0,5,120.0,3,5.0,10.0,-1.1,9206,85,0.02683032804692592,0.1316532696067782,0.8415164023462959,308,3.623529411764706,2408.863784488377,40.0,238,70,0.23949579831932774
2.0,5,120.0,3,5.0,10.0,-1.0,9206,85,0.0,0.1316532696067782,0.8683467303932219,185,2.176470588235294,1446.8824679556812,90.0,116,69,0.49137931034482757
2.0,5,120.0,3,5.0,10.0,-0.9,9206,85,0.0,0.11296980230284596,0.8870301976971541,123,1.4470588235294117,961.981316532696,85.0,116,7,0.49137931034482757
2.0,5,120.0,3,5.0,10.0,-0.8,9206,85,0.0,0.05376928090375842,0.9462307190962416,123,1.4470588235294117,961.981316532696,40.0,117,6,0.48717948717948717
2.0,5,120.0,3,5.0,10.0,-0.7,9206,85,0.0,0.051053660656093854,0.9489463393439062,123,1.4470588235294117,961.981316532696,40.0,117,6,0.48717948717948717
2.0,5,120.0,3,5.0,10.0,-0.6,9206,85,0.0,0.043015424723006734,0.9569845752769932,124,1.4588235294117646,969.80230284597,35.0,118,6,0.4830508474576271
2.0,5,120.0,3,5.0,10.0,-0.5,9206,85,0.0,0.04029980447534217,0.9597001955246578,123,1.4470588235294117,961.981316532696,30.0,118,5,0.4830508474576271
2.0,5,120.0,3,5.0,10.0,-0.4,9206,85,0.0,0.0,1.0,0,0.0,0.0,,0,0,
2.0,5,120.0,3,5.0,10.0,-0.3,9206,85,0.0,0.0,1.0,0,0.0,0.0,,0,0,
2.0,5,120.0,3,5.0,10.0,-0.2,9206,85,0.0,0.0,1.0,0,0.0,0.0,,0,0,
2.0,5,120.0,3,5.0,10.0,-0.1,9206,85,0.0,0.0,1.0,0,0.0,0.0,,0,0,
2.0,5,120.0,3,5.0,10.0,0.0,9206,85,0.0,0.0,1.0,0,0.0,0.0,,0,0,
2.0,5,120.0,3,5.0,10.0,0.1,9206,85,0.0,0.0,1.0,0,0.0,0.0,,0,0,
2.0,5,120.0,3,5.0,10.0,0.2,9206,85,0.0,0.0,1.0,0,0.0,0.0,,0,0,
2.0,5,120.0,3,5.0,10.0,0.3,9206,85,0.0,0.0,1.0,0,0.0,0.0,,0,0,
2.0,5,120.0,3,5.0,10.0,0.4,9206,85,0.0,0.0,1.0,0,0.0,0.0,,0,0,
2.0,5,120.0,3,5.0,10.0,0.5,9206,85,0.0,0.0,1.0,0,0.0,0.0,,0,0,
2.0,5,120.0,3,5.0,10.0,0.6,9206,85,0.0,0.0,1.0,0,0.0,0.0,,0,0,
2.0,5,120.0,3,5.0,10.0,0.7,9206,85,0.0,0.0,1.0,0,0.0,0.0,,0,0,
2.0,5,120.0,3,5.0,10.0,0.8,9206,85,0.0,0.0,1.0,0,0.0,0.0,,0,0,
2.0,5,120.0,3,5.0,10.0,0.9,9206,85,0.0,0.0,1.0,0,0.0,0.0,,0,0,
2.0,5,120.0,3,5.0,10.0,1.0,9206,85,0.0,0.0,1.0,0,0.0,0.0,,0,0,
2.0,7,15.0,1,5.0,0.0,-4.0,9702,86,1.0,0.0,0.0,0,0.0,0.0,,0,0,
2.0,7,15.0,1,5.0,0.0,-3.9,9702,86,1.0,0.0,0.0,0,0.0,0.0,,0,0,
2.0,7,15.0,1,5.0,0.0,-3.8,9702,86,1.0,0.0,0.0,0,0.0,0.0,,0,0,
2.0,7,15.0,1,5.0,0.0,-3.7,9702,86,1.0,0.0,0.0,0,0.0,0.0,,0,0,
2.0,7,15.0,1,5.0,0.0,-3.6,9702,86,1.0,0.0,0.0,0,0.0,0.0,,0,0,
2.0,7,15.0,1,5.0,0.0,-3.5,9702,86,1.0,0.0,0.0,0,0.0,0.0,,0,0,
2.0,7,15.0,1,5.0,0.0,-3.4,9702,86,1.0,0.0,0.0,0,0.0,0.0,,0,0,
2.0,7,15.0,1,5.0,0.0,-3.3,9702,86,1.0,0.0,0.0,0,0.0,0.0,,0,0,
2.0,7,15.0,1,5.0,0.0,-3.2,9702,86,1.0,0.0,0.0,0,0.0,0.0,,0,0,
2.0,7,15.0,1,5.0,0.0,-3.1,9702,86,1.0,0.0,0.0,0,0.0,0.0,,0,0,
2.0,7,15.0,1,5.0,0.0,-3.0,9702,86,1.0,0.0,0.0,0,0.0,0.0,,0,0,
2.0,7,15.0,1,5.0,0.0,-2.9,9702,86,1.0,0.0,0.0,0,0.0,0.0,,0,0,
2.0,7,15.0,1,5.0,0.0,-2.8,9702,86,1.0,0.0,0.0,0,0.0,0.0,,0,0,
2.0,7,15.0,1,5.0,0.0,-2.7,9702,86,1.0,0.0,0.0,0,0.0,0.0,,0,0,
2.0,7,15.0,1,5.0,0.0,-2.6,9702,86,1.0,0.0,0.0,0,0.0,0.0,,0,0,
2.0,7,15.0,1,5.0,0.0,-2.5,9702,86,1.0,0.0,0.0,0,0.0,0.0,,0,0,
2.0,7,15.0,1,5.0,0.0,-2.4,9702,86,0.9619666048237476,0.038033395176252316,0.0,369,4.290697674418604,2738.404452690167,10.0,365,4,0.1643835616438356
2.0,7,15.0,1,5.0,0.0,-2.3,9702,86,0.9542362399505256,0.045763760049474335,0.0,369,4.290697674418604,2738.404452690167,15.0,365,4,0.1643835616438356
2.0,7,15.0,1,5.0,0.0,-2.2,9702,86,0.8595135023706453,0.10987425273139559,0.030612244897959183,1197,13.918604651162791,8883.116883116883,10.0,1189,8,0.051303616484440706
2.0,7,15.0,1,5.0,0.0,-2.1,9702,86,0.7676767676767676,0.15584415584415584,0.07647907647907648,1902,22.11627906976744,14115.027829313543,15.0,1877,25,0.02610548748002131
2.0,7,15.0,1,5.0,0.0,-2.0,9702,86,0.6934652648938363,0.15089672232529375,0.15563801278086992,2479,28.825581395348838,18397.03153988868,10.0,2454,25,0.019967400162999183
2.0,7,15.0,1,5.0,0.0,-1.9,9702,86,0.5094825809111524,0.2786023500309215,0.2119150690579262,3628,42.18604651162791,26923.933209647497,10.0,3546,82,0.01692047377326565
2.0,7,15.0,1,5.0,0.0,-1.8,9702,86,0.46155431869717584,0.28324056895485467,0.2552051123479695,3368,39.16279069767442,24994.43413729128,15.0,3286,82,0.018259281801582473
2.0,7,15.0,1,5.0,0.0,-1.7,9702,86,0.3519892805607091,0.3310657596371882,0.31694495980210263,3106,36.116279069767444,23050.092764378478,15.0,3022,84,0.01985440105890139
2.0,7,15.0,1,5.0,0.0,-1.6,9702,86,0.28870336013193154,0.22686044114615544,0.484436198721913,3317,38.56976744186046,24615.955473098333,10.0,3233,84,0.035879987627590475
2.0,7,15.0,1,5.0,0.0,-1.5,9702,86,0.2552051123479695,0.24489795918367346,0.49989692846835704,2907,33.80232558139535,21573.283858998144,10.0,2823,84,0.041091037902940136
2.0,7,15.0,1,5.0,0.0,-1.4,9702,86,0.22191300762729335,0.2018140589569161,0.5762729334157906,3160,36.74418604651163,23450.834879406306,10.0,3077,83,0.03802404939876503
2.0,7,15.0,1,5.0,0.0,-1.3,9702,86,0.1634714491857349,0.17584003298289014,0.6606885178313749,2296,26.697674418604652,17038.96103896104,10.0,2218,78,0.0527502254283138
2.0,7,15.0,1,5.0,0.0,-1.2,9702,86,0.11997526283240569,0.15574108431251288,0.7242836528550815,1775,20.63953488372093,13172.541743970316,10.0,1696,79,0.06839622641509434
2.0,7,15.0,1,5.0,0.0,-1.1,9702,86,0.09699031127602556,0.12492269635126778,0.7780869923727066,1434,16.674418604651162,10641.929499072357,10.0,1356,78,0.059734513274336286
2.0,7,15.0,1,5.0,0.0,-1.0,9702,86,0.06885178313749743,0.0867862296433725,0.84436198721913,1100,12.790697674418604,8163.265306122449,10.0,1029,71,0.056365403304178816
2.0,7,15.0,1,5.0,0.0,-0.9,9702,86,0.04329004329004329,0.08431251288394145,0.8723974438260153,716,8.325581395348838,5313.543599257885,15.0,646,70,0.08978328173374613
2.0,7,15.0,1,5.0,0.0,-0.8,9702,86,0.03813646670789528,0.07153164296021439,0.8903318903318903,666,7.744186046511628,4942.486085343228,15.0,596,70,0.09563758389261745
2.0,7,15.0,1,5.0,0.0,-0.7,9702,86,0.03813646670789528,0.05875077303648732,0.9031127602556174,543,6.313953488372093,4029.6846011131724,15.0,472,71,0.11864406779661017
2.0,7,15.0,1,5.0,0.0,-0.6,9702,86,0.03298289012574727,0.056380127808699235,0.9106369820655535,568,6.604651162790698,4215.213358070501,15.0,498,70,0.1144578313253012
2.0,7,15.0,1,5.0,0.0,-0.5,9702,86,0.030509173366316224,0.04854669140383426,0.9209441352298495,594,6.906976744186046,4408.163265306122,10.0,524,70,0.10877862595419847
2.0,7,15.0,1,5.0,0.0,-0.4,9702,86,0.022881880024737167,0.02298495155638013,0.9541331684188827,444,5.162790697674419,3294.9907235621517,5.0,436,8,0.12614678899082568
2.0,7,15.0,1,5.0,0.0,-0.3,9702,86,0.02040816326530612,0.02298495155638013,0.9566068851783137,444,5.162790697674419,3294.9907235621517,5.0,438,6,0.13013698630136986
2.0,7,15.0,1,5.0,0.0,-0.2,9702,86,0.01020408163265306,0.03318903318903319,0.9566068851783137,358,4.162790697674419,2656.7717996289425,10.0,352,6,0.16193181818181818
2.0,7,15.0,1,5.0,0.0,-0.1,9702,86,0.01020408163265306,0.030612244897959183,0.9591836734693877,357,4.151162790697675,2649.3506493506493,10.0,352,5,0.16193181818181818
2.0,7,15.0,1,5.0,0.0,0.0,9702,86,0.007627293341579056,0.01030715316429602,0.9820655534941249,210,2.441860465116279,1558.4415584415585,5.0,204,6,0.27450980392156865
2.0,7,15.0,1,5.0,0.0,0.1,9702,86,0.0,0.012780869923727067,0.9872191300762729,123,1.430232558139535,912.8014842300556,10.0,118,5,0.4830508474576271
2.0,7,15.0,1,5.0,0.0,0.2,9702,86,0.0,0.012780869923727067,0.9872191300762729,123,1.430232558139535,912.8014842300556,10.0,118,5,0.4830508474576271
2.0,7,15.0,1,5.0,0.0,0.3,9702,86,0.0,0.012780869923727067,0.9872191300762729,123,1.430232558139535,912.8014842300556,10.0,118,5,0.4830508474576271
2.0,7,15.0,1,5.0,0.0,0.4,9702,86,0.0,0.01020408163265306,0.9897959183673469,124,1.441860465116279,920.2226345083488,10.0,119,5,0.4789915966386555
2.0,7,15.0,1,5.0,0.0,0.5,9702,86,0.0,0.007627293341579056,0.9923727066584209,124,1.441860465116279,920.2226345083488,10.0,119,5,0.4789915966386555
2.0,7,15.0,1,5.0,0.0,0.6,9702,86,0.0,0.0,1.0,0,0.0,0.0,,0,0,
2.0,7,15.0,1,5.0,0.0,0.7,9702,86,0.0,0.0,1.0,0,0.0,0.0,,0,0,
2.0,7,15.0,1,5.0,0.0,0.8,9702,86,0.0,0.0,1.0,0,0.0,0.0,,0,0,
2.0,7,15.0,1,5.0,0.0,0.9,9702,86,0.0,0.0,1.0,0,0.0,0.0,,0,0,
2.0,7,15.0,1,5.0,0.0,1.0,9702,86,0.0,0.0,1.0,0,0.0,0.0,,0,0,
2.0,7,15.0,2,5.0,5.0,-4.0,9702,86,1.0,0.0,0.0,0,0.0,0.0,,0,0,
2.0,7,15.0,2,5.0,5.0,-3.9,9702,86,1.0,0.0,0.0,0,0.0,0.0,,0,0,
2.0,7,15.0,2,5.0,5.0,-3.8,9702,86,1.0,0.0,0.0,0,0.0,0.0,,0,0,
2.0,7,15.0,2,5.0,5.0,-3.7,9702,86,1.0,0.0,0.0,0,0.0,0.0,,0,0,
2.0,7,15.0,2,5.0,5.0,-3.6,9702,86,1.0,0.0,0.0,0,0.0,0.0,,0,0,
2.0,7,15.0,2,5.0,5.0,-3.5,9702,86,1.0,0.0,0.0,0,0.0,0.0,,0,0,
2.0,7,15.0,2,5.0,5.0,-3.4,9702,86,1.0,0.0,0.0,0,0.0,0.0,,0,0,
2.0,7,15.0,2,5.0,5.0,-3.3,9702,86,1.0,0.0,0.0,0,0.0,0.0,,0,0,
2.0,7,15.0,2,5.0,5.0,-3.2,9702,86,1.0,0.0,0.0,0,0.0,0.0,,0,0,
2.0,7,15.0,2,5.0,5.0,-3.1,9702,86,1.0,0.0,0.0,0,0.0,0.0,,0,0,
2.0,7,15.0,2,5.0,5.0,-3.0,9702,86,1.0,0.0,0.0,0,0.0,0.0,,0,0,
2.0,7,15.0,2,5.0,5.0,-2.9,9702,86,1.0,0.0,0.0,0,0.0,0.0,,0,0,
2.0,7,15.0,2,5.0,5.0,-2.8,9702,86,1.0,0.0,0.0,0,0.0,0.0,,0,0,
2.0,7,15.0,2,5.0,5.0,-2.7,9702,86,1.0,0.0,0.0,0,0.0,0.0,,0,0,
2.0,7,15.0,2,5.0,5.0,-2.6,9702,86,1.0,0.0,0.0,0,0.0,0.0,,0,0,
2.0,7,15.0,2,5.0,5.0,-2.5,9702,86,1.0,0.0,0.0,0,0.0,0.0,,0,0,
2.0,7,15.0,2,5.0,5.0,-2.4,9702,86,0.9622758194186766,0.03772418058132344,0.0,366,4.255813953488372,2716.141001855288,15.0,363,3,0.1652892561983471
2.0,7,15.0,2,5.0,5.0,-2.3,9702,86,0.9545454545454546,0.045454545454545456,0.0,369,4.290697674418604,2738.404452690167,15.0,365,4,0.1643835616438356
2.0,7,15.0,2,5.0,5.0,-2.2,9702,86,0.8865182436611008,0.07915893630179345,0.03432282003710575,789,9.174418604651162,5855.287569573284,15.0,732,57,0.03278688524590164
2.0,7,15.0,2,5.0,5.0,-2.1,9702,86,0.7859204287775716,0.11286332714904143,0.10121624407338693,1479,17.197674418604652,10975.881261595547,15.0,1406,73,0.0007112375533428165
2.0,7,15.0,2,5.0,5.0,-2.0,9702,86,0.7351061636775923,0.054627911770768915,0.21026592455163884,1494,17.372093023255815,11087.198515769944,15.0,1421,73,0.0007037297677691766
2.0,7,15.0,2,5.0,5.0,-1.9,9702,86,0.5486497629354772,0.191713048855906,0.25963718820861675,2294,26.674418604651162,17024.118738404453,15.0,2212,82,0.027124773960216998
2.0,7,15.0,2,5.0,5.0,-1.8,9702,86,0.47588126159554733,0.2038754895897753,0.32024324881467736,1951,22.686046511627907,14478.664192949906,15.0,1869,82,0.03210272873194221
2.0,7,15.0,2,5.0,5.0,-1.7,9702,86,0.35405071119356835,0.28324056895485467,0.362708719851577,2407,27.988372093023255,17862.708719851576,15.0,2323,84,0.02582866982350409
2.0,7,15.0,2,5.0,5.0,-1.6,9702,86,0.3333333333333333,0.13172541743970315,0.5349412492269635,1597,18.569767441860463,11851.576994434137,15.0,1512,85,0.04431216931216931
2.0,7,15.0,2,5.0,5.0,-1.5,9702,86,0.31374974232117087,0.1805813234384663,0.5056689342403629,1819,21.151162790697676,13499.072356215212,15.0,1734,85,0.03863898500576701
2.0,7,15.0,2,5.0,5.0,-1.4,9702,86,0.2683982683982684,0.11028653885796742,0.6213151927437641,1525,17.732558139534884,11317.254174397032,15.0,1440,85,0.04652777777777778
2.0,7,15.0,2,5.0,5.0,-1.3,9702,86,0.19253762110904968,0.1160585446299732,0.6914038342609771,1441,16.75581395348837,10693.877551020409,15.0,1364,77,0.08577712609970674
2.0,7,15.0,2,5.0,5.0,-1.2,9702,86,0.1287363430220573,0.113997113997114,0.7572665429808287,975,11.337209302325581,7235.621521335807,15.0,896,79,0.12834821428571427
2.0,7,15.0,2,5.0,5.0,-1.1,9702,86,0.10451453308596166,0.09111523397237684,0.8043702329416615,977,11.36046511627907,7250.463821892393,15.0,898,79,0.062360801781737196
2.0,7,15.0,2,5.0,5.0,-1.0,9702,86,0.08379715522572666,0.056792413935271076,0.8594104308390023,802,9.325581395348838,5951.762523191095,15.0,730,72,0.07808219178082192
2.0,7,15.0,2,5.0,5.0,-0.9,9702,86,0.04813440527726242,0.07452071737786023,0.8773448773448773,617,7.174418604651163,4578.849721706864,15.0,547,70,0.10603290676416818
2.0,7,15.0,2,5.0,5.0,-0.8,9702,86,0.04050711193568336,0.05916305916305916,0.9003298289012575,493,5.732558139534884,3658.627087198516,15.0,422,71,0.13033175355450238
2.0,7,15.0,2,5.0,5.0,-0.7,9702,86,0.04050711193568336,0.05400948258091115,0.9054834054834054,493,5.732558139534884,3658.627087198516,15.0,422,71,0.13033175355450238
2.0,7,15.0,2,5.0,5.0,-0.6,9702,86,0.03793032364460936,0.049062049062049064,0.9130076272933416,493,5.732558139534884,3658.627087198516,15.0,422,71,0.13033175355450238
2.0,7,15.0,2,5.0,5.0,-0.5,9702,86,0.035456606885178314,0.03339517625231911,0.9311482168625026,395,4.593023255813954,2931.3543599257882,15.0,325,70,0.16923076923076924
2.0,7,15.0,2,5.0,5.0,-0.4,9702,86,0.03339517625231911,0.007627293341579056,0.9589775304061018,159,1.8488372093023255,1179.9628942486086,40.0,151,8,0.3576158940397351
2.0,7,15.0,2,5.0,5.0,-0.3,9702,86,0.02844774273345702,0.010101010101010102,0.9614512471655329,123,1.430232558139535,912.8014842300556,40.0,118,5,0.3813559322033898
2.0,7,15.0,2,5.0,5.0,-0.2,9702,86,0.01020408163265306,0.03452896310039167,0.9552669552669553,159,1.8488372093023255,1179.9628942486086,30.0,153,6,0.3660130718954248
2.0,7,15.0,2,5.0,5.0,-0.1,9702,86,0.01020408163265306,0.03205524634096062,0.9577406720263864,159,1.8488372093023255,1179.9628942486086,25.0,153,6,0.3660130718954248
2.0,7,15.0,2,5.0,5.0,0.0,9702,86,0.0024737167594310453,0.003916718202432488,0.9936095650381365,49,0.5697674418604651,363.6363636363636,15.0,47,2,0.48936170212765956
2.0,7,15.0,2,5.0,5.0,0.1,9702,86,0.0,0.012677798392084107,0.9873222016079158,123,1.430232558139535,912.8014842300556,10.0,118,5,0.4830508474576271
2.0,7,15.0,2,5.0,5.0,0.2,9702,86,0.0,0.012677798392084107,0.9873222016079158,123,1.430232558139535,912.8014842300556,10.0,118,5,0.4830508474576271
2.0,7,15.0,2,5.0,5.0,0.3,9702,86,0.0,0.012677798392084107,0.9873222016079158,123,1.430232558139535,912.8014842300556,10.0,118,5,0.4830508474576271
2.0,7,15.0,2,5.0,5.0,0.4,9702,86,0.0,0.007627293341579056,0.9923727066584209,74,0.8604651162790697,549.1651205936921,20.0,71,3,0.4788732394366197
2.0,7,15.0,2,5.0,5.0,0.5,9702,86,0.0,0.0024737167594310453,0.9975262832405689,24,0.27906976744186046,178.10760667903526,35.0,23,1,0.4782608695652174
2.0,7,15.0,2,5.0,5.0,0.6,9702,86,0.0,0.0,1.0,0,0.0,0.0,,0,0,
2.0,7,15.0,2,5.0,5.0,0.7,9702,86,0.0,0.0,1.0,0,0.0,0.0,,0,0,
2.0,7,15.0,2,5.0,5.0,0.8,9702,86,0.0,0.0,1.0,0,0.0,0.0,,0,0,
2.0,7,15.0,2,5.0,5.0,0.9,9702,86,0.0,0.0,1.0,0,0.0,0.0,,0,0,
2.0,7,15.0,2,5.0,5.0,1.0,9702,86,0.0,0.0,1.0,0,0.0,0.0,,0,0,
2.0,7,15.0,3,5.0,10.0,-4.0,9702,86,1.0,0.0,0.0,0,0.0,0.0,,0,0,
2.0,7,15.0,3,5.0,10.0,-3.9,9702,86,1.0,0.0,0.0,0,0.0,0.0,,0,0,
2.0,7,15.0,3,5.0,10.0,-3.8,9702,86,1.0,0.0,0.0,0,0.0,0.0,,0,0,
2.0,7,15.0,3,5.0,10.0,-3.7,9702,86,1.0,0.0,0.0,0,0.0,0.0,,0,0,
2.0,7,15.0,3,5.0,10.0,-3.6,9702,86,1.0,0.0,0.0,0,0.0,0.0,,0,0,
2.0,7,15.0,3,5.0,10.0,-3.5,9702,86,1.0,0.0,0.0,0,0.0,0.0,,0,0,
2.0,7,15.0,3,5.0,10.0,-3.4,9702,86,1.0,0.0,0.0,0,0.0,0.0,,0,0,
2.0,7,15.0,3,5.0,10.0,-3.3,9702,86,1.0,0.0,0.0,0,0.0,0.0,,0,0,
2.0,7,15.0,3,5.0,10.0,-3.2,9702,86,1.0,0.0,0.0,0,0.0,0.0,,0,0,
2.0,7,15.0,3,5.0,10.0,-3.1,9702,86,1.0,0.0,0.0,0,0.0,0.0,,0,0,
2.0,7,15.0,3,5.0,10.0,-3.0,9702,86,1.0,0.0,0.0,0,0.0,0.0,,0,0,
2.0,7,15.0,3,5.0,10.0,-2.9,9702,86,1.0,0.0,0.0,0,0.0,0.0,,0,0,
2.0,7,15.0,3,5.0,10.0,-2.8,9702,86,1.0,0.0,0.0,0,0.0,0.0,,0,0,
2.0,7,15.0,3,5.0,10.0,-2.7,9702,86,1.0,0.0,0.0,0,0.0,0.0,,0,0,
2.0,7,15.0,3,5.0,10.0,-2.6,9702,86,1.0,0.0,0.0,0,0.0,0.0,,0,0,
2.0,7,15.0,3,5.0,10.0,-2.5,9702,86,1.0,0.0,0.0,0,0.0,0.0,,0,0,
2.0,7,15.0,3,5.0,10.0,-2.4,9702,86,1.0,0.0,0.0,0,0.0,0.0,,0,0,
2.0,7,15.0,3,5.0,10.0,-2.3,9702,86,0.9777365491651205,0.022263450834879406,0.0,144,1.6744186046511629,1068.6456400742115,32.5,141,3,0.41134751773049644
2.0,7,15.0,3,5.0,10.0,-2.2,9702,86,0.9419707276850134,0.0580292723149866,0.0,349,4.058139534883721,2589.9814471243044,15.0,344,5,0.18313953488372092
2.0,7,15.0,3,5.0,10.0,-2.1,9702,86,0.8631210059781488,0.07111935683364255,0.06575963718820861,691,8.034883720930232,5128.014842300557,20.0,632,59,0.15348101265822786
2.0,7,15.0,3,5.0,10.0,-2.0,9702,86,0.8416821273964131,0.04287775716347145,0.11544011544011544,480,5.5813953488372094,3562.152133580705,20.0,424,56,0.0589622641509434
2.0,7,15.0,3,5.0,10.0,-1.9,9702,86,0.5292723149866007,0.098433312719027,0.3722943722943723,802,9.325581395348838,5951.762523191095,20.0,723,79,0.1479944674965422
2.0,7,15.0,3,5.0,10.0,-1.8,9702,86,0.4452690166975881,0.15450422593279736,0.4002267573696145,1101,12.80232558139535,8170.686456400743,15.0,1019,82,0.10206084396467124
2.0,7,15.0,3,5.0,10.0,-1.7,9702,86,0.30560709132137703,0.21284271284271283,0.48155019583591013,1252,14.55813953488372,9291.280148423006,15.0,1172,80,0.11006825938566553
2.0,7,15.0,3,5.0,10.0,-1.6,9702,86,0.41352298495155637,0.10204081632653061,0.484436198721913,469,5.453488372093023,3480.5194805194806,15.0,395,74,0.3189873417721519
2.0,7,15.0,3,5.0,10.0,-1.5,9702,86,0.39208410636982066,0.1240981240981241,0.48381776953205524,689,8.011627906976743,5113.17254174397,15.0,611,78,0.18821603927986907
2.0,7,15.0,3,5.0,10.0,-1.4,9702,86,0.3175633889919604,0.08977530406101834,0.5926613069470212,491,5.709302325581396,3643.7847866419297,50.0,423,68,0.3262411347517731
2.0,7,15.0,3,5.0,10.0,-1.3,9702,86,0.11080189651618223,0.18253968253968253,0.7066584209441352,445,5.174418604651163,3302.4118738404454,20.0,384,61,0.20833333333333334
2.0,7,15.0,3,5.0,10.0,-1.2,9702,86,0.10822510822510822,0.0999793856936714,0.7917955060812204,520,6.046511627906977,3858.99814471243,20.0,456,64,0.17763157894736842
2.0,7,15.0,3,5.0,10.0,-1.1,9702,86,0.06885178313749743,0.09760874046588332,0.8335394763966193,489,5.686046511627907,3628.9424860853433,15.0,450,39,0.12444444444444444
2.0,7,15.0,3,5.0,10.0,-1.0,9702,86,0.05194805194805195,0.021438878581735724,0.9266130694702124,210,2.441860465116279,1558.4415584415585,30.0,202,8,0.27722772277227725
2.0,7,15.0,3,5.0,10.0,-0.9,9702,86,0.05194805194805195,0.06091527520098949,0.8871366728509585,345,4.011627906976744,2560.2968460111315,20.0,275,70,0.20363636363636364
2.0,7,15.0,3,5.0,10.0,-0.8,9702,86,0.03927025355596784,0.06070913213770356,0.9000206143063286,442,5.1395348837209305,3280.148423005566,15.0,371,71,0.14824797843665768
2.0,7,15.0,3,5.0,10.0,-0.7,9702,86,0.03927025355596784,0.050195835910121625,0.9105339105339105,404,4.6976744186046515,2998.144712430427,15.0,334,70,0.16467065868263472
2.0,7,15.0,3,5.0,10.0,-0.6,9702,86,0.026283240568954855,0.04308390022675737,0.9306328592042877,270,3.13953488372093,2003.7105751391466,22.5,213,57,0.26291079812206575
2.0,7,15.0,3,5.0,10.0,-0.5,9702,86,0.01886209029066172,0.027210884353741496,0.9539270253555968,148,1.7209302325581395,1098.3302411873842,30.0,141,7,0.3971631205673759
2.0,7,15.0,3,5.0,10.0,-0.4,9702,86,0.0009276437847866419,0.0,0.9990723562152134,1,0.011627906976744186,7.421150278293135,530.0,1,0,1.0
2.0,7,15.0,3,5.0,10.0,-0.3,9702,86,0.0009276437847866419,0.0,0.9990723562152134,1,0.011627906976744186,7.421150278293135,530.0,1,0,1.0
2.0,7,15.0,3,5.0,10.0,-0.2,9702,86,0.0,0.050917336631622345,0.9490826633683777,122,1.4186046511627908,905.3803339517626,40.0,116,6,0.4827586206896552
2.0,7,15.0,3,5.0,10.0,-0.1,9702,86,0.0,0.03978561121418264,0.9602143887858173,98,1.1395348837209303,727.2727272727273,40.0,93,5,0.4838709677419355
2.0,7,15.0,3,5.0,10.0,0.0,9702,86,0.0,0.0,1.0,0,0.0,0.0,,0,0,
2.0,7,15.0,3,5.0,10.0,0.1,9702,86,0.0,0.0,1.0,0,0.0,0.0,,0,0,
2.0,7,15.0,3,5.0,10.0,0.2,9702,86,0.0,0.0,1.0,0,0.0,0.0,,0,0,
2.0,7,15.0,3,5.0,10.0,0.3,9702,86,0.0,0.0,1.0,0,0.0,0.0,,0,0,
2.0,7,15.0,3,5.0,10.0,0.4,9702,86,0.0,0.0,1.0,0,0.0,0.0,,0,0,
2.0,7,15.0,3,5.0,10.0,0.5,9702,86,0.0,0.0,1.0,0,0.0,0.0,,0,0,
2.0,7,15.0,3,5.0,10.0,0.6,9702,86,0.0,0.0,1.0,0,0.0,0.0,,0,0,
2.0,7,15.0,3,5.0,10.0,0.7,9702,86,0.0,0.0,1.0,0,0.0,0.0,,0,0,
2.0,7,15.0,3,5.0,10.0,0.8,9702,86,0.0,0.0,1.0,0,0.0,0.0,,0,0,
2.0,7,15.0,3,5.0,10.0,0.9,9702,86,0.0,0.0,1.0,0,0.0,0.0,,0,0,
2.0,7,15.0,3,5.0,10.0,1.0,9702,86,0.0,0.0,1.0,0,0.0,0.0,,0,0,
2.0,7,30.0,1,5.0,0.0,-4.0,9528,85,1.0,0.0,0.0,0,0.0,0.0,,0,0,
2.0,7,30.0,1,5.0,0.0,-3.9,9528,85,1.0,0.0,0.0,0,0.0,0.0,,0,0,
2.0,7,30.0,1,5.0,0.0,-3.8,9528,85,1.0,0.0,0.0,0,0.0,0.0,,0,0,
2.0,7,30.0,1,5.0,0.0,-3.7,9528,85,1.0,0.0,0.0,0,0.0,0.0,,0,0,
2.0,7,30.0,1,5.0,0.0,-3.6,9528,85,1.0,0.0,0.0,0,0.0,0.0,,0,0,
2.0,7,30.0,1,5.0,0.0,-3.5,9528,85,1.0,0.0,0.0,0,0.0,0.0,,0,0,
2.0,7,30.0,1,5.0,0.0,-3.4,9528,85,1.0,0.0,0.0,0,0.0,0.0,,0,0,
2.0,7,30.0,1,5.0,0.0,-3.3,9528,85,1.0,0.0,0.0,0,0.0,0.0,,0,0,
2.0,7,30.0,1,5.0,0.0,-3.2,9528,85,1.0,0.0,0.0,0,0.0,0.0,,0,0,
2.0,7,30.0,1,5.0,0.0,-3.1,9528,85,1.0,0.0,0.0,0,0.0,0.0,,0,0,
2.0,7,30.0,1,5.0,0.0,-3.0,9528,85,1.0,0.0,0.0,0,0.0,0.0,,0,0,
2.0,7,30.0,1,5.0,0.0,-2.9,9528,85,1.0,0.0,0.0,0,0.0,0.0,,0,0,
2.0,7,30.0,1,5.0,0.0,-2.8,9528,85,1.0,0.0,0.0,0,0.0,0.0,,0,0,
2.0,7,30.0,1,5.0,0.0,-2.7,9528,85,1.0,0.0,0.0,0,0.0,0.0,,0,0,
2.0,7,30.0,1,5.0,0.0,-2.6,9528,85,1.0,0.0,0.0,0,0.0,0.0,,0,0,
2.0,7,30.0,1,5.0,0.0,-2.5,9528,85,1.0,0.0,0.0,0,0.0,0.0,,0,0,
2.0,7,30.0,1,5.0,0.0,-2.4,9528,85,1.0,0.0,0.0,0,0.0,0.0,,0,0,
2.0,7,30.0,1,5.0,0.0,-2.3,9528,85,1.0,0.0,0.0,0,0.0,0.0,,0,0,
2.0,7,30.0,1,5.0,0.0,-2.2,9528,85,0.8129722921914357,0.18702770780856423,0.0,248,2.9176470588235293,1874.0554156171283,80.0,241,7,0.7510373443983402
2.0,7,30.0,1,5.0,0.0,-2.1,9528,85,0.7974391267842149,0.20256087321578506,0.0,248,2.9176470588235293,1874.0554156171283,70.0,240,8,0.75
2.0,7,30.0,1,5.0,0.0,-2.0,9528,85,0.4961167086481948,0.4363979848866499,0.06748530646515533,248,2.9176470588235293,1874.0554156171283,80.0,239,9,0.7489539748953975
2.0,7,30.0,1,5.0,0.0,-1.9,9528,85,0.4856213266162888,0.33259865659109994,0.18178001679261124,372,4.376470588235295,2811.083123425693,75.0,361,11,0.33240997229916897
2.0,7,30.0,1,5.0,0.0,-1.8,9528,85,0.48037363560033586,0.13790931989924432,0.3817170445004198,496,5.8352941176470585,3748.1108312342567,65.0,482,14,0.1950207468879668
2.0,7,30.0,1,5.0,0.0,-1.7,9528,85,0.28830814441645675,0.29607472712006716,0.4156171284634761,433,5.094117647058823,3272.0403022670025,80.0,357,76,0.3277310924369748
2.0,7,30.0,1,5.0,0.0,-1.6,9528,85,0.07525188916876574,0.4856213266162888,0.43912678421494544,372,4.376470588235295,2811.083123425693,65.0,297,75,0.39730639730639733
2.0,7,30.0,1,5.0,0.0,-1.5,9528,85,0.07525188916876574,0.47281696053736355,0.4519311502938707,370,4.352941176470588,2795.9697732997483,60.0,296,74,0.3952702702702703
2.0,7,30.0,1,5.0,0.0,-1.4,9528,85,0.07273299748110831,0.3998740554156171,0.5273929471032746,247,2.9058823529411764,1866.4987405541563,60.0,177,70,0.6610169491525424
2.0,7,30.0,1,5.0,0.0,-1.3,9528,85,0.06234256926952141,0.311607892527288,0.6260495382031906,372,4.376470588235295,2811.083123425693,55.0,300,72,0.19
2.0,7,30.0,1,5.0,0.0,-1.2,9528,85,0.05971872376154492,0.25440806045340053,0.6858732157850546,371,4.364705882352941,2803.52644836272,50.0,300,71,0.19
2.0,7,30.0,1,5.0,0.0,-1.1,9528,85,0.054575986565911,0.11933249370277078,0.8260915197313182,309,3.635294117647059,2335.0125944584383,40.0,241,68,0.23651452282157676
2.0,7,30.0,1,5.0,0.0,-1.0,9528,85,0.04408060453400504,0.11691855583543241,0.8390008396305626,307,3.611764705882353,2319.8992443324937,35.0,239,68,0.2384937238493724
2.0,7,30.0,1,5.0,0.0,-0.9,9528,85,0.041561712846347604,0.11167086481947942,0.846767422334173,307,3.611764705882353,2319.8992443324937,30.0,239,68,0.2384937238493724
2.0,7,30.0,1,5.0,0.0,-0.8,9528,85,0.0337951301427372,0.04408060453400504,0.9221242653232578,371,4.364705882352941,2803.52644836272,15.0,302,69,0.18874172185430463
2.0,7,30.0,1,5.0,0.0,-0.7,9528,85,0.03127623845507976,0.03893786733837112,0.9297858942065491,371,4.364705882352941,2803.52644836272,15.0,302,69,0.18874172185430463
2.0,7,30.0,1,5.0,0.0,-0.6,9528,85,0.023404701931150292,0.031066330814441646,0.945528967254408,246,2.8941176470588235,1858.9420654911837,15.0,241,5,0.24066390041493776
2.0,7,30.0,1,5.0,0.0,-0.5,9528,85,0.020780856423173802,0.031171284634760706,0.9480478589420654,246,2.8941176470588235,1858.9420654911837,15.0,241,5,0.24066390041493776
2.0,7,30.0,1,5.0,0.0,-0.4,9528,85,0.0,0.03904282115869018,0.9609571788413098,124,1.4588235294117646,937.0277078085642,30.0,119,5,0.48739495798319327
2.0,7,30.0,1,5.0,0.0,-0.3,9528,85,0.0,0.0337951301427372,0.9662048698572628,123,1.4470588235294117,929.4710327455919,30.0,118,5,0.4830508474576271
2.0,7,30.0,1,5.0,0.0,-0.2,9528,85,0.0,0.031171284634760706,0.9688287153652393,123,1.4470588235294117,929.4710327455919,25.0,118,5,0.4830508474576271
2.0,7,30.0,1,5.0,0.0,-0.1,9528,85,0.0,0.028547439126784216,0.9714525608732157,123,1.4470588235294117,929.4710327455919,25.0,118,5,0.4830508474576271
2.0,7,30.0,1,5.0,0.0,0.0,9528,85,0.0,0.013014273719563391,0.9869857262804366,123,1.4470588235294117,929.4710327455919,10.0,118,5,0.4830508474576271
2.0,7,30.0,1,5.0,0.0,0.1,9528,85,0.0,0.0,1.0,0,0.0,0.0,,0,0,
2.0,7,30.0,1,5.0,0.0,0.2,9528,85,0.0,0.0,1.0,0,0.0,0.0,,0,0,
2.0,7,30.0,1,5.0,0.0,0.3,9528,85,0.0,0.0,1.0,0,0.0,0.0,,0,0,
2.0,7,30.0,1,5.0,0.0,0.4,9528,85,0.0,0.0,1.0,0,0.0,0.0,,0,0,
2.0,7,30.0,1,5.0,0.0,0.5,9528,85,0.0,0.0,1.0,0,0.0,0.0,,0,0,
2.0,7,30.0,1,5.0,0.0,0.6,9528,85,0.0,0.0,1.0,0,0.0,0.0,,0,0,
2.0,7,30.0,1,5.0,0.0,0.7,9528,85,0.0,0.0,1.0,0,0.0,0.0,,0,0,
2.0,7,30.0,1,5.0,0.0,0.8,9528,85,0.0,0.0,1.0,0,0.0,0.0,,0,0,
2.0,7,30.0,1,5.0,0.0,0.9,9528,85,0.0,0.0,1.0,0,0.0,0.0,,0,0,
2.0,7,30.0,1,5.0,0.0,1.0,9528,85,0.0,0.0,1.0,0,0.0,0.0,,0,0,
2.0,7,30.0,2,5.0,5.0,-4.0,9528,85,1.0,0.0,0.0,0,0.0,0.0,,0,0,
2.0,7,30.0,2,5.0,5.0,-3.9,9528,85,1.0,0.0,0.0,0,0.0,0.0,,0,0,
2.0,7,30.0,2,5.0,5.0,-3.8,9528,85,1.0,0.0,0.0,0,0.0,0.0,,0,0,
2.0,7,30.0,2,5.0,5.0,-3.7,9528,85,1.0,0.0,0.0,0,0.0,0.0,,0,0,
2.0,7,30.0,2,5.0,5.0,-3.6,9528,85,1.0,0.0,0.0,0,0.0,0.0,,0,0,
2.0,7,30.0,2,5.0,5.0,-3.5,9528,85,1.0,0.0,0.0,0,0.0,0.0,,0,0,
2.0,7,30.0,2,5.0,5.0,-3.4,9528,85,1.0,0.0,0.0,0,0.0,0.0,,0,0,
2.0,7,30.0,2,5.0,5.0,-3.3,9528,85,1.0,0.0,0.0,0,0.0,0.0,,0,0,
2.0,7,30.0,2,5.0,5.0,-3.2,9528,85,1.0,0.0,0.0,0,0.0,0.0,,0,0,
2.0,7,30.0,2,5.0,5.0,-3.1,9528,85,1.0,0.0,0.0,0,0.0,0.0,,0,0,
2.0,7,30.0,2,5.0,5.0,-3.0,9528,85,1.0,0.0,0.0,0,0.0,0.0,,0,0,
2.0,7,30.0,2,5.0,5.0,-2.9,9528,85,1.0,0.0,0.0,0,0.0,0.0,,0,0,
2.0,7,30.0,2,5.0,5.0,-2.8,9528,85,1.0,0.0,0.0,0,0.0,0.0,,0,0,
2.0,7,30.0,2,5.0,5.0,-2.7,9528,85,1.0,0.0,0.0,0,0.0,0.0,,0,0,
2.0,7,30.0,2,5.0,5.0,-2.6,9528,85,1.0,0.0,0.0,0,0.0,0.0,,0,0,
2.0,7,30.0,2,5.0,5.0,-2.5,9528,85,1.0,0.0,0.0,0,0.0,0.0,,0,0,
2.0,7,30.0,2,5.0,5.0,-2.4,9528,85,1.0,0.0,0.0,0,0.0,0.0,,0,0,
2.0,7,30.0,2,5.0,5.0,-2.3,9528,85,1.0,0.0,0.0,0,0.0,0.0,,0,0,
2.0,7,30.0,2,5.0,5.0,-2.2,9528,85,0.8129722921914357,0.18702770780856423,0.0,248,2.9176470588235293,1874.0554156171283,75.0,239,9,0.7489539748953975
2.0,7,30.0,2,5.0,5.0,-2.1,9528,85,0.7974391267842149,0.20256087321578506,0.0,248,2.9176470588235293,1874.0554156171283,70.0,239,9,0.7489539748953975
2.0,7,30.0,2,5.0,5.0,-2.0,9528,85,0.4961167086481948,0.4363979848866499,0.06748530646515533,248,2.9176470588235293,1874.0554156171283,75.0,239,9,0.7489539748953975
2.0,7,30.0,2,5.0,5.0,-1.9,9528,85,0.4856213266162888,0.33259865659109994,0.18178001679261124,370,4.352941176470588,2795.9697732997483,70.0,359,11,0.3342618384401114
2.0,7,30.0,2,5.0,5.0,-1.8,9528,85,0.48037363560033586,0.13276658270361041,0.38685978169605373,396,4.658823529411765,2992.4433249370277,70.0,383,13,0.2741514360313316
2.0,7,30.0,2,5.0,5.0,-1.7,9528,85,0.2947103274559194,0.28967254408060455,0.4156171284634761,433,5.094117647058823,3272.0403022670025,75.0,357,76,0.3277310924369748
2.0,7,30.0,2,5.0,5.0,-1.6,9528,85,0.07525188916876574,0.4856213266162888,0.43912678421494544,371,4.364705882352941,2803.52644836272,65.0,296,75,0.3952702702702703
2.0,7,30.0,2,5.0,5.0,-1.5,9528,85,0.07525188916876574,0.47281696053736355,0.4519311502938707,370,4.352941176470588,2795.9697732997483,60.0,296,74,0.3952702702702703
2.0,7,30.0,2,5.0,5.0,-1.4,9528,85,0.07273299748110831,0.39976910159529805,0.5274979009235936,246,2.8941176470588235,1858.9420654911837,60.0,177,69,0.6610169491525424
2.0,7,30.0,2,5.0,5.0,-1.3,9528,85,0.06234256926952141,0.311607892527288,0.6260495382031906,370,4.352941176470588,2795.9697732997483,55.0,299,71,0.19063545150501673
2.0,7,30.0,2,5.0,5.0,-1.2,9528,85,0.05971872376154492,0.2543031066330814,0.6859781696053736,369,4.341176470588235,2788.413098236776,50.0,299,70,0.19063545150501673
2.0,7,30.0,2,5.0,5.0,-1.1,9528,85,0.054575986565911,0.11293031066330815,0.8324937027707808,308,3.623529411764706,2327.455919395466,40.0,240,68,0.2375
2.0,7,30.0,2,5.0,5.0,-1.0,9528,85,0.04408060453400504,0.11051637279596978,0.8454030226700252,307,3.611764705882353,2319.8992443324937,35.0,239,68,0.2384937238493724
2.0,7,30.0,2,5.0,5.0,-0.9,9528,85,0.041561712846347604,0.10526868178001679,0.8531696053736356,307,3.611764705882353,2319.8992443324937,30.0,239,68,0.2384937238493724
2.0,7,30.0,2,5.0,5.0,-0.8,9528,85,0.033690176322418136,0.0441855583543241,0.9221242653232578,370,4.352941176470588,2795.9697732997483,15.0,302,68,0.18874172185430463
2.0,7,30.0,2,5.0,5.0,-0.7,9528,85,0.031171284634760706,0.03390008396305626,0.9349286314021831,272,3.2,2055.4156171284635,15.0,253,19,0.22529644268774704
2.0,7,30.0,2,5.0,5.0,-0.6,9528,85,0.023299748110831235,0.03127623845507976,0.945424013434089,246,2.8941176470588235,1858.9420654911837,15.0,240,6,0.2375
2.0,7,30.0,2,5.0,5.0,-0.5,9528,85,0.020675902602854745,0.031381192275398824,0.9479429051217464,246,2.8941176470588235,1858.9420654911837,15.0,240,6,0.2375
2.0,7,30.0,2,5.0,5.0,-0.4,9528,85,0.0,0.03904282115869018,0.9609571788413098,124,1.4588235294117646,937.0277078085642,30.0,119,5,0.48739495798319327
2.0,7,30.0,2,5.0,5.0,-0.3,9528,85,0.0,0.033690176322418136,0.9663098236775819,123,1.4470588235294117,929.4710327455919,30.0,118,5,0.4830508474576271
2.0,7,30.0,2,5.0,5.0,-0.2,9528,85,0.0,0.031066330814441646,0.9689336691855583,123,1.4470588235294117,929.4710327455919,25.0,118,5,0.4830508474576271
2.0,7,30.0,2,5.0,5.0,-0.1,9528,85,0.0,0.028442485306465155,0.9715575146935348,123,1.4470588235294117,929.4710327455919,25.0,118,5,0.4830508474576271
2.0,7,30.0,2,5.0,5.0,0.0,9528,85,0.0,0.012909319899244332,0.9870906801007556,123,1.4470588235294117,929.4710327455919,10.0,118,5,0.4830508474576271
2.0,7,30.0,2,5.0,5.0,0.1,9528,85,0.0,0.0,1.0,0,0.0,0.0,,0,0,
2.0,7,30.0,2,5.0,5.0,0.2,9528,85,0.0,0.0,1.0,0,0.0,0.0,,0,0,
2.0,7,30.0,2,5.0,5.0,0.3,9528,85,0.0,0.0,1.0,0,0.0,0.0,,0,0,
2.0,7,30.0,2,5.0,5.0,0.4,9528,85,0.0,0.0,1.0,0,0.0,0.0,,0,0,
2.0,7,30.0,2,5.0,5.0,0.5,9528,85,0.0,0.0,1.0,0,0.0,0.0,,0,0,
2.0,7,30.0,2,5.0,5.0,0.6,9528,85,0.0,0.0,1.0,0,0.0,0.0,,0,0,
2.0,7,30.0,2,5.0,5.0,0.7,9528,85,0.0,0.0,1.0,0,0.0,0.0,,0,0,
2.0,7,30.0,2,5.0,5.0,0.8,9528,85,0.0,0.0,1.0,0,0.0,0.0,,0,0,
2.0,7,30.0,2,5.0,5.0,0.9,9528,85,0.0,0.0,1.0,0,0.0,0.0,,0,0,
2.0,7,30.0,2,5.0,5.0,1.0,9528,85,0.0,0.0,1.0,0,0.0,0.0,,0,0,
2.0,7,30.0,3,5.0,10.0,-4.0,9528,85,1.0,0.0,0.0,0,0.0,0.0,,0,0,
2.0,7,30.0,3,5.0,10.0,-3.9,9528,85,1.0,0.0,0.0,0,0.0,0.0,,0,0,
2.0,7,30.0,3,5.0,10.0,-3.8,9528,85,1.0,0.0,0.0,0,0.0,0.0,,0,0,
2.0,7,30.0,3,5.0,10.0,-3.7,9528,85,1.0,0.0,0.0,0,0.0,0.0,,0,0,
2.0,7,30.0,3,5.0,10.0,-3.6,9528,85,1.0,0.0,0.0,0,0.0,0.0,,0,0,
2.0,7,30.0,3,5.0,10.0,-3.5,9528,85,1.0,0.0,0.0,0,0.0,0.0,,0,0,
2.0,7,30.0,3,5.0,10.0,-3.4,9528,85,1.0,0.0,0.0,0,0.0,0.0,,0,0,
2.0,7,30.0,3,5.0,10.0,-3.3,9528,85,1.0,0.0,0.0,0,0.0,0.0,,0,0,
2.0,7,30.0,3,5.0,10.0,-3.2,9528,85,1.0,0.0,0.0,0,0.0,0.0,,0,0,
2.0,7,30.0,3,5.0,10.0,-3.1,9528,85,1.0,0.0,0.0,0,0.0,0.0,,0,0,
2.0,7,30.0,3,5.0,10.0,-3.0,9528,85,1.0,0.0,0.0,0,0.0,0.0,,0,0,
2.0,7,30.0,3,5.0,10.0,-2.9,9528,85,1.0,0.0,0.0,0,0.0,0.0,,0,0,
2.0,7,30.0,3,5.0,10.0,-2.8,9528,85,1.0,0.0,0.0,0,0.0,0.0,,0,0,
2.0,7,30.0,3,5.0,10.0,-2.7,9528,85,1.0,0.0,0.0,0,0.0,0.0,,0,0,
2.0,7,30.0,3,5.0,10.0,-2.6,9528,85,1.0,0.0,0.0,0,0.0,0.0,,0,0,
2.0,7,30.0,3,5.0,10.0,-2.5,9528,85,1.0,0.0,0.0,0,0.0,0.0,,0,0,
2.0,7,30.0,3,5.0,10.0,-2.4,9528,85,1.0,0.0,0.0,0,0.0,0.0,,0,0,
2.0,7,30.0,3,5.0,10.0,-2.3,9528,85,1.0,0.0,0.0,0,0.0,0.0,,0,0,
2.0,7,30.0,3,5.0,10.0,-2.2,9528,85,0.8129722921914357,0.18702770780856423,0.0,246,2.8941176470588235,1858.9420654911837,75.0,239,7,0.7489539748953975
2.0,7,30.0,3,5.0,10.0,-2.1,9528,85,0.7974391267842149,0.20256087321578506,0.0,247,2.9058823529411764,1866.4987405541563,70.0,239,8,0.7489539748953975
2.0,7,30.0,3,5.0,10.0,-2.0,9528,85,0.4961167086481948,0.4363979848866499,0.06748530646515533,247,2.9058823529411764,1866.4987405541563,70.0,238,9,0.7478991596638656
2.0,7,30.0,3,5.0,10.0,-1.9,9528,85,0.48572628043660787,0.32462216624685136,0.1896515533165407,333,3.9176470588235293,2516.372795969773,75.0,286,47,0.2937062937062937
2.0,7,30.0,3,5.0,10.0,-1.8,9528,85,0.4882451721242653,0.11429471032745592,0.39746011754827876,295,3.4705882352941178,2229.2191435768264,75.0,246,49,0.1910569105691057
2.0,7,30.0,3,5.0,10.0,-1.7,9528,85,0.3088790931989924,0.2755037783375315,0.4156171284634761,394,4.635294117647059,2977.329974811083,75.0,318,76,0.36477987421383645
2.0,7,30.0,3,5.0,10.0,-1.6,9528,85,0.07525188916876574,0.48572628043660787,0.4390218303946264,371,4.364705882352941,2803.52644836272,65.0,296,75,0.3952702702702703
2.0,7,30.0,3,5.0,10.0,-1.5,9528,85,0.07525188916876574,0.47281696053736355,0.4519311502938707,370,4.352941176470588,2795.9697732997483,60.0,295,75,0.39322033898305087
2.0,7,30.0,3,5.0,10.0,-1.4,9528,85,0.07273299748110831,0.39976910159529805,0.5274979009235936,246,2.8941176470588235,1858.9420654911837,60.0,176,70,0.6590909090909091
2.0,7,30.0,3,5.0,10.0,-1.3,9528,85,0.06234256926952141,0.3038413098236776,0.6338161209068011,332,3.9058823529411764,2508.816120906801,60.0,261,71,0.21839080459770116
2.0,7,30.0,3,5.0,10.0,-1.2,9528,85,0.06780016792611251,0.23845507976490343,0.693744752308984,294,3.458823529411765,2221.6624685138536,60.0,222,72,0.35585585585585583
2.0,7,30.0,3,5.0,10.0,-1.1,9528,85,0.0626574307304786,0.09057514693534845,0.846767422334173,232,2.7294117647058824,1753.1486146095717,55.0,163,69,0.3374233128834356
2.0,7,30.0,3,5.0,10.0,-1.0,9528,85,0.05163727959697733,0.08900083963056256,0.8593618807724601,234,2.7529411764705882,1768.2619647355164,55.0,166,68,0.3373493975903614
2.0,7,30.0,3,5.0,10.0,-0.9,9528,85,0.0491183879093199,0.08354324097397145,0.8673383711167086,233,2.7411764705882353,1760.7052896725443,50.0,165,68,0.3393939393939394
2.0,7,30.0,3,5.0,10.0,-0.8,9528,85,0.04135180520570949,0.015848026868178003,0.9428001679261125,172,2.023529411764706,1299.7481108312343,35.0,165,7,0.3393939393939394
2.0,7,30.0,3,5.0,10.0,-0.7,9528,85,0.038832913518052056,0.015848026868178003,0.9453190596137699,172,2.023529411764706,1299.7481108312343,35.0,165,7,0.3393939393939394
2.0,7,30.0,3,5.0,10.0,-0.6,9528,85,0.030751469353484467,0.01616288832913518,0.9530856423173804,173,2.0352941176470587,1307.3047858942066,30.0,166,7,0.3373493975903614
2.0,7,30.0,3,5.0,10.0,-0.5,9528,85,0.028127623845507977,0.01647774979009236,0.9553946263643996,174,2.0470588235294116,1314.861460957179,25.0,167,7,0.33532934131736525
2.0,7,30.0,3,5.0,10.0,-0.4,9528,85,0.0,0.03904282115869018,0.9609571788413098,124,1.4588235294117646,937.0277078085642,30.0,118,6,0.4830508474576271
2.0,7,30.0,3,5.0,10.0,-0.3,9528,85,0.0,0.033585222502099076,0.966414777497901,123,1.4470588235294117,929.4710327455919,30.0,117,6,0.47863247863247865
2.0,7,30.0,3,5.0,10.0,-0.2,9528,85,0.0,0.030961376994122585,0.9690386230058774,123,1.4470588235294117,929.4710327455919,25.0,117,6,0.47863247863247865
2.0,7,30.0,3,5.0,10.0,-0.1,9528,85,0.0,0.028337531486146095,0.9716624685138538,123,1.4470588235294117,929.4710327455919,25.0,117,6,0.47863247863247865
2.0,7,30.0,3,5.0,10.0,0.0,9528,85,0.0,0.0,1.0,0,0.0,0.0,,0,0,
2.0,7,30.0,3,5.0,10.0,0.1,9528,85,0.0,0.0,1.0,0,0.0,0.0,,0,0,
2.0,7,30.0,3,5.0,10.0,0.2,9528,85,0.0,0.0,1.0,0,0.0,0.0,,0,0,
2.0,7,30.0,3,5.0,10.0,0.3,9528,85,0.0,0.0,1.0,0,0.0,0.0,,0,0,
2.0,7,30.0,3,5.0,10.0,0.4,9528,85,0.0,0.0,1.0,0,0.0,0.0,,0,0,
2.0,7,30.0,3,5.0,10.0,0.5,9528,85,0.0,0.0,1.0,0,0.0,0.0,,0,0,
2.0,7,30.0,3,5.0,10.0,0.6,9528,85,0.0,0.0,1.0,0,0.0,0.0,,0,0,
2.0,7,30.0,3,5.0,10.0,0.7,9528,85,0.0,0.0,1.0,0,0.0,0.0,,0,0,
2.0,7,30.0,3,5.0,10.0,0.8,9528,85,0.0,0.0,1.0,0,0.0,0.0,,0,0,
2.0,7,30.0,3,5.0,10.0,0.9,9528,85,0.0,0.0,1.0,0,0.0,0.0,,0,0,
2.0,7,30.0,3,5.0,10.0,1.0,9528,85,0.0,0.0,1.0,0,0.0,0.0,,0,0,
2.0,7,60.0,1,5.0,0.0,-4.0,9157,84,1.0,0.0,0.0,0,0.0,0.0,,0,0,
2.0,7,60.0,1,5.0,0.0,-3.9,9157,84,1.0,0.0,0.0,0,0.0,0.0,,0,0,
2.0,7,60.0,1,5.0,0.0,-3.8,9157,84,1.0,0.0,0.0,0,0.0,0.0,,0,0,
2.0,7,60.0,1,5.0,0.0,-3.7,9157,84,1.0,0.0,0.0,0,0.0,0.0,,0,0,
2.0,7,60.0,1,5.0,0.0,-3.6,9157,84,1.0,0.0,0.0,0,0.0,0.0,,0,0,
2.0,7,60.0,1,5.0,0.0,-3.5,9157,84,1.0,0.0,0.0,0,0.0,0.0,,0,0,
2.0,7,60.0,1,5.0,0.0,-3.4,9157,84,1.0,0.0,0.0,0,0.0,0.0,,0,0,
2.0,7,60.0,1,5.0,0.0,-3.3,9157,84,1.0,0.0,0.0,0,0.0,0.0,,0,0,
2.0,7,60.0,1,5.0,0.0,-3.2,9157,84,1.0,0.0,0.0,0,0.0,0.0,,0,0,
2.0,7,60.0,1,5.0,0.0,-3.1,9157,84,1.0,0.0,0.0,0,0.0,0.0,,0,0,
2.0,7,60.0,1,5.0,0.0,-3.0,9157,84,1.0,0.0,0.0,0,0.0,0.0,,0,0,
2.0,7,60.0,1,5.0,0.0,-2.9,9157,84,1.0,0.0,0.0,0,0.0,0.0,,0,0,
2.0,7,60.0,1,5.0,0.0,-2.8,9157,84,1.0,0.0,0.0,0,0.0,0.0,,0,0,
2.0,7,60.0,1,5.0,0.0,-2.7,9157,84,1.0,0.0,0.0,0,0.0,0.0,,0,0,
2.0,7,60.0,1,5.0,0.0,-2.6,9157,84,1.0,0.0,0.0,0,0.0,0.0,,0,0,
2.0,7,60.0,1,5.0,0.0,-2.5,9157,84,1.0,0.0,0.0,0,0.0,0.0,,0,0,
2.0,7,60.0,1,5.0,0.0,-2.4,9157,84,1.0,0.0,0.0,0,0.0,0.0,,0,0,
2.0,7,60.0,1,5.0,0.0,-2.3,9157,84,1.0,0.0,0.0,0,0.0,0.0,,0,0,
2.0,7,60.0,1,5.0,0.0,-2.2,9157,84,0.8568308397946925,0.14316916020530743,0.0,372,4.428571428571429,2924.975428633832,25.0,365,7,0.3315068493150685
2.0,7,60.0,1,5.0,0.0,-2.1,9157,84,0.7243638746314295,0.2756361253685705,0.0,348,4.142857142857143,2736.267336463907,50.0,328,20,0.5121951219512195
2.0,7,60.0,1,5.0,0.0,-2.0,9157,84,0.47559244293982744,0.48935240799388446,0.03505514906628809,248,2.9523809523809526,1949.9836190892213,55.0,228,20,0.7324561403508771
2.0,7,60.0,1,5.0,0.0,-1.9,9157,84,0.4350769902806596,0.39204979796876704,0.17287321175057332,495,5.892857142857143,3892.104401004696,50.0,423,72,0.14184397163120568
2.0,7,60.0,1,5.0,0.0,-1.8,9157,84,0.42699574096319753,0.2081467729605766,0.3648574860762258,372,4.428571428571429,2924.975428633832,50.0,299,73,0.19063545150501673
2.0,7,60.0,1,5.0,0.0,-1.7,9157,84,0.2783662771650104,0.28371737468603253,0.4379163481489571,532,6.333333333333333,4183.02937643333,55.0,457,75,0.25820568927789933
2.0,7,60.0,1,5.0,0.0,-1.6,9157,84,0.09184230643223763,0.39467074369334937,0.513486949874413,371,4.416666666666667,2917.1125914600852,60.0,297,74,0.3939393939393939
2.0,7,60.0,1,5.0,0.0,-1.5,9157,84,0.08922136070765535,0.3648574860762258,0.5459211532161188,371,4.416666666666667,2917.1125914600852,60.0,299,72,0.39464882943143814
2.0,7,60.0,1,5.0,0.0,-1.4,9157,84,0.0811401113901933,0.34574642350114665,0.57311346510866,248,2.9523809523809526,1949.9836190892213,50.0,180,68,0.6611111111111111
2.0,7,60.0,1,5.0,0.0,-1.3,9157,84,0.03505514906628809,0.3028284372611117,0.6621164136726002,371,4.416666666666667,2917.1125914600852,40.0,300,71,0.19
2.0,7,60.0,1,5.0,0.0,-1.2,9157,84,0.0324342033417058,0.21622802227803867,0.7513377743802555,558,6.642857142857143,4387.463142950748,30.0,484,74,0.11776859504132231
2.0,7,60.0,1,5.0,0.0,-1.1,9157,84,0.026973899748826035,0.14043900840886753,0.8325870918423064,310,3.6904761904761907,2437.4795238615266,35.0,240,70,0.2375
2.0,7,60.0,1,5.0,0.0,-1.0,9157,84,0.013541552910341814,0.13235775909140549,0.8541006879982527,309,3.6785714285714284,2429.6166866877797,30.0,241,68,0.24066390041493776
2.0,7,60.0,1,5.0,0.0,-0.9,9157,84,0.010811401113901933,0.10276291361799716,0.886425685268101,357,4.25,2807.032871027629,25.0,289,68,0.1972318339100346
2.0,7,60.0,1,5.0,0.0,-0.8,9157,84,0.0,0.05405700556950967,0.9459429944304903,124,1.4761904761904763,974.9918095446106,40.0,118,6,0.4830508474576271
2.0,7,60.0,1,5.0,0.0,-0.7,9157,84,0.0,0.05132685377306978,0.9486731462269302,124,1.4761904761904763,974.9918095446106,40.0,118,6,0.4830508474576271
2.0,7,60.0,1,5.0,0.0,-0.6,9157,84,0.0,0.04324560445560773,0.9567543955443922,124,1.4761904761904763,974.9918095446106,35.0,118,6,0.4830508474576271
2.0,7,60.0,1,5.0,0.0,-0.5,9157,84,0.0,0.04051545265916785,0.9594845473408321,124,1.4761904761904763,974.9918095446106,30.0,118,6,0.4830508474576271
2.0,7,60.0,1,5.0,0.0,-0.4,9157,84,0.0,0.0,1.0,0,0.0,0.0,,0,0,
2.0,7,60.0,1,5.0,0.0,-0.3,9157,84,0.0,0.0,1.0,0,0.0,0.0,,0,0,
2.0,7,60.0,1,5.0,0.0,-0.2,9157,84,0.0,0.0,1.0,0,0.0,0.0,,0,0,
2.0,7,60.0,1,5.0,0.0,-0.1,9157,84,0.0,0.0,1.0,0,0.0,0.0,,0,0,
2.0,7,60.0,1,5.0,0.0,0.0,9157,84,0.0,0.0,1.0,0,0.0,0.0,,0,0,
2.0,7,60.0,1,5.0,0.0,0.1,9157,84,0.0,0.0,1.0,0,0.0,0.0,,0,0,
2.0,7,60.0,1,5.0,0.0,0.2,9157,84,0.0,0.0,1.0,0,0.0,0.0,,0,0,
2.0,7,60.0,1,5.0,0.0,0.3,9157,84,0.0,0.0,1.0,0,0.0,0.0,,0,0,
2.0,7,60.0,1,5.0,0.0,0.4,9157,84,0.0,0.0,1.0,0,0.0,0.0,,0,0,
2.0,7,60.0,1,5.0,0.0,0.5,9157,84,0.0,0.0,1.0,0,0.0,0.0,,0,0,
2.0,7,60.0,1,5.0,0.0,0.6,9157,84,0.0,0.0,1.0,0,0.0,0.0,,0,0,
2.0,7,60.0,1,5.0,0.0,0.7,9157,84,0.0,0.0,1.0,0,0.0,0.0,,0,0,
2.0,7,60.0,1,5.0,0.0,0.8,9157,84,0.0,0.0,1.0,0,0.0,0.0,,0,0,
2.0,7,60.0,1,5.0,0.0,0.9,9157,84,0.0,0.0,1.0,0,0.0,0.0,,0,0,
2.0,7,60.0,1,5.0,0.0,1.0,9157,84,0.0,0.0,1.0,0,0.0,0.0,,0,0,
2.0,7,60.0,2,5.0,5.0,-4.0,9157,84,1.0,0.0,0.0,0,0.0,0.0,,0,0,
2.0,7,60.0,2,5.0,5.0,-3.9,9157,84,1.0,0.0,0.0,0,0.0,0.0,,0,0,
2.0,7,60.0,2,5.0,5.0,-3.8,9157,84,1.0,0.0,0.0,0,0.0,0.0,,0,0,
2.0,7,60.0,2,5.0,5.0,-3.7,9157,84,1.0,0.0,0.0,0,0.0,0.0,,0,0,
2.0,7,60.0,2,5.0,5.0,-3.6,9157,84,1.0,0.0,0.0,0,0.0,0.0,,0,0,
2.0,7,60.0,2,5.0,5.0,-3.5,9157,84,1.0,0.0,0.0,0,0.0,0.0,,0,0,
2.0,7,60.0,2,5.0,5.0,-3.4,9157,84,1.0,0.0,0.0,0,0.0,0.0,,0,0,
2.0,7,60.0,2,5.0,5.0,-3.3,9157,84,1.0,0.0,0.0,0,0.0,0.0,,0,0,
2.0,7,60.0,2,5.0,5.0,-3.2,9157,84,1.0,0.0,0.0,0,0.0,0.0,,0,0,
2.0,7,60.0,2,5.0,5.0,-3.1,9157,84,1.0,0.0,0.0,0,0.0,0.0,,0,0,
2.0,7,60.0,2,5.0,5.0,-3.0,9157,84,1.0,0.0,0.0,0,0.0,0.0,,0,0,
2.0,7,60.0,2,5.0,5.0,-2.9,9157,84,1.0,0.0,0.0,0,0.0,0.0,,0,0,
2.0,7,60.0,2,5.0,5.0,-2.8,9157,84,1.0,0.0,0.0,0,0.0,0.0,,0,0,
2.0,7,60.0,2,5.0,5.0,-2.7,9157,84,1.0,0.0,0.0,0,0.0,0.0,,0,0,
2.0,7,60.0,2,5.0,5.0,-2.6,9157,84,1.0,0.0,0.0,0,0.0,0.0,,0,0,
2.0,7,60.0,2,5.0,5.0,-2.5,9157,84,1.0,0.0,0.0,0,0.0,0.0,,0,0,
2.0,7,60.0,2,5.0,5.0,-2.4,9157,84,1.0,0.0,0.0,0,0.0,0.0,,0,0,
2.0,7,60.0,2,5.0,5.0,-2.3,9157,84,1.0,0.0,0.0,0,0.0,0.0,,0,0,
2.0,7,60.0,2,5.0,5.0,-2.2,9157,84,0.8541006879982527,0.1458993120017473,0.0,321,3.8214285714285716,2523.970732772742,60.0,314,7,0.4554140127388535
2.0,7,60.0,2,5.0,5.0,-2.1,9157,84,0.7189035710385497,0.28109642896145026,0.0,248,2.9523809523809526,1949.9836190892213,50.0,179,69,0.659217877094972
2.0,7,60.0,2,5.0,5.0,-2.0,9157,84,0.47559244293982744,0.48935240799388446,0.03505514906628809,248,2.9523809523809526,1949.9836190892213,50.0,180,68,0.6611111111111111
2.0,7,60.0,2,5.0,5.0,-1.9,9157,84,0.4350769902806596,0.3868079065196025,0.17811510319973792,395,4.7023809523809526,3105.82068363001,55.0,322,73,0.18322981366459629
2.0,7,60.0,2,5.0,5.0,-1.8,9157,84,0.42699574096319753,0.2081467729605766,0.3648574860762258,371,4.416666666666667,2917.1125914600852,45.0,298,73,0.1912751677852349
2.0,7,60.0,2,5.0,5.0,-1.7,9157,84,0.29048815114120347,0.27159550070983945,0.4379163481489571,433,5.154761904761905,3404.6084962323903,70.0,357,76,0.3277310924369748
2.0,7,60.0,2,5.0,5.0,-1.6,9157,84,0.09195151250409522,0.39456153762149176,0.513486949874413,371,4.416666666666667,2917.1125914600852,55.0,297,74,0.3939393939393939
2.0,7,60.0,2,5.0,5.0,-1.5,9157,84,0.08933056677951294,0.36474828000436826,0.5459211532161188,371,4.416666666666667,2917.1125914600852,55.0,298,73,0.3926174496644295
2.0,7,60.0,2,5.0,5.0,-1.4,9157,84,0.0811401113901933,0.34574642350114665,0.57311346510866,248,2.9523809523809526,1949.9836190892213,45.0,178,70,0.6573033707865169
2.0,7,60.0,2,5.0,5.0,-1.3,9157,84,0.03505514906628809,0.30271923118925415,0.6622256197444578,371,4.416666666666667,2917.1125914600852,40.0,300,71,0.19
2.0,7,60.0,2,5.0,5.0,-1.2,9157,84,0.0324342033417058,0.20945724582286776,0.7581085508354265,556,6.619047619047619,4371.7374686032545,30.0,482,74,0.11825726141078838
2.0,7,60.0,2,5.0,5.0,-1.1,9157,84,0.026973899748826035,0.13366823195369662,0.8393578682974774,308,3.6666666666666665,2421.753849514033,35.0,240,68,0.2375
2.0,7,60.0,2,5.0,5.0,-1.0,9157,84,0.013541552910341814,0.12569618870809218,0.8607622583815661,307,3.6547619047619047,2413.891012340286,30.0,240,67,0.24166666666666667
2.0,7,60.0,2,5.0,5.0,-0.9,9157,84,0.008299661461177242,0.10374576826471552,0.8879545702741073,260,3.0952380952380953,2044.3376651741835,25.0,192,68,0.296875
2.0,7,60.0,2,5.0,5.0,-0.8,9157,84,0.0,0.05405700556950967,0.9459429944304903,124,1.4761904761904763,974.9918095446106,40.0,118,6,0.4830508474576271
2.0,7,60.0,2,5.0,5.0,-0.7,9157,84,0.0,0.05132685377306978,0.9486731462269302,124,1.4761904761904763,974.9918095446106,40.0,118,6,0.4830508474576271
2.0,7,60.0,2,5.0,5.0,-0.6,9157,84,0.0,0.04324560445560773,0.9567543955443922,124,1.4761904761904763,974.9918095446106,35.0,118,6,0.4830508474576271
2.0,7,60.0,2,5.0,5.0,-0.5,9157,84,0.0,0.04051545265916785,0.9594845473408321,124,1.4761904761904763,974.9918095446106,30.0,118,6,0.4830508474576271
2.0,7,60.0,2,5.0,5.0,-0.4,9157,84,0.0,0.0,1.0,0,0.0,0.0,,0,0,
2.0,7,60.0,2,5.0,5.0,-0.3,9157,84,0.0,0.0,1.0,0,0.0,0.0,,0,0,
2.0,7,60.0,2,5.0,5.0,-0.2,9157,84,0.0,0.0,1.0,0,0.0,0.0,,0,0,
2.0,7,60.0,2,5.0,5.0,-0.1,9157,84,0.0,0.0,1.0,0,0.0,0.0,,0,0,
2.0,7,60.0,2,5.0,5.0,0.0,9157,84,0.0,0.0,1.0,0,0.0,0.0,,0,0,
2.0,7,60.0,2,5.0,5.0,0.1,9157,84,0.0,0.0,1.0,0,0.0,0.0,,0,0,
2.0,7,60.0,2,5.0,5.0,0.2,9157,84,0.0,0.0,1.0,0,0.0,0.0,,0,0,
2.0,7,60.0,2,5.0,5.0,0.3,9157,84,0.0,0.0,1.0,0,0.0,0.0,,0,0,
2.0,7,60.0,2,5.0,5.0,0.4,9157,84,0.0,0.0,1.0,0,0.0,0.0,,0,0,
2.0,7,60.0,2,5.0,5.0,0.5,9157,84,0.0,0.0,1.0,0,0.0,0.0,,0,0,
2.0,7,60.0,2,5.0,5.0,0.6,9157,84,0.0,0.0,1.0,0,0.0,0.0,,0,0,
2.0,7,60.0,2,5.0,5.0,0.7,9157,84,0.0,0.0,1.0,0,0.0,0.0,,0,0,
2.0,7,60.0,2,5.0,5.0,0.8,9157,84,0.0,0.0,1.0,0,0.0,0.0,,0,0,
2.0,7,60.0,2,5.0,5.0,0.9,9157,84,0.0,0.0,1.0,0,0.0,0.0,,0,0,
2.0,7,60.0,2,5.0,5.0,1.0,9157,84,0.0,0.0,1.0,0,0.0,0.0,,0,0,
2.0,7,60.0,3,5.0,10.0,-4.0,9157,84,1.0,0.0,0.0,0,0.0,0.0,,0,0,
2.0,7,60.0,3,5.0,10.0,-3.9,9157,84,1.0,0.0,0.0,0,0.0,0.0,,0,0,
2.0,7,60.0,3,5.0,10.0,-3.8,9157,84,1.0,0.0,0.0,0,0.0,0.0,,0,0,
2.0,7,60.0,3,5.0,10.0,-3.7,9157,84,1.0,0.0,0.0,0,0.0,0.0,,0,0,
2.0,7,60.0,3,5.0,10.0,-3.6,9157,84,1.0,0.0,0.0,0,0.0,0.0,,0,0,
2.0,7,60.0,3,5.0,10.0,-3.5,9157,84,1.0,0.0,0.0,0,0.0,0.0,,0,0,
2.0,7,60.0,3,5.0,10.0,-3.4,9157,84,1.0,0.0,0.0,0,0.0,0.0,,0,0,
2.0,7,60.0,3,5.0,10.0,-3.3,9157,84,1.0,0.0,0.0,0,0.0,0.0,,0,0,
2.0,7,60.0,3,5.0,10.0,-3.2,9157,84,1.0,0.0,0.0,0,0.0,0.0,,0,0,
2.0,7,60.0,3,5.0,10.0,-3.1,9157,84,1.0,0.0,0.0,0,0.0,0.0,,0,0,
2.0,7,60.0,3,5.0,10.0,-3.0,9157,84,1.0,0.0,0.0,0,0.0,0.0,,0,0,
2.0,7,60.0,3,5.0,10.0,-2.9,9157,84,1.0,0.0,0.0,0,0.0,0.0,,0,0,
2.0,7,60.0,3,5.0,10.0,-2.8,9157,84,1.0,0.0,0.0,0,0.0,0.0,,0,0,
2.0,7,60.0,3,5.0,10.0,-2.7,9157,84,1.0,0.0,0.0,0,0.0,0.0,,0,0,
2.0,7,60.0,3,5.0,10.0,-2.6,9157,84,1.0,0.0,0.0,0,0.0,0.0,,0,0,
2.0,7,60.0,3,5.0,10.0,-2.5,9157,84,1.0,0.0,0.0,0,0.0,0.0,,0,0,
2.0,7,60.0,3,5.0,10.0,-2.4,9157,84,1.0,0.0,0.0,0,0.0,0.0,,0,0,
2.0,7,60.0,3,5.0,10.0,-2.3,9157,84,1.0,0.0,0.0,0,0.0,0.0,,0,0,
2.0,7,60.0,3,5.0,10.0,-2.2,9157,84,0.845910232608933,0.15408976739106695,0.0,247,2.9404761904761907,1942.1207819154745,70.0,240,7,0.7458333333333333
2.0,7,60.0,3,5.0,10.0,-2.1,9157,84,0.7189035710385497,0.28109642896145026,0.0,247,2.9404761904761907,1942.1207819154745,45.0,178,69,0.6629213483146067
2.0,7,60.0,3,5.0,10.0,-2.0,9157,84,0.47559244293982744,0.48935240799388446,0.03505514906628809,248,2.9523809523809526,1949.9836190892213,45.0,180,68,0.6611111111111111
2.0,7,60.0,3,5.0,10.0,-1.9,9157,84,0.4350769902806596,0.38396854865130503,0.1809544610680354,368,4.380952380952381,2893.524079938845,55.0,296,72,0.19932432432432431
2.0,7,60.0,3,5.0,10.0,-1.8,9157,84,0.42699574096319753,0.20803756688871902,0.3649666921480834,370,4.404761904761905,2909.249754286338,40.0,297,73,0.1919191919191919
2.0,7,60.0,3,5.0,10.0,-1.7,9157,84,0.29725892759637434,0.26471551818281097,0.4380255542208147,431,5.130952380952381,3388.8828218848967,65.0,356,75,0.32865168539325845
2.0,7,60.0,3,5.0,10.0,-1.6,9157,84,0.09206071857595283,0.39445233154963416,0.513486949874413,369,4.392857142857143,2901.386917112591,50.0,295,74,0.39322033898305087
2.0,7,60.0,3,5.0,10.0,-1.5,9157,84,0.08943977285137053,0.35109752102216885,0.5594627061264607,247,2.9404761904761907,1942.1207819154745,50.0,177,70,0.655367231638418
2.0,7,60.0,3,5.0,10.0,-1.4,9157,84,0.0811401113901933,0.34574642350114665,0.57311346510866,248,2.9523809523809526,1949.9836190892213,40.0,178,70,0.6573033707865169
2.0,7,60.0,3,5.0,10.0,-1.3,9157,84,0.03505514906628809,0.30261002511739654,0.6623348258163154,371,4.416666666666667,2917.1125914600852,40.0,300,71,0.19
2.0,7,60.0,3,5.0,10.0,-1.2,9157,84,0.0324342033417058,0.21579119799060828,0.7517745986676859,434,5.166666666666667,3412.4713334061375,40.0,360,74,0.15833333333333333
2.0,7,60.0,3,5.0,10.0,-1.1,9157,84,0.026973899748826035,0.12711586764224092,0.845910232608933,307,3.6547619047619047,2413.891012340286,30.0,239,68,0.2384937238493724
2.0,7,60.0,3,5.0,10.0,-1.0,9157,84,0.00032761821557278587,0.13235775909140549,0.8673146226930217,185,2.2023809523809526,1454.624877143169,70.0,117,68,0.48717948717948717
2.0,7,60.0,3,5.0,10.0,-0.9,9157,84,0.00032761821557278587,0.10483782898329147,0.8948345528011358,186,2.2142857142857144,1462.487714316916,60.0,117,69,0.47863247863247865
2.0,7,60.0,3,5.0,10.0,-0.8,9157,84,0.0,0.05405700556950967,0.9459429944304903,123,1.4642857142857142,967.1289723708637,40.0,117,6,0.48717948717948717
2.0,7,60.0,3,5.0,10.0,-0.7,9157,84,0.0,0.05132685377306978,0.9486731462269302,123,1.4642857142857142,967.1289723708637,40.0,117,6,0.48717948717948717
2.0,7,60.0,3,5.0,10.0,-0.6,9157,84,0.0,0.04324560445560773,0.9567543955443922,122,1.4523809523809523,959.2661351971169,35.0,117,5,0.48717948717948717
2.0,7,60.0,3,5.0,10.0,-0.5,9157,84,0.0,0.04051545265916785,0.9594845473408321,122,1.4523809523809523,959.2661351971169,32.5,117,5,0.48717948717948717
2.0,7,60.0,3,5.0,10.0,-0.4,9157,84,0.0,0.0,1.0,0,0.0,0.0,,0,0,
2.0,7,60.0,3,5.0,10.0,-0.3,9157,84,0.0,0.0,1.0,0,0.0,0.0,,0,0,
2.0,7,60.0,3,5.0,10.0,-0.2,9157,84,0.0,0.0,1.0,0,0.0,0.0,,0,0,
2.0,7,60.0,3,5.0,10.0,-0.1,9157,84,0.0,0.0,1.0,0,0.0,0.0,,0,0,
2.0,7,60.0,3,5.0,10.0,0.0,9157,84,0.0,0.0,1.0,0,0.0,0.0,,0,0,
2.0,7,60.0,3,5.0,10.0,0.1,9157,84,0.0,0.0,1.0,0,0.0,0.0,,0,0,
2.0,7,60.0,3,5.0,10.0,0.2,9157,84,0.0,0.0,1.0,0,0.0,0.0,,0,0,
2.0,7,60.0,3,5.0,10.0,0.3,9157,84,0.0,0.0,1.0,0,0.0,0.0,,0,0,
2.0,7,60.0,3,5.0,10.0,0.4,9157,84,0.0,0.0,1.0,0,0.0,0.0,,0,0,
2.0,7,60.0,3,5.0,10.0,0.5,9157,84,0.0,0.0,1.0,0,0.0,0.0,,0,0,
2.0,7,60.0,3,5.0,10.0,0.6,9157,84,0.0,0.0,1.0,0,0.0,0.0,,0,0,
2.0,7,60.0,3,5.0,10.0,0.7,9157,84,0.0,0.0,1.0,0,0.0,0.0,,0,0,
2.0,7,60.0,3,5.0,10.0,0.8,9157,84,0.0,0.0,1.0,0,0.0,0.0,,0,0,
2.0,7,60.0,3,5.0,10.0,0.9,9157,84,0.0,0.0,1.0,0,0.0,0.0,,0,0,
2.0,7,60.0,3,5.0,10.0,1.0,9157,84,0.0,0.0,1.0,0,0.0,0.0,,0,0,
2.0,7,120.0,1,5.0,0.0,-4.0,8414,83,1.0,0.0,0.0,0,0.0,0.0,,0,0,
2.0,7,120.0,1,5.0,0.0,-3.9,8414,83,1.0,0.0,0.0,0,0.0,0.0,,0,0,
2.0,7,120.0,1,5.0,0.0,-3.8,8414,83,1.0,0.0,0.0,0,0.0,0.0,,0,0,
2.0,7,120.0,1,5.0,0.0,-3.7,8414,83,1.0,0.0,0.0,0,0.0,0.0,,0,0,
2.0,7,120.0,1,5.0,0.0,-3.6,8414,83,1.0,0.0,0.0,0,0.0,0.0,,0,0,
2.0,7,120.0,1,5.0,0.0,-3.5,8414,83,1.0,0.0,0.0,0,0.0,0.0,,0,0,
2.0,7,120.0,1,5.0,0.0,-3.4,8414,83,1.0,0.0,0.0,0,0.0,0.0,,0,0,
2.0,7,120.0,1,5.0,0.0,-3.3,8414,83,1.0,0.0,0.0,0,0.0,0.0,,0,0,
2.0,7,120.0,1,5.0,0.0,-3.2,8414,83,1.0,0.0,0.0,0,0.0,0.0,,0,0,
2.0,7,120.0,1,5.0,0.0,-3.1,8414,83,1.0,0.0,0.0,0,0.0,0.0,,0,0,
2.0,7,120.0,1,5.0,0.0,-3.0,8414,83,1.0,0.0,0.0,0,0.0,0.0,,0,0,
2.0,7,120.0,1,5.0,0.0,-2.9,8414,83,1.0,0.0,0.0,0,0.0,0.0,,0,0,
2.0,7,120.0,1,5.0,0.0,-2.8,8414,83,1.0,0.0,0.0,0,0.0,0.0,,0,0,
2.0,7,120.0,1,5.0,0.0,-2.7,8414,83,1.0,0.0,0.0,0,0.0,0.0,,0,0,
2.0,7,120.0,1,5.0,0.0,-2.6,8414,83,1.0,0.0,0.0,0,0.0,0.0,,0,0,
2.0,7,120.0,1,5.0,0.0,-2.5,8414,83,1.0,0.0,0.0,0,0.0,0.0,,0,0,
2.0,7,120.0,1,5.0,0.0,-2.4,8414,83,1.0,0.0,0.0,0,0.0,0.0,,0,0,
2.0,7,120.0,1,5.0,0.0,-2.3,8414,83,1.0,0.0,0.0,0,0.0,0.0,,0,0,
2.0,7,120.0,1,5.0,0.0,-2.2,8414,83,0.9030187782267649,0.09698122177323508,0.0,372,4.481927710843373,3183.2659852626575,20.0,355,17,0.1352112676056338
2.0,7,120.0,1,5.0,0.0,-2.1,8414,83,0.6676966959828856,0.33230330401711433,0.0,496,5.975903614457831,4244.354647016877,20.0,428,68,0.2803738317757009
2.0,7,120.0,1,5.0,0.0,-2.0,8414,83,0.4411694794390302,0.5588305205609698,0.0,174,2.0963855421686746,1488.946993106727,25.0,109,65,0.5504587155963303
2.0,7,120.0,1,5.0,0.0,-1.9,8414,83,0.36177798906584263,0.5149750415973378,0.12324696933681958,679,8.180722891566266,5810.316139767056,20.0,608,71,0.09868421052631579
2.0,7,120.0,1,5.0,0.0,-1.8,8414,83,0.3470406465414785,0.35001188495364866,0.3029474685048728,407,4.903614457831325,3482.7668172094127,60.0,336,71,0.17261904761904762
2.0,7,120.0,1,5.0,0.0,-1.7,8414,83,0.28821012598050866,0.20287615878298074,0.5089137152365105,434,5.228915662650603,3713.8103161397667,55.0,361,73,0.3296398891966759
2.0,7,120.0,1,5.0,0.0,-1.6,8414,83,0.09400998336106489,0.3029474685048728,0.6030425481340623,471,5.674698795180723,4030.425481340623,25.0,401,70,0.2942643391521197
2.0,7,120.0,1,5.0,0.0,-1.5,8414,83,0.0880675065367245,0.2854765866413121,0.6264559068219634,369,4.445783132530121,3157.594485381507,25.0,300,69,0.27
2.0,7,120.0,1,5.0,0.0,-1.4,8414,83,0.03220822438792489,0.3060375564535298,0.6617542191585453,408,4.9156626506024095,3491.323983836463,10.0,352,56,0.16193181818181818
2.0,7,120.0,1,5.0,0.0,-1.3,8414,83,0.0,0.30877109579272644,0.6912289042072736,62,0.7469879518072289,530.5443308771096,470.0,57,5,1.0
2.0,7,120.0,1,5.0,0.0,-1.2,8414,83,0.0,0.16757784644639886,0.8324221535536012,124,1.4939759036144578,1061.0886617542192,115.0,117,7,1.0
2.0,7,120.0,1,5.0,0.0,-1.1,8414,83,0.0,0.12360351794628001,0.87639648205372,124,1.4939759036144578,1061.0886617542192,85.0,117,7,0.49572649572649574
2.0,7,120.0,1,5.0,0.0,-1.0,8414,83,0.0,0.04409317803660566,0.9559068219633944,223,2.6867469879518073,1908.2481578321847,25.0,217,6,0.2626728110599078
2.0,7,120.0,1,5.0,0.0,-0.9,8414,83,0.0,0.014618492987877348,0.9853815070121227,123,1.4819277108433735,1052.531495127169,25.0,119,4,0.48739495798319327
2.0,7,120.0,1,5.0,0.0,-0.8,8414,83,0.0,0.0,1.0,0,0.0,0.0,,0,0,
2.0,7,120.0,1,5.0,0.0,-0.7,8414,83,0.0,0.0,1.0,0,0.0,0.0,,0,0,
2.0,7,120.0,1,5.0,0.0,-0.6,8414,83,0.0,0.0,1.0,0,0.0,0.0,,0,0,
2.0,7,120.0,1,5.0,0.0,-0.5,8414,83,0.0,0.0,1.0,0,0.0,0.0,,0,0,
2.0,7,120.0,1,5.0,0.0,-0.4,8414,83,0.0,0.0,1.0,0,0.0,0.0,,0,0,
2.0,7,120.0,1,5.0,0.0,-0.3,8414,83,0.0,0.0,1.0,0,0.0,0.0,,0,0,
2.0,7,120.0,1,5.0,0.0,-0.2,8414,83,0.0,0.0,1.0,0,0.0,0.0,,0,0,
2.0,7,120.0,1,5.0,0.0,-0.1,8414,83,0.0,0.0,1.0,0,0.0,0.0,,0,0,
2.0,7,120.0,1,5.0,0.0,0.0,8414,83,0.0,0.0,1.0,0,0.0,0.0,,0,0,
2.0,7,120.0,1,5.0,0.0,0.1,8414,83,0.0,0.0,1.0,0,0.0,0.0,,0,0,
2.0,7,120.0,1,5.0,0.0,0.2,8414,83,0.0,0.0,1.0,0,0.0,0.0,,0,0,
2.0,7,120.0,1,5.0,0.0,0.3,8414,83,0.0,0.0,1.0,0,0.0,0.0,,0,0,
2.0,7,120.0,1,5.0,0.0,0.4,8414,83,0.0,0.0,1.0,0,0.0,0.0,,0,0,
2.0,7,120.0,1,5.0,0.0,0.5,8414,83,0.0,0.0,1.0,0,0.0,0.0,,0,0,
2.0,7,120.0,1,5.0,0.0,0.6,8414,83,0.0,0.0,1.0,0,0.0,0.0,,0,0,
2.0,7,120.0,1,5.0,0.0,0.7,8414,83,0.0,0.0,1.0,0,0.0,0.0,,0,0,
2.0,7,120.0,1,5.0,0.0,0.8,8414,83,0.0,0.0,1.0,0,0.0,0.0,,0,0,
2.0,7,120.0,1,5.0,0.0,0.9,8414,83,0.0,0.0,1.0,0,0.0,0.0,,0,0,
2.0,7,120.0,1,5.0,0.0,1.0,8414,83,0.0,0.0,1.0,0,0.0,0.0,,0,0,
2.0,7,120.0,2,5.0,5.0,-4.0,8414,83,1.0,0.0,0.0,0,0.0,0.0,,0,0,
2.0,7,120.0,2,5.0,5.0,-3.9,8414,83,1.0,0.0,0.0,0,0.0,0.0,,0,0,
2.0,7,120.0,2,5.0,5.0,-3.8,8414,83,1.0,0.0,0.0,0,0.0,0.0,,0,0,
2.0,7,120.0,2,5.0,5.0,-3.7,8414,83,1.0,0.0,0.0,0,0.0,0.0,,0,0,
2.0,7,120.0,2,5.0,5.0,-3.6,8414,83,1.0,0.0,0.0,0,0.0,0.0,,0,0,
2.0,7,120.0,2,5.0,5.0,-3.5,8414,83,1.0,0.0,0.0,0,0.0,0.0,,0,0,
2.0,7,120.0,2,5.0,5.0,-3.4,8414,83,1.0,0.0,0.0,0,0.0,0.0,,0,0,
2.0,7,120.0,2,5.0,5.0,-3.3,8414,83,1.0,0.0,0.0,0,0.0,0.0,,0,0,
2.0,7,120.0,2,5.0,5.0,-3.2,8414,83,1.0,0.0,0.0,0,0.0,0.0,,0,0,
2.0,7,120.0,2,5.0,5.0,-3.1,8414,83,1.0,0.0,0.0,0,0.0,0.0,,0,0,
2.0,7,120.0,2,5.0,5.0,-3.0,8414,83,1.0,0.0,0.0,0,0.0,0.0,,0,0,
2.0,7,120.0,2,5.0,5.0,-2.9,8414,83,1.0,0.0,0.0,0,0.0,0.0,,0,0,
2.0,7,120.0,2,5.0,5.0,-2.8,8414,83,1.0,0.0,0.0,0,0.0,0.0,,0,0,
2.0,7,120.0,2,5.0,5.0,-2.7,8414,83,1.0,0.0,0.0,0,0.0,0.0,,0,0,
2.0,7,120.0,2,5.0,5.0,-2.6,8414,83,1.0,0.0,0.0,0,0.0,0.0,,0,0,
2.0,7,120.0,2,5.0,5.0,-2.5,8414,83,1.0,0.0,0.0,0,0.0,0.0,,0,0,
2.0,7,120.0,2,5.0,5.0,-2.4,8414,83,1.0,0.0,0.0,0,0.0,0.0,,0,0,
2.0,7,120.0,2,5.0,5.0,-2.3,8414,83,1.0,0.0,0.0,0,0.0,0.0,,0,0,
2.0,7,120.0,2,5.0,5.0,-2.2,8414,83,0.8970763014024246,0.10292369859757547,0.0,271,3.2650602409638556,2318.992155930592,20.0,207,64,0.0
2.0,7,120.0,2,5.0,5.0,-2.1,8414,83,0.6587829807463751,0.3412170192536249,0.0,345,4.156626506024097,2952.2224863323036,20.0,277,68,0.4296028880866426
2.0,7,120.0,2,5.0,5.0,-2.0,8414,83,0.43819824102686,0.56180175897314,0.0,124,1.4939759036144578,1061.0886617542192,20.0,60,64,1.0
2.0,7,120.0,2,5.0,5.0,-1.9,8414,83,0.36914666032802473,0.5021392916567625,0.12871404801521275,580,6.9879518072289155,4963.15664368909,20.0,509,71,0.11787819253438114
2.0,7,120.0,2,5.0,5.0,-1.8,8414,83,0.3544093178036606,0.3484668409793202,0.29712384121701924,309,3.7228915662650603,2644.1644877584977,85.0,237,72,0.24050632911392406
2.0,7,120.0,2,5.0,5.0,-1.7,8414,83,0.29557879724269076,0.19550748752079866,0.5089137152365105,434,5.228915662650603,3713.8103161397667,55.0,359,75,0.32590529247910865
2.0,7,120.0,2,5.0,5.0,-1.6,8414,83,0.0955550273353934,0.29545994770620393,0.6089850249584027,247,2.9759036144578315,2113.620156881388,35.0,178,69,0.6573033707865169
2.0,7,120.0,2,5.0,5.0,-1.5,8414,83,0.0879486570002377,0.2854765866413121,0.6265747563584502,271,3.2650602409638556,2318.992155930592,25.0,202,69,0.400990099009901
2.0,7,120.0,2,5.0,5.0,-1.4,8414,83,0.03208937485143808,0.30758260042785834,0.6603280247207036,209,2.5180722891566263,1788.4478250534823,30.0,203,6,0.28078817733990147
2.0,7,120.0,2,5.0,5.0,-1.3,8414,83,0.0,0.3161397670549085,0.6838602329450915,62,0.7469879518072289,530.5443308771096,465.0,57,5,1.0
2.0,7,120.0,2,5.0,5.0,-1.2,8414,83,0.0,0.16757784644639886,0.8324221535536012,124,1.4939759036144578,1061.0886617542192,115.0,116,8,1.0
2.0,7,120.0,2,5.0,5.0,-1.1,8414,83,0.0,0.12360351794628001,0.87639648205372,124,1.4939759036144578,1061.0886617542192,85.0,117,7,0.49572649572649574
2.0,7,120.0,2,5.0,5.0,-1.0,8414,83,0.0,0.038388400285238884,0.9616115997147611,124,1.4939759036144578,1061.0886617542192,30.0,119,5,0.4789915966386555
2.0,7,120.0,2,5.0,5.0,-0.9,8414,83,0.0,0.014737342524364155,0.9852626574756358,123,1.4819277108433735,1052.531495127169,20.0,118,5,0.4830508474576271
2.0,7,120.0,2,5.0,5.0,-0.8,8414,83,0.0,0.0,1.0,0,0.0,0.0,,0,0,
2.0,7,120.0,2,5.0,5.0,-0.7,8414,83,0.0,0.0,1.0,0,0.0,0.0,,0,0,
2.0,7,120.0,2,5.0,5.0,-0.6,8414,83,0.0,0.0,1.0,0,0.0,0.0,,0,0,
2.0,7,120.0,2,5.0,5.0,-0.5,8414,83,0.0,0.0,1.0,0,0.0,0.0,,0,0,
2.0,7,120.0,2,5.0,5.0,-0.4,8414,83,0.0,0.0,1.0,0,0.0,0.0,,0,0,
2.0,7,120.0,2,5.0,5.0,-0.3,8414,83,0.0,0.0,1.0,0,0.0,0.0,,0,0,
2.0,7,120.0,2,5.0,5.0,-0.2,8414,83,0.0,0.0,1.0,0,0.0,0.0,,0,0,
2.0,7,120.0,2,5.0,5.0,-0.1,8414,83,0.0,0.0,1.0,0,0.0,0.0,,0,0,
2.0,7,120.0,2,5.0,5.0,0.0,8414,83,0.0,0.0,1.0,0,0.0,0.0,,0,0,
2.0,7,120.0,2,5.0,5.0,0.1,8414,83,0.0,0.0,1.0,0,0.0,0.0,,0,0,
2.0,7,120.0,2,5.0,5.0,0.2,8414,83,0.0,0.0,1.0,0,0.0,0.0,,0,0,
2.0,7,120.0,2,5.0,5.0,0.3,8414,83,0.0,0.0,1.0,0,0.0,0.0,,0,0,
2.0,7,120.0,2,5.0,5.0,0.4,8414,83,0.0,0.0,1.0,0,0.0,0.0,,0,0,
2.0,7,120.0,2,5.0,5.0,0.5,8414,83,0.0,0.0,1.0,0,0.0,0.0,,0,0,
2.0,7,120.0,2,5.0,5.0,0.6,8414,83,0.0,0.0,1.0,0,0.0,0.0,,0,0,
2.0,7,120.0,2,5.0,5.0,0.7,8414,83,0.0,0.0,1.0,0,0.0,0.0,,0,0,
2.0,7,120.0,2,5.0,5.0,0.8,8414,83,0.0,0.0,1.0,0,0.0,0.0,,0,0,
2.0,7,120.0,2,5.0,5.0,0.9,8414,83,0.0,0.0,1.0,0,0.0,0.0,,0,0,
2.0,7,120.0,2,5.0,5.0,1.0,8414,83,0.0,0.0,1.0,0,0.0,0.0,,0,0,
2.0,7,120.0,3,5.0,10.0,-4.0,8414,83,1.0,0.0,0.0,0,0.0,0.0,,0,0,
2.0,7,120.0,3,5.0,10.0,-3.9,8414,83,1.0,0.0,0.0,0,0.0,0.0,,0,0,
2.0,7,120.0,3,5.0,10.0,-3.8,8414,83,1.0,0.0,0.0,0,0.0,0.0,,0,0,
2.0,7,120.0,3,5.0,10.0,-3.7,8414,83,1.0,0.0,0.0,0,0.0,0.0,,0,0,
2.0,7,120.0,3,5.0,10.0,-3.6,8414,83,1.0,0.0,0.0,0,0.0,0.0,,0,0,
2.0,7,120.0,3,5.0,10.0,-3.5,8414,83,1.0,0.0,0.0,0,0.0,0.0,,0,0,
2.0,7,120.0,3,5.0,10.0,-3.4,8414,83,1.0,0.0,0.0,0,0.0,0.0,,0,0,
2.0,7,120.0,3,5.0,10.0,-3.3,8414,83,1.0,0.0,0.0,0,0.0,0.0,,0,0,
2.0,7,120.0,3,5.0,10.0,-3.2,8414,83,1.0,0.0,0.0,0,0.0,0.0,,0,0,
2.0,7,120.0,3,5.0,10.0,-3.1,8414,83,1.0,0.0,0.0,0,0.0,0.0,,0,0,
2.0,7,120.0,3,5.0,10.0,-3.0,8414,83,1.0,0.0,0.0,0,0.0,0.0,,0,0,
2.0,7,120.0,3,5.0,10.0,-2.9,8414,83,1.0,0.0,0.0,0,0.0,0.0,,0,0,
2.0,7,120.0,3,5.0,10.0,-2.8,8414,83,1.0,0.0,0.0,0,0.0,0.0,,0,0,
2.0,7,120.0,3,5.0,10.0,-2.7,8414,83,1.0,0.0,0.0,0,0.0,0.0,,0,0,
2.0,7,120.0,3,5.0,10.0,-2.6,8414,83,1.0,0.0,0.0,0,0.0,0.0,,0,0,
2.0,7,120.0,3,5.0,10.0,-2.5,8414,83,1.0,0.0,0.0,0,0.0,0.0,,0,0,
2.0,7,120.0,3,5.0,10.0,-2.4,8414,83,1.0,0.0,0.0,0,0.0,0.0,,0,0,
2.0,7,120.0,3,5.0,10.0,-2.3,8414,83,1.0,0.0,0.0,0,0.0,0.0,,0,0,
2.0,7,120.0,3,5.0,10.0,-2.2,8414,83,0.8853101972902305,0.11468980270976943,0.0,172,2.072289156626506,1471.8326598526264,45.0,108,64,0.32407407407407407
2.0,7,120.0,3,5.0,10.0,-2.1,8414,83,0.6323983836463037,0.3676016163536962,0.0,124,1.4939759036144578,1061.0886617542192,20.0,59,65,1.0
2.0,7,120.0,3,5.0,10.0,-2.0,8414,83,0.43819824102686,0.56180175897314,0.0,124,1.4939759036144578,1061.0886617542192,15.0,60,64,1.0
2.0,7,120.0,3,5.0,10.0,-1.9,8414,83,0.3765153315902068,0.5095079629189446,0.11397670549084858,356,4.289156626506024,3046.3513192298547,50.0,323,33,0.29102167182662536
2.0,7,120.0,3,5.0,10.0,-1.8,8414,83,0.36177798906584263,0.34977418588067505,0.28844782505348227,235,2.8313253012048194,2010.9341573567865,80.0,200,35,0.46
2.0,7,120.0,3,5.0,10.0,-1.7,8414,83,0.3029474685048728,0.17340147373425244,0.5236510577608747,309,3.7228915662650603,2644.1644877584977,55.0,238,71,0.49159663865546216
2.0,7,120.0,3,5.0,10.0,-1.6,8414,83,0.08283812693130496,0.3081768481102924,0.6089850249584027,247,2.9759036144578315,2113.620156881388,35.0,177,70,0.655367231638418
2.0,7,120.0,3,5.0,10.0,-1.5,8414,83,0.07677680057047777,0.2965295935345852,0.6266936058949371,245,2.9518072289156625,2096.505823627288,30.0,176,69,0.4602272727272727
2.0,7,120.0,3,5.0,10.0,-1.4,8414,83,0.01806512954599477,0.3288566674589969,0.6530782029950083,159,1.9156626506024097,1360.5894937009746,30.0,154,5,0.37012987012987014
2.0,7,120.0,3,5.0,10.0,-1.3,8414,83,0.0,0.3235084383170906,0.6764915616829095,62,0.7469879518072289,530.5443308771096,460.0,57,5,1.0
2.0,7,120.0,3,5.0,10.0,-1.2,8414,83,0.0,0.16757784644639886,0.8324221535536012,123,1.4819277108433735,1052.531495127169,115.0,115,8,1.0
2.0,7,120.0,3,5.0,10.0,-1.1,8414,83,0.0,0.12360351794628001,0.87639648205372,124,1.4939759036144578,1061.0886617542192,85.0,116,8,0.49137931034482757
2.0,7,120.0,3,5.0,10.0,-1.0,8414,83,0.0,0.038626099358212505,0.9613739006417875,123,1.4819277108433735,1052.531495127169,30.0,118,5,0.4830508474576271
2.0,7,120.0,3,5.0,10.0,-0.9,8414,83,0.0,0.0003565486094604231,0.9996434513905396,1,0.012048192771084338,8.557166627050155,495.0,1,0,1.0
2.0,7,120.0,3,5.0,10.0,-0.8,8414,83,0.0,0.0,1.0,0,0.0,0.0,,0,0,
2.0,7,120.0,3,5.0,10.0,-0.7,8414,83,0.0,0.0,1.0,0,0.0,0.0,,0,0,
2.0,7,120.0,3,5.0,10.0,-0.6,8414,83,0.0,0.0,1.0,0,0.0,0.0,,0,0,
2.0,7,120.0,3,5.0,10.0,-0.5,8414,83,0.0,0.0,1.0,0,0.0,0.0,,0,0,
2.0,7,120.0,3,5.0,10.0,-0.4,8414,83,0.0,0.0,1.0,0,0.0,0.0,,0,0,
2.0,7,120.0,3,5.0,10.0,-0.3,8414,83,0.0,0.0,1.0,0,0.0,0.0,,0,0,
2.0,7,120.0,3,5.0,10.0,-0.2,8414,83,0.0,0.0,1.0,0,0.0,0.0,,0,0,
2.0,7,120.0,3,5.0,10.0,-0.1,8414,83,0.0,0.0,1.0,0,0.0,0.0,,0,0,
2.0,7,120.0,3,5.0,10.0,0.0,8414,83,0.0,0.0,1.0,0,0.0,0.0,,0,0,
2.0,7,120.0,3,5.0,10.0,0.1,8414,83,0.0,0.0,1.0,0,0.0,0.0,,0,0,
2.0,7,120.0,3,5.0,10.0,0.2,8414,83,0.0,0.0,1.0,0,0.0,0.0,,0,0,
2.0,7,120.0,3,5.0,10.0,0.3,8414,83,0.0,0.0,1.0,0,0.0,0.0,,0,0,
2.0,7,120.0,3,5.0,10.0,0.4,8414,83,0.0,0.0,1.0,0,0.0,0.0,,0,0,
2.0,7,120.0,3,5.0,10.0,0.5,8414,83,0.0,0.0,1.0,0,0.0,0.0,,0,0,
2.0,7,120.0,3,5.0,10.0,0.6,8414,83,0.0,0.0,1.0,0,0.0,0.0,,0,0,
2.0,7,120.0,3,5.0,10.0,0.7,8414,83,0.0,0.0,1.0,0,0.0,0.0,,0,0,
2.0,7,120.0,3,5.0,10.0,0.8,8414,83,0.0,0.0,1.0,0,0.0,0.0,,0,0,
2.0,7,120.0,3,5.0,10.0,0.9,8414,83,0.0,0.0,1.0,0,0.0,0.0,,0,0,
2.0,7,120.0,3,5.0,10.0,1.0,8414,83,0.0,0.0,1.0,0,0.0,0.0,,0,0,
5.0,3,15.0,1,5.0,0.0,-4.0,11286,90,1.0,0.0,0.0,0,0.0,0.0,,0,0,
5.0,3,15.0,1,5.0,0.0,-3.9,11286,90,1.0,0.0,0.0,0,0.0,0.0,,0,0,
5.0,3,15.0,1,5.0,0.0,-3.8,11286,90,1.0,0.0,0.0,0,0.0,0.0,,0,0,
5.0,3,15.0,1,5.0,0.0,-3.7,11286,90,1.0,0.0,0.0,0,0.0,0.0,,0,0,
5.0,3,15.0,1,5.0,0.0,-3.6,11286,90,1.0,0.0,0.0,0,0.0,0.0,,0,0,
5.0,3,15.0,1,5.0,0.0,-3.5,11286,90,1.0,0.0,0.0,0,0.0,0.0,,0,0,
5.0,3,15.0,1,5.0,0.0,-3.4,11286,90,1.0,0.0,0.0,0,0.0,0.0,,0,0,
5.0,3,15.0,1,5.0,0.0,-3.3,11286,90,1.0,0.0,0.0,0,0.0,0.0,,0,0,
5.0,3,15.0,1,5.0,0.0,-3.2,11286,90,1.0,0.0,0.0,0,0.0,0.0,,0,0,
5.0,3,15.0,1,5.0,0.0,-3.1,11286,90,1.0,0.0,0.0,0,0.0,0.0,,0,0,
5.0,3,15.0,1,5.0,0.0,-3.0,11286,90,1.0,0.0,0.0,0,0.0,0.0,,0,0,
5.0,3,15.0,1,5.0,0.0,-2.9,11286,90,1.0,0.0,0.0,0,0.0,0.0,,0,0,
5.0,3,15.0,1,5.0,0.0,-2.8,11286,90,1.0,0.0,0.0,0,0.0,0.0,,0,0,
5.0,3,15.0,1,5.0,0.0,-2.7,11286,90,0.986709197235513,0.013290802764486975,0.0,75,0.8333333333333334,478.4688995215311,20.0,72,3,0.5
5.0,3,15.0,1,5.0,0.0,-2.6,11286,90,0.9739500265816056,0.026049973418394472,0.0,147,1.6333333333333333,937.7990430622009,20.0,144,3,0.5
5.0,3,15.0,1,5.0,0.0,-2.5,11286,90,0.9481658692185008,0.051834130781499205,0.0,294,3.2666666666666666,1875.5980861244018,32.5,291,3,0.33676975945017185
5.0,3,15.0,1,5.0,0.0,-2.4,11286,90,0.8952684742158427,0.10473152578415737,0.0,591,6.566666666666666,3770.3349282296654,20.0,584,7,0.1267123287671233
5.0,3,15.0,1,5.0,0.0,-2.3,11286,90,0.8399787347155768,0.15045188729399256,0.009569377990430622,957,10.633333333333333,6105.263157894737,20.0,947,10,0.1795142555438226
5.0,3,15.0,1,5.0,0.0,-2.2,11286,90,0.7533227006911217,0.21637426900584794,0.030303030303030304,1560,17.333333333333332,9952.153110047848,20.0,1545,15,0.11715210355987055
5.0,3,15.0,1,5.0,0.0,-2.1,11286,90,0.7033492822966507,0.19696969696969696,0.09968102073365231,2229,24.766666666666666,14220.095693779906,10.0,2213,16,0.08178942611839132
5.0,3,15.0,1,5.0,0.0,-2.0,11286,90,0.6601098706361864,0.1922736133262449,0.14761651603756867,2472,27.466666666666665,15770.334928229666,10.0,2454,18,0.07375713121434394
5.0,3,15.0,1,5.0,0.0,-1.9,11286,90,0.6167818536239589,0.18137515505936558,0.20184299131667552,2636,29.288888888888888,16816.586921850077,10.0,2618,18,0.06913674560733385
5.0,3,15.0,1,5.0,0.0,-1.8,11286,90,0.5749601275917066,0.1790714159135212,0.24596845649477228,2638,29.31111111111111,16829.346092503987,10.0,2620,18,0.07862595419847328
5.0,3,15.0,1,5.0,0.0,-1.7,11286,90,0.5326067694488748,0.16338826865142655,0.3040049618996987,2637,29.3,16822.966507177032,5.0,2618,19,0.08288770053475936
5.0,3,15.0,1,5.0,0.0,-1.6,11286,90,0.4988481304270778,0.16117313485734538,0.3399787347155768,2729,30.322222222222223,17409.88835725678,5.0,2706,23,0.07575757575757576
5.0,3,15.0,1,5.0,0.0,-1.5,11286,90,0.4685451001240475,0.1629452418926103,0.3685096579833422,2494,27.711111111111112,15910.685805422647,10.0,2470,24,0.07813765182186234
5.0,3,15.0,1,5.0,0.0,-1.4,11286,90,0.4468367889420521,0.15629984051036683,0.3968633705475811,2201,24.455555555555556,14041.4673046252,10.0,2177,24,0.08314193844740468
5.0,3,15.0,1,5.0,0.0,-1.3,11286,90,0.39349636718057773,0.17162856636540846,0.4348750664540138,2172,24.133333333333333,13856.459330143542,15.0,2148,24,0.05633147113594041
5.0,3,15.0,1,5.0,0.0,-1.2,11286,90,0.3704589757221336,0.1406166932482722,0.4889243310295942,1850,20.555555555555557,11802.232854864435,15.0,1826,24,0.08488499452354874
5.0,3,15.0,1,5.0,0.0,-1.1,11286,90,0.35495303916356546,0.11864256601098706,0.5264043948254474,1758,19.533333333333335,11215.311004784688,10.0,1734,24,0.07497116493656286
5.0,3,15.0,1,5.0,0.0,-1.0,11286,90,0.34290271132376393,0.10304802410065568,0.5540492645755803,1738,19.31111111111111,11087.719298245614,10.0,1715,23,0.06822157434402332
5.0,3,15.0,1,5.0,0.0,-0.9,11286,90,0.32473861421229844,0.10304802410065568,0.572213361687046,1673,18.58888888888889,10673.04625199362,10.0,1624,49,0.06465517241379311
5.0,3,15.0,1,5.0,0.0,-0.8,11286,90,0.30232146021619705,0.10083289030657451,0.5968456494772284,1732,19.244444444444444,11049.44178628389,10.0,1659,73,0.05605786618444846
5.0,3,15.0,1,5.0,0.0,-0.7,11286,90,0.28291688818004607,0.10295941874889243,0.6141236930710615,1840,20.444444444444443,11738.437001594895,5.0,1755,85,0.046153846153846156
5.0,3,15.0,1,5.0,0.0,-0.6,11286,90,0.26120857699805067,0.1114655325181641,0.6273258904837852,1876,20.844444444444445,11968.10207336523,5.0,1791,85,0.038525963149078725
5.0,3,15.0,1,5.0,0.0,-0.5,11286,90,0.23985468722310826,0.12076909445330498,0.6393762183235867,1813,20.144444444444446,11566.188197767146,10.0,1728,85,0.03298611111111111
5.0,3,15.0,1,5.0,0.0,-0.4,11286,90,0.22479177742335638,0.11252879673932306,0.6626794258373205,1751,19.455555555555556,11170.653907496013,10.0,1666,85,0.034213685474189674
5.0,3,15.0,1,5.0,0.0,-0.3,11286,90,0.214956583377636,0.09941520467836257,0.6856282119440014,1699,18.877777777777776,10838.915470494418,5.0,1618,81,0.03522867737948084
5.0,3,15.0,1,5.0,0.0,-0.2,11286,90,0.19750132908027646,0.08984582668793195,0.7126528442317916,1660,18.444444444444443,10590.111642743223,5.0,1579,81,0.03609879670677644
5.0,3,15.0,1,5.0,0.0,-0.1,11286,90,0.1888180046074783,0.09090909090909091,0.7202729044834308,1586,17.622222222222224,10118.022328548645,10.0,1506,80,0.037848605577689244
5.0,3,15.0,1,5.0,0.0,0.0,11286,90,0.1753499911394648,0.0785043416622364,0.7461456671982988,1486,16.511111111111113,9480.06379585327,10.0,1408,78,0.040482954545454544
5.0,3,15.0,1,5.0,0.0,0.1,11286,90,0.1665780613149034,0.07327662590820486,0.7601453127768917,1380,15.333333333333334,8803.827751196173,10.0,1302,78,0.04377880184331797
5.0,3,15.0,1,5.0,0.0,0.2,11286,90,0.1623250044302676,0.06246677299308878,0.7752082225766437,1234,13.71111111111111,7872.408293460925,10.0,1157,77,0.049265341400172864
5.0,3,15.0,1,5.0,0.0,0.3,11286,90,0.15576820839978733,0.06140350877192982,0.7828282828282829,1222,13.577777777777778,7795.85326953748,10.0,1145,77,0.04978165938864629
5.0,3,15.0,1,5.0,0.0,0.4,11286,90,0.14566719829877725,0.05342902711323764,0.8009037745879851,1082,12.022222222222222,6902.711323763955,10.0,1005,77,0.056716417910447764
5.0,3,15.0,1,5.0,0.0,0.5,11286,90,0.14017366648945595,0.0556441609073188,0.8041821726032252,1057,11.744444444444444,6743.221690590111,10.0,980,77,0.058163265306122446
5.0,3,15.0,1,5.0,0.0,0.6,11286,90,0.13051568314726208,0.04713804713804714,0.8223462697146907,864,9.6,5511.9617224880385,10.0,787,77,0.0724269377382465
5.0,3,15.0,1,5.0,0.0,0.7,11286,90,0.12945241892610312,0.038366117313485736,0.8321814637604111,740,8.222222222222221,4720.893141945773,10.0,666,74,0.17117117117117117
5.0,3,15.0,1,5.0,0.0,0.8,11286,90,0.12608541555909977,0.0341130604288499,0.8398015240120503,692,7.688888888888889,4414.673046251994,10.0,618,74,0.18446601941747573
5.0,3,15.0,1,5.0,0.0,0.9,11286,90,0.12271841219209641,0.031809321283005496,0.8454722665248982,666,7.4,4248.803827751196,10.0,593,73,0.19224283305227655
5.0,3,15.0,1,5.0,0.0,1.0,11286,90,0.12059188374977849,0.029505582137161084,0.8499025341130604,640,7.111111111111111,4082.934609250399,10.0,567,73,0.20105820105820105
5.0,3,15.0,2,5.0,5.0,-4.0,11286,90,1.0,0.0,0.0,0,0.0,0.0,,0,0,
5.0,3,15.0,2,5.0,5.0,-3.9,11286,90,1.0,0.0,0.0,0,0.0,0.0,,0,0,
5.0,3,15.0,2,5.0,5.0,-3.8,11286,90,1.0,0.0,0.0,0,0.0,0.0,,0,0,
5.0,3,15.0,2,5.0,5.0,-3.7,11286,90,1.0,0.0,0.0,0,0.0,0.0,,0,0,
5.0,3,15.0,2,5.0,5.0,-3.6,11286,90,1.0,0.0,0.0,0,0.0,0.0,,0,0,
5.0,3,15.0,2,5.0,5.0,-3.5,11286,90,1.0,0.0,0.0,0,0.0,0.0,,0,0,
5.0,3,15.0,2,5.0,5.0,-3.4,11286,90,1.0,0.0,0.0,0,0.0,0.0,,0,0,
5.0,3,15.0,2,5.0,5.0,-3.3,11286,90,1.0,0.0,0.0,0,0.0,0.0,,0,0,
5.0,3,15.0,2,5.0,5.0,-3.2,11286,90,1.0,0.0,0.0,0,0.0,0.0,,0,0,
5.0,3,15.0,2,5.0,5.0,-3.1,11286,90,1.0,0.0,0.0,0,0.0,0.0,,0,0,
5.0,3,15.0,2,5.0,5.0,-3.0,11286,90,1.0,0.0,0.0,0,0.0,0.0,,0,0,
5.0,3,15.0,2,5.0,5.0,-2.9,11286,90,1.0,0.0,0.0,0,0.0,0.0,,0,0,
5.0,3,15.0,2,5.0,5.0,-2.8,11286,90,1.0,0.0,0.0,0,0.0,0.0,,0,0,
5.0,3,15.0,2,5.0,5.0,-2.7,11286,90,0.9869750132908027,0.013024986709197236,0.0,75,0.8333333333333334,478.4688995215311,20.0,72,3,0.5
5.0,3,15.0,2,5.0,5.0,-2.6,11286,90,0.9742158426368953,0.025784157363104732,0.0,147,1.6333333333333333,937.7990430622009,20.0,144,3,0.5
5.0,3,15.0,2,5.0,5.0,-2.5,11286,90,0.9481658692185008,0.051834130781499205,0.0,294,3.2666666666666666,1875.5980861244018,32.5,289,5,0.33217993079584773
5.0,3,15.0,2,5.0,5.0,-2.4,11286,90,0.8955342902711324,0.10446570972886762,0.0,591,6.566666666666666,3770.3349282296654,20.0,582,9,0.12371134020618557
5.0,3,15.0,2,5.0,5.0,-2.3,11286,90,0.8434343434343434,0.14380648591174908,0.012759170653907496,885,9.833333333333334,5645.933014354067,20.0,873,12,0.17869415807560138
5.0,3,15.0,2,5.0,5.0,-2.2,11286,90,0.7639553429027113,0.19564061669324828,0.04040404040404041,1332,14.8,8497.607655502392,20.0,1304,28,0.12883435582822086
5.0,3,15.0,2,5.0,5.0,-2.1,11286,90,0.7190324295587454,0.13113592060960483,0.14983164983164984,1280,14.222222222222221,8165.869218500798,20.0,1239,41,0.09685230024213075
5.0,3,15.0,2,5.0,5.0,-2.0,11286,90,0.6600212652844232,0.11403508771929824,0.22594364699627859,1138,12.644444444444444,7259.968102073365,20.0,1094,44,0.08775137111517367
5.0,3,15.0,2,5.0,5.0,-1.9,11286,90,0.6226298068403332,0.09764309764309764,0.2797270955165692,1282,14.244444444444444,8178.628389154705,20.0,1212,70,0.057755775577557754
5.0,3,15.0,2,5.0,5.0,-1.8,11286,90,0.5849725323409534,0.09516214779372674,0.31986531986531985,1292,14.355555555555556,8242.424242424242,20.0,1211,81,0.04046242774566474
5.0,3,15.0,2,5.0,5.0,-1.7,11286,90,0.532695374800638,0.07177033492822966,0.39553429027113235,1068,11.866666666666667,6813.397129186604,30.0,985,83,0.03756345177664975
5.0,3,15.0,2,5.0,5.0,-1.6,11286,90,0.4967216019847599,0.06202374623427255,0.44125465178096757,1012,11.244444444444444,6456.140350877193,45.0,928,84,0.02693965517241379
5.0,3,15.0,2,5.0,5.0,-1.5,11286,90,0.47173489278752434,0.07841573631047315,0.4498493709020025,1089,12.1,6947.368421052632,45.0,1004,85,0.012948207171314742
5.0,3,15.0,2,5.0,5.0,-1.4,11286,90,0.45738082580187844,0.09117490696438064,0.4514442672337409,1207,13.411111111111111,7700.1594896331735,25.0,1122,85,0.011586452762923352
5.0,3,15.0,2,5.0,5.0,-1.3,11286,90,0.4117490696438065,0.11562998405103668,0.47262094630515683,1419,15.766666666666667,9052.631578947368,20.0,1334,85,0.017991004497751123
5.0,3,15.0,2,5.0,5.0,-1.2,11286,90,0.3950026581605529,0.09099769626085416,0.5139996455785929,1281,14.233333333333333,8172.248803827751,20.0,1196,85,0.028428093645484948
5.0,3,15.0,2,5.0,5.0,-1.1,11286,90,0.3829523303207514,0.0621123515860358,0.5549353180932128,1111,12.344444444444445,7087.7192982456145,25.0,1026,85,0.023391812865497075
5.0,3,15.0,2,5.0,5.0,-1.0,11286,90,0.3694843168527379,0.03969519758993443,0.5908204855573277,964,10.71111111111111,6149.920255183413,30.0,879,85,0.0
5.0,3,15.0,2,5.0,5.0,-0.9,11286,90,0.3524720893141946,0.03854332801701223,0.6089845826687932,899,9.988888888888889,5735.247208931419,30.0,812,87,0.0
5.0,3,15.0,2,5.0,5.0,-0.8,11286,90,0.3279284068757753,0.028796739323055112,0.6432748538011696,814,9.044444444444444,5192.982456140351,40.0,727,87,0.015130674002751032
5.0,3,15.0,2,5.0,5.0,-0.7,11286,90,0.30409356725146197,0.023480418217260324,0.6724260145312777,750,8.333333333333334,4784.688995215311,40.0,666,84,0.04954954954954955
5.0,3,15.0,2,5.0,5.0,-0.6,11286,90,0.2749424065213539,0.03092326776537303,0.694134325713273,689,7.655555555555556,4395.534290271133,40.0,606,83,0.0891089108910891
5.0,3,15.0,2,5.0,5.0,-0.5,11286,90,0.259170653907496,0.04784688995215311,0.6929824561403509,826,9.177777777777777,5269.5374800637965,30.0,740,86,0.014864864864864866
5.0,3,15.0,2,5.0,5.0,-0.4,11286,90,0.2433102959418749,0.043593833067517275,0.7130958709906078,799,8.877777777777778,5097.288676236045,30.0,713,86,0.015427769985974754
5.0,3,15.0,2,5.0,5.0,-0.3,11286,90,0.22895622895622897,0.02755626439836966,0.7434875066454014,626,6.955555555555556,3993.6204146730465,30.0,546,80,0.0989010989010989
5.0,3,15.0,2,5.0,5.0,-0.2,11286,90,0.214956583377636,0.02330320751373383,0.7617402091086302,674,7.488888888888889,4299.8405103668265,30.0,594,80,0.09090909090909091
5.0,3,15.0,2,5.0,5.0,-0.1,11286,90,0.20946305156831474,0.03216374269005848,0.7583732057416268,761,8.455555555555556,4854.864433811802,30.0,679,82,0.07952871870397643
5.0,3,15.0,2,5.0,5.0,0.0,11286,90,0.1960836434520645,0.02427786638312954,0.7796384901648059,725,8.055555555555555,4625.199362041468,30.0,644,81,0.08385093167701864
5.0,3,15.0,2,5.0,5.0,0.1,11286,90,0.18952684742158427,0.02410065567960305,0.7863724968988127,725,8.055555555555555,4625.199362041468,25.0,644,81,0.08385093167701864
5.0,3,15.0,2,5.0,5.0,0.2,11286,90,0.1831472620946305,0.019670388091440724,0.7971823498139288,652,7.2444444444444445,4159.489633173844,30.0,572,80,0.0944055944055944
5.0,3,15.0,2,5.0,5.0,0.3,11286,90,0.1755272018429913,0.019670388091440724,0.804802410065568,652,7.2444444444444445,4159.489633173844,30.0,572,80,0.0944055944055944
5.0,3,15.0,2,5.0,5.0,0.4,11286,90,0.1621477937267411,0.015328725855041645,0.8225234804182172,528,5.866666666666666,3368.421052631579,30.0,448,80,0.14285714285714285
5.0,3,15.0,2,5.0,5.0,0.5,11286,90,0.15665426191741982,0.01975899344320397,0.8235867446393762,528,5.866666666666666,3368.421052631579,30.0,448,80,0.14285714285714285
5.0,3,15.0,2,5.0,5.0,0.6,11286,90,0.15240120503278398,0.017632465000886055,0.82996632996633,504,5.6,3215.311004784689,25.0,425,79,0.17882352941176471
5.0,3,15.0,2,5.0,5.0,0.7,11286,90,0.15133794081162502,0.011075668970405813,0.8375863902179692,430,4.777777777777778,2743.2216905901114,25.0,352,78,0.3096590909090909
5.0,3,15.0,2,5.0,5.0,0.8,11286,90,0.14797093744462164,0.00682261208576998,0.8452064504696084,382,4.2444444444444445,2437.001594896332,25.0,304,78,0.35855263157894735
5.0,3,15.0,2,5.0,5.0,0.9,11286,90,0.1444267233740918,0.004607478291688818,0.8509657983342194,357,3.966666666666667,2277.5119617224877,25.0,280,77,0.3892857142857143
5.0,3,15.0,2,5.0,5.0,1.0,11286,90,0.14230019493177387,0.002303739145844409,0.8553960659223817,331,3.6777777777777776,2111.6427432216906,50.0,254,77,0.42913385826771655
5.0,3,15.0,3,5.0,10.0,-4.0,11286,90,1.0,0.0,0.0,0,0.0,0.0,,0,0,
5.0,3,15.0,3,5.0,10.0,-3.9,11286,90,1.0,0.0,0.0,0,0.0,0.0,,0,0,
5.0,3,15.0,3,5.0,10.0,-3.8,11286,90,1.0,0.0,0.0,0,0.0,0.0,,0,0,
5.0,3,15.0,3,5.0,10.0,-3.7,11286,90,1.0,0.0,0.0,0,0.0,0.0,,0,0,
5.0,3,15.0,3,5.0,10.0,-3.6,11286,90,1.0,0.0,0.0,0,0.0,0.0,,0,0,
5.0,3,15.0,3,5.0,10.0,-3.5,11286,90,1.0,0.0,0.0,0,0.0,0.0,,0,0,
5.0,3,15.0,3,5.0,10.0,-3.4,11286,90,1.0,0.0,0.0,0,0.0,0.0,,0,0,
5.0,3,15.0,3,5.0,10.0,-3.3,11286,90,1.0,0.0,0.0,0,0.0,0.0,,0,0,
5.0,3,15.0,3,5.0,10.0,-3.2,11286,90,1.0,0.0,0.0,0,0.0,0.0,,0,0,
5.0,3,15.0,3,5.0,10.0,-3.1,11286,90,1.0,0.0,0.0,0,0.0,0.0,,0,0,
5.0,3,15.0,3,5.0,10.0,-3.0,11286,90,1.0,0.0,0.0,0,0.0,0.0,,0,0,
5.0,3,15.0,3,5.0,10.0,-2.9,11286,90,1.0,0.0,0.0,0,0.0,0.0,,0,0,
5.0,3,15.0,3,5.0,10.0,-2.8,11286,90,1.0,0.0,0.0,0,0.0,0.0,,0,0,
5.0,3,15.0,3,5.0,10.0,-2.7,11286,90,0.9872408293460925,0.012759170653907496,0.0,72,0.8,459.33014354066984,50.0,72,0,0.5
5.0,3,15.0,3,5.0,10.0,-2.6,11286,90,0.9744816586921851,0.025518341307814992,0.0,144,1.6,918.6602870813397,50.0,144,0,0.5
5.0,3,15.0,3,5.0,10.0,-2.5,11286,90,0.9481658692185008,0.051834130781499205,0.0,291,3.2333333333333334,1856.4593301435407,45.0,285,6,0.3298245614035088
5.0,3,15.0,3,5.0,10.0,-2.4,11286,90,0.8787878787878788,0.12121212121212122,0.0,396,4.4,2526.315789473684,50.0,388,8,0.18556701030927836
5.0,3,15.0,3,5.0,10.0,-2.3,11286,90,0.8160552897395003,0.1669324827219564,0.01701222753854333,642,7.133333333333334,4095.6937799043058,45.0,630,12,0.24761904761904763
5.0,3,15.0,3,5.0,10.0,-2.2,11286,90,0.7015771752613857,0.24455077086656035,0.05387205387205387,843,9.366666666666667,5377.99043062201,35.0,815,28,0.22085889570552147
5.0,3,15.0,3,5.0,10.0,-2.1,11286,90,0.6460216197058303,0.1745525429735956,0.17942583732057416,789,8.766666666666667,5033.492822966507,45.0,747,42,0.17402945113788487
5.0,3,15.0,3,5.0,10.0,-2.0,11286,90,0.611465532518164,0.14602161970583022,0.24251284777600568,781,8.677777777777777,4982.456140350878,50.0,735,46,0.12789115646258503
5.0,3,15.0,3,5.0,10.0,-1.9,11286,90,0.5720361509835195,0.10854155590997697,0.3194222931065036,757,8.411111111111111,4829.346092503987,50.0,686,71,0.10058309037900874
5.0,3,15.0,3,5.0,10.0,-1.8,11286,90,0.5378344852029062,0.09817472975367712,0.36399078504341664,731,8.122222222222222,4663.47687400319,75.0,650,81,0.07538461538461538
5.0,3,15.0,3,5.0,10.0,-1.7,11286,90,0.5093035619351409,0.06725146198830409,0.423444976076555,726,8.066666666666666,4631.578947368422,75.0,643,83,0.05754276827371695
5.0,3,15.0,3,5.0,10.0,-1.6,11286,90,0.48600035442140704,0.04483430799220273,0.46916533758639023,669,7.433333333333334,4267.942583732057,75.0,585,84,0.044444444444444446
5.0,3,15.0,3,5.0,10.0,-1.5,11286,90,0.45968456494772286,0.0634414318624845,0.4768740031897927,696,7.733333333333333,4440.191387559808,65.0,611,85,0.022913256955810146
5.0,3,15.0,3,5.0,10.0,-1.4,11286,90,0.4487861066808435,0.0634414318624845,0.48777246145667197,696,7.733333333333333,4440.191387559808,60.0,611,85,0.022913256955810146
5.0,3,15.0,3,5.0,10.0,-1.3,11286,90,0.3904837852206273,0.08718766613503455,0.5223285486443381,769,8.544444444444444,4905.901116427432,55.0,684,85,0.0029239766081871343
5.0,3,15.0,3,5.0,10.0,-1.2,11286,90,0.3756866914761652,0.06911217437533226,0.5552011341485026,719,7.988888888888889,4586.921850079745,55.0,634,85,0.0031545741324921135
5.0,3,15.0,3,5.0,10.0,-1.1,11286,90,0.3567251461988304,0.058213716108452954,0.5850611376927166,716,7.955555555555556,4567.783094098884,50.0,631,85,0.003169572107765452
5.0,3,15.0,3,5.0,10.0,-1.0,11286,90,0.34804182172603226,0.03934077618288145,0.6126174020910863,714,7.933333333333334,4555.0239234449755,50.0,629,85,0.0
5.0,3,15.0,3,5.0,10.0,-0.9,11286,90,0.32580187843345737,0.046251993620414676,0.6279461279461279,704,7.822222222222222,4491.228070175439,45.0,618,86,0.03398058252427184
5.0,3,15.0,3,5.0,10.0,-0.8,11286,90,0.2999291157185894,0.03322700691121744,0.6668438773701931,617,6.855555555555555,3936.2041467304625,45.0,534,83,0.10112359550561797
5.0,3,15.0,3,5.0,10.0,-0.7,11286,90,0.286106680843523,0.022594364699627858,0.6912989544568492,581,6.455555555555556,3706.539074960128,45.0,498,83,0.10843373493975904
5.0,3,15.0,3,5.0,10.0,-0.6,11286,90,0.26528442317916,0.03110047846889952,0.7036150983519405,567,6.3,3617.224880382775,40.0,485,82,0.11134020618556702
5.0,3,15.0,3,5.0,10.0,-0.5,11286,90,0.24198121566542619,0.04040404040404041,0.7176147439305334,531,5.9,3387.55980861244,40.0,450,81,0.12
5.0,3,15.0,3,5.0,10.0,-0.4,11286,90,0.22603225234804183,0.03402445507708666,0.7399432925748716,481,5.344444444444444,3068.580542264753,40.0,401,80,0.13466334164588528
5.0,3,15.0,3,5.0,10.0,-0.3,11286,90,0.21823498139287614,0.028973950026581607,0.7527910685805422,481,5.344444444444444,3068.580542264753,35.0,401,80,0.13466334164588528
5.0,3,15.0,3,5.0,10.0,-0.2,11286,90,0.21167818536239588,0.010898458266879319,0.7774233563707248,457,5.0777777777777775,2915.470494417863,35.0,377,80,0.14323607427055704
5.0,3,15.0,3,5.0,10.0,-0.1,11286,90,0.20609604820131136,0.011164274322169059,0.7827396774765196,458,5.088888888888889,2921.8500797448164,35.0,378,80,0.14285714285714285
5.0,3,15.0,3,5.0,10.0,0.0,11286,90,0.19829877724614567,0.0007974481658692185,0.8009037745879851,433,4.811111111111111,2762.3604465709727,40.0,353,80,0.1529745042492918
5.0,3,15.0,3,5.0,10.0,0.1,11286,90,0.1884635832004253,0.000531632110579479,0.8110047846889952,408,4.533333333333333,2602.870813397129,40.0,328,80,0.19817073170731708
5.0,3,15.0,3,5.0,10.0,0.2,11286,90,0.18527379053694842,0.0002658160552897395,0.8144603934077618,407,4.522222222222222,2596.4912280701756,40.0,327,80,0.19877675840978593
5.0,3,15.0,3,5.0,10.0,0.3,11286,90,0.16790714159135212,0.0002658160552897395,0.8318270423533581,308,3.422222222222222,1964.9122807017545,40.0,230,78,0.47391304347826085
5.0,3,15.0,3,5.0,10.0,0.4,11286,90,0.1631224525961368,0.000354421407052986,0.8365231259968102,307,3.411111111111111,1958.5326953748006,40.0,229,78,0.47161572052401746
5.0,3,15.0,3,5.0,10.0,0.5,11286,90,0.16205918837497785,0.000354421407052986,0.8375863902179692,307,3.411111111111111,1958.5326953748006,40.0,229,78,0.47161572052401746
5.0,3,15.0,3,5.0,10.0,0.6,11286,90,0.157806131490342,0.000354421407052986,0.8418394471026049,307,3.411111111111111,1958.5326953748006,45.0,229,78,0.47161572052401746
5.0,3,15.0,3,5.0,10.0,0.7,11286,90,0.15674286726918304,0.000354421407052986,0.8429027113237639,307,3.411111111111111,1958.5326953748006,45.0,229,78,0.47161572052401746
5.0,3,15.0,3,5.0,10.0,0.8,11286,90,0.1533758639021797,0.000354421407052986,0.8462697146907673,307,3.411111111111111,1958.5326953748006,45.0,229,78,0.47161572052401746
5.0,3,15.0,3,5.0,10.0,0.9,11286,90,0.1497430444798866,0.0002658160552897395,0.8499911394648236,306,3.4,1952.153110047847,45.0,229,77,0.47161572052401746
5.0,3,15.0,3,5.0,10.0,1.0,11286,90,0.14761651603756867,0.0002658160552897395,0.8521176679071416,306,3.4,1952.153110047847,45.0,229,77,0.47161572052401746
5.0,3,30.0,1,5.0,0.0,-4.0,11100,89,1.0,0.0,0.0,0,0.0,0.0,,0,0,
5.0,3,30.0,1,5.0,0.0,-3.9,11100,89,1.0,0.0,0.0,0,0.0,0.0,,0,0,
5.0,3,30.0,1,5.0,0.0,-3.8,11100,89,1.0,0.0,0.0,0,0.0,0.0,,0,0,
5.0,3,30.0,1,5.0,0.0,-3.7,11100,89,1.0,0.0,0.0,0,0.0,0.0,,0,0,
5.0,3,30.0,1,5.0,0.0,-3.6,11100,89,1.0,0.0,0.0,0,0.0,0.0,,0,0,
5.0,3,30.0,1,5.0,0.0,-3.5,11100,89,1.0,0.0,0.0,0,0.0,0.0,,0,0,
5.0,3,30.0,1,5.0,0.0,-3.4,11100,89,1.0,0.0,0.0,0,0.0,0.0,,0,0,
5.0,3,30.0,1,5.0,0.0,-3.3,11100,89,1.0,0.0,0.0,0,0.0,0.0,,0,0,
5.0,3,30.0,1,5.0,0.0,-3.2,11100,89,1.0,0.0,0.0,0,0.0,0.0,,0,0,
5.0,3,30.0,1,5.0,0.0,-3.1,11100,89,1.0,0.0,0.0,0,0.0,0.0,,0,0,
5.0,3,30.0,1,5.0,0.0,-3.0,11100,89,1.0,0.0,0.0,0,0.0,0.0,,0,0,
5.0,3,30.0,1,5.0,0.0,-2.9,11100,89,1.0,0.0,0.0,0,0.0,0.0,,0,0,
5.0,3,30.0,1,5.0,0.0,-2.8,11100,89,1.0,0.0,0.0,0,0.0,0.0,,0,0,
5.0,3,30.0,1,5.0,0.0,-2.7,11100,89,1.0,0.0,0.0,0,0.0,0.0,,0,0,
5.0,3,30.0,1,5.0,0.0,-2.6,11100,89,1.0,0.0,0.0,0,0.0,0.0,,0,0,
5.0,3,30.0,1,5.0,0.0,-2.5,11100,89,1.0,0.0,0.0,0,0.0,0.0,,0,0,
5.0,3,30.0,1,5.0,0.0,-2.4,11100,89,0.9911711711711712,0.008828828828828829,0.0,196,2.202247191011236,1271.3513513513515,25.0,194,2,0.4948453608247423
5.0,3,30.0,1,5.0,0.0,-2.3,11100,89,0.9673873873873874,0.03261261261261261,0.0,268,3.0112359550561796,1738.3783783783783,35.0,266,2,0.40601503759398494
5.0,3,30.0,1,5.0,0.0,-2.2,11100,89,0.9093693693693694,0.09063063063063063,0.0,568,6.382022471910112,3684.3243243243246,35.0,560,8,0.34285714285714286
5.0,3,30.0,1,5.0,0.0,-2.1,11100,89,0.7666666666666667,0.21495495495495495,0.018378378378378378,851,9.561797752808989,5520.0,35.0,836,15,0.2583732057416268
5.0,3,30.0,1,5.0,0.0,-2.0,11100,89,0.7005405405405405,0.17144144144144144,0.12801801801801801,993,11.157303370786517,6441.081081081081,35.0,976,17,0.22131147540983606
5.0,3,30.0,1,5.0,0.0,-1.9,11100,89,0.6172072072072072,0.19261261261261262,0.19018018018018018,1040,11.685393258426966,6745.945945945946,30.0,1022,18,0.18786692759295498
5.0,3,30.0,1,5.0,0.0,-1.8,11100,89,0.5724324324324325,0.19342342342342342,0.23414414414414414,1065,11.96629213483146,6908.108108108107,25.0,1045,20,0.1722488038277512
5.0,3,30.0,1,5.0,0.0,-1.7,11100,89,0.516936936936937,0.17162162162162162,0.3114414414414414,1162,13.0561797752809,7537.2972972972975,25.0,1142,20,0.15761821366024517
5.0,3,30.0,1,5.0,0.0,-1.6,11100,89,0.47486486486486484,0.1627027027027027,0.36243243243243245,1236,13.887640449438202,8017.2972972972975,25.0,1215,21,0.16790123456790124
5.0,3,30.0,1,5.0,0.0,-1.5,11100,89,0.4646846846846847,0.12333333333333334,0.411981981981982,1235,13.876404494382022,8010.810810810812,25.0,1214,21,0.1696869851729819
5.0,3,30.0,1,5.0,0.0,-1.4,11100,89,0.4536036036036036,0.06432432432432432,0.4820720720720721,1138,12.786516853932584,7381.621621621622,25.0,1117,21,0.1727842435094002
5.0,3,30.0,1,5.0,0.0,-1.3,11100,89,0.41306306306306306,0.0718018018018018,0.5151351351351351,1148,12.898876404494382,7446.486486486487,25.0,1128,20,0.19060283687943264
5.0,3,30.0,1,5.0,0.0,-1.2,11100,89,0.37954954954954956,0.0863963963963964,0.534054054054054,1162,13.0561797752809,7537.2972972972975,20.0,1142,20,0.18826619964973731
5.0,3,30.0,1,5.0,0.0,-1.1,11100,89,0.3441441441441441,0.09612612612612613,0.5597297297297297,1188,13.348314606741573,7705.945945945946,20.0,1166,22,0.16380789022298456
5.0,3,30.0,1,5.0,0.0,-1.0,11100,89,0.31657657657657656,0.11018018018018018,0.5732432432432433,1212,13.617977528089888,7861.621621621621,15.0,1189,23,0.13961312026913372
5.0,3,30.0,1,5.0,0.0,-0.9,11100,89,0.3053153153153153,0.11234234234234235,0.5823423423423424,1163,13.067415730337078,7543.783783783783,15.0,1140,23,0.1456140350877193
5.0,3,30.0,1,5.0,0.0,-0.8,11100,89,0.2747747747747748,0.1254054054054054,0.5998198198198198,1088,12.224719101123595,7057.2972972972975,25.0,1065,23,0.13333333333333333
5.0,3,30.0,1,5.0,0.0,-0.7,11100,89,0.250990990990991,0.13243243243243244,0.6165765765765766,1083,12.168539325842696,7024.864864864864,15.0,1051,32,0.10085632730732635
5.0,3,30.0,1,5.0,0.0,-0.6,11100,89,0.23954954954954955,0.10882882882882883,0.6516216216216216,1059,11.898876404494382,6869.18918918919,15.0,1016,43,0.09251968503937008
5.0,3,30.0,1,5.0,0.0,-0.5,11100,89,0.22846846846846847,0.11216216216216217,0.6593693693693694,1037,11.651685393258427,6726.486486486486,20.0,981,56,0.0835881753312946
5.0,3,30.0,1,5.0,0.0,-0.4,11100,89,0.20693693693693693,0.08882882882882882,0.7042342342342343,976,10.96629213483146,6330.81081081081,25.0,908,68,0.07709251101321586
5.0,3,30.0,1,5.0,0.0,-0.3,11100,89,0.19045045045045045,0.09063063063063063,0.7189189189189189,913,10.258426966292134,5922.162162162162,20.0,836,77,0.06937799043062201
5.0,3,30.0,1,5.0,0.0,-0.2,11100,89,0.1643243243243243,0.07432432432432433,0.7613513513513513,863,9.696629213483146,5597.8378378378375,15.0,786,77,0.07251908396946564
5.0,3,30.0,1,5.0,0.0,-0.1,11100,89,0.15990990990990991,0.07432432432432433,0.7657657657657657,863,9.696629213483146,5597.8378378378375,15.0,786,77,0.07251908396946564
5.0,3,30.0,1,5.0,0.0,0.0,11100,89,0.14036036036036037,0.07081081081081081,0.7888288288288289,889,9.98876404494382,5766.486486486487,10.0,812,77,0.07019704433497537
5.0,3,30.0,1,5.0,0.0,0.1,11100,89,0.13144144144144143,0.07198198198198198,0.7965765765765765,864,9.707865168539326,5604.324324324324,10.0,787,77,0.0724269377382465
5.0,3,30.0,1,5.0,0.0,0.2,11100,89,0.12711711711711712,0.05234234234234234,0.8205405405405405,863,9.696629213483146,5597.8378378378375,5.0,787,76,0.08767471410419314
5.0,3,30.0,1,5.0,0.0,0.3,11100,89,0.12045045045045046,0.04450450450450451,0.8350450450450451,689,7.741573033707865,4469.189189189189,15.0,615,74,0.16747967479674797
5.0,3,30.0,1,5.0,0.0,0.4,11100,89,0.11576576576576576,0.027927927927927927,0.8563063063063063,616,6.921348314606742,3995.675675675676,10.0,544,72,0.2113970588235294
5.0,3,30.0,1,5.0,0.0,0.5,11100,89,0.11468468468468468,0.027927927927927927,0.8573873873873874,616,6.921348314606742,3995.675675675676,10.0,544,72,0.2113970588235294
5.0,3,30.0,1,5.0,0.0,0.6,11100,89,0.11036036036036036,0.027927927927927927,0.8617117117117117,616,6.921348314606742,3995.675675675676,7.5,544,72,0.2113970588235294
5.0,3,30.0,1,5.0,0.0,0.7,11100,89,0.10927927927927927,0.027927927927927927,0.8627927927927928,616,6.921348314606742,3995.675675675676,7.5,544,72,0.2113970588235294
5.0,3,30.0,1,5.0,0.0,0.8,11100,89,0.10585585585585586,0.027927927927927927,0.8662162162162163,616,6.921348314606742,3995.675675675676,7.5,544,72,0.2113970588235294
5.0,3,30.0,1,5.0,0.0,0.9,11100,89,0.10234234234234234,0.027927927927927927,0.8697297297297297,617,6.932584269662922,4002.162162162162,5.0,545,72,0.21100917431192662
5.0,3,30.0,1,5.0,0.0,1.0,11100,89,0.10018018018018018,0.027927927927927927,0.8718918918918919,617,6.932584269662922,4002.162162162162,5.0,545,72,0.21100917431192662
5.0,3,30.0,2,5.0,5.0,-4.0,11100,89,1.0,0.0,0.0,0,0.0,0.0,,0,0,
5.0,3,30.0,2,5.0,5.0,-3.9,11100,89,1.0,0.0,0.0,0,0.0,0.0,,0,0,
5.0,3,30.0,2,5.0,5.0,-3.8,11100,89,1.0,0.0,0.0,0,0.0,0.0,,0,0,
5.0,3,30.0,2,5.0,5.0,-3.7,11100,89,1.0,0.0,0.0,0,0.0,0.0,,0,0,
5.0,3,30.0,2,5.0,5.0,-3.6,11100,89,1.0,0.0,0.0,0,0.0,0.0,,0,0,
5.0,3,30.0,2,5.0,5.0,-3.5,11100,89,1.0,0.0,0.0,0,0.0,0.0,,0,0,
5.0,3,30.0,2,5.0,5.0,-3.4,11100,89,1.0,0.0,0.0,0,0.0,0.0,,0,0,
5.0,3,30.0,2,5.0,5.0,-3.3,11100,89,1.0,0.0,0.0,0,0.0,0.0,,0,0,
5.0,3,30.0,2,5.0,5.0,-3.2,11100,89,1.0,0.0,0.0,0,0.0,0.0,,0,0,
5.0,3,30.0,2,5.0,5.0,-3.1,11100,89,1.0,0.0,0.0,0,0.0,0.0,,0,0,
5.0,3,30.0,2,5.0,5.0,-3.0,11100,89,1.0,0.0,0.0,0,0.0,0.0,,0,0,
5.0,3,30.0,2,5.0,5.0,-2.9,11100,89,1.0,0.0,0.0,0,0.0,0.0,,0,0,
5.0,3,30.0,2,5.0,5.0,-2.8,11100,89,1.0,0.0,0.0,0,0.0,0.0,,0,0,
5.0,3,30.0,2,5.0,5.0,-2.7,11100,89,1.0,0.0,0.0,0,0.0,0.0,,0,0,
5.0,3,30.0,2,5.0,5.0,-2.6,11100,89,1.0,0.0,0.0,0,0.0,0.0,,0,0,
5.0,3,30.0,2,5.0,5.0,-2.5,11100,89,1.0,0.0,0.0,0,0.0,0.0,,0,0,
5.0,3,30.0,2,5.0,5.0,-2.4,11100,89,1.0,0.0,0.0,0,0.0,0.0,,0,0,
5.0,3,30.0,2,5.0,5.0,-2.3,11100,89,0.9762162162162162,0.023783783783783784,0.0,72,0.8089887640449438,467.027027027027,55.0,72,0,0.5
5.0,3,30.0,2,5.0,5.0,-2.2,11100,89,0.9246846846846847,0.07531531531531531,0.0,226,2.539325842696629,1465.9459459459458,40.0,220,6,0.38181818181818183
5.0,3,30.0,2,5.0,5.0,-2.1,11100,89,0.7759459459459459,0.20567567567567568,0.018378378378378378,649,7.292134831460674,4209.72972972973,35.0,637,12,0.24489795918367346
5.0,3,30.0,2,5.0,5.0,-2.0,11100,89,0.711981981981982,0.15441441441441442,0.1336036036036036,731,8.213483146067416,4741.621621621622,35.0,715,16,0.2013986013986014
5.0,3,30.0,2,5.0,5.0,-1.9,11100,89,0.6251351351351352,0.17576576576576577,0.1990990990990991,829,9.314606741573034,5377.2972972972975,35.0,811,18,0.16276202219482122
5.0,3,30.0,2,5.0,5.0,-1.8,11100,89,0.5845945945945946,0.1700900900900901,0.2453153153153153,766,8.606741573033707,4968.648648648648,35.0,747,19,0.1606425702811245
5.0,3,30.0,2,5.0,5.0,-1.7,11100,89,0.5277477477477478,0.14594594594594595,0.3263063063063063,865,9.719101123595506,5610.810810810811,35.0,820,45,0.11585365853658537
5.0,3,30.0,2,5.0,5.0,-1.6,11100,89,0.4881081081081081,0.1318918918918919,0.38,876,9.842696629213483,5682.1621621621625,35.0,830,46,0.1144578313253012
5.0,3,30.0,2,5.0,5.0,-1.5,11100,89,0.48333333333333334,0.08513513513513514,0.4315315315315315,763,8.573033707865168,4949.189189189189,55.0,704,59,0.13494318181818182
5.0,3,30.0,2,5.0,5.0,-1.4,11100,89,0.47792792792792793,0.017657657657657658,0.5044144144144144,567,6.370786516853933,3677.837837837838,90.0,483,84,0.16770186335403728
5.0,3,30.0,2,5.0,5.0,-1.3,11100,89,0.43963963963963965,0.024144144144144144,0.5362162162162162,568,6.382022471910112,3684.3243243243246,80.0,484,84,0.09917355371900827
5.0,3,30.0,2,5.0,5.0,-1.2,11100,89,0.40603603603603605,0.043153153153153156,0.5508108108108108,630,7.078651685393258,4086.4864864864867,70.0,546,84,0.08791208791208792
5.0,3,30.0,2,5.0,5.0,-1.1,11100,89,0.36882882882882884,0.049189189189189186,0.581981981981982,642,7.213483146067416,4164.324324324325,70.0,558,84,0.06630824372759857
5.0,3,30.0,2,5.0,5.0,-1.0,11100,89,0.339009009009009,0.06558558558558558,0.5954054054054054,716,8.044943820224718,4644.324324324324,45.0,631,85,0.039619651347068144
5.0,3,30.0,2,5.0,5.0,-0.9,11100,89,0.3256756756756757,0.07207207207207207,0.6022522522522522,715,8.03370786516854,4637.837837837838,40.0,630,85,0.03968253968253968
5.0,3,30.0,2,5.0,5.0,-0.8,11100,89,0.29162162162162164,0.09198198198198199,0.6163963963963964,715,8.03370786516854,4637.837837837838,40.0,631,84,0.03803486529318542
5.0,3,30.0,2,5.0,5.0,-0.7,11100,89,0.2689189189189189,0.09801801801801802,0.633063063063063,688,7.730337078651686,4462.702702702703,35.0,606,82,0.056105610561056105
5.0,3,30.0,2,5.0,5.0,-0.6,11100,89,0.2584684684684685,0.0736036036036036,0.6679279279279279,641,7.202247191011236,4157.8378378378375,35.0,560,81,0.09821428571428571
5.0,3,30.0,2,5.0,5.0,-0.5,11100,89,0.2463963963963964,0.08009009009009009,0.6735135135135135,641,7.202247191011236,4157.8378378378375,35.0,560,81,0.09821428571428571
5.0,3,30.0,2,5.0,5.0,-0.4,11100,89,0.2245945945945946,0.05675675675675676,0.7186486486486486,606,6.808988764044944,3930.8108108108104,35.0,524,82,0.1049618320610687
5.0,3,30.0,2,5.0,5.0,-0.3,11100,89,0.20792792792792794,0.05846846846846847,0.7336036036036035,568,6.382022471910112,3684.3243243243246,35.0,488,80,0.11270491803278689
5.0,3,30.0,2,5.0,5.0,-0.2,11100,89,0.18513513513513513,0.036846846846846845,0.7780180180180181,493,5.53932584269663,3197.837837837838,30.0,414,79,0.13043478260869565
5.0,3,30.0,2,5.0,5.0,-0.1,11100,89,0.18072072072072073,0.036846846846846845,0.7824324324324324,493,5.53932584269663,3197.837837837838,30.0,414,79,0.13043478260869565
5.0,3,30.0,2,5.0,5.0,0.0,11100,89,0.1635135135135135,0.03216216216216216,0.8043243243243243,505,5.674157303370786,3275.675675675676,30.0,426,79,0.1267605633802817
5.0,3,30.0,2,5.0,5.0,0.1,11100,89,0.1490990990990991,0.035495495495495494,0.8154054054054054,456,5.123595505617978,2957.837837837838,25.0,377,79,0.20159151193633953
5.0,3,30.0,2,5.0,5.0,0.2,11100,89,0.1426126126126126,0.014864864864864866,0.8425225225225226,359,4.033707865168539,2328.6486486486488,30.0,281,78,0.3879003558718861
5.0,3,30.0,2,5.0,5.0,0.3,11100,89,0.14045045045045046,0.014684684684684684,0.8448648648648649,358,4.022471910112359,2322.162162162162,25.0,280,78,0.3892857142857143
5.0,3,30.0,2,5.0,5.0,0.4,11100,89,0.13792792792792793,0.00036036036036036037,0.8617117117117117,308,3.460674157303371,1997.837837837838,40.0,231,77,0.47186147186147187
5.0,3,30.0,2,5.0,5.0,0.5,11100,89,0.13684684684684684,0.00036036036036036037,0.8627927927927928,308,3.460674157303371,1997.837837837838,40.0,231,77,0.47186147186147187
5.0,3,30.0,2,5.0,5.0,0.6,11100,89,0.13252252252252253,0.00036036036036036037,0.8671171171171171,308,3.460674157303371,1997.837837837838,45.0,231,77,0.47186147186147187
5.0,3,30.0,2,5.0,5.0,0.7,11100,89,0.13144144144144143,0.00036036036036036037,0.8681981981981982,308,3.460674157303371,1997.837837837838,45.0,231,77,0.47186147186147187
5.0,3,30.0,2,5.0,5.0,0.8,11100,89,0.12801801801801801,0.00036036036036036037,0.8716216216216216,308,3.460674157303371,1997.837837837838,45.0,231,77,0.47186147186147187
5.0,3,30.0,2,5.0,5.0,0.9,11100,89,0.12450450450450451,0.00018018018018018018,0.8753153153153154,308,3.460674157303371,1997.837837837838,45.0,231,77,0.47186147186147187
5.0,3,30.0,2,5.0,5.0,1.0,11100,89,0.12234234234234234,0.00018018018018018018,0.8774774774774775,308,3.460674157303371,1997.837837837838,45.0,231,77,0.47186147186147187
5.0,3,30.0,3,5.0,10.0,-4.0,11100,89,1.0,0.0,0.0,0,0.0,0.0,,0,0,
5.0,3,30.0,3,5.0,10.0,-3.9,11100,89,1.0,0.0,0.0,0,0.0,0.0,,0,0,
5.0,3,30.0,3,5.0,10.0,-3.8,11100,89,1.0,0.0,0.0,0,0.0,0.0,,0,0,
5.0,3,30.0,3,5.0,10.0,-3.7,11100,89,1.0,0.0,0.0,0,0.0,0.0,,0,0,
5.0,3,30.0,3,5.0,10.0,-3.6,11100,89,1.0,0.0,0.0,0,0.0,0.0,,0,0,
5.0,3,30.0,3,5.0,10.0,-3.5,11100,89,1.0,0.0,0.0,0,0.0,0.0,,0,0,
5.0,3,30.0,3,5.0,10.0,-3.4,11100,89,1.0,0.0,0.0,0,0.0,0.0,,0,0,
5.0,3,30.0,3,5.0,10.0,-3.3,11100,89,1.0,0.0,0.0,0,0.0,0.0,,0,0,
5.0,3,30.0,3,5.0,10.0,-3.2,11100,89,1.0,0.0,0.0,0,0.0,0.0,,0,0,
5.0,3,30.0,3,5.0,10.0,-3.1,11100,89,1.0,0.0,0.0,0,0.0,0.0,,0,0,
5.0,3,30.0,3,5.0,10.0,-3.0,11100,89,1.0,0.0,0.0,0,0.0,0.0,,0,0,
5.0,3,30.0,3,5.0,10.0,-2.9,11100,89,1.0,0.0,0.0,0,0.0,0.0,,0,0,
5.0,3,30.0,3,5.0,10.0,-2.8,11100,89,1.0,0.0,0.0,0,0.0,0.0,,0,0,
5.0,3,30.0,3,5.0,10.0,-2.7,11100,89,1.0,0.0,0.0,0,0.0,0.0,,0,0,
5.0,3,30.0,3,5.0,10.0,-2.6,11100,89,1.0,0.0,0.0,0,0.0,0.0,,0,0,
5.0,3,30.0,3,5.0,10.0,-2.5,11100,89,1.0,0.0,0.0,0,0.0,0.0,,0,0,
5.0,3,30.0,3,5.0,10.0,-2.4,11100,89,1.0,0.0,0.0,0,0.0,0.0,,0,0,
5.0,3,30.0,3,5.0,10.0,-2.3,11100,89,0.9762162162162162,0.023783783783783784,0.0,72,0.8089887640449438,467.027027027027,52.5,72,0,0.5
5.0,3,30.0,3,5.0,10.0,-2.2,11100,89,0.9248648648648649,0.07513513513513513,0.0,223,2.50561797752809,1446.4864864864867,40.0,217,6,0.3870967741935484
5.0,3,30.0,3,5.0,10.0,-2.1,11100,89,0.7763963963963963,0.2236036036036036,0.0,444,4.98876404494382,2880.0,65.0,432,12,0.4976851851851852
5.0,3,30.0,3,5.0,10.0,-2.0,11100,89,0.7145945945945946,0.1561261261261261,0.1292792792792793,669,7.51685393258427,4339.45945945946,40.0,654,15,0.22018348623853212
5.0,3,30.0,3,5.0,10.0,-1.9,11100,89,0.6274774774774775,0.18675675675675676,0.18576576576576576,668,7.50561797752809,4332.9729729729725,65.0,650,18,0.24
5.0,3,30.0,3,5.0,10.0,-1.8,11100,89,0.5845045045045045,0.19252252252252253,0.22297297297297297,516,5.797752808988764,3347.027027027027,90.0,498,18,0.40562248995983935
5.0,3,30.0,3,5.0,10.0,-1.7,11100,89,0.5275675675675676,0.15945945945945947,0.312972972972973,710,7.977528089887641,4605.405405405405,55.0,665,45,0.1774436090225564
5.0,3,30.0,3,5.0,10.0,-1.6,11100,89,0.4881081081081081,0.14234234234234233,0.36954954954954955,747,8.393258426966293,4845.405405405406,55.0,701,46,0.1355206847360913
5.0,3,30.0,3,5.0,10.0,-1.5,11100,89,0.48324324324324325,0.08936936936936937,0.4273873873873874,711,7.98876404494382,4611.891891891893,55.0,653,58,0.14548238897396631
5.0,3,30.0,3,5.0,10.0,-1.4,11100,89,0.47783783783783784,0.01783783783783784,0.5043243243243243,565,6.348314606741573,3664.864864864865,95.0,482,83,0.16804979253112035
5.0,3,30.0,3,5.0,10.0,-1.3,11100,89,0.43963963963963965,0.024324324324324326,0.536036036036036,564,6.337078651685394,3658.378378378379,95.0,481,83,0.0997920997920998
5.0,3,30.0,3,5.0,10.0,-1.2,11100,89,0.40603603603603605,0.043243243243243246,0.5507207207207208,627,7.044943820224719,4067.027027027027,65.0,543,84,0.08839779005524862
5.0,3,30.0,3,5.0,10.0,-1.1,11100,89,0.3591891891891892,0.0490990990990991,0.5917117117117117,566,6.359550561797753,3671.3513513513512,65.0,485,81,0.14432989690721648
5.0,3,30.0,3,5.0,10.0,-1.0,11100,89,0.32279279279279277,0.07027027027027027,0.606936936936937,540,6.067415730337078,3502.7027027027025,65.0,459,81,0.1721132897603486
5.0,3,30.0,3,5.0,10.0,-0.9,11100,89,0.316036036036036,0.07675675675675675,0.6072072072072072,588,6.606741573033708,3814.054054054054,65.0,506,82,0.11462450592885376
5.0,3,30.0,3,5.0,10.0,-0.8,11100,89,0.28540540540540543,0.10108108108108108,0.6135135135135135,566,6.359550561797753,3671.3513513513512,65.0,485,81,0.1463917525773196
5.0,3,30.0,3,5.0,10.0,-0.7,11100,89,0.2594594594594595,0.11135135135135135,0.6291891891891892,467,5.247191011235955,3029.189189189189,65.0,388,79,0.2706185567010309
5.0,3,30.0,3,5.0,10.0,-0.6,11100,89,0.24567567567567566,0.0827027027027027,0.6716216216216216,445,5.0,2886.4864864864862,55.0,368,77,0.21467391304347827
5.0,3,30.0,3,5.0,10.0,-0.5,11100,89,0.24009009009009008,0.0891891891891892,0.6707207207207208,493,5.53932584269663,3197.837837837838,55.0,414,79,0.19082125603864733
5.0,3,30.0,3,5.0,10.0,-0.4,11100,89,0.22576576576576576,0.055675675675675676,0.7185585585585585,606,6.808988764044944,3930.8108108108104,35.0,524,82,0.1049618320610687
5.0,3,30.0,3,5.0,10.0,-0.3,11100,89,0.21009009009009008,0.05621621621621622,0.7336936936936936,568,6.382022471910112,3684.3243243243246,35.0,488,80,0.11270491803278689
5.0,3,30.0,3,5.0,10.0,-0.2,11100,89,0.18945945945945947,0.036936936936936934,0.7736036036036036,445,5.0,2886.4864864864862,40.0,366,79,0.14754098360655737
5.0,3,30.0,3,5.0,10.0,-0.1,11100,89,0.18504504504504504,0.036936936936936934,0.7780180180180181,445,5.0,2886.4864864864862,40.0,366,79,0.14754098360655737
5.0,3,30.0,3,5.0,10.0,0.0,11100,89,0.1590990990990991,0.03225225225225225,0.8086486486486486,370,4.157303370786517,2400.0,35.0,291,79,0.29896907216494845
5.0,3,30.0,3,5.0,10.0,0.1,11100,89,0.1481981981981982,0.035495495495495494,0.8163063063063063,346,3.8876404494382024,2244.3243243243246,35.0,268,78,0.3656716417910448
5.0,3,30.0,3,5.0,10.0,0.2,11100,89,0.1481981981981982,0.012792792792792792,0.839009009009009,346,3.8876404494382024,2244.3243243243246,30.0,268,78,0.40671641791044777
5.0,3,30.0,3,5.0,10.0,0.3,11100,89,0.14603603603603604,0.012522522522522523,0.8414414414414414,345,3.8764044943820224,2237.837837837838,25.0,267,78,0.40823970037453183
5.0,3,30.0,3,5.0,10.0,0.4,11100,89,0.14342342342342343,0.0005405405405405405,0.8560360360360361,308,3.460674157303371,1997.837837837838,35.0,231,77,0.47186147186147187
5.0,3,30.0,3,5.0,10.0,0.5,11100,89,0.14234234234234233,0.0005405405405405405,0.8571171171171171,308,3.460674157303371,1997.837837837838,35.0,231,77,0.47186147186147187
5.0,3,30.0,3,5.0,10.0,0.6,11100,89,0.13477477477477479,0.0005405405405405405,0.8646846846846847,284,3.191011235955056,1842.1621621621623,40.0,219,65,0.4977168949771689
5.0,3,30.0,3,5.0,10.0,0.7,11100,89,0.1336936936936937,0.0005405405405405405,0.8657657657657658,284,3.191011235955056,1842.1621621621623,40.0,219,65,0.4977168949771689
5.0,3,30.0,3,5.0,10.0,0.8,11100,89,0.12351351351351351,0.0005405405405405405,0.875945945945946,234,2.6292134831460676,1517.8378378378377,97.5,194,40,0.5618556701030928
5.0,3,30.0,3,5.0,10.0,0.9,11100,89,0.11324324324324324,0.0002702702702702703,0.8864864864864865,184,2.067415730337079,1193.5135135135135,255.0,158,26,0.620253164556962
5.0,3,30.0,3,5.0,10.0,1.0,11100,89,0.10783783783783783,0.0002702702702702703,0.8918918918918919,160,1.797752808988764,1037.837837837838,260.0,146,14,0.6712328767123288
5.0,3,60.0,1,5.0,0.0,-4.0,10729,88,1.0,0.0,0.0,0,0.0,0.0,,0,0,
5.0,3,60.0,1,5.0,0.0,-3.9,10729,88,1.0,0.0,0.0,0,0.0,0.0,,0,0,
5.0,3,60.0,1,5.0,0.0,-3.8,10729,88,1.0,0.0,0.0,0,0.0,0.0,,0,0,
5.0,3,60.0,1,5.0,0.0,-3.7,10729,88,1.0,0.0,0.0,0,0.0,0.0,,0,0,
5.0,3,60.0,1,5.0,0.0,-3.6,10729,88,1.0,0.0,0.0,0,0.0,0.0,,0,0,
5.0,3,60.0,1,5.0,0.0,-3.5,10729,88,1.0,0.0,0.0,0,0.0,0.0,,0,0,
5.0,3,60.0,1,5.0,0.0,-3.4,10729,88,1.0,0.0,0.0,0,0.0,0.0,,0,0,
5.0,3,60.0,1,5.0,0.0,-3.3,10729,88,1.0,0.0,0.0,0,0.0,0.0,,0,0,
5.0,3,60.0,1,5.0,0.0,-3.2,10729,88,1.0,0.0,0.0,0,0.0,0.0,,0,0,
5.0,3,60.0,1,5.0,0.0,-3.1,10729,88,1.0,0.0,0.0,0,0.0,0.0,,0,0,
5.0,3,60.0,1,5.0,0.0,-3.0,10729,88,1.0,0.0,0.0,0,0.0,0.0,,0,0,
5.0,3,60.0,1,5.0,0.0,-2.9,10729,88,1.0,0.0,0.0,0,0.0,0.0,,0,0,
5.0,3,60.0,1,5.0,0.0,-2.8,10729,88,1.0,0.0,0.0,0,0.0,0.0,,0,0,
5.0,3,60.0,1,5.0,0.0,-2.7,10729,88,1.0,0.0,0.0,0,0.0,0.0,,0,0,
5.0,3,60.0,1,5.0,0.0,-2.6,10729,88,1.0,0.0,0.0,0,0.0,0.0,,0,0,
5.0,3,60.0,1,5.0,0.0,-2.5,10729,88,1.0,0.0,0.0,0,0.0,0.0,,0,0,
5.0,3,60.0,1,5.0,0.0,-2.4,10729,88,0.9079131326311866,0.0920868673688135,0.0,198,2.25,1328.735203653649,65.0,193,5,0.49740932642487046
5.0,3,60.0,1,5.0,0.0,-2.3,10729,88,0.8647590642184733,0.1352409357815267,0.0,223,2.534090909090909,1496.5048000745642,70.0,216,7,0.6111111111111112
5.0,3,60.0,1,5.0,0.0,-2.2,10729,88,0.7139528381023394,0.28604716189766055,0.0,419,4.761363636363637,2811.81843601454,70.0,398,21,0.5753768844221105
5.0,3,60.0,1,5.0,0.0,-2.1,10729,88,0.5589523720756827,0.3552987230869606,0.0857489048373567,671,7.625,4502.935967937366,60.0,630,41,0.2857142857142857
5.0,3,60.0,1,5.0,0.0,-2.0,10729,88,0.5075030291732687,0.320812750489328,0.1716842203374033,721,8.193181818181818,4838.475160779196,45.0,678,43,0.23008849557522124
5.0,3,60.0,1,5.0,0.0,-1.9,10729,88,0.42538913225836517,0.31475440395190607,0.25985646378972876,816,9.272727272727273,5475.999627178675,35.0,749,67,0.14419225634178906
5.0,3,60.0,1,5.0,0.0,-1.8,10729,88,0.3780408239351291,0.2775654767452698,0.34439369931960107,843,9.579545454545455,5657.190791313263,35.0,761,82,0.09461235216819974
5.0,3,60.0,1,5.0,0.0,-1.7,10729,88,0.3435548513374965,0.2387920589057694,0.4176530897567341,864,9.818181818181818,5798.117252306832,40.0,782,82,0.07672634271099744
5.0,3,60.0,1,5.0,0.0,-1.6,10729,88,0.30263771087706215,0.2322676857116227,0.46509460341131514,915,10.397727272727273,6140.367229005498,35.0,833,82,0.15606242496998798
5.0,3,60.0,1,5.0,0.0,-1.5,10729,88,0.2655419890017709,0.2449436107745363,0.4895144002236928,966,10.977272727272727,6482.617205704167,35.0,881,85,0.13393870601589103
5.0,3,60.0,1,5.0,0.0,-1.4,10729,88,0.25510299189113617,0.21912573399198434,0.5257712741168795,967,10.988636363636363,6489.327989561003,35.0,882,85,0.12018140589569161
5.0,3,60.0,1,5.0,0.0,-1.3,10729,88,0.19200298257060303,0.2180072700158449,0.589989747413552,915,10.397727272727273,6140.367229005498,30.0,830,85,0.1108433734939759
5.0,3,60.0,1,5.0,0.0,-1.2,10729,88,0.17895423618230963,0.17867462018827476,0.6423711436294156,744,8.454545454545455,4992.823189486438,35.0,662,82,0.13897280966767372
5.0,3,60.0,1,5.0,0.0,-1.1,10729,88,0.15816944729238513,0.1681424177462951,0.6736881349613197,622,7.068181818181818,4174.107558952372,25.0,544,78,0.16911764705882354
5.0,3,60.0,1,5.0,0.0,-1.0,10729,88,0.14260415695777798,0.15677136732221084,0.7006244757200112,623,7.079545454545454,4180.818342809209,30.0,546,77,0.14835164835164835
5.0,3,60.0,1,5.0,0.0,-0.9,10729,88,0.1368254264143909,0.1508994314474788,0.7122751421381303,595,6.761363636363637,3992.916394817784,30.0,520,75,0.15576923076923077
5.0,3,60.0,1,5.0,0.0,-0.8,10729,88,0.11827756547674527,0.1370118370770808,0.744710597446174,568,6.454545454545454,3811.725230683195,35.0,492,76,0.1402439024390244
5.0,3,60.0,1,5.0,0.0,-0.7,10729,88,0.09469661664647218,0.13039425855158915,0.7749091248019386,531,6.034090909090909,3563.42622798024,45.0,455,76,0.12527472527472527
5.0,3,60.0,1,5.0,0.0,-0.6,10729,88,0.08202069158355858,0.1338428558113524,0.784136452605089,532,6.045454545454546,3570.1370118370774,40.0,455,77,0.12527472527472527
5.0,3,60.0,1,5.0,0.0,-0.5,10729,88,0.06906515052661012,0.13645260508901108,0.7944822443843788,556,6.318181818181818,3731.1958244011553,40.0,479,77,0.11899791231732777
5.0,3,60.0,1,5.0,0.0,-0.4,10729,88,0.06459129462205238,0.11520178954236182,0.8202069158355858,532,6.045454545454546,3570.1370118370774,20.0,455,77,0.2
5.0,3,60.0,1,5.0,0.0,-0.3,10729,88,0.059931028054804734,0.10597446173921149,0.8340945102059838,508,5.7727272727272725,3409.0781992729985,25.0,433,75,0.26558891454965355
5.0,3,60.0,1,5.0,0.0,-0.2,10729,88,0.05200857489048374,0.07773324634169075,0.8702581787678255,495,5.625,3321.8380091341223,20.0,420,75,0.2714285714285714
5.0,3,60.0,1,5.0,0.0,-0.1,10729,88,0.05200857489048374,0.07074284649081927,0.877248578618697,471,5.3522727272727275,3160.7791965700435,20.0,397,74,0.2871536523929471
5.0,3,60.0,1,5.0,0.0,0.0,10729,88,0.04725510299189114,0.050703700251654396,0.9020411967564544,372,4.2272727272727275,2496.411594743219,20.0,300,72,0.3433333333333333
5.0,3,60.0,1,5.0,0.0,0.1,10729,88,0.04725510299189114,0.04268804175598844,0.9100568552521204,324,3.6818181818181817,2174.293969615062,20.0,253,71,0.36363636363636365
5.0,3,60.0,1,5.0,0.0,0.2,10729,88,0.0461366390157517,0.034672383260322494,0.9191909777239258,298,3.3863636363636362,1999.81358933731,20.0,228,70,0.3508771929824561
5.0,3,60.0,1,5.0,0.0,0.3,10729,88,0.0461366390157517,0.03243545530804362,0.9214279056762047,298,3.3863636363636362,1999.81358933731,20.0,228,70,0.3508771929824561
5.0,3,60.0,1,5.0,0.0,0.4,10729,88,0.044924969708267315,0.02069158355857955,0.9343834467331531,246,2.7954545454545454,1650.8528287818062,20.0,179,67,0.31843575418994413
5.0,3,60.0,1,5.0,0.0,0.5,10729,88,0.044924969708267315,0.019573119582440117,0.9355019107092926,246,2.7954545454545454,1650.8528287818062,20.0,179,67,0.31843575418994413
5.0,3,60.0,1,5.0,0.0,0.6,10729,88,0.043806505732127875,0.015006058346537421,0.9411874359213347,197,2.2386363636363638,1322.0244197968125,15.0,155,42,0.36774193548387096
5.0,3,60.0,1,5.0,0.0,0.7,10729,88,0.043806505732127875,0.015006058346537421,0.9411874359213347,197,2.2386363636363638,1322.0244197968125,15.0,155,42,0.36774193548387096
5.0,3,60.0,1,5.0,0.0,0.8,10729,88,0.04259483642464349,0.012769130394258551,0.944636033181098,149,1.6931818181818181,999.906794668655,20.0,131,18,0.4351145038167939
5.0,3,60.0,1,5.0,0.0,0.9,10729,88,0.04259483642464349,0.011557461086774164,0.9458477024885823,123,1.3977272727272727,825.4264143909031,20.0,118,5,0.4830508474576271
5.0,3,60.0,1,5.0,0.0,1.0,10729,88,0.04147637244850406,0.011557461086774164,0.9469661664647218,123,1.3977272727272727,825.4264143909031,20.0,118,5,0.4830508474576271
5.0,3,60.0,2,5.0,5.0,-4.0,10729,88,1.0,0.0,0.0,0,0.0,0.0,,0,0,
5.0,3,60.0,2,5.0,5.0,-3.9,10729,88,1.0,0.0,0.0,0,0.0,0.0,,0,0,
5.0,3,60.0,2,5.0,5.0,-3.8,10729,88,1.0,0.0,0.0,0,0.0,0.0,,0,0,
5.0,3,60.0,2,5.0,5.0,-3.7,10729,88,1.0,0.0,0.0,0,0.0,0.0,,0,0,
5.0,3,60.0,2,5.0,5.0,-3.6,10729,88,1.0,0.0,0.0,0,0.0,0.0,,0,0,
5.0,3,60.0,2,5.0,5.0,-3.5,10729,88,1.0,0.0,0.0,0,0.0,0.0,,0,0,
5.0,3,60.0,2,5.0,5.0,-3.4,10729,88,1.0,0.0,0.0,0,0.0,0.0,,0,0,
5.0,3,60.0,2,5.0,5.0,-3.3,10729,88,1.0,0.0,0.0,0,0.0,0.0,,0,0,
5.0,3,60.0,2,5.0,5.0,-3.2,10729,88,1.0,0.0,0.0,0,0.0,0.0,,0,0,
5.0,3,60.0,2,5.0,5.0,-3.1,10729,88,1.0,0.0,0.0,0,0.0,0.0,,0,0,
5.0,3,60.0,2,5.0,5.0,-3.0,10729,88,1.0,0.0,0.0,0,0.0,0.0,,0,0,
5.0,3,60.0,2,5.0,5.0,-2.9,10729,88,1.0,0.0,0.0,0,0.0,0.0,,0,0,
5.0,3,60.0,2,5.0,5.0,-2.8,10729,88,1.0,0.0,0.0,0,0.0,0.0,,0,0,
5.0,3,60.0,2,5.0,5.0,-2.7,10729,88,1.0,0.0,0.0,0,0.0,0.0,,0,0,
5.0,3,60.0,2,5.0,5.0,-2.6,10729,88,1.0,0.0,0.0,0,0.0,0.0,,0,0,
5.0,3,60.0,2,5.0,5.0,-2.5,10729,88,1.0,0.0,0.0,0,0.0,0.0,,0,0,
5.0,3,60.0,2,5.0,5.0,-2.4,10729,88,0.9079131326311866,0.0920868673688135,0.0,198,2.25,1328.735203653649,65.0,193,5,0.49740932642487046
5.0,3,60.0,2,5.0,5.0,-2.3,10729,88,0.8644794482244385,0.13552055177556155,0.0,223,2.534090909090909,1496.5048000745642,70.0,216,7,0.6111111111111112
5.0,3,60.0,2,5.0,5.0,-2.2,10729,88,0.7140460434336844,0.2859539565663156,0.0,419,4.761363636363637,2811.81843601454,70.0,396,23,0.5732323232323232
5.0,3,60.0,2,5.0,5.0,-2.1,10729,88,0.5590455774070276,0.3553919284183055,0.0855624941746668,671,7.625,4502.935967937366,60.0,630,41,0.2857142857142857
5.0,3,60.0,2,5.0,5.0,-2.0,10729,88,0.5075962345046137,0.320719545157983,0.1716842203374033,721,8.193181818181818,4838.475160779196,40.0,678,43,0.23008849557522124
5.0,3,60.0,2,5.0,5.0,-1.9,10729,88,0.42641439090315963,0.31382235063845654,0.25976325845838383,804,9.136363636363637,5395.4702208966355,35.0,737,67,0.14654002713704206
5.0,3,60.0,2,5.0,5.0,-1.8,10729,88,0.3780408239351291,0.27765868207661476,0.34430049398825613,843,9.579545454545455,5657.190791313263,35.0,761,82,0.09461235216819974
5.0,3,60.0,2,5.0,5.0,-1.7,10729,88,0.34346164600615153,0.2387920589057694,0.41774629508807903,864,9.818181818181818,5798.117252306832,40.0,782,82,0.07672634271099744
5.0,3,60.0,2,5.0,5.0,-1.6,10729,88,0.30263771087706215,0.23236089104296767,0.46500139807997015,914,10.386363636363637,6133.656445148662,35.0,831,83,0.1552346570397112
5.0,3,60.0,2,5.0,5.0,-1.5,10729,88,0.2655419890017709,0.2449436107745363,0.4895144002236928,965,10.965909090909092,6475.90642184733,35.0,879,86,0.13310580204778158
5.0,3,60.0,2,5.0,5.0,-1.4,10729,88,0.25510299189113617,0.21903252866063938,0.5258644794482245,965,10.965909090909092,6475.90642184733,35.0,880,85,0.12045454545454545
5.0,3,60.0,2,5.0,5.0,-1.3,10729,88,0.1885543853108398,0.21353341411128718,0.5979122005778731,828,9.409090909090908,5556.529033460714,35.0,744,84,0.12365591397849462
5.0,3,60.0,2,5.0,5.0,-1.2,10729,88,0.17876782551961973,0.17886103085096466,0.6423711436294156,743,8.443181818181818,4986.112405629602,35.0,662,81,0.13897280966767372
5.0,3,60.0,2,5.0,5.0,-1.1,10729,88,0.15807624196104017,0.1681424177462951,0.6737813402926648,620,7.045454545454546,4160.685991238699,25.0,543,77,0.1694290976058932
5.0,3,60.0,2,5.0,5.0,-1.0,10729,88,0.14260415695777798,0.15686457265355577,0.7005312703886662,621,7.056818181818182,4167.396775095535,30.0,545,76,0.14862385321100918
5.0,3,60.0,2,5.0,5.0,-0.9,10729,88,0.13691863174573585,0.15099263677882374,0.7120887314754404,595,6.761363636363637,3992.916394817784,30.0,520,75,0.15576923076923077
5.0,3,60.0,2,5.0,5.0,-0.8,10729,88,0.11837077080809022,0.1370118370770808,0.7446173921148289,568,6.454545454545454,3811.725230683195,30.0,492,76,0.1402439024390244
5.0,3,60.0,2,5.0,5.0,-0.7,10729,88,0.09581508062261161,0.12936899990679468,0.7748159194705937,531,6.034090909090909,3563.42622798024,45.0,455,76,0.12527472527472527
5.0,3,60.0,2,5.0,5.0,-0.6,10729,88,0.08546928884332183,0.1304874638829341,0.7840432472737441,531,6.034090909090909,3563.42622798024,40.0,454,77,0.12555066079295155
5.0,3,60.0,2,5.0,5.0,-0.5,10729,88,0.07493708640134215,0.130673874545624,0.7943890390530338,555,6.306818181818182,3724.485040544319,40.0,478,77,0.1192468619246862
5.0,3,60.0,2,5.0,5.0,-0.4,10729,88,0.07046323049678442,0.10923664833628484,0.8203001211669307,531,6.034090909090909,3563.42622798024,20.0,455,76,0.2
5.0,3,60.0,2,5.0,5.0,-0.3,10729,88,0.06570975859819182,0.1001957311958244,0.8340945102059838,506,5.75,3395.656631559325,25.0,432,74,0.2662037037037037
5.0,3,60.0,2,5.0,5.0,-0.2,10729,88,0.05778730543387082,0.07521670239537702,0.8669959921707522,493,5.6022727272727275,3308.416441420449,20.0,419,74,0.2720763723150358
5.0,3,60.0,2,5.0,5.0,-0.1,10729,88,0.05778730543387082,0.06701463323702116,0.875198061329108,443,5.034090909090909,2972.8772485786185,20.0,371,72,0.30727762803234504
5.0,3,60.0,2,5.0,5.0,0.0,10729,88,0.05303383353527822,0.050703700251654396,0.8962624662130674,370,4.204545454545454,2482.990027029546,15.0,299,71,0.34448160535117056
5.0,3,60.0,2,5.0,5.0,0.1,10729,88,0.05303383353527822,0.04268804175598844,0.9042781247087334,322,3.659090909090909,2160.872401901389,15.0,252,70,0.36507936507936506
5.0,3,60.0,2,5.0,5.0,0.2,10729,88,0.05191536955913878,0.034672383260322494,0.9134122471805387,296,3.3636363636363638,1986.392021623637,15.0,227,69,0.3524229074889868
5.0,3,60.0,2,5.0,5.0,0.3,10729,88,0.05191536955913878,0.03131699133190419,0.916767639108957,272,3.090909090909091,1825.3332090595582,15.0,215,57,0.37209302325581395
5.0,3,60.0,2,5.0,5.0,0.4,10729,88,0.05061049492030944,0.018547860937645634,0.930841644142045,196,2.227272727272727,1315.3136359399757,15.0,154,42,0.37012987012987014
5.0,3,60.0,2,5.0,5.0,0.5,10729,88,0.05061049492030944,0.016310932985366764,0.9330785720943238,172,1.9545454545454546,1154.254823375897,15.0,142,30,0.4014084507042254
5.0,3,60.0,2,5.0,5.0,0.6,10729,88,0.049492030944170005,0.011650666418119116,0.9388573026377108,123,1.3977272727272727,825.4264143909031,10.0,118,5,0.4830508474576271
5.0,3,60.0,2,5.0,5.0,0.7,10729,88,0.049492030944170005,0.011650666418119116,0.9388573026377108,123,1.3977272727272727,825.4264143909031,10.0,118,5,0.4830508474576271
5.0,3,60.0,2,5.0,5.0,0.8,10729,88,0.04828036163668562,0.011650666418119116,0.9400689719451952,123,1.3977272727272727,825.4264143909031,15.0,118,5,0.4830508474576271
5.0,3,60.0,2,5.0,5.0,0.9,10729,88,0.04828036163668562,0.011650666418119116,0.9400689719451952,123,1.3977272727272727,825.4264143909031,15.0,118,5,0.4830508474576271
5.0,3,60.0,2,5.0,5.0,1.0,10729,88,0.04716189766054618,0.011650666418119116,0.9411874359213347,123,1.3977272727272727,825.4264143909031,15.0,118,5,0.4830508474576271
5.0,3,60.0,3,5.0,10.0,-4.0,10729,88,1.0,0.0,0.0,0,0.0,0.0,,0,0,
5.0,3,60.0,3,5.0,10.0,-3.9,10729,88,1.0,0.0,0.0,0,0.0,0.0,,0,0,
5.0,3,60.0,3,5.0,10.0,-3.8,10729,88,1.0,0.0,0.0,0,0.0,0.0,,0,0,
5.0,3,60.0,3,5.0,10.0,-3.7,10729,88,1.0,0.0,0.0,0,0.0,0.0,,0,0,
5.0,3,60.0,3,5.0,10.0,-3.6,10729,88,1.0,0.0,0.0,0,0.0,0.0,,0,0,
5.0,3,60.0,3,5.0,10.0,-3.5,10729,88,1.0,0.0,0.0,0,0.0,0.0,,0,0,
5.0,3,60.0,3,5.0,10.0,-3.4,10729,88,1.0,0.0,0.0,0,0.0,0.0,,0,0,
5.0,3,60.0,3,5.0,10.0,-3.3,10729,88,1.0,0.0,0.0,0,0.0,0.0,,0,0,
5.0,3,60.0,3,5.0,10.0,-3.2,10729,88,1.0,0.0,0.0,0,0.0,0.0,,0,0,
5.0,3,60.0,3,5.0,10.0,-3.1,10729,88,1.0,0.0,0.0,0,0.0,0.0,,0,0,
5.0,3,60.0,3,5.0,10.0,-3.0,10729,88,1.0,0.0,0.0,0,0.0,0.0,,0,0,
5.0,3,60.0,3,5.0,10.0,-2.9,10729,88,1.0,0.0,0.0,0,0.0,0.0,,0,0,
5.0,3,60.0,3,5.0,10.0,-2.8,10729,88,1.0,0.0,0.0,0,0.0,0.0,,0,0,
5.0,3,60.0,3,5.0,10.0,-2.7,10729,88,1.0,0.0,0.0,0,0.0,0.0,,0,0,
5.0,3,60.0,3,5.0,10.0,-2.6,10729,88,1.0,0.0,0.0,0,0.0,0.0,,0,0,
5.0,3,60.0,3,5.0,10.0,-2.5,10729,88,1.0,0.0,0.0,0,0.0,0.0,,0,0,
5.0,3,60.0,3,5.0,10.0,-2.4,10729,88,0.9079131326311866,0.0920868673688135,0.0,198,2.25,1328.735203653649,65.0,193,5,0.49740932642487046
5.0,3,60.0,3,5.0,10.0,-2.3,10729,88,0.8641998322304035,0.1358001677695964,0.0,223,2.534090909090909,1496.5048000745642,65.0,216,7,0.6111111111111112
5.0,3,60.0,3,5.0,10.0,-2.2,10729,88,0.7117159101500606,0.2882840898499394,0.0,393,4.465909090909091,2637.338055736788,65.0,371,22,0.5795148247978437
5.0,3,60.0,3,5.0,10.0,-2.1,10729,88,0.554478516171125,0.3601454003168981,0.08537608351197688,621,7.056818181818182,4167.396775095535,60.0,580,41,0.3086206896551724
5.0,3,60.0,3,5.0,10.0,-2.0,10729,88,0.5121632957405163,0.31615248392208034,0.1716842203374033,658,7.4772727272727275,4415.695777798491,65.0,615,43,0.25203252032520324
5.0,3,60.0,3,5.0,10.0,-1.9,10729,88,0.4265075962345046,0.31158542268617767,0.26190698107931776,754,8.568181818181818,5059.931028054805,35.0,686,68,0.15597667638483964
5.0,3,60.0,3,5.0,10.0,-1.8,10729,88,0.3780408239351291,0.2663808369838755,0.35557833908099545,780,8.863636363636363,5234.411408332557,35.0,698,82,0.10315186246418338
5.0,3,60.0,3,5.0,10.0,-1.7,10729,88,0.3502656351943331,0.22033740329946874,0.42939696150619816,762,8.659090909090908,5113.617298909498,40.0,680,82,0.08823529411764706
5.0,3,60.0,3,5.0,10.0,-1.6,10729,88,0.3118650386802125,0.21157610215304315,0.47655885916674434,797,9.056818181818182,5348.494733898779,40.0,715,82,0.18041958041958042
5.0,3,60.0,3,5.0,10.0,-1.5,10729,88,0.2770994500885451,0.22192189393233294,0.5009786559791221,837,9.511363636363637,5616.926088172244,35.0,752,85,0.15558510638297873
5.0,3,60.0,3,5.0,10.0,-1.4,10729,88,0.26899058626153416,0.19125733991984342,0.5397520738186224,813,9.238636363636363,5455.867275608165,35.0,728,85,0.14423076923076922
5.0,3,60.0,3,5.0,10.0,-1.3,10729,88,0.19796812377668002,0.18846117997949483,0.6135706962438251,654,7.431818181818182,4388.852642371144,35.0,572,82,0.1590909090909091
5.0,3,60.0,3,5.0,10.0,-1.2,10729,88,0.190138875943704,0.14446826358467704,0.6653928604716189,517,5.875,3469.4752539845276,45.0,440,77,0.18409090909090908
5.0,3,60.0,3,5.0,10.0,-1.1,10729,88,0.16963370304781433,0.13337682915462765,0.696989467797558,406,4.613636363636363,2724.578245875664,40.0,332,74,0.27710843373493976
5.0,3,60.0,3,5.0,10.0,-1.0,10729,88,0.15183148476092834,0.1221921893932333,0.7259763258458384,406,4.613636363636363,2724.578245875664,35.0,333,73,0.24324324324324326
5.0,3,60.0,3,5.0,10.0,-0.9,10729,88,0.14167210364432845,0.11659986951253612,0.7417280268431354,370,4.204545454545454,2482.990027029546,35.0,297,73,0.2727272727272727
5.0,3,60.0,3,5.0,10.0,-0.8,10729,88,0.12554758132165159,0.10718613104669587,0.7672662876316525,381,4.329545454545454,2556.808649454749,45.0,307,74,0.2247557003257329
5.0,3,60.0,3,5.0,10.0,-0.7,10729,88,0.10625407773324634,0.10299189113617299,0.7907540311305806,380,4.318181818181818,2550.0978655979125,50.0,306,74,0.18627450980392157
5.0,3,60.0,3,5.0,10.0,-0.6,10729,88,0.10047534718985926,0.10411035511231242,0.7954142976978283,405,4.6022727272727275,2717.8674620188276,45.0,330,75,0.17272727272727273
5.0,3,60.0,3,5.0,10.0,-0.5,10729,88,0.09236648336284836,0.10205983782272346,0.8055736788144282,430,4.886363636363637,2885.637058439743,40.0,355,75,0.16056338028169015
5.0,3,60.0,3,5.0,10.0,-0.4,10729,88,0.08789262745829061,0.08267312890297325,0.8294342436387362,419,4.761363636363637,2811.81843601454,40.0,344,75,0.16569767441860464
5.0,3,60.0,3,5.0,10.0,-0.3,10729,88,0.08304595022835307,0.07596234504613664,0.8409917047255103,406,4.613636363636363,2724.578245875664,40.0,333,73,0.17417417417417416
5.0,3,60.0,3,5.0,10.0,-0.2,10729,88,0.07512349706403207,0.054245502842762604,0.8706310000932054,370,4.204545454545454,2482.990027029546,20.0,297,73,0.265993265993266
5.0,3,60.0,3,5.0,10.0,-0.1,10729,88,0.07512349706403207,0.043806505732127875,0.88106999720384,295,3.352272727272727,1979.6812377668002,20.0,222,73,0.5045045045045045
5.0,3,60.0,3,5.0,10.0,0.0,10729,88,0.07037002516543946,0.034485972597632586,0.8951440022369279,258,2.9318181818181817,1731.3822350638457,20.0,198,60,0.51010101010101
5.0,3,60.0,3,5.0,10.0,0.1,10729,88,0.07037002516543946,0.026283903439276727,0.9033460713952838,208,2.3636363636363638,1395.8430422220151,20.0,150,58,0.52
5.0,3,60.0,3,5.0,10.0,0.2,10729,88,0.06925156118930002,0.01621772765402181,0.9145307111566782,160,1.8181818181818181,1073.7254170938577,145.0,126,34,0.6190476190476191
5.0,3,60.0,3,5.0,10.0,0.3,10729,88,0.06925156118930002,0.012862335725603505,0.9178861030850964,136,1.5454545454545454,912.6666045297791,160.0,103,33,0.6504854368932039
5.0,3,60.0,3,5.0,10.0,0.4,10729,88,0.06766707055643582,0.0006524373194146706,0.9316804921241495,63,0.7159090909090909,422.77938298070654,805.0,55,8,1.0
5.0,3,60.0,3,5.0,10.0,0.5,10729,88,0.06766707055643582,0.0006524373194146706,0.9316804921241495,63,0.7159090909090909,422.77938298070654,805.0,55,8,1.0
5.0,3,60.0,3,5.0,10.0,0.6,10729,88,0.06654860658029639,0.0003728213253798117,0.9330785720943238,62,0.7045454545454546,416.06859912386983,805.0,55,7,1.0
5.0,3,60.0,3,5.0,10.0,0.7,10729,88,0.06654860658029639,0.0003728213253798117,0.9330785720943238,62,0.7045454545454546,416.06859912386983,805.0,55,7,1.0
5.0,3,60.0,3,5.0,10.0,0.8,10729,88,0.065336937272812,0.0003728213253798117,0.9342902414018082,62,0.7045454545454546,416.06859912386983,810.0,55,7,1.0
5.0,3,60.0,3,5.0,10.0,0.9,10729,88,0.065336937272812,0.0003728213253798117,0.9342902414018082,62,0.7045454545454546,416.06859912386983,810.0,55,7,1.0
5.0,3,60.0,3,5.0,10.0,1.0,10729,88,0.06421847329667257,0.0003728213253798117,0.9354087053779476,62,0.7045454545454546,416.06859912386983,810.0,55,7,1.0
5.0,3,120.0,1,5.0,0.0,-4.0,9986,87,1.0,0.0,0.0,0,0.0,0.0,,0,0,
5.0,3,120.0,1,5.0,0.0,-3.9,9986,87,1.0,0.0,0.0,0,0.0,0.0,,0,0,
5.0,3,120.0,1,5.0,0.0,-3.8,9986,87,1.0,0.0,0.0,0,0.0,0.0,,0,0,
5.0,3,120.0,1,5.0,0.0,-3.7,9986,87,1.0,0.0,0.0,0,0.0,0.0,,0,0,
5.0,3,120.0,1,5.0,0.0,-3.6,9986,87,1.0,0.0,0.0,0,0.0,0.0,,0,0,
5.0,3,120.0,1,5.0,0.0,-3.5,9986,87,1.0,0.0,0.0,0,0.0,0.0,,0,0,
5.0,3,120.0,1,5.0,0.0,-3.4,9986,87,1.0,0.0,0.0,0,0.0,0.0,,0,0,
5.0,3,120.0,1,5.0,0.0,-3.3,9986,87,1.0,0.0,0.0,0,0.0,0.0,,0,0,
5.0,3,120.0,1,5.0,0.0,-3.2,9986,87,1.0,0.0,0.0,0,0.0,0.0,,0,0,
5.0,3,120.0,1,5.0,0.0,-3.1,9986,87,1.0,0.0,0.0,0,0.0,0.0,,0,0,
5.0,3,120.0,1,5.0,0.0,-3.0,9986,87,1.0,0.0,0.0,0,0.0,0.0,,0,0,
5.0,3,120.0,1,5.0,0.0,-2.9,9986,87,1.0,0.0,0.0,0,0.0,0.0,,0,0,
5.0,3,120.0,1,5.0,0.0,-2.8,9986,87,1.0,0.0,0.0,0,0.0,0.0,,0,0,
5.0,3,120.0,1,5.0,0.0,-2.7,9986,87,1.0,0.0,0.0,0,0.0,0.0,,0,0,
5.0,3,120.0,1,5.0,0.0,-2.6,9986,87,1.0,0.0,0.0,0,0.0,0.0,,0,0,
5.0,3,120.0,1,5.0,0.0,-2.5,9986,87,1.0,0.0,0.0,0,0.0,0.0,,0,0,
5.0,3,120.0,1,5.0,0.0,-2.4,9986,87,1.0,0.0,0.0,0,0.0,0.0,,0,0,
5.0,3,120.0,1,5.0,0.0,-2.3,9986,87,0.9497296214700581,0.05027037852994192,0.0,100,1.1494252873563218,721.0094131784498,60.0,97,3,0.3711340206185567
5.0,3,120.0,1,5.0,0.0,-2.2,9986,87,0.8389745643901462,0.1610254356098538,0.0,346,3.9770114942528734,2494.6925695974364,45.0,304,42,0.07894736842105263
5.0,3,120.0,1,5.0,0.0,-2.1,9986,87,0.6258762267174044,0.3741237732825956,0.0,496,5.7011494252873565,3576.206689365111,45.0,425,71,0.2541176470588235
5.0,3,120.0,1,5.0,0.0,-2.0,9986,87,0.4692569597436411,0.4574404165832165,0.0733026236731424,615,7.068965517241379,4434.207891047467,50.0,544,71,0.22242647058823528
5.0,3,120.0,1,5.0,0.0,-1.9,9986,87,0.36030442619667535,0.46695373522932104,0.1727418385740036,570,6.551724137931035,4109.753655117164,60.0,494,76,0.3643724696356275
5.0,3,120.0,1,5.0,0.0,-1.8,9986,87,0.31093530943320646,0.4351091528139395,0.253955537752854,593,6.816091954022989,4275.585820148208,80.0,515,78,0.32427184466019415
5.0,3,120.0,1,5.0,0.0,-1.7,9986,87,0.25886240737031846,0.3691167634688564,0.37202082916082513,619,7.114942528735632,4463.048267574604,45.0,539,80,0.39517625231910947
5.0,3,120.0,1,5.0,0.0,-1.6,9986,87,0.2159022631684358,0.3159423192469457,0.4681554175846185,619,7.114942528735632,4463.048267574604,50.0,539,80,0.3302411873840445
5.0,3,120.0,1,5.0,0.0,-1.5,9986,87,0.1838574003605047,0.24324053675145205,0.5729020628880432,542,6.2298850574712645,3907.871019427198,50.0,467,75,0.2762312633832976
5.0,3,120.0,1,5.0,0.0,-1.4,9986,87,0.15351492088924495,0.23162427398357702,0.614860805127178,483,5.551724137931035,3482.4754656519126,55.0,407,76,0.28746928746928746
5.0,3,120.0,1,5.0,0.0,-1.3,9986,87,0.07881033446825556,0.259062687762868,0.6621269777688764,518,5.954022988505747,3734.82876026437,40.0,443,75,0.23702031602708803
5.0,3,120.0,1,5.0,0.0,-1.2,9986,87,0.06388944522331264,0.22221109553374724,0.7138994592429401,431,4.954022988505747,3107.5505707991188,40.0,355,76,0.29577464788732394
5.0,3,120.0,1,5.0,0.0,-1.1,9986,87,0.019927899058682155,0.2401361906669337,0.7399359102743841,395,4.540229885057471,2847.987182054877,40.0,321,74,0.3644859813084112
5.0,3,120.0,1,5.0,0.0,-1.0,9986,87,0.009713599038654116,0.2067895053074304,0.7834968956539154,383,4.402298850574713,2761.466052473463,45.0,309,74,0.41423948220064727
5.0,3,120.0,1,5.0,0.0,-0.9,9986,87,0.0049068696174644506,0.17594632485479672,0.8191468055277389,345,3.9655172413793105,2487.482475465652,80.0,270,75,0.6407407407407407
5.0,3,120.0,1,5.0,0.0,-0.8,9986,87,0.0,0.16473062287202084,0.8352693771279792,248,2.8505747126436782,1788.1033446825554,100.0,174,74,0.867816091954023
5.0,3,120.0,1,5.0,0.0,-0.7,9986,87,0.0,0.1473062287202083,0.8526937712797917,248,2.8505747126436782,1788.1033446825554,95.0,174,74,0.6609195402298851
5.0,3,120.0,1,5.0,0.0,-0.6,9986,87,0.0,0.13368716202683759,0.8663128379731624,248,2.8505747126436782,1788.1033446825554,90.0,174,74,0.6609195402298851
5.0,3,120.0,1,5.0,0.0,-0.5,9986,87,0.0,0.1177648708191468,0.8822351291808532,235,2.7011494252873565,1694.372120969357,100.0,173,62,0.6589595375722543
5.0,3,120.0,1,5.0,0.0,-0.4,9986,87,0.0,0.034047666733426796,0.9659523332665731,110,1.264367816091954,793.1103544962948,217.5,81,29,0.8518518518518519
5.0,3,120.0,1,5.0,0.0,-0.3,9986,87,0.0,0.0268375726016423,0.9731624273983577,86,0.9885057471264368,620.0680953334669,535.0,81,5,0.8518518518518519
5.0,3,120.0,1,5.0,0.0,-0.2,9986,87,0.0,0.011015421590226317,0.9889845784097737,61,0.7011494252873564,439.8157420388544,795.0,57,4,1.0
5.0,3,120.0,1,5.0,0.0,-0.1,9986,87,0.0,0.011015421590226317,0.9889845784097737,61,0.7011494252873564,439.8157420388544,795.0,57,4,1.0
5.0,3,120.0,1,5.0,0.0,0.0,9986,87,0.0,0.009813739234928901,0.9901862607650711,61,0.7011494252873564,439.8157420388544,795.0,57,4,1.0
5.0,3,120.0,1,5.0,0.0,0.1,9986,87,0.0,0.009813739234928901,0.9901862607650711,61,0.7011494252873564,439.8157420388544,795.0,57,4,1.0
5.0,3,120.0,1,5.0,0.0,0.2,9986,87,0.0,0.008612056879631484,0.9913879431203685,61,0.7011494252873564,439.8157420388544,800.0,57,4,1.0
5.0,3,120.0,1,5.0,0.0,0.3,9986,87,0.0,0.008612056879631484,0.9913879431203685,61,0.7011494252873564,439.8157420388544,800.0,57,4,1.0
5.0,3,120.0,1,5.0,0.0,0.4,9986,87,0.0,0.0074103745243340674,0.992589625475666,61,0.7011494252873564,439.8157420388544,800.0,57,4,1.0
5.0,3,120.0,1,5.0,0.0,0.5,9986,87,0.0,0.0074103745243340674,0.992589625475666,61,0.7011494252873564,439.8157420388544,800.0,57,4,1.0
5.0,3,120.0,1,5.0,0.0,0.6,9986,87,0.0,0.006208692169036651,0.9937913078309634,61,0.7011494252873564,439.8157420388544,800.0,57,4,1.0
5.0,3,120.0,1,5.0,0.0,0.7,9986,87,0.0,0.006208692169036651,0.9937913078309634,61,0.7011494252873564,439.8157420388544,800.0,57,4,1.0
5.0,3,120.0,1,5.0,0.0,0.8,9986,87,0.0,0.0049068696174644506,0.9950931303825356,48,0.5517241379310345,346.08451832565595,800.0,45,3,1.0
5.0,3,120.0,1,5.0,0.0,0.9,9986,87,0.0,0.0049068696174644506,0.9950931303825356,48,0.5517241379310345,346.08451832565595,800.0,45,3,1.0
5.0,3,120.0,1,5.0,0.0,1.0,9986,87,0.0,0.0037051872621670337,0.9962948127378329,36,0.41379310344827586,259.56338874424193,800.0,34,2,1.0
5.0,3,120.0,2,5.0,5.0,-4.0,9986,87,1.0,0.0,0.0,0,0.0,0.0,,0,0,
5.0,3,120.0,2,5.0,5.0,-3.9,9986,87,1.0,0.0,0.0,0,0.0,0.0,,0,0,
5.0,3,120.0,2,5.0,5.0,-3.8,9986,87,1.0,0.0,0.0,0,0.0,0.0,,0,0,
5.0,3,120.0,2,5.0,5.0,-3.7,9986,87,1.0,0.0,0.0,0,0.0,0.0,,0,0,
5.0,3,120.0,2,5.0,5.0,-3.6,9986,87,1.0,0.0,0.0,0,0.0,0.0,,0,0,
5.0,3,120.0,2,5.0,5.0,-3.5,9986,87,1.0,0.0,0.0,0,0.0,0.0,,0,0,
5.0,3,120.0,2,5.0,5.0,-3.4,9986,87,1.0,0.0,0.0,0,0.0,0.0,,0,0,
5.0,3,120.0,2,5.0,5.0,-3.3,9986,87,1.0,0.0,0.0,0,0.0,0.0,,0,0,
5.0,3,120.0,2,5.0,5.0,-3.2,9986,87,1.0,0.0,0.0,0,0.0,0.0,,0,0,
5.0,3,120.0,2,5.0,5.0,-3.1,9986,87,1.0,0.0,0.0,0,0.0,0.0,,0,0,
5.0,3,120.0,2,5.0,5.0,-3.0,9986,87,1.0,0.0,0.0,0,0.0,0.0,,0,0,
5.0,3,120.0,2,5.0,5.0,-2.9,9986,87,1.0,0.0,0.0,0,0.0,0.0,,0,0,
5.0,3,120.0,2,5.0,5.0,-2.8,9986,87,1.0,0.0,0.0,0,0.0,0.0,,0,0,
5.0,3,120.0,2,5.0,5.0,-2.7,9986,87,1.0,0.0,0.0,0,0.0,0.0,,0,0,
5.0,3,120.0,2,5.0,5.0,-2.6,9986,87,1.0,0.0,0.0,0,0.0,0.0,,0,0,
5.0,3,120.0,2,5.0,5.0,-2.5,9986,87,1.0,0.0,0.0,0,0.0,0.0,,0,0,
5.0,3,120.0,2,5.0,5.0,-2.4,9986,87,1.0,0.0,0.0,0,0.0,0.0,,0,0,
5.0,3,120.0,2,5.0,5.0,-2.3,9986,87,0.9497296214700581,0.05027037852994192,0.0,100,1.1494252873563218,721.0094131784498,60.0,97,3,0.3711340206185567
5.0,3,120.0,2,5.0,5.0,-2.2,9986,87,0.8356699379130783,0.1643300620869217,0.0,272,3.1264367816091956,1961.1456038453834,45.0,231,41,0.2077922077922078
5.0,3,120.0,2,5.0,5.0,-2.1,9986,87,0.6185659923893451,0.38143400761065493,0.0,346,3.9770114942528734,2494.6925695974364,45.0,276,70,0.38768115942028986
5.0,3,120.0,2,5.0,5.0,-2.0,9986,87,0.46314840777087923,0.46244742639695574,0.07440416583216503,469,5.390804597701149,3381.5341478069295,60.0,398,71,0.3015075376884422
5.0,3,120.0,2,5.0,5.0,-1.9,9986,87,0.36020428600040055,0.4659523332665732,0.17384338073302624,546,6.275862068965517,3936.711395954336,65.0,470,76,0.3829787234042553
5.0,3,120.0,2,5.0,5.0,-1.8,9986,87,0.31103544962948126,0.4350090126176647,0.253955537752854,593,6.816091954022989,4275.585820148208,75.0,515,78,0.32427184466019415
5.0,3,120.0,2,5.0,5.0,-1.7,9986,87,0.25876226717404366,0.36921690366513116,0.37202082916082513,619,7.114942528735632,4463.048267574604,45.0,539,80,0.39517625231910947
5.0,3,120.0,2,5.0,5.0,-1.6,9986,87,0.21700380532745844,0.3148407770879231,0.4681554175846185,594,6.827586206896552,4282.795914279992,50.0,513,81,0.34502923976608185
5.0,3,120.0,2,5.0,5.0,-1.5,9986,87,0.18485880232325255,0.24223913478870418,0.5729020628880432,518,5.954022988505747,3734.82876026437,50.0,442,76,0.2895927601809955
5.0,3,120.0,2,5.0,5.0,-1.4,9986,87,0.15231323853394751,0.23272581614259963,0.6149609453234528,483,5.551724137931035,3482.4754656519126,55.0,407,76,0.28746928746928746
5.0,3,120.0,2,5.0,5.0,-1.3,9986,87,0.07610654916883637,0.2628680152213098,0.6610254356098538,494,5.67816091954023,3561.7865011015424,40.0,419,75,0.25059665871121717
5.0,3,120.0,2,5.0,5.0,-1.2,9986,87,0.05998397756859603,0.22611656318846385,0.7138994592429401,431,4.954022988505747,3107.5505707991188,40.0,355,76,0.29577464788732394
5.0,3,120.0,2,5.0,5.0,-1.1,9986,87,0.017324253955537754,0.2428399759663529,0.7398357700781093,393,4.517241379310345,2833.5669937913076,40.0,318,75,0.36477987421383645
5.0,3,120.0,2,5.0,5.0,-1.0,9986,87,0.006008411776487082,0.20929301021430002,0.7846985780092129,307,3.528735632183908,2213.498898457841,105.0,232,75,0.5948275862068966
5.0,3,120.0,2,5.0,5.0,-0.9,9986,87,0.0,0.18095333466853594,0.8190466653314641,247,2.839080459770115,1780.8932505507712,115.0,172,75,1.0
5.0,3,120.0,2,5.0,5.0,-0.8,9986,87,0.0,0.16473062287202084,0.8352693771279792,248,2.8505747126436782,1788.1033446825554,100.0,173,75,0.8670520231213873
5.0,3,120.0,2,5.0,5.0,-0.7,9986,87,0.0,0.1473062287202083,0.8526937712797917,248,2.8505747126436782,1788.1033446825554,95.0,174,74,0.6609195402298851
5.0,3,120.0,2,5.0,5.0,-0.6,9986,87,0.0,0.13368716202683759,0.8663128379731624,248,2.8505747126436782,1788.1033446825554,90.0,174,74,0.6609195402298851
5.0,3,120.0,2,5.0,5.0,-0.5,9986,87,0.0,0.11886641297816944,0.8811335870218305,209,2.4022988505747125,1506.90967354296,180.0,173,36,0.6589595375722543
5.0,3,120.0,2,5.0,5.0,-0.4,9986,87,0.0,0.03785299419186862,0.9621470058081314,98,1.1264367816091954,706.5892249148808,390.0,81,17,0.8518518518518519
5.0,3,120.0,2,5.0,5.0,-0.3,9986,87,0.0,0.03304626477067895,0.966953735229321,86,0.9885057471264368,620.0680953334669,530.0,81,5,0.8518518518518519
5.0,3,120.0,2,5.0,5.0,-0.2,9986,87,0.0,0.017123973562988185,0.9828760264370118,61,0.7011494252873564,439.8157420388544,790.0,57,4,1.0
5.0,3,120.0,2,5.0,5.0,-0.1,9986,87,0.0,0.017123973562988185,0.9828760264370118,61,0.7011494252873564,439.8157420388544,790.0,57,4,1.0
5.0,3,120.0,2,5.0,5.0,0.0,9986,87,0.0,0.015922291207690766,0.9840777087923093,61,0.7011494252873564,439.8157420388544,790.0,57,4,1.0
5.0,3,120.0,2,5.0,5.0,0.1,9986,87,0.0,0.015922291207690766,0.9840777087923093,61,0.7011494252873564,439.8157420388544,790.0,57,4,1.0
5.0,3,120.0,2,5.0,5.0,0.2,9986,87,0.0,0.01472060885239335,0.9852793911476067,61,0.7011494252873564,439.8157420388544,795.0,57,4,1.0
5.0,3,120.0,2,5.0,5.0,0.3,9986,87,0.0,0.01472060885239335,0.9852793911476067,61,0.7011494252873564,439.8157420388544,795.0,57,4,1.0
5.0,3,120.0,2,5.0,5.0,0.4,9986,87,0.0,0.013518926497095934,0.986481073502904,61,0.7011494252873564,439.8157420388544,795.0,57,4,1.0
5.0,3,120.0,2,5.0,5.0,0.5,9986,87,0.0,0.013518926497095934,0.986481073502904,61,0.7011494252873564,439.8157420388544,795.0,57,4,1.0
5.0,3,120.0,2,5.0,5.0,0.6,9986,87,0.0,0.012317244141798517,0.9876827558582015,61,0.7011494252873564,439.8157420388544,795.0,57,4,1.0
5.0,3,120.0,2,5.0,5.0,0.7,9986,87,0.0,0.012317244141798517,0.9876827558582015,61,0.7011494252873564,439.8157420388544,795.0,57,4,1.0
5.0,3,120.0,2,5.0,5.0,0.8,9986,87,0.0,0.009713599038654116,0.9902864009613459,48,0.5517241379310345,346.08451832565595,795.0,45,3,1.0
5.0,3,120.0,2,5.0,5.0,0.9,9986,87,0.0,0.009713599038654116,0.9902864009613459,48,0.5517241379310345,346.08451832565595,795.0,45,3,1.0
5.0,3,120.0,2,5.0,5.0,1.0,9986,87,0.0,0.007310234328059283,0.9926897656719407,36,0.41379310344827586,259.56338874424193,795.0,34,2,1.0
5.0,3,120.0,3,5.0,10.0,-4.0,9986,87,1.0,0.0,0.0,0,0.0,0.0,,0,0,
5.0,3,120.0,3,5.0,10.0,-3.9,9986,87,1.0,0.0,0.0,0,0.0,0.0,,0,0,
5.0,3,120.0,3,5.0,10.0,-3.8,9986,87,1.0,0.0,0.0,0,0.0,0.0,,0,0,
5.0,3,120.0,3,5.0,10.0,-3.7,9986,87,1.0,0.0,0.0,0,0.0,0.0,,0,0,
5.0,3,120.0,3,5.0,10.0,-3.6,9986,87,1.0,0.0,0.0,0,0.0,0.0,,0,0,
5.0,3,120.0,3,5.0,10.0,-3.5,9986,87,1.0,0.0,0.0,0,0.0,0.0,,0,0,
5.0,3,120.0,3,5.0,10.0,-3.4,9986,87,1.0,0.0,0.0,0,0.0,0.0,,0,0,
5.0,3,120.0,3,5.0,10.0,-3.3,9986,87,1.0,0.0,0.0,0,0.0,0.0,,0,0,
5.0,3,120.0,3,5.0,10.0,-3.2,9986,87,1.0,0.0,0.0,0,0.0,0.0,,0,0,
5.0,3,120.0,3,5.0,10.0,-3.1,9986,87,1.0,0.0,0.0,0,0.0,0.0,,0,0,
5.0,3,120.0,3,5.0,10.0,-3.0,9986,87,1.0,0.0,0.0,0,0.0,0.0,,0,0,
5.0,3,120.0,3,5.0,10.0,-2.9,9986,87,1.0,0.0,0.0,0,0.0,0.0,,0,0,
5.0,3,120.0,3,5.0,10.0,-2.8,9986,87,1.0,0.0,0.0,0,0.0,0.0,,0,0,
5.0,3,120.0,3,5.0,10.0,-2.7,9986,87,1.0,0.0,0.0,0,0.0,0.0,,0,0,
5.0,3,120.0,3,5.0,10.0,-2.6,9986,87,1.0,0.0,0.0,0,0.0,0.0,,0,0,
5.0,3,120.0,3,5.0,10.0,-2.5,9986,87,1.0,0.0,0.0,0,0.0,0.0,,0,0,
5.0,3,120.0,3,5.0,10.0,-2.4,9986,87,1.0,0.0,0.0,0,0.0,0.0,,0,0,
5.0,3,120.0,3,5.0,10.0,-2.3,9986,87,0.9471259763669136,0.05287402363308632,0.0,74,0.8505747126436781,533.5469657520529,90.0,71,3,0.6619718309859155
5.0,3,120.0,3,5.0,10.0,-2.2,9986,87,0.826056479070699,0.17394352092930102,0.0,172,1.9770114942528736,1240.1361906669338,60.0,131,41,0.6335877862595419
5.0,3,120.0,3,5.0,10.0,-2.1,9986,87,0.6163629080712998,0.38363709192870016,0.0,322,3.7011494252873565,2321.6503104346084,40.0,252,70,0.4246031746031746
5.0,3,120.0,3,5.0,10.0,-2.0,9986,87,0.4483276587222111,0.47736831564189863,0.07430402563589025,320,3.67816091954023,2307.2301221710395,60.0,250,70,0.424
5.0,3,120.0,3,5.0,10.0,-1.9,9986,87,0.35509713599038656,0.46855597836971763,0.17634688563989587,468,5.379310344827586,3374.324053675145,90.0,393,75,0.48346055979643765
5.0,3,120.0,3,5.0,10.0,-1.8,9986,87,0.31113558982575606,0.4248948527939115,0.26396955738033245,493,5.666666666666667,3554.576406969758,90.0,414,79,0.40096618357487923
5.0,3,120.0,3,5.0,10.0,-1.7,9986,87,0.2610654916883637,0.3743240536751452,0.3646104546364911,532,6.114942528735632,3835.7700781093536,100.0,451,81,0.44567627494456763
5.0,3,120.0,3,5.0,10.0,-1.6,9986,87,0.21690366513118367,0.3148407770879231,0.46825555778089323,594,6.827586206896552,4282.795914279992,50.0,513,81,0.34502923976608185
5.0,3,120.0,3,5.0,10.0,-1.5,9986,87,0.18465852193070298,0.24243941518125375,0.5729020628880432,506,5.816091954022989,3648.307630682956,50.0,430,76,0.29767441860465116
5.0,3,120.0,3,5.0,10.0,-1.4,9986,87,0.1511115561786501,0.23382735830162227,0.6150610855197276,445,5.114942528735632,3208.491888644102,60.0,370,75,0.3162162162162162
5.0,3,120.0,3,5.0,10.0,-1.3,9986,87,0.07099939915882235,0.2702783897456439,0.6587222110955337,407,4.67816091954023,2934.508311636291,60.0,333,74,0.3483483483483483
5.0,3,120.0,3,5.0,10.0,-1.2,9986,87,0.0536751452032846,0.23242539555377528,0.7138994592429401,368,4.2298850574712645,2653.314640496695,40.0,295,73,0.39322033898305087
5.0,3,120.0,3,5.0,10.0,-1.1,9986,87,0.0052072902062888045,0.2551572201081514,0.7396354896855598,272,3.1264367816091956,1961.1456038453834,130.0,198,74,0.5858585858585859
5.0,3,120.0,3,5.0,10.0,-1.0,9986,87,0.0,0.21540156218706188,0.7845984378129381,247,2.839080459770115,1780.8932505507712,140.0,172,75,0.8023255813953488
5.0,3,120.0,3,5.0,10.0,-0.9,9986,87,0.0,0.18105347486481074,0.8189465251351893,246,2.8275862068965516,1773.6831564189868,115.0,172,74,1.0
5.0,3,120.0,3,5.0,10.0,-0.8,9986,87,0.0,0.16473062287202084,0.8352693771279792,248,2.8505747126436782,1788.1033446825554,100.0,173,75,0.8670520231213873
5.0,3,120.0,3,5.0,10.0,-0.7,9986,87,0.0,0.1473062287202083,0.8526937712797917,222,2.5517241379310347,1600.6408972561587,170.0,173,49,0.6589595375722543
5.0,3,120.0,3,5.0,10.0,-0.6,9986,87,0.0,0.13368716202683759,0.8663128379731624,197,2.264367816091954,1420.3885439615462,175.0,173,24,0.6589595375722543
5.0,3,120.0,3,5.0,10.0,-0.5,9986,87,0.0,0.12257160024033648,0.8774283997596636,184,2.1149425287356323,1326.6573202483476,180.0,172,12,0.6569767441860465
5.0,3,120.0,3,5.0,10.0,-0.4,9986,87,0.0,0.04286000400560785,0.9571399959943921,86,0.9885057471264368,620.0680953334669,525.0,80,6,0.85
5.0,3,120.0,3,5.0,10.0,-0.3,9986,87,0.0,0.039254956939715605,0.9607450430602844,86,0.9885057471264368,620.0680953334669,525.0,80,6,0.85
5.0,3,120.0,3,5.0,10.0,-0.2,9986,87,0.0,0.02323252553575005,0.9767674744642499,61,0.7011494252873564,439.8157420388544,785.0,56,5,1.0
5.0,3,120.0,3,5.0,10.0,-0.1,9986,87,0.0,0.02323252553575005,0.9767674744642499,61,0.7011494252873564,439.8157420388544,785.0,56,5,1.0
5.0,3,120.0,3,5.0,10.0,0.0,9986,87,0.0,0.022030843180452633,0.9779691568195473,61,0.7011494252873564,439.8157420388544,785.0,56,5,1.0
5.0,3,120.0,3,5.0,10.0,0.1,9986,87,0.0,0.022030843180452633,0.9779691568195473,61,0.7011494252873564,439.8157420388544,785.0,56,5,1.0
5.0,3,120.0,3,5.0,10.0,0.2,9986,87,0.0,0.020829160825155218,0.9791708391748448,61,0.7011494252873564,439.8157420388544,790.0,57,4,1.0
5.0,3,120.0,3,5.0,10.0,0.3,9986,87,0.0,0.020829160825155218,0.9791708391748448,61,0.7011494252873564,439.8157420388544,790.0,57,4,1.0
5.0,3,120.0,3,5.0,10.0,0.4,9986,87,0.0,0.019627478469857802,0.9803725215301422,61,0.7011494252873564,439.8157420388544,790.0,57,4,1.0
5.0,3,120.0,3,5.0,10.0,0.5,9986,87,0.0,0.019627478469857802,0.9803725215301422,61,0.7011494252873564,439.8157420388544,790.0,57,4,1.0
5.0,3,120.0,3,5.0,10.0,0.6,9986,87,0.0,0.018425796114560383,0.9815742038854396,61,0.7011494252873564,439.8157420388544,790.0,57,4,1.0
5.0,3,120.0,3,5.0,10.0,0.7,9986,87,0.0,0.018425796114560383,0.9815742038854396,61,0.7011494252873564,439.8157420388544,790.0,57,4,1.0
5.0,3,120.0,3,5.0,10.0,0.8,9986,87,0.0,0.014520328459843782,0.9854796715401563,48,0.5517241379310345,346.08451832565595,790.0,45,3,1.0
5.0,3,120.0,3,5.0,10.0,0.9,9986,87,0.0,0.014520328459843782,0.9854796715401563,48,0.5517241379310345,346.08451832565595,790.0,45,3,1.0
5.0,3,120.0,3,5.0,10.0,1.0,9986,87,0.0,0.010915281393951532,0.9890847186060485,36,0.41379310344827586,259.56338874424193,790.0,34,2,1.0
5.0,5,15.0,1,5.0,0.0,-4.0,10494,88,1.0,0.0,0.0,0,0.0,0.0,,0,0,
5.0,5,15.0,1,5.0,0.0,-3.9,10494,88,1.0,0.0,0.0,0,0.0,0.0,,0,0,
5.0,5,15.0,1,5.0,0.0,-3.8,10494,88,1.0,0.0,0.0,0,0.0,0.0,,0,0,
5.0,5,15.0,1,5.0,0.0,-3.7,10494,88,1.0,0.0,0.0,0,0.0,0.0,,0,0,
5.0,5,15.0,1,5.0,0.0,-3.6,10494,88,1.0,0.0,0.0,0,0.0,0.0,,0,0,
5.0,5,15.0,1,5.0,0.0,-3.5,10494,88,1.0,0.0,0.0,0,0.0,0.0,,0,0,
5.0,5,15.0,1,5.0,0.0,-3.4,10494,88,1.0,0.0,0.0,0,0.0,0.0,,0,0,
5.0,5,15.0,1,5.0,0.0,-3.3,10494,88,1.0,0.0,0.0,0,0.0,0.0,,0,0,
5.0,5,15.0,1,5.0,0.0,-3.2,10494,88,1.0,0.0,0.0,0,0.0,0.0,,0,0,
5.0,5,15.0,1,5.0,0.0,-3.1,10494,88,1.0,0.0,0.0,0,0.0,0.0,,0,0,
5.0,5,15.0,1,5.0,0.0,-3.0,10494,88,1.0,0.0,0.0,0,0.0,0.0,,0,0,
5.0,5,15.0,1,5.0,0.0,-2.9,10494,88,1.0,0.0,0.0,0,0.0,0.0,,0,0,
5.0,5,15.0,1,5.0,0.0,-2.8,10494,88,1.0,0.0,0.0,0,0.0,0.0,,0,0,
5.0,5,15.0,1,5.0,0.0,-2.7,10494,88,1.0,0.0,0.0,0,0.0,0.0,,0,0,
5.0,5,15.0,1,5.0,0.0,-2.6,10494,88,1.0,0.0,0.0,0,0.0,0.0,,0,0,
5.0,5,15.0,1,5.0,0.0,-2.5,10494,88,0.9965694682675815,0.003430531732418525,0.0,24,0.2727272727272727,164.6655231560892,37.5,24,0,0.5
5.0,5,15.0,1,5.0,0.0,-2.4,10494,88,0.989517819706499,0.010482180293501049,0.0,73,0.8295454545454546,500.8576329331046,15.0,72,1,0.5
5.0,5,15.0,1,5.0,0.0,-2.3,10494,88,0.9712216504669335,0.02649132837812083,0.002287021154945683,217,2.465909090909091,1488.8507718696399,15.0,216,1,0.3888888888888889
5.0,5,15.0,1,5.0,0.0,-2.2,10494,88,0.9365351629502573,0.056222603392414715,0.0072422336573279966,451,5.125,3094.3396226415093,20.0,430,21,0.22325581395348837
5.0,5,15.0,1,5.0,0.0,-2.1,10494,88,0.8225652753954641,0.15856680007623403,0.018867924528301886,1245,14.147727272727273,8542.024013722128,15.0,1206,39,0.05970149253731343
5.0,5,15.0,1,5.0,0.0,-2.0,10494,88,0.7334667429007051,0.18505812845435488,0.08147512864493997,2183,24.806818181818183,14977.70154373928,15.0,2139,44,0.05049088359046283
5.0,5,15.0,1,5.0,0.0,-1.9,10494,88,0.6402706308366686,0.22984562607204118,0.12988374309129025,2952,33.54545454545455,20253.85934819897,10.0,2884,68,0.024965325936199722
5.0,5,15.0,1,5.0,0.0,-1.8,10494,88,0.560796645702306,0.2620545073375262,0.17714884696016772,3077,34.96590909090909,21111.492281303603,15.0,2996,81,0.020026702269692925
5.0,5,15.0,1,5.0,0.0,-1.7,10494,88,0.47141223556317896,0.2589098532494759,0.26967791118734513,3140,35.68181818181818,21543.739279588335,15.0,3057,83,0.019627085377821395
5.0,5,15.0,1,5.0,0.0,-1.6,10494,88,0.424337716790547,0.23337145035258242,0.3422908328568706,3091,35.125,21207.54716981132,10.0,3007,84,0.023611572996341867
5.0,5,15.0,1,5.0,0.0,-1.5,10494,88,0.37125976748618256,0.23337145035258242,0.395368782161235,3011,34.21590909090909,20658.662092624356,10.0,2928,83,0.024931693989071038
5.0,5,15.0,1,5.0,0.0,-1.4,10494,88,0.33876500857632935,0.17876882027825425,0.48246617114541646,3030,34.43181818181818,20789.02229845626,10.0,2948,82,0.039687924016282225
5.0,5,15.0,1,5.0,0.0,-1.3,10494,88,0.28959405374499714,0.1527539546407471,0.5576519916142557,2627,29.852272727272727,18024.013722126932,10.0,2549,78,0.04629266378972146
5.0,5,15.0,1,5.0,0.0,-1.2,10494,88,0.23861254049933295,0.16275967219363446,0.5986277873070326,2157,24.511363636363637,14799.313893653516,10.0,2078,79,0.0563041385948027
5.0,5,15.0,1,5.0,0.0,-1.1,10494,88,0.20745187726319803,0.13150371640937678,0.6610444063274252,1728,19.636363636363637,11855.917667238422,10.0,1649,79,0.05700424499696786
5.0,5,15.0,1,5.0,0.0,-1.0,10494,88,0.18010291595197256,0.11511339813226605,0.7047836859157613,1432,16.272727272727273,9825.042881646656,15.0,1353,79,0.08499630450849963
5.0,5,15.0,1,5.0,0.0,-0.9,10494,88,0.16399847531923004,0.10815704211930627,0.7278444825614637,1162,13.204545454545455,7972.555746140652,15.0,1083,79,0.10526315789473684
5.0,5,15.0,1,5.0,0.0,-0.8,10494,88,0.1434152849247189,0.11015818562988375,0.7464265294453973,1088,12.363636363636363,7464.83704974271,15.0,1008,80,0.1111111111111111
5.0,5,15.0,1,5.0,0.0,-0.7,10494,88,0.12731084429197637,0.11254049933295217,0.7601486563750715,1101,12.511363636363637,7554.030874785592,15.0,1021,80,0.10969637610186092
5.0,5,15.0,1,5.0,0.0,-0.6,10494,88,0.12035448827901658,0.09796073947017343,0.78168477225081,1107,12.579545454545455,7595.197255574614,15.0,1028,79,0.10894941634241245
5.0,5,15.0,1,5.0,0.0,-0.5,10494,88,0.11539927577663427,0.07785401181627596,0.8067467124070897,924,10.5,6339.622641509433,15.0,847,77,0.1322314049586777
5.0,5,15.0,1,5.0,0.0,-0.4,10494,88,0.10110539355822375,0.06518010291595197,0.8337145035258243,985,11.193181818181818,6758.147512864494,10.0,909,76,0.12431243124312431
5.0,5,15.0,1,5.0,0.0,-0.3,10494,88,0.09071850581284543,0.0732799695063846,0.8360015246807699,925,10.511363636363637,6346.48370497427,10.0,848,77,0.1320754716981132
5.0,5,15.0,1,5.0,0.0,-0.2,10494,88,0.06718124642652945,0.07318467695826186,0.8596340766152087,988,11.227272727272727,6778.730703259006,10.0,913,75,0.12376779846659365
5.0,5,15.0,1,5.0,0.0,-0.1,10494,88,0.0660377358490566,0.06508481036782923,0.8688774537831142,915,10.397727272727273,6277.8730703259,10.0,840,75,0.13452380952380952
5.0,5,15.0,1,5.0,0.0,0.0,10494,88,0.055079092814941874,0.05793786925862397,0.8869830379264342,865,9.829545454545455,5934.819897084048,10.0,791,74,0.14412136536030343
5.0,5,15.0,1,5.0,0.0,0.1,10494,88,0.045740423098913664,0.06146369353916524,0.8927958833619211,778,8.840909090909092,5337.907375643224,10.0,704,74,0.16193181818181818
5.0,5,15.0,1,5.0,0.0,0.2,10494,88,0.0411663807890223,0.05345911949685535,0.9053744997141223,742,8.431818181818182,5090.909090909091,10.0,669,73,0.17189835575485798
5.0,5,15.0,1,5.0,0.0,0.3,10494,88,0.03773584905660377,0.04964741757194587,0.9126167333714503,693,7.875,4754.7169811320755,10.0,620,73,0.18548387096774194
5.0,5,15.0,1,5.0,0.0,0.4,10494,88,0.028111301696207357,0.0411663807890223,0.9307223175147703,529,6.011363636363637,3629.5025728987994,10.0,456,73,0.25219298245614036
5.0,5,15.0,1,5.0,0.0,0.5,10494,88,0.028111301696207357,0.03878406708595388,0.9331046312178388,503,5.715909090909091,3451.114922813036,10.0,430,73,0.26744186046511625
5.0,5,15.0,1,5.0,0.0,0.6,10494,88,0.022393748808843147,0.028206594244330092,0.9493996569468267,295,3.352272727272727,2024.0137221269297,15.0,237,58,0.48523206751054854
5.0,5,15.0,1,5.0,0.0,0.7,10494,88,0.022393748808843147,0.028206594244330092,0.9493996569468267,295,3.352272727272727,2024.0137221269297,15.0,237,58,0.48523206751054854
5.0,5,15.0,1,5.0,0.0,0.8,10494,88,0.02115494568324757,0.023632551934438726,0.9552125023823137,259,2.9431818181818183,1777.0154373927958,15.0,214,45,0.48598130841121495
5.0,5,15.0,1,5.0,0.0,0.9,10494,88,0.02115494568324757,0.020202020202020204,0.9586430341147322,235,2.6704545454545454,1612.3499142367066,15.0,191,44,0.4869109947643979
5.0,5,15.0,1,5.0,0.0,1.0,10494,88,0.020011435105774727,0.015246807699637889,0.9647417571945874,196,2.227272727272727,1344.7684391080618,15.0,166,30,0.4879518072289157
5.0,5,15.0,2,5.0,5.0,-4.0,10494,88,1.0,0.0,0.0,0,0.0,0.0,,0,0,
5.0,5,15.0,2,5.0,5.0,-3.9,10494,88,1.0,0.0,0.0,0,0.0,0.0,,0,0,
5.0,5,15.0,2,5.0,5.0,-3.8,10494,88,1.0,0.0,0.0,0,0.0,0.0,,0,0,
5.0,5,15.0,2,5.0,5.0,-3.7,10494,88,1.0,0.0,0.0,0,0.0,0.0,,0,0,
5.0,5,15.0,2,5.0,5.0,-3.6,10494,88,1.0,0.0,0.0,0,0.0,0.0,,0,0,
5.0,5,15.0,2,5.0,5.0,-3.5,10494,88,1.0,0.0,0.0,0,0.0,0.0,,0,0,
5.0,5,15.0,2,5.0,5.0,-3.4,10494,88,1.0,0.0,0.0,0,0.0,0.0,,0,0,
5.0,5,15.0,2,5.0,5.0,-3.3,10494,88,1.0,0.0,0.0,0,0.0,0.0,,0,0,
5.0,5,15.0,2,5.0,5.0,-3.2,10494,88,1.0,0.0,0.0,0,0.0,0.0,,0,0,
5.0,5,15.0,2,5.0,5.0,-3.1,10494,88,1.0,0.0,0.0,0,0.0,0.0,,0,0,
5.0,5,15.0,2,5.0,5.0,-3.0,10494,88,1.0,0.0,0.0,0,0.0,0.0,,0,0,
5.0,5,15.0,2,5.0,5.0,-2.9,10494,88,1.0,0.0,0.0,0,0.0,0.0,,0,0,
5.0,5,15.0,2,5.0,5.0,-2.8,10494,88,1.0,0.0,0.0,0,0.0,0.0,,0,0,
5.0,5,15.0,2,5.0,5.0,-2.7,10494,88,1.0,0.0,0.0,0,0.0,0.0,,0,0,
5.0,5,15.0,2,5.0,5.0,-2.6,10494,88,1.0,0.0,0.0,0,0.0,0.0,,0,0,
5.0,5,15.0,2,5.0,5.0,-2.5,10494,88,0.9965694682675815,0.003430531732418525,0.0,24,0.2727272727272727,164.6655231560892,35.0,24,0,0.5
5.0,5,15.0,2,5.0,5.0,-2.4,10494,88,0.9896131122546217,0.010386887745378312,0.0,73,0.8295454545454546,500.8576329331046,15.0,72,1,0.5
5.0,5,15.0,2,5.0,5.0,-2.3,10494,88,0.9724604535925291,0.02410901467505241,0.003430531732418525,193,2.1931818181818183,1324.1852487135507,15.0,191,2,0.43455497382198954
5.0,5,15.0,2,5.0,5.0,-2.2,10494,88,0.9377739660758528,0.053840289689346295,0.008385744234800839,427,4.8522727272727275,2929.6740994854204,20.0,406,21,0.23645320197044334
5.0,5,15.0,2,5.0,5.0,-2.1,10494,88,0.8241852487135506,0.15361158757385174,0.022203163712597673,1191,13.534090909090908,8171.526586620926,15.0,1152,39,0.0625
5.0,5,15.0,2,5.0,5.0,-2.0,10494,88,0.7643415284924718,0.12492853058890795,0.11072994091862016,1556,17.681818181818183,10675.814751286449,15.0,1512,44,0.07142857142857142
5.0,5,15.0,2,5.0,5.0,-1.9,10494,88,0.6726700971983991,0.13760243948923195,0.18972746331236898,1844,20.954545454545453,12651.80102915952,15.0,1776,68,0.04054054054054054
5.0,5,15.0,2,5.0,5.0,-1.8,10494,88,0.5891938250428816,0.18210405946255004,0.22870211549456831,2146,24.386363636363637,14723.842195540308,15.0,2065,81,0.029055690072639227
5.0,5,15.0,2,5.0,5.0,-1.7,10494,88,0.51010101010101,0.17105012388031257,0.31884886601867735,2168,24.636363636363637,14874.785591766724,15.0,2084,84,0.023032629558541268
5.0,5,15.0,2,5.0,5.0,-1.6,10494,88,0.4702687249857061,0.13865065751858205,0.3910806174957118,2095,23.806818181818183,14373.92795883362,15.0,2009,86,0.011946241911398706
5.0,5,15.0,2,5.0,5.0,-1.5,10494,88,0.41509433962264153,0.14684581665713742,0.43805984372022105,2068,23.5,14188.67924528302,15.0,1982,86,0.018163471241170535
5.0,5,15.0,2,5.0,5.0,-1.4,10494,88,0.3933676386506575,0.0634648370497427,0.5431675242995998,1732,19.681818181818183,11883.361921097769,15.0,1648,84,0.055825242718446605
5.0,5,15.0,2,5.0,5.0,-1.3,10494,88,0.34190966266437967,0.05231560891938251,0.6057747284162378,1543,17.53409090909091,10586.620926243568,15.0,1464,79,0.07991803278688525
5.0,5,15.0,2,5.0,5.0,-1.2,10494,88,0.27044025157232704,0.09681722889270059,0.6327425195349724,1432,16.272727272727273,9825.042881646656,15.0,1350,82,0.0674074074074074
5.0,5,15.0,2,5.0,5.0,-1.1,10494,88,0.2335620354488279,0.07775871926815323,0.6886792452830188,1159,13.170454545454545,7951.972555746142,15.0,1078,81,0.06307977736549165
5.0,5,15.0,2,5.0,5.0,-1.0,10494,88,0.19916142557651992,0.0740423098913665,0.7267962645321135,996,11.318181818181818,6833.619210977701,15.0,916,80,0.06222707423580786
5.0,5,15.0,2,5.0,5.0,-0.9,10494,88,0.17562416619020393,0.08528683056984944,0.7390890032399466,918,10.431818181818182,6298.456260720412,15.0,838,80,0.06682577565632458
5.0,5,15.0,2,5.0,5.0,-0.8,10494,88,0.15161044406327426,0.09414903754526396,0.7542405183914618,916,10.409090909090908,6284.734133790738,15.0,835,81,0.06467065868263473
5.0,5,15.0,2,5.0,5.0,-0.7,10494,88,0.13550600343053174,0.09643605870020965,0.7680579378692586,927,10.534090909090908,6360.205831903945,15.0,846,81,0.06382978723404255
5.0,5,15.0,2,5.0,5.0,-0.6,10494,88,0.13188488660186773,0.07385172479512102,0.7942633886030113,849,9.647727272727273,5825.042881646655,15.0,769,80,0.07022106631989597
5.0,5,15.0,2,5.0,5.0,-0.5,10494,88,0.12578616352201258,0.05927196493234229,0.8149418715456451,728,8.272727272727273,4994.854202401372,15.0,650,78,0.08307692307692308
5.0,5,15.0,2,5.0,5.0,-0.4,10494,88,0.11587573851724794,0.03173241852487135,0.8523918429578807,595,6.761363636363637,4082.3327615780445,15.0,518,77,0.10617760617760617
5.0,5,15.0,2,5.0,5.0,-0.3,10494,88,0.10329712216504669,0.0465980560320183,0.850104821802935,619,7.034090909090909,4246.998284734134,15.0,542,77,0.1014760147601476
5.0,5,15.0,2,5.0,5.0,-0.2,10494,88,0.08576329331046312,0.03697350867162188,0.877263198017915,581,6.6022727272727275,3986.277873070326,15.0,505,76,0.11089108910891089
5.0,5,15.0,2,5.0,5.0,-0.1,10494,88,0.08461978273299028,0.028778349533066513,0.8866018677339432,508,5.7727272727272725,3485.4202401372213,15.0,432,76,0.12962962962962962
5.0,5,15.0,2,5.0,5.0,0.0,10494,88,0.07232704402515723,0.02144082332761578,0.906232132647227,428,4.863636363636363,2936.535162950257,15.0,366,62,0.1830601092896175
5.0,5,15.0,2,5.0,5.0,0.1,10494,88,0.06203544882790166,0.03316180674671241,0.9048027444253859,455,5.170454545454546,3121.783876500858,15.0,394,61,0.17258883248730963
5.0,5,15.0,2,5.0,5.0,0.2,10494,88,0.057461406518010294,0.024013722126929673,0.91852487135506,383,4.3522727272727275,2627.78730703259,15.0,346,37,0.22832369942196531
5.0,5,15.0,2,5.0,5.0,0.3,10494,88,0.05060034305317324,0.02353725938631599,0.9258623975605108,358,4.068181818181818,2456.260720411664,15.0,321,37,0.2803738317757009
5.0,5,15.0,2,5.0,5.0,0.4,10494,88,0.04202401372212693,0.021345530779493044,0.93663045549838,282,3.2045454545454546,1934.819897084048,20.0,268,14,0.332089552238806
5.0,5,15.0,2,5.0,5.0,0.5,10494,88,0.04202401372212693,0.01905850962454736,0.9389174766533257,258,2.9318181818181817,1770.1543739279589,20.0,244,14,0.4098360655737705
5.0,5,15.0,2,5.0,5.0,0.6,10494,88,0.03401943967981704,0.017724413950829045,0.948256146369354,185,2.102272727272727,1269.2967409948542,235.0,173,12,0.6473988439306358
5.0,5,15.0,2,5.0,5.0,0.7,10494,88,0.03401943967981704,0.017724413950829045,0.948256146369354,185,2.102272727272727,1269.2967409948542,235.0,173,12,0.6473988439306358
5.0,5,15.0,2,5.0,5.0,0.8,10494,88,0.03278063655422146,0.01429388221841052,0.952925481227368,161,1.8295454545454546,1104.631217838765,235.0,150,11,0.6733333333333333
5.0,5,15.0,2,5.0,5.0,0.9,10494,88,0.03278063655422146,0.010863350485991996,0.9563560129597866,137,1.5568181818181819,939.9656946826757,240.0,127,10,0.7086614173228346
5.0,5,15.0,2,5.0,5.0,1.0,10494,88,0.03163712597674862,0.00714694110920526,0.9612159329140462,111,1.2613636363636365,761.5780445969125,240.0,102,9,0.7647058823529411
5.0,5,15.0,3,5.0,10.0,-4.0,10494,88,1.0,0.0,0.0,0,0.0,0.0,,0,0,
5.0,5,15.0,3,5.0,10.0,-3.9,10494,88,1.0,0.0,0.0,0,0.0,0.0,,0,0,
5.0,5,15.0,3,5.0,10.0,-3.8,10494,88,1.0,0.0,0.0,0,0.0,0.0,,0,0,
5.0,5,15.0,3,5.0,10.0,-3.7,10494,88,1.0,0.0,0.0,0,0.0,0.0,,0,0,
5.0,5,15.0,3,5.0,10.0,-3.6,10494,88,1.0,0.0,0.0,0,0.0,0.0,,0,0,
5.0,5,15.0,3,5.0,10.0,-3.5,10494,88,1.0,0.0,0.0,0,0.0,0.0,,0,0,
5.0,5,15.0,3,5.0,10.0,-3.4,10494,88,1.0,0.0,0.0,0,0.0,0.0,,0,0,
5.0,5,15.0,3,5.0,10.0,-3.3,10494,88,1.0,0.0,0.0,0,0.0,0.0,,0,0,
5.0,5,15.0,3,5.0,10.0,-3.2,10494,88,1.0,0.0,0.0,0,0.0,0.0,,0,0,
5.0,5,15.0,3,5.0,10.0,-3.1,10494,88,1.0,0.0,0.0,0,0.0,0.0,,0,0,
5.0,5,15.0,3,5.0,10.0,-3.0,10494,88,1.0,0.0,0.0,0,0.0,0.0,,0,0,
5.0,5,15.0,3,5.0,10.0,-2.9,10494,88,1.0,0.0,0.0,0,0.0,0.0,,0,0,
5.0,5,15.0,3,5.0,10.0,-2.8,10494,88,1.0,0.0,0.0,0,0.0,0.0,,0,0,
5.0,5,15.0,3,5.0,10.0,-2.7,10494,88,1.0,0.0,0.0,0,0.0,0.0,,0,0,
5.0,5,15.0,3,5.0,10.0,-2.6,10494,88,1.0,0.0,0.0,0,0.0,0.0,,0,0,
5.0,5,15.0,3,5.0,10.0,-2.5,10494,88,0.9965694682675815,0.003430531732418525,0.0,24,0.2727272727272727,164.6655231560892,32.5,23,1,0.4782608695652174
5.0,5,15.0,3,5.0,10.0,-2.4,10494,88,0.9897084048027445,0.010291595197255575,0.0,72,0.8181818181818182,493.9965694682675,32.5,71,1,0.49295774647887325
5.0,5,15.0,3,5.0,10.0,-2.3,10494,88,0.9759862778730704,0.024013722126929673,0.0,168,1.9090909090909092,1152.6586620926244,17.5,167,1,0.4251497005988024
5.0,5,15.0,3,5.0,10.0,-2.2,10494,88,0.9412997903563941,0.053744997141223556,0.004955212502382313,402,4.568181818181818,2758.147512864494,15.0,357,45,0.20168067226890757
5.0,5,15.0,3,5.0,10.0,-2.1,10494,88,0.8284734133790738,0.15284924718886983,0.018677339432056413,1166,13.25,8000.0,15.0,1103,63,0.05439709882139619
5.0,5,15.0,3,5.0,10.0,-2.0,10494,88,0.789308176100629,0.13884124261482753,0.07185058128454355,1091,12.397727272727273,7485.420240137221,15.0,1023,68,0.14076246334310852
5.0,5,15.0,3,5.0,10.0,-1.9,10494,88,0.6875357347055461,0.13684009910425005,0.17562416619020393,1208,13.727272727272727,8288.164665523156,15.0,1128,80,0.07446808510638298
5.0,5,15.0,3,5.0,10.0,-1.8,10494,88,0.6417953116066324,0.16761959214789404,0.1905850962454736,1381,15.693181818181818,9475.128644939965,15.0,1300,81,0.046153846153846156
5.0,5,15.0,3,5.0,10.0,-1.7,10494,88,0.47570040022870214,0.16666666666666666,0.35763293310463123,1276,14.5,8754.716981132075,15.0,1193,83,0.08968985750209556
5.0,5,15.0,3,5.0,10.0,-1.6,10494,88,0.47284162378502004,0.1442729178578235,0.3828854583571565,1061,12.056818181818182,7279.58833619211,15.0,978,83,0.1196319018404908
5.0,5,15.0,3,5.0,10.0,-1.5,10494,88,0.4956165427863541,0.14827520487897847,0.3561082523346674,1081,12.284090909090908,7416.809605488851,15.0,1017,64,0.127826941986234
5.0,5,15.0,3,5.0,10.0,-1.4,10494,88,0.4350104821802935,0.05441204497808271,0.5105774728416238,601,6.829545454545454,4123.499142367067,50.0,520,81,0.17307692307692307
5.0,5,15.0,3,5.0,10.0,-1.3,10494,88,0.2674861825805222,0.031446540880503145,0.7010672765389746,493,5.6022727272727275,3382.5042881646655,45.0,415,78,0.16626506024096385
5.0,5,15.0,3,5.0,10.0,-1.2,10494,88,0.1998284734133791,0.08566800076234038,0.7145035258242806,815,9.261363636363637,5591.7667238421955,15.0,737,78,0.09226594301221167
5.0,5,15.0,3,5.0,10.0,-1.1,10494,88,0.1838193253287593,0.07347055460263008,0.7427101200686106,735,8.352272727272727,5042.881646655232,20.0,657,78,0.1050228310502283
5.0,5,15.0,3,5.0,10.0,-1.0,10494,88,0.16275967219363446,0.07804459691252144,0.7591957308938441,727,8.261363636363637,4987.993138936535,20.0,649,78,0.08782742681047766
5.0,5,15.0,3,5.0,10.0,-0.9,10494,88,0.1615208690680389,0.08709738898418144,0.7513817419477797,802,9.113636363636363,5502.572898799314,15.0,723,79,0.07883817427385892
5.0,5,15.0,3,5.0,10.0,-0.8,10494,88,0.14436821040594625,0.0971031065370688,0.758528683056985,836,9.5,5735.8490566037735,15.0,756,80,0.07275132275132275
5.0,5,15.0,3,5.0,10.0,-0.7,10494,88,0.12378502001143511,0.09939012769201448,0.7768248522965504,812,9.227272727272727,5571.183533447685,15.0,732,80,0.07513661202185792
5.0,5,15.0,3,5.0,10.0,-0.6,10494,88,0.11892510005717553,0.07442348008385745,0.806651419858967,616,7.0,4226.415094339623,15.0,537,79,0.10242085661080075
5.0,5,15.0,3,5.0,10.0,-0.5,10494,88,0.11396988755479322,0.05793786925862397,0.8280922431865828,517,5.875,3547.169811320755,15.0,440,77,0.125
5.0,5,15.0,3,5.0,10.0,-0.4,10494,88,0.11530398322851153,0.03278063655422146,0.851915380217267,346,3.9318181818181817,2373.927958833619,30.0,268,78,0.2873134328358209
5.0,5,15.0,3,5.0,10.0,-0.3,10494,88,0.111873451496093,0.05679435868115113,0.8313321898227558,370,4.204545454545454,2538.5934819897084,30.0,293,77,0.22866894197952217
5.0,5,15.0,3,5.0,10.0,-0.2,10494,88,0.09977129788450544,0.05069563560129598,0.8495330665141986,248,2.8181818181818183,1701.5437392795884,100.0,182,66,0.42857142857142855
5.0,5,15.0,3,5.0,10.0,-0.1,10494,88,0.0826186392224128,0.03640175338288546,0.8809796073947017,212,2.409090909090909,1454.5454545454545,102.5,148,64,0.6013513513513513
5.0,5,15.0,3,5.0,10.0,0.0,10494,88,0.052792071659996186,0.008766914427291786,0.9384410139127121,113,1.2840909090909092,775.3001715265866,235.0,79,34,0.8481012658227848
5.0,5,15.0,3,5.0,10.0,0.1,10494,88,0.04364398704021345,0.015532685344006099,0.9408233276157805,137,1.5568181818181819,939.9656946826757,200.0,103,34,0.5533980582524272
5.0,5,15.0,3,5.0,10.0,0.2,10494,88,0.04250047646274061,0.012102153611587573,0.9453973699256718,125,1.4204545454545454,857.6329331046312,235.0,103,22,0.6601941747572816
5.0,5,15.0,3,5.0,10.0,0.3,10494,88,0.04250047646274061,0.010958643034114732,0.9465408805031447,135,1.5340909090909092,926.2435677530018,200.0,125,10,0.536
5.0,5,15.0,3,5.0,10.0,0.4,10494,88,0.040975795692776824,0.014579759862778732,0.9444444444444444,161,1.8295454545454546,1104.631217838765,200.0,151,10,0.5231788079470199
5.0,5,15.0,3,5.0,10.0,0.5,10494,88,0.040975795692776824,0.014579759862778732,0.9444444444444444,161,1.8295454545454546,1104.631217838765,200.0,151,10,0.5231788079470199
5.0,5,15.0,3,5.0,10.0,0.6,10494,88,0.039832285115303984,0.017724413950829045,0.942443300933867,184,2.090909090909091,1262.435677530017,235.0,172,12,0.6453488372093024
5.0,5,15.0,3,5.0,10.0,0.7,10494,88,0.039832285115303984,0.017724413950829045,0.942443300933867,184,2.090909090909091,1262.435677530017,235.0,172,12,0.6453488372093024
5.0,5,15.0,3,5.0,10.0,0.8,10494,88,0.038593481989708404,0.01429388221841052,0.9471126357918811,160,1.8181818181818181,1097.7701543739279,235.0,149,11,0.6711409395973155
5.0,5,15.0,3,5.0,10.0,0.9,10494,88,0.038593481989708404,0.010863350485991996,0.9505431675242996,136,1.5454545454545454,933.1046312178388,240.0,126,10,0.7063492063492064
5.0,5,15.0,3,5.0,10.0,1.0,10494,88,0.037449971412235564,0.00714694110920526,0.9554030874785592,110,1.25,754.7169811320755,240.0,101,9,0.7623762376237624
5.0,5,30.0,1,5.0,0.0,-4.0,10308,87,1.0,0.0,0.0,0,0.0,0.0,,0,0,
5.0,5,30.0,1,5.0,0.0,-3.9,10308,87,1.0,0.0,0.0,0,0.0,0.0,,0,0,
5.0,5,30.0,1,5.0,0.0,-3.8,10308,87,1.0,0.0,0.0,0,0.0,0.0,,0,0,
5.0,5,30.0,1,5.0,0.0,-3.7,10308,87,1.0,0.0,0.0,0,0.0,0.0,,0,0,
5.0,5,30.0,1,5.0,0.0,-3.6,10308,87,1.0,0.0,0.0,0,0.0,0.0,,0,0,
5.0,5,30.0,1,5.0,0.0,-3.5,10308,87,1.0,0.0,0.0,0,0.0,0.0,,0,0,
5.0,5,30.0,1,5.0,0.0,-3.4,10308,87,1.0,0.0,0.0,0,0.0,0.0,,0,0,
5.0,5,30.0,1,5.0,0.0,-3.3,10308,87,1.0,0.0,0.0,0,0.0,0.0,,0,0,
5.0,5,30.0,1,5.0,0.0,-3.2,10308,87,1.0,0.0,0.0,0,0.0,0.0,,0,0,
5.0,5,30.0,1,5.0,0.0,-3.1,10308,87,1.0,0.0,0.0,0,0.0,0.0,,0,0,
5.0,5,30.0,1,5.0,0.0,-3.0,10308,87,1.0,0.0,0.0,0,0.0,0.0,,0,0,
5.0,5,30.0,1,5.0,0.0,-2.9,10308,87,1.0,0.0,0.0,0,0.0,0.0,,0,0,
5.0,5,30.0,1,5.0,0.0,-2.8,10308,87,1.0,0.0,0.0,0,0.0,0.0,,0,0,
5.0,5,30.0,1,5.0,0.0,-2.7,10308,87,1.0,0.0,0.0,0,0.0,0.0,,0,0,
5.0,5,30.0,1,5.0,0.0,-2.6,10308,87,1.0,0.0,0.0,0,0.0,0.0,,0,0,
5.0,5,30.0,1,5.0,0.0,-2.5,10308,87,0.9927240977881258,0.007275902211874272,0.0,25,0.28735632183908044,174.62165308498254,45.0,24,1,0.5
5.0,5,30.0,1,5.0,0.0,-2.4,10308,87,0.9595459837019791,0.04045401629802096,0.0,418,4.804597701149425,2919.674039580908,35.0,389,29,0.40102827763496146
5.0,5,30.0,1,5.0,0.0,-2.3,10308,87,0.9141443538998836,0.08585564610011641,0.0,490,5.632183908045977,3422.584400465658,35.0,461,29,0.2603036876355748
5.0,5,30.0,1,5.0,0.0,-2.2,10308,87,0.8106325184322856,0.1830616996507567,0.006305781916957702,986,11.333333333333334,6887.077997671712,25.0,925,61,0.22054054054054054
5.0,5,30.0,1,5.0,0.0,-2.1,10308,87,0.5797438882421421,0.40570430733410945,0.014551804423748545,945,10.862068965517242,6600.698486612339,25.0,868,77,0.1935483870967742
5.0,5,30.0,1,5.0,0.0,-2.0,10308,87,0.4645906092355452,0.45139697322467986,0.08401241753977494,969,11.137931034482758,6768.335273573923,25.0,892,77,0.16143497757847533
5.0,5,30.0,1,5.0,0.0,-1.9,10308,87,0.33963911525029106,0.4668218859138533,0.19353899883585565,912,10.482758620689655,6370.197904540163,35.0,831,81,0.15764139590854392
5.0,5,30.0,1,5.0,0.0,-1.8,10308,87,0.2693053938688397,0.46420256111757857,0.2664920450135817,888,10.206896551724139,6202.56111757858,35.0,808,80,0.27722772277227725
5.0,5,30.0,1,5.0,0.0,-1.7,10308,87,0.2040162980209546,0.4219053162592161,0.37407838571982927,639,7.344827586206897,4463.329452852154,50.0,560,79,0.4232142857142857
5.0,5,30.0,1,5.0,0.0,-1.6,10308,87,0.16443538998835855,0.4177337989910749,0.4178308110205666,741,8.517241379310345,5175.785797438883,30.0,661,80,0.3388804841149773
5.0,5,30.0,1,5.0,0.0,-1.5,10308,87,0.1582266201008925,0.3762126503686457,0.4655607295304618,943,10.839080459770114,6586.728754365541,25.0,864,79,0.17939814814814814
5.0,5,30.0,1,5.0,0.0,-1.4,10308,87,0.1534730306558013,0.286476523088863,0.5600504462553356,1234,14.183908045977011,8619.324796274737,15.0,1156,78,0.10294117647058823
5.0,5,30.0,1,5.0,0.0,-1.3,10308,87,0.11961583236321303,0.19470314318975554,0.6856810244470314,1213,13.942528735632184,8472.642607683352,15.0,1135,78,0.07312775330396476
5.0,5,30.0,1,5.0,0.0,-1.2,10308,87,0.1136010865347303,0.1260186263096624,0.7603802871556073,988,11.35632183908046,6901.0477299185095,15.0,910,78,0.15384615384615385
5.0,5,30.0,1,5.0,0.0,-1.1,10308,87,0.08372138145129997,0.12902599922390376,0.7872526193247963,792,9.10344827586207,5532.013969732247,25.0,714,78,0.16106442577030813
5.0,5,30.0,1,5.0,0.0,-1.0,10308,87,0.060147458284827315,0.13125727590221187,0.8085952658129608,593,6.816091954022989,4142.025611175785,25.0,515,78,0.22135922330097088
5.0,5,30.0,1,5.0,0.0,-0.9,10308,87,0.057625145518044235,0.11243694218083042,0.8299379123011253,514,5.908045977011494,3590.221187427241,25.0,440,74,0.2590909090909091
5.0,5,30.0,1,5.0,0.0,-0.8,10308,87,0.0389988358556461,0.12175009701202949,0.8392510671323244,442,5.080459770114943,3087.310826542491,20.0,368,74,0.3423913043478261
5.0,5,30.0,1,5.0,0.0,-0.7,10308,87,0.01920838183934808,0.13455568490492822,0.8462359332557237,358,4.114942528735632,2500.58207217695,60.0,284,74,0.4014084507042254
5.0,5,30.0,1,5.0,0.0,-0.6,10308,87,0.018044237485448197,0.1273767947225456,0.8545789677920063,359,4.126436781609195,2507.566938300349,60.0,285,74,0.4
5.0,5,30.0,1,5.0,0.0,-0.5,10308,87,0.014260768335273575,0.1262126503686457,0.8595265812960807,333,3.8275862068965516,2325.960419091967,85.0,259,74,0.44015444015444016
5.0,5,30.0,1,5.0,0.0,-0.4,10308,87,0.01309662398137369,0.11272797826930539,0.874175397749321,383,4.402298850574713,2675.2037252619325,15.0,309,74,0.36893203883495146
5.0,5,30.0,1,5.0,0.0,-0.3,10308,87,0.011932479627473807,0.10913853317811409,0.8789289871944121,371,4.264367816091954,2591.385331781141,15.0,297,74,0.3838383838383838
5.0,5,30.0,1,5.0,0.0,-0.2,10308,87,0.009507178890182382,0.08440046565774156,0.906092355452076,456,5.241379310344827,3185.0989522700816,15.0,382,74,0.29842931937172773
5.0,5,30.0,1,5.0,0.0,-0.1,10308,87,0.009507178890182382,0.07149786573535119,0.9189949553744664,432,4.9655172413793105,3017.4621653084982,15.0,358,74,0.31843575418994413
5.0,5,30.0,1,5.0,0.0,0.0,10308,87,0.008343034536282498,0.047729918509895226,0.9439270469538222,395,4.540229885057471,2759.022118742724,15.0,335,60,0.3402985074626866
5.0,5,30.0,1,5.0,0.0,0.1,10308,87,0.008343034536282498,0.027745440434613893,0.9639115250291036,273,3.1379310344827585,1906.8684516880094,10.0,215,58,0.4790697674418605
5.0,5,30.0,1,5.0,0.0,0.2,10308,87,0.007178890182382615,0.023088863019014357,0.969732246798603,225,2.586206896551724,1571.5948777648427,15.0,192,33,0.4791666666666667
5.0,5,30.0,1,5.0,0.0,0.3,10308,87,0.007178890182382615,0.018044237485448197,0.9747768723321691,186,2.1379310344827585,1299.18509895227,10.0,167,19,0.47904191616766467
5.0,5,30.0,1,5.0,0.0,0.4,10308,87,0.005917733798991075,0.012029491656965464,0.9820527745440435,123,1.4137931034482758,859.1385331781141,15.0,118,5,0.4830508474576271
5.0,5,30.0,1,5.0,0.0,0.5,10308,87,0.005917733798991075,0.012029491656965464,0.9820527745440435,123,1.4137931034482758,859.1385331781141,15.0,118,5,0.4830508474576271
5.0,5,30.0,1,5.0,0.0,0.6,10308,87,0.004753589445091191,0.012029491656965464,0.9832169188979434,111,1.2758620689655173,775.3201396973225,210.0,106,5,0.5377358490566038
5.0,5,30.0,1,5.0,0.0,0.7,10308,87,0.004753589445091191,0.012029491656965464,0.9832169188979434,111,1.2758620689655173,775.3201396973225,210.0,106,5,0.5377358490566038
5.0,5,30.0,1,5.0,0.0,0.8,10308,87,0.0034924330616996507,0.012029491656965464,0.9844780752813349,98,1.1264367816091954,684.5168800931316,417.5,93,5,0.6129032258064516
5.0,5,30.0,1,5.0,0.0,0.9,10308,87,0.0034924330616996507,0.012029491656965464,0.9844780752813349,98,1.1264367816091954,684.5168800931316,417.5,93,5,0.6129032258064516
5.0,5,30.0,1,5.0,0.0,1.0,10308,87,0.002328288707799767,0.012029491656965464,0.9856422196352348,86,0.9885057471264368,600.6984866123399,610.0,81,5,0.7037037037037037
5.0,5,30.0,2,5.0,5.0,-4.0,10308,87,1.0,0.0,0.0,0,0.0,0.0,,0,0,
5.0,5,30.0,2,5.0,5.0,-3.9,10308,87,1.0,0.0,0.0,0,0.0,0.0,,0,0,
5.0,5,30.0,2,5.0,5.0,-3.8,10308,87,1.0,0.0,0.0,0,0.0,0.0,,0,0,
5.0,5,30.0,2,5.0,5.0,-3.7,10308,87,1.0,0.0,0.0,0,0.0,0.0,,0,0,
5.0,5,30.0,2,5.0,5.0,-3.6,10308,87,1.0,0.0,0.0,0,0.0,0.0,,0,0,
5.0,5,30.0,2,5.0,5.0,-3.5,10308,87,1.0,0.0,0.0,0,0.0,0.0,,0,0,
5.0,5,30.0,2,5.0,5.0,-3.4,10308,87,1.0,0.0,0.0,0,0.0,0.0,,0,0,
5.0,5,30.0,2,5.0,5.0,-3.3,10308,87,1.0,0.0,0.0,0,0.0,0.0,,0,0,
5.0,5,30.0,2,5.0,5.0,-3.2,10308,87,1.0,0.0,0.0,0,0.0,0.0,,0,0,
5.0,5,30.0,2,5.0,5.0,-3.1,10308,87,1.0,0.0,0.0,0,0.0,0.0,,0,0,
5.0,5,30.0,2,5.0,5.0,-3.0,10308,87,1.0,0.0,0.0,0,0.0,0.0,,0,0,
5.0,5,30.0,2,5.0,5.0,-2.9,10308,87,1.0,0.0,0.0,0,0.0,0.0,,0,0,
5.0,5,30.0,2,5.0,5.0,-2.8,10308,87,1.0,0.0,0.0,0,0.0,0.0,,0,0,
5.0,5,30.0,2,5.0,5.0,-2.7,10308,87,1.0,0.0,0.0,0,0.0,0.0,,0,0,
5.0,5,30.0,2,5.0,5.0,-2.6,10308,87,1.0,0.0,0.0,0,0.0,0.0,,0,0,
5.0,5,30.0,2,5.0,5.0,-2.5,10308,87,0.9926270857586341,0.007372914241365929,0.0,25,0.28735632183908044,174.62165308498254,40.0,24,1,0.5
5.0,5,30.0,2,5.0,5.0,-2.4,10308,87,0.9762320527745441,0.023767947225455957,0.0,74,0.8505747126436781,516.8800931315484,37.5,72,2,0.5
5.0,5,30.0,2,5.0,5.0,-2.3,10308,87,0.9296662786185487,0.0703337213814513,0.0,170,1.9540229885057472,1187.4272409778812,65.0,168,2,0.5
5.0,5,30.0,2,5.0,5.0,-2.2,10308,87,0.8401241753977493,0.15357004268529298,0.006305781916957702,374,4.2988505747126435,2612.3399301513386,40.0,342,32,0.3157894736842105
5.0,5,30.0,2,5.0,5.0,-2.1,10308,87,0.5984672099340318,0.3869809856422196,0.014551804423748545,565,6.494252873563219,3946.449359720605,35.0,505,60,0.18811881188118812
5.0,5,30.0,2,5.0,5.0,-2.0,10308,87,0.47826930539386886,0.43888242142025613,0.08284827318587505,669,7.689655172413793,4672.875436554133,35.0,605,64,0.2578512396694215
5.0,5,30.0,2,5.0,5.0,-1.9,10308,87,0.34225844004656575,0.46294140473418705,0.19480015521924718,852,9.793103448275861,5951.105937136204,35.0,771,81,0.16990920881971466
5.0,5,30.0,2,5.0,5.0,-1.8,10308,87,0.2739619712844393,0.459545983701979,0.2664920450135817,797,9.160919540229886,5566.938300349243,40.0,718,79,0.29526462395543174
5.0,5,30.0,2,5.0,5.0,-1.7,10308,87,0.20838183934807916,0.41715172681412493,0.3744664338377959,574,6.597701149425287,4009.3131548311994,67.5,495,79,0.4303030303030303
5.0,5,30.0,2,5.0,5.0,-1.6,10308,87,0.16783081102056654,0.41889794334497477,0.41327124563445866,570,6.551724137931035,3981.373690337602,65.0,489,81,0.4560327198364008
5.0,5,30.0,2,5.0,5.0,-1.5,10308,87,0.1648234381063252,0.37407838571982927,0.4610981761738456,700,8.045977011494253,4889.406286379511,47.5,622,78,0.2491961414790997
5.0,5,30.0,2,5.0,5.0,-1.4,10308,87,0.160069848661234,0.28346915017462165,0.5564610011641443,1015,11.666666666666666,7089.639115250291,15.0,937,78,0.12700106723585913
5.0,5,30.0,2,5.0,5.0,-1.3,10308,87,0.1273767947225456,0.18723321691889794,0.6853899883585565,1051,12.080459770114942,7341.0942956926665,15.0,973,78,0.10996916752312436
5.0,5,30.0,2,5.0,5.0,-1.2,10308,87,0.11786961583236322,0.11854870003880481,0.763581684128832,733,8.425287356321839,5119.906868451688,20.0,655,78,0.24885496183206107
5.0,5,30.0,2,5.0,5.0,-1.1,10308,87,0.08614668218859138,0.12660069848661235,0.7872526193247963,670,7.7011494252873565,4679.860302677532,25.0,592,78,0.23310810810810811
5.0,5,30.0,2,5.0,5.0,-1.0,10308,87,0.06247574699262708,0.12883197516492045,0.8086922778424525,568,6.528735632183908,3967.4039580908034,25.0,490,78,0.23061224489795917
5.0,5,30.0,2,5.0,5.0,-0.9,10308,87,0.059953434225844,0.11010865347303066,0.8299379123011253,464,5.333333333333333,3240.977881257276,25.0,389,75,0.29048843187660667
5.0,5,30.0,2,5.0,5.0,-0.8,10308,87,0.040162980209545986,0.11942180830422973,0.8404152114862243,380,4.367816091954023,2654.2491268917347,30.0,306,74,0.4117647058823529
5.0,5,30.0,2,5.0,5.0,-0.7,10308,87,0.02037252619324796,0.13339154055102834,0.8462359332557237,320,3.67816091954023,2235.1571594877764,90.0,246,74,0.4634146341463415
5.0,5,30.0,2,5.0,5.0,-0.6,10308,87,0.01920838183934808,0.12611563833915407,0.8546759798214979,309,3.5517241379310347,2158.3236321303843,85.0,235,74,0.4851063829787234
5.0,5,30.0,2,5.0,5.0,-0.5,10308,87,0.017947225455956537,0.12242918121847109,0.8596235933255724,309,3.5517241379310347,2158.3236321303843,85.0,235,74,0.4851063829787234
5.0,5,30.0,2,5.0,5.0,-0.4,10308,87,0.016783081102056657,0.10875048506014746,0.8744664338377959,346,3.9770114942528734,2416.7636786961584,50.0,285,61,0.4
5.0,5,30.0,2,5.0,5.0,-0.3,10308,87,0.016783081102056657,0.10399689561505626,0.8792200232828871,346,3.9770114942528734,2416.7636786961584,50.0,285,61,0.4
5.0,5,30.0,2,5.0,5.0,-0.2,10308,87,0.015521924718665115,0.07819169577027552,0.9062863795110594,418,4.804597701149425,2919.674039580908,15.0,381,37,0.2992125984251969
5.0,5,30.0,2,5.0,5.0,-0.1,10308,87,0.015521924718665115,0.06296080714008537,0.9215172681412496,346,3.9770114942528734,2416.7636786961584,15.0,309,37,0.36893203883495146
5.0,5,30.0,2,5.0,5.0,0.0,10308,87,0.01435778036476523,0.03938688397361273,0.946255335661622,272,3.1264367816091956,1899.88358556461,15.0,262,10,0.4351145038167939
5.0,5,30.0,2,5.0,5.0,0.1,10308,87,0.01435778036476523,0.0229918509895227,0.9626503686457121,224,2.574712643678161,1564.6100116414434,15.0,215,9,0.4790697674418605
5.0,5,30.0,2,5.0,5.0,0.2,10308,87,0.013193636010865347,0.020663562281722933,0.9661428017074117,200,2.2988505747126435,1396.9732246798603,15.0,192,8,0.4791666666666667
5.0,5,30.0,2,5.0,5.0,0.3,10308,87,0.013193636010865347,0.016880093131548313,0.9699262708575863,174,2.0,1215.3667054714783,10.0,167,7,0.47904191616766467
5.0,5,30.0,2,5.0,5.0,0.4,10308,87,0.01183546759798215,0.01212650368645712,0.9760380287155608,123,1.4137931034482758,859.1385331781141,10.0,118,5,0.4830508474576271
5.0,5,30.0,2,5.0,5.0,0.5,10308,87,0.01183546759798215,0.01212650368645712,0.9760380287155608,123,1.4137931034482758,859.1385331781141,10.0,118,5,0.4830508474576271
5.0,5,30.0,2,5.0,5.0,0.6,10308,87,0.009507178890182382,0.013290648040357005,0.9772021730694607,111,1.2758620689655173,775.3201396973225,205.0,106,5,0.5377358490566038
5.0,5,30.0,2,5.0,5.0,0.7,10308,87,0.009507178890182382,0.013290648040357005,0.9772021730694607,111,1.2758620689655173,775.3201396973225,205.0,106,5,0.5377358490566038
5.0,5,30.0,2,5.0,5.0,0.8,10308,87,0.006984866123399301,0.014551804423748545,0.9784633294528522,98,1.1264367816091954,684.5168800931316,412.5,93,5,0.6129032258064516
5.0,5,30.0,2,5.0,5.0,0.9,10308,87,0.006984866123399301,0.014551804423748545,0.9784633294528522,98,1.1264367816091954,684.5168800931316,412.5,93,5,0.6129032258064516
5.0,5,30.0,2,5.0,5.0,1.0,10308,87,0.004656577415599534,0.01571594877764843,0.9796274738067521,86,0.9885057471264368,600.6984866123399,605.0,81,5,0.7037037037037037
5.0,5,30.0,3,5.0,10.0,-4.0,10308,87,1.0,0.0,0.0,0,0.0,0.0,,0,0,
5.0,5,30.0,3,5.0,10.0,-3.9,10308,87,1.0,0.0,0.0,0,0.0,0.0,,0,0,
5.0,5,30.0,3,5.0,10.0,-3.8,10308,87,1.0,0.0,0.0,0,0.0,0.0,,0,0,
5.0,5,30.0,3,5.0,10.0,-3.7,10308,87,1.0,0.0,0.0,0,0.0,0.0,,0,0,
5.0,5,30.0,3,5.0,10.0,-3.6,10308,87,1.0,0.0,0.0,0,0.0,0.0,,0,0,
5.0,5,30.0,3,5.0,10.0,-3.5,10308,87,1.0,0.0,0.0,0,0.0,0.0,,0,0,
5.0,5,30.0,3,5.0,10.0,-3.4,10308,87,1.0,0.0,0.0,0,0.0,0.0,,0,0,
5.0,5,30.0,3,5.0,10.0,-3.3,10308,87,1.0,0.0,0.0,0,0.0,0.0,,0,0,
5.0,5,30.0,3,5.0,10.0,-3.2,10308,87,1.0,0.0,0.0,0,0.0,0.0,,0,0,
5.0,5,30.0,3,5.0,10.0,-3.1,10308,87,1.0,0.0,0.0,0,0.0,0.0,,0,0,
5.0,5,30.0,3,5.0,10.0,-3.0,10308,87,1.0,0.0,0.0,0,0.0,0.0,,0,0,
5.0,5,30.0,3,5.0,10.0,-2.9,10308,87,1.0,0.0,0.0,0,0.0,0.0,,0,0,
5.0,5,30.0,3,5.0,10.0,-2.8,10308,87,1.0,0.0,0.0,0,0.0,0.0,,0,0,
5.0,5,30.0,3,5.0,10.0,-2.7,10308,87,1.0,0.0,0.0,0,0.0,0.0,,0,0,
5.0,5,30.0,3,5.0,10.0,-2.6,10308,87,1.0,0.0,0.0,0,0.0,0.0,,0,0,
5.0,5,30.0,3,5.0,10.0,-2.5,10308,87,0.9925300737291424,0.007469926270857586,0.0,25,0.28735632183908044,174.62165308498254,35.0,24,1,0.5
5.0,5,30.0,3,5.0,10.0,-2.4,10308,87,0.9762320527745441,0.023767947225455957,0.0,73,0.8390804597701149,509.89522700814905,35.0,72,1,0.5
5.0,5,30.0,3,5.0,10.0,-2.3,10308,87,0.9296662786185487,0.0703337213814513,0.0,169,1.9425287356321839,1180.4423748544818,65.0,168,1,0.5
5.0,5,30.0,3,5.0,10.0,-2.2,10308,87,0.843034536282499,0.14823438106325185,0.008731082654249126,332,3.8160919540229883,2318.975552968568,40.0,288,44,0.3333333333333333
5.0,5,30.0,3,5.0,10.0,-2.1,10308,87,0.5946837407838572,0.38601086534730306,0.019305393868839737,479,5.505747126436781,3345.7508731082658,40.0,420,59,0.2
5.0,5,30.0,3,5.0,10.0,-2.0,10308,87,0.4839930151338766,0.42607683352735737,0.089930151338766,593,6.816091954022989,4142.025611175785,40.0,530,63,0.27169811320754716
5.0,5,30.0,3,5.0,10.0,-1.9,10308,87,0.35205665502522315,0.453046177726038,0.19489716724873885,775,8.908045977011493,5413.271245634458,35.0,706,69,0.18555240793201133
5.0,5,30.0,3,5.0,10.0,-1.8,10308,87,0.28308110205665504,0.4508149010477299,0.26610399689561504,724,8.32183908045977,5057.043073341094,40.0,668,56,0.24850299401197604
5.0,5,30.0,3,5.0,10.0,-1.7,10308,87,0.2080908032596042,0.4175397749320916,0.37436942180830424,536,6.160919540229885,3743.888242142026,80.0,494,42,0.4291497975708502
5.0,5,30.0,3,5.0,10.0,-1.6,10308,87,0.1677337989910749,0.41889794334497477,0.41336825766395036,531,6.103448275862069,3708.963911525029,80.0,487,44,0.45585215605749485
5.0,5,30.0,3,5.0,10.0,-1.5,10308,87,0.16443538998835855,0.3787349631354288,0.45682964687621264,612,7.0344827586206895,4274.738067520373,55.0,546,66,0.2802197802197802
5.0,5,30.0,3,5.0,10.0,-1.4,10308,87,0.16336825766395033,0.2693053938688397,0.56732634846721,829,9.528735632183908,5790.454016298021,25.0,750,79,0.12533333333333332
5.0,5,30.0,3,5.0,10.0,-1.3,10308,87,0.13213038416763678,0.14736127279782693,0.7205083430345363,704,8.091954022988507,4917.345750873108,35.0,626,78,0.12939297124600638
5.0,5,30.0,3,5.0,10.0,-1.2,10308,87,0.13329452852153667,0.07741559953434225,0.789289871944121,459,5.275862068965517,3206.0535506402794,40.0,382,77,0.21204188481675393
5.0,5,30.0,3,5.0,10.0,-1.1,10308,87,0.10050446255335661,0.09216142801707412,0.8073341094295693,434,4.988505747126437,3031.4318975552965,40.0,356,78,0.22191011235955055
5.0,5,30.0,3,5.0,10.0,-1.0,10308,87,0.07450523864959255,0.10477299185098952,0.8207217694994179,368,4.2298850574712645,2570.430733410943,45.0,315,53,0.1746031746031746
5.0,5,30.0,3,5.0,10.0,-0.9,10308,87,0.07450523864959255,0.08139309274350019,0.8441016686069073,279,3.206896551724138,1948.7776484284052,65.0,265,14,0.20754716981132076
5.0,5,30.0,3,5.0,10.0,-0.8,10308,87,0.05587892898719441,0.0953628249902988,0.8487582460225068,231,2.6551724137931036,1613.5040745052386,115.0,218,13,0.3119266055045872
5.0,5,30.0,3,5.0,10.0,-0.7,10308,87,0.037252619324796274,0.11049670159099728,0.8522506790842065,183,2.103448275862069,1278.2305005820722,175.0,170,13,0.32941176470588235
5.0,5,30.0,3,5.0,10.0,-0.6,10308,87,0.037252619324796274,0.10312378734963136,0.8596235933255724,184,2.1149425287356323,1285.2153667054715,180.0,172,12,0.3313953488372093
5.0,5,30.0,3,5.0,10.0,-0.5,10308,87,0.035991462941404734,0.10195964299573147,0.8620488940628638,184,2.1149425287356323,1285.2153667054715,180.0,172,12,0.3313953488372093
5.0,5,30.0,3,5.0,10.0,-0.4,10308,87,0.03482731858750485,0.08934807916181607,0.875824602250679,234,2.689655172413793,1634.4586728754366,92.5,222,12,0.25675675675675674
5.0,5,30.0,3,5.0,10.0,-0.3,10308,87,0.03482731858750485,0.083430345362825,0.8817423360496701,210,2.413793103448276,1466.8218859138533,185.0,198,12,0.2878787878787879
5.0,5,30.0,3,5.0,10.0,-0.2,10308,87,0.03356616220411331,0.056461001164144355,0.9099728366317423,258,2.9655172413793105,1802.0954598370197,45.0,245,13,0.23265306122448978
5.0,5,30.0,3,5.0,10.0,-0.1,10308,87,0.03356616220411331,0.04588668994955374,0.920547147846333,234,2.689655172413793,1634.4586728754366,95.0,221,13,0.3076923076923077
5.0,5,30.0,3,5.0,10.0,0.0,10308,87,0.032402017850213426,0.025029103608847497,0.9425688785409391,186,2.1379310344827585,1299.18509895227,220.0,175,11,0.38857142857142857
5.0,5,30.0,3,5.0,10.0,0.1,10308,87,0.032402017850213426,0.0037834691501746217,0.963814512999612,88,1.0114942528735633,614.6682188591385,560.0,80,8,0.7
5.0,5,30.0,3,5.0,10.0,0.2,10308,87,0.03123787349631354,0.0037834691501746217,0.9649786573535118,88,1.0114942528735633,614.6682188591385,560.0,80,8,0.7
5.0,5,30.0,3,5.0,10.0,0.3,10308,87,0.03123787349631354,0.0,0.9687621265036864,62,0.7126436781609196,433.0616996507567,805.0,55,7,1.0
5.0,5,30.0,3,5.0,10.0,0.4,10308,87,0.029588668994955374,0.00038804811796662784,0.970023282887078,62,0.7126436781609196,433.0616996507567,805.0,55,7,1.0
5.0,5,30.0,3,5.0,10.0,0.5,10308,87,0.029588668994955374,0.00038804811796662784,0.970023282887078,62,0.7126436781609196,433.0616996507567,805.0,55,7,1.0
5.0,5,30.0,3,5.0,10.0,0.6,10308,87,0.023767947225455957,0.005044625533566162,0.9711874272409778,62,0.7126436781609196,433.0616996507567,805.0,55,7,1.0
5.0,5,30.0,3,5.0,10.0,0.7,10308,87,0.023767947225455957,0.005044625533566162,0.9711874272409778,62,0.7126436781609196,433.0616996507567,805.0,55,7,1.0
5.0,5,30.0,3,5.0,10.0,0.8,10308,87,0.017462165308498253,0.010089251067132324,0.9724485836243694,62,0.7126436781609196,433.0616996507567,810.0,56,6,1.0
5.0,5,30.0,3,5.0,10.0,0.9,10308,87,0.017462165308498253,0.010089251067132324,0.9724485836243694,62,0.7126436781609196,433.0616996507567,810.0,56,6,1.0
5.0,5,30.0,3,5.0,10.0,1.0,10308,87,0.011641443538998836,0.014745828482731859,0.9736127279782693,62,0.7126436781609196,433.0616996507567,810.0,56,6,1.0
5.0,5,60.0,1,5.0,0.0,-4.0,9937,86,1.0,0.0,0.0,0,0.0,0.0,,0,0,
5.0,5,60.0,1,5.0,0.0,-3.9,9937,86,1.0,0.0,0.0,0,0.0,0.0,,0,0,
5.0,5,60.0,1,5.0,0.0,-3.8,9937,86,1.0,0.0,0.0,0,0.0,0.0,,0,0,
5.0,5,60.0,1,5.0,0.0,-3.7,9937,86,1.0,0.0,0.0,0,0.0,0.0,,0,0,
5.0,5,60.0,1,5.0,0.0,-3.6,9937,86,1.0,0.0,0.0,0,0.0,0.0,,0,0,
5.0,5,60.0,1,5.0,0.0,-3.5,9937,86,1.0,0.0,0.0,0,0.0,0.0,,0,0,
5.0,5,60.0,1,5.0,0.0,-3.4,9937,86,1.0,0.0,0.0,0,0.0,0.0,,0,0,
5.0,5,60.0,1,5.0,0.0,-3.3,9937,86,1.0,0.0,0.0,0,0.0,0.0,,0,0,
5.0,5,60.0,1,5.0,0.0,-3.2,9937,86,1.0,0.0,0.0,0,0.0,0.0,,0,0,
5.0,5,60.0,1,5.0,0.0,-3.1,9937,86,1.0,0.0,0.0,0,0.0,0.0,,0,0,
5.0,5,60.0,1,5.0,0.0,-3.0,9937,86,1.0,0.0,0.0,0,0.0,0.0,,0,0,
5.0,5,60.0,1,5.0,0.0,-2.9,9937,86,1.0,0.0,0.0,0,0.0,0.0,,0,0,
5.0,5,60.0,1,5.0,0.0,-2.8,9937,86,1.0,0.0,0.0,0,0.0,0.0,,0,0,
5.0,5,60.0,1,5.0,0.0,-2.7,9937,86,1.0,0.0,0.0,0,0.0,0.0,,0,0,
5.0,5,60.0,1,5.0,0.0,-2.6,9937,86,1.0,0.0,0.0,0,0.0,0.0,,0,0,
5.0,5,60.0,1,5.0,0.0,-2.5,9937,86,1.0,0.0,0.0,0,0.0,0.0,,0,0,
5.0,5,60.0,1,5.0,0.0,-2.4,9937,86,1.0,0.0,0.0,0,0.0,0.0,,0,0,
5.0,5,60.0,1,5.0,0.0,-2.3,9937,86,0.981483345073966,0.018516654926034014,0.0,74,0.8604651162790697,536.1779209016806,25.0,72,2,0.3333333333333333
5.0,5,60.0,1,5.0,0.0,-2.2,9937,86,0.9520982187783034,0.047901781221696686,0.0,150,1.744186046511628,1086.847136962866,25.0,146,4,0.3287671232876712
5.0,5,60.0,1,5.0,0.0,-2.1,9937,86,0.7464023347086646,0.25359766529133543,0.0,298,3.4651162790697674,2159.2029787662273,70.0,289,9,0.5397923875432526
5.0,5,60.0,1,5.0,0.0,-2.0,9937,86,0.566770655127302,0.40505182650699406,0.028177518365703935,222,2.5813953488372094,1608.533762705042,105.0,217,5,0.6082949308755761
5.0,5,60.0,1,5.0,0.0,-1.9,9937,86,0.4386635805575123,0.3902586293649995,0.17107779007748816,569,6.616279069767442,4122.773472879138,40.0,505,64,0.3069306930693069
5.0,5,60.0,1,5.0,0.0,-1.8,9937,86,0.3234376572406159,0.40042266277548555,0.27613967998389854,640,7.441860465116279,4637.214451041562,60.0,561,79,0.39928698752228164
5.0,5,60.0,1,5.0,0.0,-1.7,9937,86,0.24413806983999195,0.3210224413806984,0.43483948877930967,419,4.872093023255814,3035.9263359162724,100.0,344,75,0.6511627906976745
5.0,5,60.0,1,5.0,0.0,-1.6,9937,86,0.20046291637315086,0.34497333199154673,0.4545637516353024,446,5.186046511627907,3231.5588205695885,95.0,372,74,0.543010752688172
5.0,5,60.0,1,5.0,0.0,-1.5,9937,86,0.1586998087954111,0.37526416423467845,0.4660360269699104,469,5.453488372093023,3398.2087149038944,90.0,393,76,0.5114503816793893
5.0,5,60.0,1,5.0,0.0,-1.4,9937,86,0.14400724564757975,0.2950588708865855,0.5609338834658347,606,7.046511627906977,4390.862433329979,40.0,528,78,0.24431818181818182
5.0,5,60.0,1,5.0,0.0,-1.3,9937,86,0.11220690349199959,0.17631075777397606,0.7114823387340243,518,6.023255813953488,3753.2454463117638,40.0,441,77,0.26303854875283444
5.0,5,60.0,1,5.0,0.0,-1.2,9937,86,0.09972828821575928,0.12780517258729998,0.7724665391969407,533,6.1976744186046515,3861.9301600080507,30.0,457,76,0.25601750547045954
5.0,5,60.0,1,5.0,0.0,-1.1,9937,86,0.08845728086947771,0.0848344570796015,0.8267082620509209,469,5.453488372093023,3398.2087149038944,15.0,395,74,0.3518987341772152
5.0,5,60.0,1,5.0,0.0,-1.0,9937,86,0.06168863842205897,0.09006742477608937,0.8482439368018516,383,4.453488372093023,2775.0830230451847,35.0,309,74,0.4886731391585761
5.0,5,60.0,1,5.0,0.0,-0.9,9937,86,0.057965180638019524,0.07980275737144008,0.8622320619905404,369,4.290697674418604,2673.6439569286504,30.0,295,74,0.5084745762711864
5.0,5,60.0,1,5.0,0.0,-0.8,9937,86,0.02535976652913354,0.09882258226829023,0.8758176512025763,319,3.7093023255813953,2311.3615779410284,45.0,245,74,0.5142857142857142
5.0,5,60.0,1,5.0,0.0,-0.7,9937,86,0.0,0.1096910536379189,0.8903089463620811,235,2.7325581395348837,1702.7271812418235,90.0,174,61,0.6609195402298851
5.0,5,60.0,1,5.0,0.0,-0.6,9937,86,0.0,0.09479722250176109,0.9052027774982389,222,2.5813953488372094,1608.533762705042,185.0,174,48,0.6609195402298851
5.0,5,60.0,1,5.0,0.0,-0.5,9937,86,0.0,0.08604206500956023,0.9139579349904398,184,2.13953488372093,1333.199154674449,190.0,174,10,0.6609195402298851
5.0,5,60.0,1,5.0,0.0,-0.4,9937,86,0.0,0.0720539398208715,0.9279460601791285,172,2.0,1246.2513837174197,200.0,163,9,0.6319018404907976
5.0,5,60.0,1,5.0,0.0,-0.3,9937,86,0.0,0.06833048203683204,0.931669517963168,172,2.0,1246.2513837174197,200.0,163,9,0.6319018404907976
5.0,5,60.0,1,5.0,0.0,-0.2,9937,86,0.0,0.05122270302908322,0.9487772969709167,185,2.1511627906976742,1340.4448022542015,125.0,176,9,0.5170454545454546
5.0,5,60.0,1,5.0,0.0,-0.1,9937,86,0.0,0.03592633591627252,0.9640736640837275,160,1.8604651162790697,1159.3036127603905,127.5,152,8,0.5197368421052632
5.0,5,60.0,1,5.0,0.0,0.0,9937,86,0.0,0.01459192915366811,0.9854080708463319,73,0.8488372093023255,528.9322733219282,235.0,69,4,0.6521739130434783
5.0,5,60.0,1,5.0,0.0,0.1,9937,86,0.0,0.0025158498540807086,0.9974841501459193,25,0.29069767441860467,181.14118949381103,800.0,23,2,1.0
5.0,5,60.0,1,5.0,0.0,0.2,9937,86,0.0,0.0013082419241219683,0.9986917580758781,13,0.1511627906976744,94.19341853678172,800.0,12,1,1.0
5.0,5,60.0,1,5.0,0.0,0.3,9937,86,0.0,0.0013082419241219683,0.9986917580758781,13,0.1511627906976744,94.19341853678172,800.0,12,1,1.0
5.0,5,60.0,1,5.0,0.0,0.4,9937,86,0.0,0.0,1.0,0,0.0,0.0,,0,0,
5.0,5,60.0,1,5.0,0.0,0.5,9937,86,0.0,0.0,1.0,0,0.0,0.0,,0,0,
5.0,5,60.0,1,5.0,0.0,0.6,9937,86,0.0,0.0,1.0,0,0.0,0.0,,0,0,
5.0,5,60.0,1,5.0,0.0,0.7,9937,86,0.0,0.0,1.0,0,0.0,0.0,,0,0,
5.0,5,60.0,1,5.0,0.0,0.8,9937,86,0.0,0.0,1.0,0,0.0,0.0,,0,0,
5.0,5,60.0,1,5.0,0.0,0.9,9937,86,0.0,0.0,1.0,0,0.0,0.0,,0,0,
5.0,5,60.0,1,5.0,0.0,1.0,9937,86,0.0,0.0,1.0,0,0.0,0.0,,0,0,
5.0,5,60.0,2,5.0,5.0,-4.0,9937,86,1.0,0.0,0.0,0,0.0,0.0,,0,0,
5.0,5,60.0,2,5.0,5.0,-3.9,9937,86,1.0,0.0,0.0,0,0.0,0.0,,0,0,
5.0,5,60.0,2,5.0,5.0,-3.8,9937,86,1.0,0.0,0.0,0,0.0,0.0,,0,0,
5.0,5,60.0,2,5.0,5.0,-3.7,9937,86,1.0,0.0,0.0,0,0.0,0.0,,0,0,
5.0,5,60.0,2,5.0,5.0,-3.6,9937,86,1.0,0.0,0.0,0,0.0,0.0,,0,0,
5.0,5,60.0,2,5.0,5.0,-3.5,9937,86,1.0,0.0,0.0,0,0.0,0.0,,0,0,
5.0,5,60.0,2,5.0,5.0,-3.4,9937,86,1.0,0.0,0.0,0,0.0,0.0,,0,0,
5.0,5,60.0,2,5.0,5.0,-3.3,9937,86,1.0,0.0,0.0,0,0.0,0.0,,0,0,
5.0,5,60.0,2,5.0,5.0,-3.2,9937,86,1.0,0.0,0.0,0,0.0,0.0,,0,0,
5.0,5,60.0,2,5.0,5.0,-3.1,9937,86,1.0,0.0,0.0,0,0.0,0.0,,0,0,
5.0,5,60.0,2,5.0,5.0,-3.0,9937,86,1.0,0.0,0.0,0,0.0,0.0,,0,0,
5.0,5,60.0,2,5.0,5.0,-2.9,9937,86,1.0,0.0,0.0,0,0.0,0.0,,0,0,
5.0,5,60.0,2,5.0,5.0,-2.8,9937,86,1.0,0.0,0.0,0,0.0,0.0,,0,0,
5.0,5,60.0,2,5.0,5.0,-2.7,9937,86,1.0,0.0,0.0,0,0.0,0.0,,0,0,
5.0,5,60.0,2,5.0,5.0,-2.6,9937,86,1.0,0.0,0.0,0,0.0,0.0,,0,0,
5.0,5,60.0,2,5.0,5.0,-2.5,9937,86,1.0,0.0,0.0,0,0.0,0.0,,0,0,
5.0,5,60.0,2,5.0,5.0,-2.4,9937,86,1.0,0.0,0.0,0,0.0,0.0,,0,0,
5.0,5,60.0,2,5.0,5.0,-2.3,9937,86,0.9800744691556807,0.019925530844319212,0.0,50,0.5813953488372093,362.28237898762205,55.0,48,2,0.5
5.0,5,60.0,2,5.0,5.0,-2.2,9937,86,0.9508906108483446,0.04910938915165543,0.0,126,1.4651162790697674,912.9515950488075,55.0,122,4,0.39344262295081966
5.0,5,60.0,2,5.0,5.0,-2.1,9937,86,0.7468048706853175,0.2531951293146825,0.0,298,3.4651162790697674,2159.2029787662273,70.0,288,10,0.5381944444444444
5.0,5,60.0,2,5.0,5.0,-2.0,9937,86,0.566770655127302,0.40505182650699406,0.028177518365703935,222,2.5813953488372094,1608.533762705042,100.0,217,5,0.6082949308755761
5.0,5,60.0,2,5.0,5.0,-1.9,9937,86,0.4385629465633491,0.3905605313474892,0.1708765220891617,569,6.616279069767442,4122.773472879138,40.0,505,64,0.3069306930693069
5.0,5,60.0,2,5.0,5.0,-1.8,9937,86,0.3234376572406159,0.40042266277548555,0.27613967998389854,640,7.441860465116279,4637.214451041562,60.0,561,79,0.39928698752228164
5.0,5,60.0,2,5.0,5.0,-1.7,9937,86,0.24524504377578746,0.3199154674449029,0.43483948877930967,395,4.593023255813954,2862.030794002214,100.0,320,75,0.7
5.0,5,60.0,2,5.0,5.0,-1.6,9937,86,0.20297876622723157,0.343765724061588,0.45325550971118045,370,4.3023255813953485,2680.889604508403,100.0,296,74,0.6790540540540541
5.0,5,60.0,2,5.0,5.0,-1.5,9937,86,0.15990741672536982,0.37647177216463723,0.463620811109993,381,4.430232558139535,2760.5917278856796,95.0,319,62,0.6269592476489029
5.0,5,60.0,2,5.0,5.0,-1.4,9937,86,0.14400724564757975,0.2971721847640133,0.558820569588407,506,5.883720930232558,3666.2976753547346,55.0,430,76,0.3
5.0,5,60.0,2,5.0,5.0,-1.3,9937,86,0.10959041964375565,0.1803361175405052,0.7100734628157391,469,5.453488372093023,3398.2087149038944,40.0,393,76,0.2951653944020356
5.0,5,60.0,2,5.0,5.0,-1.2,9937,86,0.09580356244339337,0.1339438462312569,0.7702525913253497,447,5.1976744186046515,3238.804468149341,35.0,370,77,0.31351351351351353
5.0,5,60.0,2,5.0,5.0,-1.1,9937,86,0.085941431015397,0.08362684914964275,0.8304317198349602,370,4.3023255813953485,2680.889604508403,30.0,296,74,0.5878378378378378
5.0,5,60.0,2,5.0,5.0,-1.0,9937,86,0.06058166448626346,0.09117439871188487,0.8482439368018516,370,4.3023255813953485,2680.889604508403,35.0,295,75,0.5084745762711864
5.0,5,60.0,2,5.0,5.0,-0.9,9937,86,0.05816644862634598,0.07950085538895038,0.8623326959847036,355,4.127906976744186,2572.2048908121164,45.0,294,61,0.5068027210884354
5.0,5,60.0,2,5.0,5.0,-0.8,9937,86,0.02535976652913354,0.098721948274127,0.8759182851967394,305,3.546511627906977,2209.9225118244944,55.0,245,60,0.5142857142857142
5.0,5,60.0,2,5.0,5.0,-0.7,9937,86,0.0,0.1107980275737144,0.8892019724262856,209,2.4302325581395348,1514.34034416826,180.0,173,36,0.6589595375722543
5.0,5,60.0,2,5.0,5.0,-0.6,9937,86,0.0,0.09721243836167857,0.9027875616383214,184,2.13953488372093,1333.199154674449,190.0,174,10,0.6609195402298851
5.0,5,60.0,2,5.0,5.0,-0.5,9937,86,0.0,0.09228137264768038,0.9077186273523196,184,2.13953488372093,1333.199154674449,190.0,174,10,0.6609195402298851
5.0,5,60.0,2,5.0,5.0,-0.4,9937,86,0.0,0.07688437154070644,0.9231156284592935,172,2.0,1246.2513837174197,200.0,163,9,0.6319018404907976
5.0,5,60.0,2,5.0,5.0,-0.3,9937,86,0.0,0.073160913756667,0.926839086243333,172,2.0,1246.2513837174197,200.0,163,9,0.6319018404907976
5.0,5,60.0,2,5.0,5.0,-0.2,9937,86,0.0,0.054946160813122674,0.9450538391868774,184,2.13953488372093,1333.199154674449,122.5,175,9,0.52
5.0,5,60.0,2,5.0,5.0,-0.1,9937,86,0.0,0.03954915970614874,0.9604508402938513,159,1.8488372093023255,1152.057965180638,125.0,151,8,0.5231788079470199
5.0,5,60.0,2,5.0,5.0,0.0,9937,86,0.0,0.01710777900774882,0.9828922209922512,73,0.8488372093023255,528.9322733219282,235.0,69,4,0.6521739130434783
5.0,5,60.0,2,5.0,5.0,0.1,9937,86,0.0,0.005031699708161417,0.9949683002918386,25,0.29069767441860467,181.14118949381103,795.0,23,2,1.0
5.0,5,60.0,2,5.0,5.0,0.2,9937,86,0.0,0.0026164838482439366,0.997383516151756,13,0.1511627906976744,94.19341853678172,795.0,12,1,1.0
5.0,5,60.0,2,5.0,5.0,0.3,9937,86,0.0,0.0026164838482439366,0.997383516151756,13,0.1511627906976744,94.19341853678172,795.0,12,1,1.0
5.0,5,60.0,2,5.0,5.0,0.4,9937,86,0.0,0.0,1.0,0,0.0,0.0,,0,0,
5.0,5,60.0,2,5.0,5.0,0.5,9937,86,0.0,0.0,1.0,0,0.0,0.0,,0,0,
5.0,5,60.0,2,5.0,5.0,0.6,9937,86,0.0,0.0,1.0,0,0.0,0.0,,0,0,
5.0,5,60.0,2,5.0,5.0,0.7,9937,86,0.0,0.0,1.0,0,0.0,0.0,,0,0,
5.0,5,60.0,2,5.0,5.0,0.8,9937,86,0.0,0.0,1.0,0,0.0,0.0,,0,0,
5.0,5,60.0,2,5.0,5.0,0.9,9937,86,0.0,0.0,1.0,0,0.0,0.0,,0,0,
5.0,5,60.0,2,5.0,5.0,1.0,9937,86,0.0,0.0,1.0,0,0.0,0.0,,0,0,
5.0,5,60.0,3,5.0,10.0,-4.0,9937,86,1.0,0.0,0.0,0,0.0,0.0,,0,0,
5.0,5,60.0,3,5.0,10.0,-3.9,9937,86,1.0,0.0,0.0,0,0.0,0.0,,0,0,
5.0,5,60.0,3,5.0,10.0,-3.8,9937,86,1.0,0.0,0.0,0,0.0,0.0,,0,0,
5.0,5,60.0,3,5.0,10.0,-3.7,9937,86,1.0,0.0,0.0,0,0.0,0.0,,0,0,
5.0,5,60.0,3,5.0,10.0,-3.6,9937,86,1.0,0.0,0.0,0,0.0,0.0,,0,0,
5.0,5,60.0,3,5.0,10.0,-3.5,9937,86,1.0,0.0,0.0,0,0.0,0.0,,0,0,
5.0,5,60.0,3,5.0,10.0,-3.4,9937,86,1.0,0.0,0.0,0,0.0,0.0,,0,0,
5.0,5,60.0,3,5.0,10.0,-3.3,9937,86,1.0,0.0,0.0,0,0.0,0.0,,0,0,
5.0,5,60.0,3,5.0,10.0,-3.2,9937,86,1.0,0.0,0.0,0,0.0,0.0,,0,0,
5.0,5,60.0,3,5.0,10.0,-3.1,9937,86,1.0,0.0,0.0,0,0.0,0.0,,0,0,
5.0,5,60.0,3,5.0,10.0,-3.0,9937,86,1.0,0.0,0.0,0,0.0,0.0,,0,0,
5.0,5,60.0,3,5.0,10.0,-2.9,9937,86,1.0,0.0,0.0,0,0.0,0.0,,0,0,
5.0,5,60.0,3,5.0,10.0,-2.8,9937,86,1.0,0.0,0.0,0,0.0,0.0,,0,0,
5.0,5,60.0,3,5.0,10.0,-2.7,9937,86,1.0,0.0,0.0,0,0.0,0.0,,0,0,
5.0,5,60.0,3,5.0,10.0,-2.6,9937,86,1.0,0.0,0.0,0,0.0,0.0,,0,0,
5.0,5,60.0,3,5.0,10.0,-2.5,9937,86,1.0,0.0,0.0,0,0.0,0.0,,0,0,
5.0,5,60.0,3,5.0,10.0,-2.4,9937,86,1.0,0.0,0.0,0,0.0,0.0,,0,0,
5.0,5,60.0,3,5.0,10.0,-2.3,9937,86,0.9798732011673543,0.02012679883264567,0.0,50,0.5813953488372093,362.28237898762205,55.0,48,2,0.5
5.0,5,60.0,3,5.0,10.0,-2.2,9937,86,0.9482741270001006,0.051725872999899364,0.0,99,1.1511627906976745,717.3191103954916,65.0,96,3,0.5
5.0,5,60.0,3,5.0,10.0,-2.1,9937,86,0.7373452752339741,0.26265472476602597,0.0,199,2.313953488372093,1441.8838683707356,100.0,190,9,0.8105263157894737
5.0,5,60.0,3,5.0,10.0,-2.0,9937,86,0.566770655127302,0.40505182650699406,0.028177518365703935,221,2.5697674418604652,1601.2881151252896,95.0,216,5,0.6064814814814815
5.0,5,60.0,3,5.0,10.0,-1.9,9937,86,0.4384623125691859,0.3884472174700614,0.17309046996075275,543,6.313953488372093,3934.386635805575,40.0,480,63,0.3229166666666667
5.0,5,60.0,3,5.0,10.0,-1.8,9937,86,0.32585287310053335,0.39800744691556805,0.27613967998389854,616,7.162790697674419,4463.3189091275035,60.0,535,81,0.41495327102803736
5.0,5,60.0,3,5.0,10.0,-1.7,9937,86,0.24514440978162425,0.3200161014390661,0.43483948877930967,356,4.1395348837209305,2579.4505383918686,125.0,319,37,0.6990595611285266
5.0,5,60.0,3,5.0,10.0,-1.6,9937,86,0.20297876622723157,0.343765724061588,0.45325550971118045,331,3.8488372093023258,2398.309348898058,120.0,283,48,0.7067137809187279
5.0,5,60.0,3,5.0,10.0,-1.5,9937,86,0.16363087450940927,0.37274831438059775,0.463620811109993,332,3.86046511627907,2405.55499647781,95.0,271,61,0.6937269372693727
5.0,5,60.0,3,5.0,10.0,-1.4,9937,86,0.14531548757170173,0.2955620408574016,0.5591224715708967,469,5.453488372093023,3398.2087149038944,60.0,395,74,0.3265822784810127
5.0,5,60.0,3,5.0,10.0,-1.3,9937,86,0.10948978564959243,0.18063801952299488,0.7098721948274127,443,5.151162790697675,3209.821877830331,45.0,369,74,0.3143631436314363
5.0,5,60.0,3,5.0,10.0,-1.2,9937,86,0.09570292844923015,0.12418234879742376,0.780114722753346,421,4.895348837209302,3050.417631075777,35.0,344,77,0.436046511627907
5.0,5,60.0,3,5.0,10.0,-1.1,9937,86,0.085941431015397,0.08362684914964275,0.8304317198349602,370,4.3023255813953485,2680.889604508403,30.0,296,74,0.5878378378378378
5.0,5,60.0,3,5.0,10.0,-1.0,9937,86,0.06339941632283386,0.08835664687531448,0.8482439368018516,356,4.1395348837209305,2579.4505383918686,45.0,281,75,0.5302491103202847
5.0,5,60.0,3,5.0,10.0,-0.9,9937,86,0.060984200462916374,0.07799134547650197,0.8610244540605817,329,3.8255813953488373,2383.818053738553,55.0,280,49,0.5285714285714286
5.0,5,60.0,3,5.0,10.0,-0.8,9937,86,0.02777498238905102,0.0976149743383315,0.8746100432726175,256,2.9767441860465116,1854.8857804166248,85.0,232,24,0.5387931034482759
5.0,5,60.0,3,5.0,10.0,-0.7,9937,86,0.0,0.11452148535775385,0.8854785146422461,184,2.13953488372093,1333.199154674449,185.0,172,12,0.6569767441860465
5.0,5,60.0,3,5.0,10.0,-0.6,9937,86,0.0,0.10345174599979873,0.8965482540002012,184,2.13953488372093,1333.199154674449,190.0,172,12,0.6569767441860465
5.0,5,60.0,3,5.0,10.0,-0.5,9937,86,0.0,0.09852068028580055,0.9014793197141995,184,2.13953488372093,1333.199154674449,190.0,172,12,0.6569767441860465
5.0,5,60.0,3,5.0,10.0,-0.4,9937,86,0.0,0.08171480326054141,0.9182851967394586,172,2.0,1246.2513837174197,200.0,161,11,0.6273291925465838
5.0,5,60.0,3,5.0,10.0,-0.3,9937,86,0.0,0.07799134547650197,0.922008654523498,172,2.0,1246.2513837174197,200.0,162,10,0.6296296296296297
5.0,5,60.0,3,5.0,10.0,-0.2,9937,86,0.0,0.056153768743081416,0.9438462312569186,160,1.8604651162790697,1159.3036127603905,205.0,151,9,0.6026490066225165
5.0,5,60.0,3,5.0,10.0,-0.1,9937,86,0.0,0.04065613364194425,0.9593438663580558,134,1.558139534883721,970.916775686827,210.0,127,7,0.6220472440944882
5.0,5,60.0,3,5.0,10.0,0.0,9937,86,0.0,0.019623628861829525,0.9803763711381704,73,0.8488372093023255,528.9322733219282,235.0,69,4,0.6521739130434783
5.0,5,60.0,3,5.0,10.0,0.1,9937,86,0.0,0.007547549562242125,0.9924524504377579,25,0.29069767441860467,181.14118949381103,790.0,23,2,1.0
5.0,5,60.0,3,5.0,10.0,0.2,9937,86,0.0,0.003924725772365905,0.9960752742276341,13,0.1511627906976744,94.19341853678172,790.0,12,1,1.0
5.0,5,60.0,3,5.0,10.0,0.3,9937,86,0.0,0.003924725772365905,0.9960752742276341,13,0.1511627906976744,94.19341853678172,790.0,12,1,1.0
5.0,5,60.0,3,5.0,10.0,0.4,9937,86,0.0,0.0,1.0,0,0.0,0.0,,0,0,
5.0,5,60.0,3,5.0,10.0,0.5,9937,86,0.0,0.0,1.0,0,0.0,0.0,,0,0,
5.0,5,60.0,3,5.0,10.0,0.6,9937,86,0.0,0.0,1.0,0,0.0,0.0,,0,0,
5.0,5,60.0,3,5.0,10.0,0.7,9937,86,0.0,0.0,1.0,0,0.0,0.0,,0,0,
5.0,5,60.0,3,5.0,10.0,0.8,9937,86,0.0,0.0,1.0,0,0.0,0.0,,0,0,
5.0,5,60.0,3,5.0,10.0,0.9,9937,86,0.0,0.0,1.0,0,0.0,0.0,,0,0,
5.0,5,60.0,3,5.0,10.0,1.0,9937,86,0.0,0.0,1.0,0,0.0,0.0,,0,0,
5.0,5,120.0,1,5.0,0.0,-4.0,9194,85,1.0,0.0,0.0,0,0.0,0.0,,0,0,
5.0,5,120.0,1,5.0,0.0,-3.9,9194,85,1.0,0.0,0.0,0,0.0,0.0,,0,0,
5.0,5,120.0,1,5.0,0.0,-3.8,9194,85,1.0,0.0,0.0,0,0.0,0.0,,0,0,
5.0,5,120.0,1,5.0,0.0,-3.7,9194,85,1.0,0.0,0.0,0,0.0,0.0,,0,0,
5.0,5,120.0,1,5.0,0.0,-3.6,9194,85,1.0,0.0,0.0,0,0.0,0.0,,0,0,
5.0,5,120.0,1,5.0,0.0,-3.5,9194,85,1.0,0.0,0.0,0,0.0,0.0,,0,0,
5.0,5,120.0,1,5.0,0.0,-3.4,9194,85,1.0,0.0,0.0,0,0.0,0.0,,0,0,
5.0,5,120.0,1,5.0,0.0,-3.3,9194,85,1.0,0.0,0.0,0,0.0,0.0,,0,0,
5.0,5,120.0,1,5.0,0.0,-3.2,9194,85,1.0,0.0,0.0,0,0.0,0.0,,0,0,
5.0,5,120.0,1,5.0,0.0,-3.1,9194,85,1.0,0.0,0.0,0,0.0,0.0,,0,0,
5.0,5,120.0,1,5.0,0.0,-3.0,9194,85,1.0,0.0,0.0,0,0.0,0.0,,0,0,
5.0,5,120.0,1,5.0,0.0,-2.9,9194,85,1.0,0.0,0.0,0,0.0,0.0,,0,0,
5.0,5,120.0,1,5.0,0.0,-2.8,9194,85,1.0,0.0,0.0,0,0.0,0.0,,0,0,
5.0,5,120.0,1,5.0,0.0,-2.7,9194,85,1.0,0.0,0.0,0,0.0,0.0,,0,0,
5.0,5,120.0,1,5.0,0.0,-2.6,9194,85,1.0,0.0,0.0,0,0.0,0.0,,0,0,
5.0,5,120.0,1,5.0,0.0,-2.5,9194,85,1.0,0.0,0.0,0,0.0,0.0,,0,0,
5.0,5,120.0,1,5.0,0.0,-2.4,9194,85,1.0,0.0,0.0,0,0.0,0.0,,0,0,
5.0,5,120.0,1,5.0,0.0,-2.3,9194,85,1.0,0.0,0.0,0,0.0,0.0,,0,0,
5.0,5,120.0,1,5.0,0.0,-2.2,9194,85,0.9387644115727648,0.06123558842723515,0.0,224,2.635294117647059,1754.1875135958235,20.0,220,4,0.21818181818181817
5.0,5,120.0,1,5.0,0.0,-2.1,9194,85,0.6800087013269523,0.31999129867304765,0.0,640,7.529411764705882,5011.964324559495,20.0,596,44,0.16275167785234898
5.0,5,120.0,1,5.0,0.0,-2.0,9194,85,0.4968457689797694,0.49793343484881447,0.005220796171416141,173,2.0352941176470587,1354.7966064824886,50.0,120,53,0.6
5.0,5,120.0,1,5.0,0.0,-1.9,9194,85,0.4010224059169023,0.4711768544703067,0.12780073961279095,568,6.682352941176471,4448.118338046552,25.0,495,73,0.2404040404040404
5.0,5,120.0,1,5.0,0.0,-1.8,9194,85,0.3175984337611486,0.39362627800739614,0.2887752882314553,818,9.623529411764705,6405.916902327605,25.0,740,78,0.22432432432432434
5.0,5,120.0,1,5.0,0.0,-1.7,9194,85,0.2264520339351751,0.2701762018707853,0.5033717641940396,323,3.8,2529.47574505112,60.0,251,72,0.5657370517928287
5.0,5,120.0,1,5.0,0.0,-1.6,9194,85,0.1888187948662171,0.27963889493147703,0.5315423102023058,272,3.2,2130.0848379377853,60.0,202,70,0.5792079207920792
5.0,5,120.0,1,5.0,0.0,-1.5,9194,85,0.13650206656515118,0.3104198390254514,0.5530780944093975,247,2.9058823529411764,1934.3049815096804,55.0,178,69,0.6573033707865169
5.0,5,120.0,1,5.0,0.0,-1.4,9194,85,0.11431368283663258,0.2673482706112682,0.6183380465520992,421,4.952941176470588,3296.932782249293,45.0,348,73,0.3735632183908046
5.0,5,120.0,1,5.0,0.0,-1.3,9194,85,0.040134870567761584,0.25614531216010444,0.703719817272134,420,4.9411764705882355,3289.101587992169,60.0,346,74,0.16473988439306358
5.0,5,120.0,1,5.0,0.0,-1.2,9194,85,0.032194909723732866,0.18718729606264956,0.7806177942136175,309,3.635294117647059,2419.8390254513815,55.0,238,71,0.23949579831932774
5.0,5,120.0,1,5.0,0.0,-1.1,9194,85,0.020230585164237546,0.1482488579508375,0.831520556884925,336,3.9529411764705884,2631.281270393735,40.0,266,70,0.21428571428571427
5.0,5,120.0,1,5.0,0.0,-1.0,9194,85,0.005329562758320644,0.13595823363062867,0.8587122036110507,260,3.0588235294117645,2036.110506852295,40.0,190,70,0.3
5.0,5,120.0,1,5.0,0.0,-0.9,9194,85,0.004024363715466608,0.11028931912116598,0.8856863171633674,210,2.4705882352941178,1644.5507939960844,40.0,191,19,0.3036649214659686
5.0,5,120.0,1,5.0,0.0,-0.8,9194,85,0.0,0.0777681096367196,0.9222318903632803,124,1.4588235294117646,971.0680878834022,70.0,118,6,0.4915254237288136
5.0,5,120.0,1,5.0,0.0,-0.7,9194,85,0.0,0.04981509680226234,0.9501849031977376,124,1.4588235294117646,971.0680878834022,40.0,118,6,0.4830508474576271
5.0,5,120.0,1,5.0,0.0,-0.6,9194,85,0.0,0.033717641940395914,0.966282358059604,124,1.4588235294117646,971.0680878834022,30.0,118,6,0.4830508474576271
5.0,5,120.0,1,5.0,0.0,-0.5,9194,85,0.0,0.0296932782249293,0.9703067217750707,124,1.4588235294117646,971.0680878834022,25.0,118,6,0.4830508474576271
5.0,5,120.0,1,5.0,0.0,-0.4,9194,85,0.0,0.0,1.0,0,0.0,0.0,,0,0,
5.0,5,120.0,1,5.0,0.0,-0.3,9194,85,0.0,0.0,1.0,0,0.0,0.0,,0,0,
5.0,5,120.0,1,5.0,0.0,-0.2,9194,85,0.0,0.0,1.0,0,0.0,0.0,,0,0,
5.0,5,120.0,1,5.0,0.0,-0.1,9194,85,0.0,0.0,1.0,0,0.0,0.0,,0,0,
5.0,5,120.0,1,5.0,0.0,0.0,9194,85,0.0,0.0,1.0,0,0.0,0.0,,0,0,
5.0,5,120.0,1,5.0,0.0,0.1,9194,85,0.0,0.0,1.0,0,0.0,0.0,,0,0,
5.0,5,120.0,1,5.0,0.0,0.2,9194,85,0.0,0.0,1.0,0,0.0,0.0,,0,0,
5.0,5,120.0,1,5.0,0.0,0.3,9194,85,0.0,0.0,1.0,0,0.0,0.0,,0,0,
5.0,5,120.0,1,5.0,0.0,0.4,9194,85,0.0,0.0,1.0,0,0.0,0.0,,0,0,
5.0,5,120.0,1,5.0,0.0,0.5,9194,85,0.0,0.0,1.0,0,0.0,0.0,,0,0,
5.0,5,120.0,1,5.0,0.0,0.6,9194,85,0.0,0.0,1.0,0,0.0,0.0,,0,0,
5.0,5,120.0,1,5.0,0.0,0.7,9194,85,0.0,0.0,1.0,0,0.0,0.0,,0,0,
5.0,5,120.0,1,5.0,0.0,0.8,9194,85,0.0,0.0,1.0,0,0.0,0.0,,0,0,
5.0,5,120.0,1,5.0,0.0,0.9,9194,85,0.0,0.0,1.0,0,0.0,0.0,,0,0,
5.0,5,120.0,1,5.0,0.0,1.0,9194,85,0.0,0.0,1.0,0,0.0,0.0,,0,0,
5.0,5,120.0,2,5.0,5.0,-4.0,9194,85,1.0,0.0,0.0,0,0.0,0.0,,0,0,
5.0,5,120.0,2,5.0,5.0,-3.9,9194,85,1.0,0.0,0.0,0,0.0,0.0,,0,0,
5.0,5,120.0,2,5.0,5.0,-3.8,9194,85,1.0,0.0,0.0,0,0.0,0.0,,0,0,
5.0,5,120.0,2,5.0,5.0,-3.7,9194,85,1.0,0.0,0.0,0,0.0,0.0,,0,0,
5.0,5,120.0,2,5.0,5.0,-3.6,9194,85,1.0,0.0,0.0,0,0.0,0.0,,0,0,
5.0,5,120.0,2,5.0,5.0,-3.5,9194,85,1.0,0.0,0.0,0,0.0,0.0,,0,0,
5.0,5,120.0,2,5.0,5.0,-3.4,9194,85,1.0,0.0,0.0,0,0.0,0.0,,0,0,
5.0,5,120.0,2,5.0,5.0,-3.3,9194,85,1.0,0.0,0.0,0,0.0,0.0,,0,0,
5.0,5,120.0,2,5.0,5.0,-3.2,9194,85,1.0,0.0,0.0,0,0.0,0.0,,0,0,
5.0,5,120.0,2,5.0,5.0,-3.1,9194,85,1.0,0.0,0.0,0,0.0,0.0,,0,0,
5.0,5,120.0,2,5.0,5.0,-3.0,9194,85,1.0,0.0,0.0,0,0.0,0.0,,0,0,
5.0,5,120.0,2,5.0,5.0,-2.9,9194,85,1.0,0.0,0.0,0,0.0,0.0,,0,0,
5.0,5,120.0,2,5.0,5.0,-2.8,9194,85,1.0,0.0,0.0,0,0.0,0.0,,0,0,
5.0,5,120.0,2,5.0,5.0,-2.7,9194,85,1.0,0.0,0.0,0,0.0,0.0,,0,0,
5.0,5,120.0,2,5.0,5.0,-2.6,9194,85,1.0,0.0,0.0,0,0.0,0.0,,0,0,
5.0,5,120.0,2,5.0,5.0,-2.5,9194,85,1.0,0.0,0.0,0,0.0,0.0,,0,0,
5.0,5,120.0,2,5.0,5.0,-2.4,9194,85,1.0,0.0,0.0,0,0.0,0.0,,0,0,
5.0,5,120.0,2,5.0,5.0,-2.3,9194,85,1.0,0.0,0.0,0,0.0,0.0,,0,0,
5.0,5,120.0,2,5.0,5.0,-2.2,9194,85,0.9378942788775289,0.062105721122471175,0.0,200,2.3529411764705883,1566.2388514248423,20.0,172,28,0.20930232558139536
5.0,5,120.0,2,5.0,5.0,-2.1,9194,85,0.664346312812704,0.33565368718729605,0.0,344,4.047058823529412,2693.930824450729,25.0,276,68,0.2608695652173913
5.0,5,120.0,2,5.0,5.0,-2.0,9194,85,0.4956493365238199,0.499129867304764,0.005220796171416141,149,1.7529411764705882,1166.8479443115075,45.0,85,64,0.7176470588235294
5.0,5,120.0,2,5.0,5.0,-1.9,9194,85,0.3981944746573853,0.47161192081792475,0.13019360452469,468,5.5058823529411764,3664.9989123341306,40.0,393,75,0.29770992366412213
5.0,5,120.0,2,5.0,5.0,-1.8,9194,85,0.3175984337611486,0.3925386121383511,0.28986295410050034,794,9.341176470588236,6217.968240156624,25.0,715,79,0.23076923076923078
5.0,5,120.0,2,5.0,5.0,-1.7,9194,85,0.23036763106373723,0.2661518381553187,0.5034805307809441,299,3.5176470588235293,2341.527082880139,80.0,226,73,0.6238938053097345
5.0,5,120.0,2,5.0,5.0,-1.6,9194,85,0.19001522732216664,0.278333695888623,0.5316510767892103,247,2.9058823529411764,1934.3049815096804,80.0,177,70,0.6610169491525424
5.0,5,120.0,2,5.0,5.0,-1.5,9194,85,0.13639329997824667,0.3105286056123559,0.5530780944093975,247,2.9058823529411764,1934.3049815096804,50.0,178,69,0.6573033707865169
5.0,5,120.0,2,5.0,5.0,-1.4,9194,85,0.11442244942353709,0.2672395040243637,0.6183380465520992,421,4.952941176470588,3296.932782249293,40.0,347,74,0.37175792507204614
5.0,5,120.0,2,5.0,5.0,-1.3,9194,85,0.040134870567761584,0.25723297802914946,0.702632151403089,396,4.658823529411765,3101.1529258211876,65.0,321,75,0.17445482866043613
5.0,5,120.0,2,5.0,5.0,-1.2,9194,85,0.032194909723732866,0.18033500108766587,0.7874700891886013,309,3.635294117647059,2419.8390254513815,55.0,238,71,0.23949579831932774
5.0,5,120.0,2,5.0,5.0,-1.1,9194,85,0.020230585164237546,0.14150532956275833,0.8382640852730041,335,3.9411764705882355,2623.4500761366107,40.0,265,70,0.21509433962264152
5.0,5,120.0,2,5.0,5.0,-1.0,9194,85,0.0026103980857080703,0.13193386991516207,0.8654557319991298,210,2.4705882352941178,1644.5507939960844,90.0,140,70,0.40714285714285714
5.0,5,120.0,2,5.0,5.0,-0.9,9194,85,0.0,0.11300848379377855,0.8869915162062214,135,1.588235294117647,1057.2112247117686,85.0,116,19,0.49137931034482757
5.0,5,120.0,2,5.0,5.0,-0.8,9194,85,0.0,0.07798564281052861,0.9220143571894714,124,1.4588235294117646,971.0680878834022,70.0,118,6,0.4915254237288136
5.0,5,120.0,2,5.0,5.0,-0.7,9194,85,0.0,0.04981509680226234,0.9501849031977376,124,1.4588235294117646,971.0680878834022,40.0,118,6,0.4830508474576271
5.0,5,120.0,2,5.0,5.0,-0.6,9194,85,0.0,0.033717641940395914,0.966282358059604,124,1.4588235294117646,971.0680878834022,30.0,118,6,0.4830508474576271
5.0,5,120.0,2,5.0,5.0,-0.5,9194,85,0.0,0.0296932782249293,0.9703067217750707,124,1.4588235294117646,971.0680878834022,25.0,118,6,0.4830508474576271
5.0,5,120.0,2,5.0,5.0,-0.4,9194,85,0.0,0.0,1.0,0,0.0,0.0,,0,0,
5.0,5,120.0,2,5.0,5.0,-0.3,9194,85,0.0,0.0,1.0,0,0.0,0.0,,0,0,
5.0,5,120.0,2,5.0,5.0,-0.2,9194,85,0.0,0.0,1.0,0,0.0,0.0,,0,0,
5.0,5,120.0,2,5.0,5.0,-0.1,9194,85,0.0,0.0,1.0,0,0.0,0.0,,0,0,
5.0,5,120.0,2,5.0,5.0,0.0,9194,85,0.0,0.0,1.0,0,0.0,0.0,,0,0,
5.0,5,120.0,2,5.0,5.0,0.1,9194,85,0.0,0.0,1.0,0,0.0,0.0,,0,0,
5.0,5,120.0,2,5.0,5.0,0.2,9194,85,0.0,0.0,1.0,0,0.0,0.0,,0,0,
5.0,5,120.0,2,5.0,5.0,0.3,9194,85,0.0,0.0,1.0,0,0.0,0.0,,0,0,
5.0,5,120.0,2,5.0,5.0,0.4,9194,85,0.0,0.0,1.0,0,0.0,0.0,,0,0,
5.0,5,120.0,2,5.0,5.0,0.5,9194,85,0.0,0.0,1.0,0,0.0,0.0,,0,0,
5.0,5,120.0,2,5.0,5.0,0.6,9194,85,0.0,0.0,1.0,0,0.0,0.0,,0,0,
5.0,5,120.0,2,5.0,5.0,0.7,9194,85,0.0,0.0,1.0,0,0.0,0.0,,0,0,
5.0,5,120.0,2,5.0,5.0,0.8,9194,85,0.0,0.0,1.0,0,0.0,0.0,,0,0,
5.0,5,120.0,2,5.0,5.0,0.9,9194,85,0.0,0.0,1.0,0,0.0,0.0,,0,0,
5.0,5,120.0,2,5.0,5.0,1.0,9194,85,0.0,0.0,1.0,0,0.0,0.0,,0,0,
5.0,5,120.0,3,5.0,10.0,-4.0,9194,85,1.0,0.0,0.0,0,0.0,0.0,,0,0,
5.0,5,120.0,3,5.0,10.0,-3.9,9194,85,1.0,0.0,0.0,0,0.0,0.0,,0,0,
5.0,5,120.0,3,5.0,10.0,-3.8,9194,85,1.0,0.0,0.0,0,0.0,0.0,,0,0,
5.0,5,120.0,3,5.0,10.0,-3.7,9194,85,1.0,0.0,0.0,0,0.0,0.0,,0,0,
5.0,5,120.0,3,5.0,10.0,-3.6,9194,85,1.0,0.0,0.0,0,0.0,0.0,,0,0,
5.0,5,120.0,3,5.0,10.0,-3.5,9194,85,1.0,0.0,0.0,0,0.0,0.0,,0,0,
5.0,5,120.0,3,5.0,10.0,-3.4,9194,85,1.0,0.0,0.0,0,0.0,0.0,,0,0,
5.0,5,120.0,3,5.0,10.0,-3.3,9194,85,1.0,0.0,0.0,0,0.0,0.0,,0,0,
5.0,5,120.0,3,5.0,10.0,-3.2,9194,85,1.0,0.0,0.0,0,0.0,0.0,,0,0,
5.0,5,120.0,3,5.0,10.0,-3.1,9194,85,1.0,0.0,0.0,0,0.0,0.0,,0,0,
5.0,5,120.0,3,5.0,10.0,-3.0,9194,85,1.0,0.0,0.0,0,0.0,0.0,,0,0,
5.0,5,120.0,3,5.0,10.0,-2.9,9194,85,1.0,0.0,0.0,0,0.0,0.0,,0,0,
5.0,5,120.0,3,5.0,10.0,-2.8,9194,85,1.0,0.0,0.0,0,0.0,0.0,,0,0,
5.0,5,120.0,3,5.0,10.0,-2.7,9194,85,1.0,0.0,0.0,0,0.0,0.0,,0,0,
5.0,5,120.0,3,5.0,10.0,-2.6,9194,85,1.0,0.0,0.0,0,0.0,0.0,,0,0,
5.0,5,120.0,3,5.0,10.0,-2.5,9194,85,1.0,0.0,0.0,0,0.0,0.0,,0,0,
5.0,5,120.0,3,5.0,10.0,-2.4,9194,85,1.0,0.0,0.0,0,0.0,0.0,,0,0,
5.0,5,120.0,3,5.0,10.0,-2.3,9194,85,1.0,0.0,0.0,0,0.0,0.0,,0,0,
5.0,5,120.0,3,5.0,10.0,-2.2,9194,85,0.9300630846204047,0.06993691537959539,0.0,123,1.4470588235294117,963.2368936262781,45.0,96,27,0.375
5.0,5,120.0,3,5.0,10.0,-2.1,9194,85,0.664781379160322,0.33521862083967807,0.0,344,4.047058823529412,2693.930824450729,25.0,276,68,0.2608695652173913
5.0,5,120.0,3,5.0,10.0,-2.0,9194,85,0.4957581031107244,0.4990211007178595,0.005220796171416141,149,1.7529411764705882,1166.8479443115075,40.0,84,65,0.7142857142857143
5.0,5,120.0,3,5.0,10.0,-1.9,9194,85,0.39808570807048077,0.4692190559060257,0.1326952360234936,393,4.623529411764705,3077.6593430498156,45.0,320,73,0.36875
5.0,5,120.0,3,5.0,10.0,-1.8,9194,85,0.3121601044159234,0.3951490102240592,0.2926908853600174,505,5.9411764705882355,3954.753099847727,60.0,438,67,0.4018264840182648
5.0,5,120.0,3,5.0,10.0,-1.7,9194,85,0.2329780291494453,0.2634326734827061,0.5035892973678486,299,3.5176470588235293,2341.527082880139,75.0,226,73,0.6238938053097345
5.0,5,120.0,3,5.0,10.0,-1.6,9194,85,0.18990646073526213,0.2782249293017185,0.5318686099630193,247,2.9058823529411764,1934.3049815096804,75.0,177,70,0.6610169491525424
5.0,5,120.0,3,5.0,10.0,-1.5,9194,85,0.13628453339134217,0.3106373721992604,0.5530780944093975,246,2.8941176470588235,1926.4737872525561,45.0,177,69,0.6610169491525424
5.0,5,120.0,3,5.0,10.0,-1.4,9194,85,0.1145312160104416,0.2671307374374592,0.6183380465520992,419,4.929411764705883,3281.2703937350448,40.0,346,73,0.37283236994219654
5.0,5,120.0,3,5.0,10.0,-1.3,9194,85,0.042745268653469656,0.2544050467696324,0.702849684576898,371,4.364705882352941,2905.373069393083,65.0,296,75,0.1891891891891892
5.0,5,120.0,3,5.0,10.0,-1.2,9194,85,0.032194909723732866,0.17348270611268218,0.7943223841635849,309,3.635294117647059,2419.8390254513815,55.0,237,72,0.23628691983122363
5.0,5,120.0,3,5.0,10.0,-1.1,9194,85,0.015118555579725908,0.1370458994996737,0.8478355449206004,260,3.0588235294117645,2036.110506852295,40.0,190,70,0.4263157894736842
5.0,5,120.0,3,5.0,10.0,-1.0,9194,85,0.0,0.12780073961279095,0.8721992603872091,172,2.023529411764706,1346.9654122253644,90.0,116,56,0.49137931034482757
5.0,5,120.0,3,5.0,10.0,-0.9,9194,85,0.0,0.11181205133782902,0.888187948662171,123,1.4470588235294117,963.2368936262781,85.0,116,7,0.49137931034482757
5.0,5,120.0,3,5.0,10.0,-0.8,9194,85,0.0,0.07820317598433761,0.9217968240156624,123,1.4470588235294117,963.2368936262781,70.0,117,6,0.49572649572649574
5.0,5,120.0,3,5.0,10.0,-0.7,9194,85,0.0,0.04981509680226234,0.9501849031977376,123,1.4470588235294117,963.2368936262781,40.0,117,6,0.48717948717948717
5.0,5,120.0,3,5.0,10.0,-0.6,9194,85,0.0,0.033717641940395914,0.966282358059604,124,1.4588235294117646,971.0680878834022,30.0,118,6,0.4830508474576271
5.0,5,120.0,3,5.0,10.0,-0.5,9194,85,0.0,0.0296932782249293,0.9703067217750707,123,1.4470588235294117,963.2368936262781,25.0,118,5,0.4830508474576271
5.0,5,120.0,3,5.0,10.0,-0.4,9194,85,0.0,0.0,1.0,0,0.0,0.0,,0,0,
5.0,5,120.0,3,5.0,10.0,-0.3,9194,85,0.0,0.0,1.0,0,0.0,0.0,,0,0,
5.0,5,120.0,3,5.0,10.0,-0.2,9194,85,0.0,0.0,1.0,0,0.0,0.0,,0,0,
5.0,5,120.0,3,5.0,10.0,-0.1,9194,85,0.0,0.0,1.0,0,0.0,0.0,,0,0,
5.0,5,120.0,3,5.0,10.0,0.0,9194,85,0.0,0.0,1.0,0,0.0,0.0,,0,0,
5.0,5,120.0,3,5.0,10.0,0.1,9194,85,0.0,0.0,1.0,0,0.0,0.0,,0,0,
5.0,5,120.0,3,5.0,10.0,0.2,9194,85,0.0,0.0,1.0,0,0.0,0.0,,0,0,
5.0,5,120.0,3,5.0,10.0,0.3,9194,85,0.0,0.0,1.0,0,0.0,0.0,,0,0,
5.0,5,120.0,3,5.0,10.0,0.4,9194,85,0.0,0.0,1.0,0,0.0,0.0,,0,0,
5.0,5,120.0,3,5.0,10.0,0.5,9194,85,0.0,0.0,1.0,0,0.0,0.0,,0,0,
5.0,5,120.0,3,5.0,10.0,0.6,9194,85,0.0,0.0,1.0,0,0.0,0.0,,0,0,
5.0,5,120.0,3,5.0,10.0,0.7,9194,85,0.0,0.0,1.0,0,0.0,0.0,,0,0,
5.0,5,120.0,3,5.0,10.0,0.8,9194,85,0.0,0.0,1.0,0,0.0,0.0,,0,0,
5.0,5,120.0,3,5.0,10.0,0.9,9194,85,0.0,0.0,1.0,0,0.0,0.0,,0,0,
5.0,5,120.0,3,5.0,10.0,1.0,9194,85,0.0,0.0,1.0,0,0.0,0.0,,0,0,
5.0,7,15.0,1,5.0,0.0,-4.0,9702,86,1.0,0.0,0.0,0,0.0,0.0,,0,0,
5.0,7,15.0,1,5.0,0.0,-3.9,9702,86,1.0,0.0,0.0,0,0.0,0.0,,0,0,
5.0,7,15.0,1,5.0,0.0,-3.8,9702,86,1.0,0.0,0.0,0,0.0,0.0,,0,0,
5.0,7,15.0,1,5.0,0.0,-3.7,9702,86,1.0,0.0,0.0,0,0.0,0.0,,0,0,
5.0,7,15.0,1,5.0,0.0,-3.6,9702,86,1.0,0.0,0.0,0,0.0,0.0,,0,0,
5.0,7,15.0,1,5.0,0.0,-3.5,9702,86,1.0,0.0,0.0,0,0.0,0.0,,0,0,
5.0,7,15.0,1,5.0,0.0,-3.4,9702,86,1.0,0.0,0.0,0,0.0,0.0,,0,0,
5.0,7,15.0,1,5.0,0.0,-3.3,9702,86,1.0,0.0,0.0,0,0.0,0.0,,0,0,
5.0,7,15.0,1,5.0,0.0,-3.2,9702,86,1.0,0.0,0.0,0,0.0,0.0,,0,0,
5.0,7,15.0,1,5.0,0.0,-3.1,9702,86,1.0,0.0,0.0,0,0.0,0.0,,0,0,
5.0,7,15.0,1,5.0,0.0,-3.0,9702,86,1.0,0.0,0.0,0,0.0,0.0,,0,0,
5.0,7,15.0,1,5.0,0.0,-2.9,9702,86,1.0,0.0,0.0,0,0.0,0.0,,0,0,
5.0,7,15.0,1,5.0,0.0,-2.8,9702,86,1.0,0.0,0.0,0,0.0,0.0,,0,0,
5.0,7,15.0,1,5.0,0.0,-2.7,9702,86,1.0,0.0,0.0,0,0.0,0.0,,0,0,
5.0,7,15.0,1,5.0,0.0,-2.6,9702,86,1.0,0.0,0.0,0,0.0,0.0,,0,0,
5.0,7,15.0,1,5.0,0.0,-2.5,9702,86,0.9888682745825603,0.011131725417439703,0.0,72,0.8372093023255814,534.3228200371058,37.5,72,0,0.5
5.0,7,15.0,1,5.0,0.0,-2.4,9702,86,0.9659863945578231,0.034013605442176874,0.0,219,2.546511627906977,1625.2319109461966,15.0,216,3,0.2777777777777778
5.0,7,15.0,1,5.0,0.0,-2.3,9702,86,0.9288806431663574,0.06369820655534941,0.0074211502782931356,507,5.895348837209302,3762.5231910946195,15.0,504,3,0.19047619047619047
5.0,7,15.0,1,5.0,0.0,-2.2,9702,86,0.865388579674294,0.10080395794681508,0.03380746237889095,952,11.069767441860465,7064.9350649350645,15.0,905,47,0.05303867403314917
5.0,7,15.0,1,5.0,0.0,-2.1,9702,86,0.7544836116264688,0.14306328592042877,0.10245310245310245,1612,18.74418604651163,11962.894248608534,15.0,1548,64,0.007751937984496124
5.0,7,15.0,1,5.0,0.0,-2.0,9702,86,0.6402803545660688,0.17738610595753454,0.1823335394763966,2404,27.953488372093023,17840.445269016698,15.0,2335,69,0.035974304068522485
5.0,7,15.0,1,5.0,0.0,-1.9,9702,86,0.5267985982271697,0.23088023088023088,0.24232117089259947,3089,35.91860465116279,22923.933209647497,10.0,3008,81,0.0199468085106383
5.0,7,15.0,1,5.0,0.0,-1.8,9702,86,0.4253762110904968,0.27107812822098537,0.30354566068851785,3089,35.91860465116279,22923.933209647497,10.0,3007,82,0.019953441968739608
5.0,7,15.0,1,5.0,0.0,-1.7,9702,86,0.32653061224489793,0.2518037518037518,0.42166563595135026,2966,34.48837209302326,22011.13172541744,10.0,2883,83,0.02081165452653486
5.0,7,15.0,1,5.0,0.0,-1.6,9702,86,0.28045763760049475,0.20871985157699444,0.5108225108225108,2961,34.43023255813954,21974.025974025975,10.0,2877,84,0.03962460896767466
5.0,7,15.0,1,5.0,0.0,-1.5,9702,86,0.22541743970315398,0.19851576994434136,0.5760667903525046,2751,31.988372093023255,20415.584415584417,10.0,2668,83,0.043478260869565216
5.0,7,15.0,1,5.0,0.0,-1.4,9702,86,0.19160997732426305,0.16017316017316016,0.6482168625025768,2525,29.36046511627907,18738.404452690167,10.0,2444,81,0.047872340425531915
5.0,7,15.0,1,5.0,0.0,-1.3,9702,86,0.1406926406926407,0.14646464646464646,0.7128427128427128,2060,23.953488372093023,15287.569573283858,10.0,1984,76,0.04788306451612903
5.0,7,15.0,1,5.0,0.0,-1.2,9702,86,0.09967017109874253,0.12523191094619665,0.7750979179550608,1530,17.790697674418606,11354.359925788498,10.0,1453,77,0.06400550584996559
5.0,7,15.0,1,5.0,0.0,-1.1,9702,86,0.077715934858792,0.08864151721294579,0.8336425479282622,1121,13.034883720930232,8319.109461966606,10.0,1047,74,0.0659025787965616
5.0,7,15.0,1,5.0,0.0,-1.0,9702,86,0.06246134817563389,0.0640074211502783,0.8735312306740878,833,9.686046511627907,6181.818181818182,10.0,763,70,0.07470511140235911
5.0,7,15.0,1,5.0,0.0,-0.9,9702,86,0.05174190888476603,0.055040197897340756,0.8932178932178932,616,7.162790697674419,4571.428571428572,15.0,546,70,0.1043956043956044
5.0,7,15.0,1,5.0,0.0,-0.8,9702,86,0.0393733250876108,0.05370026798598227,0.9069264069264069,518,6.023255813953488,3844.1558441558445,15.0,447,71,0.12304250559284116
5.0,7,15.0,1,5.0,0.0,-0.7,9702,86,0.03308596165739023,0.051329622758194186,0.9155844155844156,507,5.895348837209302,3762.5231910946195,15.0,436,71,0.12614678899082568
5.0,7,15.0,1,5.0,0.0,-0.6,9702,86,0.028035456606885178,0.04081632653061224,0.9311482168625026,491,5.709302325581396,3643.7847866419297,10.0,421,70,0.13064133016627077
5.0,7,15.0,1,5.0,0.0,-0.5,9702,86,0.028035456606885178,0.026695526695526696,0.9452690166975881,356,4.1395348837209305,2641.9294990723565,10.0,324,32,0.1697530864197531
5.0,7,15.0,1,5.0,0.0,-0.4,9702,86,0.02298495155638013,0.01906823335394764,0.9579468150896723,356,4.1395348837209305,2641.9294990723565,10.0,349,7,0.16045845272206305
5.0,7,15.0,1,5.0,0.0,-0.3,9702,86,0.016697588126159554,0.022881880024737167,0.9604205318491033,296,3.441860465116279,2196.6604823747684,10.0,288,8,0.1909722222222222
5.0,7,15.0,1,5.0,0.0,-0.2,9702,86,0.006390434961863534,0.02298495155638013,0.9706246134817563,271,3.1511627906976742,2011.1317254174396,10.0,265,6,0.21132075471698114
5.0,7,15.0,1,5.0,0.0,-0.1,9702,86,0.00515357658214801,0.015460729746444033,0.9793856936714079,210,2.441860465116279,1558.4415584415585,10.0,204,6,0.27450980392156865
5.0,7,15.0,1,5.0,0.0,0.0,9702,86,0.002576788291074005,0.011440940012368584,0.9859822716965574,160,1.8604651162790697,1187.3840445269016,10.0,154,6,0.36363636363636365
5.0,7,15.0,1,5.0,0.0,0.1,9702,86,0.0,0.01020408163265306,0.9897959183673469,124,1.441860465116279,920.2226345083488,10.0,119,5,0.4789915966386555
5.0,7,15.0,1,5.0,0.0,0.2,9702,86,0.0,0.01020408163265306,0.9897959183673469,124,1.441860465116279,920.2226345083488,10.0,119,5,0.4789915966386555
5.0,7,15.0,1,5.0,0.0,0.3,9702,86,0.0,0.007730364873222016,0.992269635126778,100,1.1627906976744187,742.1150278293135,10.0,96,4,0.4791666666666667
5.0,7,15.0,1,5.0,0.0,0.4,9702,86,0.0,0.0024737167594310453,0.9975262832405689,48,0.5581395348837209,356.2152133580705,37.5,46,2,0.4782608695652174
5.0,7,15.0,1,5.0,0.0,0.5,9702,86,0.0,0.0012368583797155227,0.9987631416202845,24,0.27906976744186046,178.10760667903526,37.5,23,1,0.4782608695652174
5.0,7,15.0,1,5.0,0.0,0.6,9702,86,0.0,0.0,1.0,0,0.0,0.0,,0,0,
5.0,7,15.0,1,5.0,0.0,0.7,9702,86,0.0,0.0,1.0,0,0.0,0.0,,0,0,
5.0,7,15.0,1,5.0,0.0,0.8,9702,86,0.0,0.0,1.0,0,0.0,0.0,,0,0,
5.0,7,15.0,1,5.0,0.0,0.9,9702,86,0.0,0.0,1.0,0,0.0,0.0,,0,0,
5.0,7,15.0,1,5.0,0.0,1.0,9702,86,0.0,0.0,1.0,0,0.0,0.0,,0,0,
5.0,7,15.0,2,5.0,5.0,-4.0,9702,86,1.0,0.0,0.0,0,0.0,0.0,,0,0,
5.0,7,15.0,2,5.0,5.0,-3.9,9702,86,1.0,0.0,0.0,0,0.0,0.0,,0,0,
5.0,7,15.0,2,5.0,5.0,-3.8,9702,86,1.0,0.0,0.0,0,0.0,0.0,,0,0,
5.0,7,15.0,2,5.0,5.0,-3.7,9702,86,1.0,0.0,0.0,0,0.0,0.0,,0,0,
5.0,7,15.0,2,5.0,5.0,-3.6,9702,86,1.0,0.0,0.0,0,0.0,0.0,,0,0,
5.0,7,15.0,2,5.0,5.0,-3.5,9702,86,1.0,0.0,0.0,0,0.0,0.0,,0,0,
5.0,7,15.0,2,5.0,5.0,-3.4,9702,86,1.0,0.0,0.0,0,0.0,0.0,,0,0,
5.0,7,15.0,2,5.0,5.0,-3.3,9702,86,1.0,0.0,0.0,0,0.0,0.0,,0,0,
5.0,7,15.0,2,5.0,5.0,-3.2,9702,86,1.0,0.0,0.0,0,0.0,0.0,,0,0,
5.0,7,15.0,2,5.0,5.0,-3.1,9702,86,1.0,0.0,0.0,0,0.0,0.0,,0,0,
5.0,7,15.0,2,5.0,5.0,-3.0,9702,86,1.0,0.0,0.0,0,0.0,0.0,,0,0,
5.0,7,15.0,2,5.0,5.0,-2.9,9702,86,1.0,0.0,0.0,0,0.0,0.0,,0,0,
5.0,7,15.0,2,5.0,5.0,-2.8,9702,86,1.0,0.0,0.0,0,0.0,0.0,,0,0,
5.0,7,15.0,2,5.0,5.0,-2.7,9702,86,1.0,0.0,0.0,0,0.0,0.0,,0,0,
5.0,7,15.0,2,5.0,5.0,-2.6,9702,86,1.0,0.0,0.0,0,0.0,0.0,,0,0,
5.0,7,15.0,2,5.0,5.0,-2.5,9702,86,0.9888682745825603,0.011131725417439703,0.0,72,0.8372093023255814,534.3228200371058,35.0,72,0,0.5
5.0,7,15.0,2,5.0,5.0,-2.4,9702,86,0.966295609152752,0.03370439084724799,0.0,219,2.546511627906977,1625.2319109461966,15.0,216,3,0.2777777777777778
5.0,7,15.0,2,5.0,5.0,-2.3,9702,86,0.9329004329004329,0.055967841682127394,0.011131725417439703,435,5.058139534883721,3228.200371057514,15.0,420,15,0.2
5.0,7,15.0,2,5.0,5.0,-2.2,9702,86,0.8761080189651618,0.08122036693465265,0.04267161410018553,780,9.069767441860465,5788.497217068645,15.0,733,47,0.04911323328785812
5.0,7,15.0,2,5.0,5.0,-2.1,9702,86,0.7664399092970522,0.1155431869717584,0.11801690373118945,1364,15.86046511627907,10122.448979591836,15.0,1300,64,0.009230769230769232
5.0,7,15.0,2,5.0,5.0,-2.0,9702,86,0.6762523191094619,0.1075036075036075,0.21624407338693052,1741,20.24418604651163,12920.222634508349,15.0,1672,69,0.050239234449760764
5.0,7,15.0,2,5.0,5.0,-1.9,9702,86,0.538857967429396,0.12883941455370027,0.33230261801690375,1734,20.162790697674417,12868.274582560298,15.0,1653,81,0.036297640653357534
5.0,7,15.0,2,5.0,5.0,-1.8,9702,86,0.42784992784992787,0.18923933209647495,0.3829107400535972,1917,22.290697674418606,14226.345083487942,15.0,1834,83,0.026172300981461286
5.0,7,15.0,2,5.0,5.0,-1.7,9702,86,0.33920841063698204,0.16512059369202226,0.49567099567099565,1723,20.03488372093023,12786.641929499072,15.0,1639,84,0.02867602196461257
5.0,7,15.0,2,5.0,5.0,-1.6,9702,86,0.3113790970933828,0.10028860028860029,0.588332302618017,1613,18.75581395348837,11970.315398886829,15.0,1529,84,0.04316546762589928
5.0,7,15.0,2,5.0,5.0,-1.5,9702,86,0.2687074829931973,0.10245310245310245,0.6288394145537003,1625,18.8953488372093,12059.369202226346,15.0,1540,85,0.05844155844155844
5.0,7,15.0,2,5.0,5.0,-1.4,9702,86,0.23747680890538034,0.06462585034013606,0.6978973407544836,1474,17.13953488372093,10938.775510204083,15.0,1392,82,0.07399425287356322
5.0,7,15.0,2,5.0,5.0,-1.3,9702,86,0.1715110286538858,0.07750979179550609,0.7509791795506081,1274,14.813953488372093,9454.545454545454,15.0,1196,78,0.07775919732441472
5.0,7,15.0,2,5.0,5.0,-1.2,9702,86,0.1111111111111111,0.080292723149866,0.8085961657390229,953,11.081395348837209,7072.356215213358,15.0,875,78,0.07771428571428571
5.0,7,15.0,2,5.0,5.0,-1.1,9702,86,0.08925994640280355,0.05328798185941043,0.857452071737786,701,8.151162790697674,5202.226345083488,15.0,626,75,0.10862619808306709
5.0,7,15.0,2,5.0,5.0,-1.0,9702,86,0.07276850133992992,0.03710575139146568,0.8901257472686044,545,6.337209302325581,4044.526901669759,15.0,474,71,0.1160337552742616
5.0,7,15.0,2,5.0,5.0,-0.9,9702,86,0.05668934240362812,0.04267161410018553,0.9006390434961864,469,5.453488372093023,3480.5194805194806,15.0,397,72,0.13602015113350127
5.0,7,15.0,2,5.0,5.0,-0.8,9702,86,0.04184704184704185,0.04885590599876314,0.909297052154195,469,5.453488372093023,3480.5194805194806,15.0,397,72,0.13602015113350127
5.0,7,15.0,2,5.0,5.0,-0.7,9702,86,0.035559678416821276,0.04514533085961658,0.9192949907235621,444,5.162790697674419,3294.9907235621517,15.0,373,71,0.1447721179624665
5.0,7,15.0,2,5.0,5.0,-0.6,9702,86,0.03164296021438879,0.030921459492888066,0.9374355802927231,392,4.558139534883721,2909.090909090909,15.0,322,70,0.16770186335403728
5.0,7,15.0,2,5.0,5.0,-0.5,9702,86,0.030406101834673262,0.02040816326530612,0.9491857349000206,294,3.4186046511627906,2181.818181818182,15.0,262,32,0.20610687022900764
5.0,7,15.0,2,5.0,5.0,-0.4,9702,86,0.02401566687280973,0.007936507936507936,0.9680478251906823,198,2.302325581395349,1469.387755102041,15.0,191,7,0.2879581151832461
5.0,7,15.0,2,5.0,5.0,-0.3,9702,86,0.015357658214801072,0.017831374974232116,0.9668109668109668,222,2.5813953488372094,1647.4953617810759,15.0,215,7,0.2558139534883721
5.0,7,15.0,2,5.0,5.0,-0.2,9702,86,0.00515357658214801,0.017934446505875078,0.976911976911977,198,2.302325581395349,1469.387755102041,12.5,192,6,0.2916666666666667
5.0,7,15.0,2,5.0,5.0,-0.1,9702,86,0.0026798598227169654,0.009070294784580499,0.9882498453927026,101,1.1744186046511629,749.5361781076067,10.0,97,4,0.35051546391752575
5.0,7,15.0,2,5.0,5.0,0.0,9702,86,0.0,0.007524221809936096,0.9924757781900639,73,0.8488372093023255,541.7439703153989,10.0,70,3,0.4857142857142857
5.0,7,15.0,2,5.0,5.0,0.1,9702,86,0.0,0.007627293341579056,0.9923727066584209,74,0.8604651162790697,549.1651205936921,20.0,71,3,0.4788732394366197
5.0,7,15.0,2,5.0,5.0,0.2,9702,86,0.0,0.007627293341579056,0.9923727066584209,74,0.8604651162790697,549.1651205936921,20.0,71,3,0.4788732394366197
5.0,7,15.0,2,5.0,5.0,0.3,9702,86,0.0,0.00515357658214801,0.994846423417852,50,0.5813953488372093,371.05751391465674,20.0,48,2,0.4791666666666667
5.0,7,15.0,2,5.0,5.0,0.4,9702,86,0.0,0.0,1.0,0,0.0,0.0,,0,0,
5.0,7,15.0,2,5.0,5.0,0.5,9702,86,0.0,0.0,1.0,0,0.0,0.0,,0,0,
5.0,7,15.0,2,5.0,5.0,0.6,9702,86,0.0,0.0,1.0,0,0.0,0.0,,0,0,
5.0,7,15.0,2,5.0,5.0,0.7,9702,86,0.0,0.0,1.0,0,0.0,0.0,,0,0,
5.0,7,15.0,2,5.0,5.0,0.8,9702,86,0.0,0.0,1.0,0,0.0,0.0,,0,0,
5.0,7,15.0,2,5.0,5.0,0.9,9702,86,0.0,0.0,1.0,0,0.0,0.0,,0,0,
5.0,7,15.0,2,5.0,5.0,1.0,9702,86,0.0,0.0,1.0,0,0.0,0.0,,0,0,
5.0,7,15.0,3,5.0,10.0,-4.0,9702,86,1.0,0.0,0.0,0,0.0,0.0,,0,0,
5.0,7,15.0,3,5.0,10.0,-3.9,9702,86,1.0,0.0,0.0,0,0.0,0.0,,0,0,
5.0,7,15.0,3,5.0,10.0,-3.8,9702,86,1.0,0.0,0.0,0,0.0,0.0,,0,0,
5.0,7,15.0,3,5.0,10.0,-3.7,9702,86,1.0,0.0,0.0,0,0.0,0.0,,0,0,
5.0,7,15.0,3,5.0,10.0,-3.6,9702,86,1.0,0.0,0.0,0,0.0,0.0,,0,0,
5.0,7,15.0,3,5.0,10.0,-3.5,9702,86,1.0,0.0,0.0,0,0.0,0.0,,0,0,
5.0,7,15.0,3,5.0,10.0,-3.4,9702,86,1.0,0.0,0.0,0,0.0,0.0,,0,0,
5.0,7,15.0,3,5.0,10.0,-3.3,9702,86,1.0,0.0,0.0,0,0.0,0.0,,0,0,
5.0,7,15.0,3,5.0,10.0,-3.2,9702,86,1.0,0.0,0.0,0,0.0,0.0,,0,0,
5.0,7,15.0,3,5.0,10.0,-3.1,9702,86,1.0,0.0,0.0,0,0.0,0.0,,0,0,
5.0,7,15.0,3,5.0,10.0,-3.0,9702,86,1.0,0.0,0.0,0,0.0,0.0,,0,0,
5.0,7,15.0,3,5.0,10.0,-2.9,9702,86,1.0,0.0,0.0,0,0.0,0.0,,0,0,
5.0,7,15.0,3,5.0,10.0,-2.8,9702,86,1.0,0.0,0.0,0,0.0,0.0,,0,0,
5.0,7,15.0,3,5.0,10.0,-2.7,9702,86,1.0,0.0,0.0,0,0.0,0.0,,0,0,
5.0,7,15.0,3,5.0,10.0,-2.6,9702,86,1.0,0.0,0.0,0,0.0,0.0,,0,0,
5.0,7,15.0,3,5.0,10.0,-2.5,9702,86,0.9888682745825603,0.011131725417439703,0.0,72,0.8372093023255814,534.3228200371058,32.5,69,3,0.4782608695652174
5.0,7,15.0,3,5.0,10.0,-2.4,9702,86,0.9666048237476809,0.03339517625231911,0.0,216,2.511627906976744,1602.9684601113174,15.0,213,3,0.27230046948356806
5.0,7,15.0,3,5.0,10.0,-2.3,9702,86,0.9443413729128015,0.055658627087198514,0.0,360,4.186046511627907,2671.614100185529,15.0,357,3,0.26330532212885155
5.0,7,15.0,3,5.0,10.0,-2.2,9702,86,0.9045557616986188,0.07936507936507936,0.016079158936301793,592,6.883720930232558,4393.320964749537,15.0,547,45,0.10968921389396709
5.0,7,15.0,3,5.0,10.0,-2.1,9702,86,0.7674706246134818,0.1129663986806844,0.11956297670583385,1042,12.116279069767442,7732.8385899814475,15.0,967,75,0.0
5.0,7,15.0,3,5.0,10.0,-2.0,9702,86,0.6072974644403216,0.13481756338899195,0.25788497217068646,1005,11.686046511627907,7458.256029684601,20.0,925,80,0.07783783783783783
5.0,7,15.0,3,5.0,10.0,-1.9,9702,86,0.4836116264687693,0.1225520511234797,0.39383632240775096,975,11.337209302325581,7235.621521335807,15.0,896,79,0.09151785714285714
5.0,7,15.0,3,5.0,10.0,-1.8,9702,86,0.37569573283859,0.17439703153988867,0.44990723562152135,1079,12.546511627906977,8007.421150278293,15.0,999,80,0.09509509509509509
5.0,7,15.0,3,5.0,10.0,-1.7,9702,86,0.2955060812203669,0.1746031746031746,0.5298907441764584,979,11.383720930232558,7265.30612244898,15.0,900,79,0.13
5.0,7,15.0,3,5.0,10.0,-1.6,9702,86,0.29684601113172543,0.11976911976911978,0.5833848690991548,775,9.011627906976743,5751.39146567718,15.0,696,79,0.16522988505747127
5.0,7,15.0,3,5.0,10.0,-1.5,9702,86,0.26468769325912184,0.12265512265512266,0.6126571840857555,775,9.011627906976743,5751.39146567718,20.0,695,80,0.2
5.0,7,15.0,3,5.0,10.0,-1.4,9702,86,0.1850133992991136,0.07503607503607504,0.7399505256648113,505,5.872093023255814,3747.680890538033,30.0,439,66,0.23234624145785876
5.0,7,15.0,3,5.0,10.0,-1.3,9702,86,0.09018759018759019,0.07132549989692846,0.8384869099154814,470,5.465116279069767,3487.940630797774,20.0,434,36,0.1313364055299539
5.0,7,15.0,3,5.0,10.0,-1.2,9702,86,0.06751185322613894,0.06802721088435375,0.8644609358895073,530,6.162790697674419,3933.2096474953614,15.0,516,14,0.10852713178294573
5.0,7,15.0,3,5.0,10.0,-1.1,9702,86,0.05823541537827252,0.04359925788497217,0.8981653267367553,377,4.383720930232558,2797.773654916512,35.0,340,37,0.19705882352941176
5.0,7,15.0,3,5.0,10.0,-1.0,9702,86,0.04514533085961658,0.032467532467532464,0.922387136672851,280,3.255813953488372,2077.9220779220777,20.0,225,55,0.24444444444444444
5.0,7,15.0,3,5.0,10.0,-0.9,9702,86,0.04514533085961658,0.03947639661925376,0.9153782725211297,320,3.7209302325581395,2374.768089053803,15.0,250,70,0.22
5.0,7,15.0,3,5.0,10.0,-0.8,9702,86,0.034013605442176874,0.046897546897546896,0.9190888476602762,332,3.86046511627907,2463.821892393321,15.0,262,70,0.2099236641221374
5.0,7,15.0,3,5.0,10.0,-0.7,9702,86,0.022881880024737167,0.04566068851783137,0.9314574314574314,284,3.302325581395349,2107.6066790352506,15.0,226,58,0.24336283185840707
5.0,7,15.0,3,5.0,10.0,-0.6,9702,86,0.007730364873222016,0.026386312100597813,0.9658833230261802,125,1.4534883720930232,927.6437847866418,30.0,117,8,0.37606837606837606
5.0,7,15.0,3,5.0,10.0,-0.5,9702,86,0.007730364873222016,0.02432488146773861,0.9679447536590394,123,1.430232558139535,912.8014842300556,25.0,117,6,0.37606837606837606
5.0,7,15.0,3,5.0,10.0,-0.4,9702,86,0.0,0.01473922902494331,0.9852607709750567,50,0.5813953488372093,371.05751391465674,57.5,47,3,0.48936170212765956
5.0,7,15.0,3,5.0,10.0,-0.3,9702,86,0.0,0.03329210472067615,0.9667078952793239,98,1.1395348837209303,727.2727272727273,45.0,94,4,0.48936170212765956
5.0,7,15.0,3,5.0,10.0,-0.2,9702,86,0.0,0.018655947227375798,0.9813440527726242,50,0.5813953488372093,371.05751391465674,45.0,48,2,0.5
5.0,7,15.0,3,5.0,10.0,-0.1,9702,86,0.0,0.00917336631622346,0.9908266336837765,25,0.29069767441860467,185.52875695732837,35.0,24,1,0.5
5.0,7,15.0,3,5.0,10.0,0.0,9702,86,0.0,0.0,1.0,0,0.0,0.0,,0,0,
5.0,7,15.0,3,5.0,10.0,0.1,9702,86,0.0,0.0,1.0,0,0.0,0.0,,0,0,
5.0,7,15.0,3,5.0,10.0,0.2,9702,86,0.0,0.0,1.0,0,0.0,0.0,,0,0,
5.0,7,15.0,3,5.0,10.0,0.3,9702,86,0.0,0.0,1.0,0,0.0,0.0,,0,0,
5.0,7,15.0,3,5.0,10.0,0.4,9702,86,0.0,0.0,1.0,0,0.0,0.0,,0,0,
5.0,7,15.0,3,5.0,10.0,0.5,9702,86,0.0,0.0,1.0,0,0.0,0.0,,0,0,
5.0,7,15.0,3,5.0,10.0,0.6,9702,86,0.0,0.0,1.0,0,0.0,0.0,,0,0,
5.0,7,15.0,3,5.0,10.0,0.7,9702,86,0.0,0.0,1.0,0,0.0,0.0,,0,0,
5.0,7,15.0,3,5.0,10.0,0.8,9702,86,0.0,0.0,1.0,0,0.0,0.0,,0,0,
5.0,7,15.0,3,5.0,10.0,0.9,9702,86,0.0,0.0,1.0,0,0.0,0.0,,0,0,
5.0,7,15.0,3,5.0,10.0,1.0,9702,86,0.0,0.0,1.0,0,0.0,0.0,,0,0,
5.0,7,30.0,1,5.0,0.0,-4.0,9516,85,1.0,0.0,0.0,0,0.0,0.0,,0,0,
5.0,7,30.0,1,5.0,0.0,-3.9,9516,85,1.0,0.0,0.0,0,0.0,0.0,,0,0,
5.0,7,30.0,1,5.0,0.0,-3.8,9516,85,1.0,0.0,0.0,0,0.0,0.0,,0,0,
5.0,7,30.0,1,5.0,0.0,-3.7,9516,85,1.0,0.0,0.0,0,0.0,0.0,,0,0,
5.0,7,30.0,1,5.0,0.0,-3.6,9516,85,1.0,0.0,0.0,0,0.0,0.0,,0,0,
5.0,7,30.0,1,5.0,0.0,-3.5,9516,85,1.0,0.0,0.0,0,0.0,0.0,,0,0,
5.0,7,30.0,1,5.0,0.0,-3.4,9516,85,1.0,0.0,0.0,0,0.0,0.0,,0,0,
5.0,7,30.0,1,5.0,0.0,-3.3,9516,85,1.0,0.0,0.0,0,0.0,0.0,,0,0,
5.0,7,30.0,1,5.0,0.0,-3.2,9516,85,1.0,0.0,0.0,0,0.0,0.0,,0,0,
5.0,7,30.0,1,5.0,0.0,-3.1,9516,85,1.0,0.0,0.0,0,0.0,0.0,,0,0,
5.0,7,30.0,1,5.0,0.0,-3.0,9516,85,1.0,0.0,0.0,0,0.0,0.0,,0,0,
5.0,7,30.0,1,5.0,0.0,-2.9,9516,85,1.0,0.0,0.0,0,0.0,0.0,,0,0,
5.0,7,30.0,1,5.0,0.0,-2.8,9516,85,1.0,0.0,0.0,0,0.0,0.0,,0,0,
5.0,7,30.0,1,5.0,0.0,-2.7,9516,85,1.0,0.0,0.0,0,0.0,0.0,,0,0,
5.0,7,30.0,1,5.0,0.0,-2.6,9516,85,1.0,0.0,0.0,0,0.0,0.0,,0,0,
5.0,7,30.0,1,5.0,0.0,-2.5,9516,85,1.0,0.0,0.0,0,0.0,0.0,,0,0,
5.0,7,30.0,1,5.0,0.0,-2.4,9516,85,0.9897015552753258,0.010298444724674232,0.0,148,1.7411764705882353,1119.7982345523328,15.0,146,2,0.410958904109589
5.0,7,30.0,1,5.0,0.0,-2.3,9516,85,0.9619588062211013,0.038041193778898696,0.0,196,2.3058823529411763,1482.9760403530895,35.0,194,2,0.3711340206185567
5.0,7,30.0,1,5.0,0.0,-2.2,9516,85,0.8924968474148802,0.1075031525851198,0.0,322,3.788235294117647,2436.317780580076,40.0,317,5,0.3785488958990536
5.0,7,30.0,1,5.0,0.0,-2.1,9516,85,0.7594577553593947,0.22047078604455653,0.02007145859604876,656,7.7176470588235295,4963.430012610341,27.5,643,13,0.223950233281493
5.0,7,30.0,1,5.0,0.0,-2.0,9516,85,0.5738755779739386,0.3405842791088693,0.0855401429171921,964,11.341176470588236,7293.820933165195,25.0,950,14,0.06315789473684211
5.0,7,30.0,1,5.0,0.0,-1.9,9516,85,0.47782681799075244,0.31851618327028164,0.20365699873896595,1236,14.541176470588235,9351.828499369483,20.0,1173,63,0.09207161125319693
5.0,7,30.0,1,5.0,0.0,-1.8,9516,85,0.416141235813367,0.16897856242118536,0.41488020176544765,819,9.635294117647058,6196.72131147541,25.0,741,78,0.2901484480431849
5.0,7,30.0,1,5.0,0.0,-1.7,9516,85,0.28993274485077764,0.26229508196721313,0.44777217318200924,1016,11.952941176470588,7687.263556116016,20.0,938,78,0.16631130063965885
5.0,7,30.0,1,5.0,0.0,-1.6,9516,85,0.17801597309794032,0.35235393022278266,0.469630096679277,902,10.611764705882353,6824.716267339218,20.0,822,80,0.20072992700729927
5.0,7,30.0,1,5.0,0.0,-1.5,9516,85,0.11969314838167297,0.34562841530054644,0.5346784363177806,848,9.976470588235294,6416.141235813367,25.0,772,76,0.18264248704663213
5.0,7,30.0,1,5.0,0.0,-1.4,9516,85,0.07009247583018074,0.35865910046237914,0.5712484237074401,590,6.9411764705882355,4464.0605296343,25.0,518,72,0.20077220077220076
5.0,7,30.0,1,5.0,0.0,-1.3,9516,85,0.05989911727616646,0.2698612862547289,0.6702395964691047,615,7.235294117647059,4653.215636822194,30.0,544,71,0.10477941176470588
5.0,7,30.0,1,5.0,0.0,-1.2,9516,85,0.056010928961748634,0.15384615384615385,0.7901429171920975,620,7.294117647058823,4691.046658259774,35.0,546,74,0.1043956043956044
5.0,7,30.0,1,5.0,0.0,-1.1,9516,85,0.048024379991593105,0.1044556536359815,0.8475199663724254,355,4.176470588235294,2686.002522068096,35.0,287,68,0.1986062717770035
5.0,7,30.0,1,5.0,0.0,-1.0,9516,85,0.04140395124001681,0.09047919293820933,0.8681168558217739,403,4.741176470588235,3049.180327868852,20.0,335,68,0.1701492537313433
5.0,7,30.0,1,5.0,0.0,-0.9,9516,85,0.038881883144178224,0.057587221521647754,0.9035308953341741,428,5.035294117647059,3238.335435056747,20.0,359,69,0.15877437325905291
5.0,7,30.0,1,5.0,0.0,-0.8,9516,85,0.03121059268600252,0.03488860865910046,0.9339007986548971,332,3.9058823529411764,2511.979823455233,15.0,276,56,0.20652173913043478
5.0,7,30.0,1,5.0,0.0,-0.7,9516,85,0.02742749054224464,0.029739386296763346,0.942833123160992,307,3.611764705882353,2322.824716267339,15.0,265,42,0.2188679245283019
5.0,7,30.0,1,5.0,0.0,-0.6,9516,85,0.019651113913408996,0.020701975620008407,0.9596469104665826,222,2.611764705882353,1679.6973518284994,17.5,217,5,0.2672811059907834
5.0,7,30.0,1,5.0,0.0,-0.5,9516,85,0.017129045817570406,0.019440941572089112,0.9634300126103404,222,2.611764705882353,1679.6973518284994,15.0,217,5,0.2672811059907834
5.0,7,30.0,1,5.0,0.0,-0.4,9516,85,0.006620428751576293,0.0219630096679277,0.971416561580496,172,2.023529411764706,1301.3871374527112,20.0,167,5,0.3413173652694611
5.0,7,30.0,1,5.0,0.0,-0.3,9516,85,0.005254308532997058,0.019546027742749054,0.9751996637242539,173,2.0352941176470587,1308.953341740227,15.0,168,5,0.3392857142857143
5.0,7,30.0,1,5.0,0.0,-0.2,9516,85,0.0,0.02091214796132829,0.9790878520386717,123,1.4470588235294117,930.6431273644389,20.0,118,5,0.4830508474576271
5.0,7,30.0,1,5.0,0.0,-0.1,9516,85,0.0,0.014501891551071878,0.9854981084489282,123,1.4470588235294117,930.6431273644389,15.0,118,5,0.4830508474576271
5.0,7,30.0,1,5.0,0.0,0.0,9516,85,0.0,0.007776376628835646,0.9922236233711643,74,0.8705882352941177,559.8991172761664,22.5,71,3,0.4788732394366197
5.0,7,30.0,1,5.0,0.0,0.1,9516,85,0.0,0.0,1.0,0,0.0,0.0,,0,0,
5.0,7,30.0,1,5.0,0.0,0.2,9516,85,0.0,0.0,1.0,0,0.0,0.0,,0,0,
5.0,7,30.0,1,5.0,0.0,0.3,9516,85,0.0,0.0,1.0,0,0.0,0.0,,0,0,
5.0,7,30.0,1,5.0,0.0,0.4,9516,85,0.0,0.0,1.0,0,0.0,0.0,,0,0,
5.0,7,30.0,1,5.0,0.0,0.5,9516,85,0.0,0.0,1.0,0,0.0,0.0,,0,0,
5.0,7,30.0,1,5.0,0.0,0.6,9516,85,0.0,0.0,1.0,0,0.0,0.0,,0,0,
5.0,7,30.0,1,5.0,0.0,0.7,9516,85,0.0,0.0,1.0,0,0.0,0.0,,0,0,
5.0,7,30.0,1,5.0,0.0,0.8,9516,85,0.0,0.0,1.0,0,0.0,0.0,,0,0,
5.0,7,30.0,1,5.0,0.0,0.9,9516,85,0.0,0.0,1.0,0,0.0,0.0,,0,0,
5.0,7,30.0,1,5.0,0.0,1.0,9516,85,0.0,0.0,1.0,0,0.0,0.0,,0,0,
5.0,7,30.0,2,5.0,5.0,-4.0,9516,85,1.0,0.0,0.0,0,0.0,0.0,,0,0,
5.0,7,30.0,2,5.0,5.0,-3.9,9516,85,1.0,0.0,0.0,0,0.0,0.0,,0,0,
5.0,7,30.0,2,5.0,5.0,-3.8,9516,85,1.0,0.0,0.0,0,0.0,0.0,,0,0,
5.0,7,30.0,2,5.0,5.0,-3.7,9516,85,1.0,0.0,0.0,0,0.0,0.0,,0,0,
5.0,7,30.0,2,5.0,5.0,-3.6,9516,85,1.0,0.0,0.0,0,0.0,0.0,,0,0,
5.0,7,30.0,2,5.0,5.0,-3.5,9516,85,1.0,0.0,0.0,0,0.0,0.0,,0,0,
5.0,7,30.0,2,5.0,5.0,-3.4,9516,85,1.0,0.0,0.0,0,0.0,0.0,,0,0,
5.0,7,30.0,2,5.0,5.0,-3.3,9516,85,1.0,0.0,0.0,0,0.0,0.0,,0,0,
5.0,7,30.0,2,5.0,5.0,-3.2,9516,85,1.0,0.0,0.0,0,0.0,0.0,,0,0,
5.0,7,30.0,2,5.0,5.0,-3.1,9516,85,1.0,0.0,0.0,0,0.0,0.0,,0,0,
5.0,7,30.0,2,5.0,5.0,-3.0,9516,85,1.0,0.0,0.0,0,0.0,0.0,,0,0,
5.0,7,30.0,2,5.0,5.0,-2.9,9516,85,1.0,0.0,0.0,0,0.0,0.0,,0,0,
5.0,7,30.0,2,5.0,5.0,-2.8,9516,85,1.0,0.0,0.0,0,0.0,0.0,,0,0,
5.0,7,30.0,2,5.0,5.0,-2.7,9516,85,1.0,0.0,0.0,0,0.0,0.0,,0,0,
5.0,7,30.0,2,5.0,5.0,-2.6,9516,85,1.0,0.0,0.0,0,0.0,0.0,,0,0,
5.0,7,30.0,2,5.0,5.0,-2.5,9516,85,1.0,0.0,0.0,0,0.0,0.0,,0,0,
5.0,7,30.0,2,5.0,5.0,-2.4,9516,85,0.9949558638083228,0.005044136191677175,0.0,48,0.5647058823529412,363.17780580075663,55.0,48,0,0.5
5.0,7,30.0,2,5.0,5.0,-2.3,9516,85,0.9659520807061791,0.034047919293820936,0.0,120,1.411764705882353,907.9445145018916,40.0,120,0,0.4
5.0,7,30.0,2,5.0,5.0,-2.2,9516,85,0.8924968474148802,0.1075031525851198,0.0,320,3.764705882352941,2421.185372005044,40.0,315,5,0.38095238095238093
5.0,7,30.0,2,5.0,5.0,-2.1,9516,85,0.7594577553593947,0.2257250945775536,0.014817150063051702,556,6.541176470588235,4206.809583858764,30.0,543,13,0.3314917127071823
5.0,7,30.0,2,5.0,5.0,-2.0,9516,85,0.5738755779739386,0.3546658259773014,0.07145859604875998,694,8.16470588235294,5250.94577553594,35.0,680,14,0.17647058823529413
5.0,7,30.0,2,5.0,5.0,-1.9,9516,85,0.47782681799075244,0.3297604035308953,0.19241277847835225,987,11.611764705882353,7467.843631778058,25.0,924,63,0.12987012987012986
5.0,7,30.0,2,5.0,5.0,-1.8,9516,85,0.4170870113493064,0.16540563261874738,0.4175073560319462,743,8.741176470588234,5621.689785624212,35.0,663,80,0.2850678733031674
5.0,7,30.0,2,5.0,5.0,-1.7,9516,85,0.2943463640184952,0.25388818831441784,0.45176544766708704,877,10.31764705882353,6635.561160151324,20.0,798,79,0.19172932330827067
5.0,7,30.0,2,5.0,5.0,-1.6,9516,85,0.17864649012189995,0.3488860865910046,0.4724674232870954,774,9.105882352941176,5856.2421185372,35.0,695,79,0.23597122302158274
5.0,7,30.0,2,5.0,5.0,-1.5,9516,85,0.11801176965111392,0.3495166036149643,0.5324716267339218,700,8.235294117647058,5296.343001261034,30.0,625,75,0.2256
5.0,7,30.0,2,5.0,5.0,-1.4,9516,85,0.06998738965952081,0.3634930643127364,0.5665195460277428,444,5.223529411764706,3359.394703656999,55.0,373,71,0.24932975871313673
5.0,7,30.0,2,5.0,5.0,-1.3,9516,85,0.05979403110550652,0.2735393022278268,0.6666666666666666,540,6.352941176470588,4085.7503152585123,40.0,469,71,0.12153518123667377
5.0,7,30.0,2,5.0,5.0,-1.2,9516,85,0.05590584279108869,0.1465952080706179,0.7974989491382934,522,6.141176470588236,3949.5586380832283,40.0,449,73,0.12694877505567928
5.0,7,30.0,2,5.0,5.0,-1.1,9516,85,0.048024379991593105,0.0980453972257251,0.8539302227826818,343,4.035294117647059,2595.2080706179067,30.0,275,68,0.20727272727272728
5.0,7,30.0,2,5.0,5.0,-1.0,9516,85,0.044031105506515344,0.0789197141656158,0.8770491803278688,306,3.6,2315.2585119798237,30.0,236,70,0.2330508474576271
5.0,7,30.0,2,5.0,5.0,-0.9,9516,85,0.041509037410676755,0.047604035308953345,0.9108869272803699,306,3.6,2315.2585119798237,20.0,248,58,0.2217741935483871
5.0,7,30.0,2,5.0,5.0,-0.8,9516,85,0.034993694829760405,0.028688524590163935,0.9363177805800756,258,3.0352941176470587,1952.080706179067,20.0,226,32,0.24778761061946902
5.0,7,30.0,2,5.0,5.0,-0.7,9516,85,0.03121059268600252,0.02364438839848676,0.9451450189155107,246,2.8941176470588235,1861.2862547288778,20.0,214,32,0.2616822429906542
5.0,7,30.0,2,5.0,5.0,-0.6,9516,85,0.023434216057166876,0.013135771332492644,0.9634300126103404,148,1.7411764705882353,1119.7982345523328,25.0,141,7,0.3971631205673759
5.0,7,30.0,2,5.0,5.0,-0.5,9516,85,0.02091214796132829,0.01187473728457335,0.9672131147540983,148,1.7411764705882353,1119.7982345523328,25.0,141,7,0.3971631205673759
5.0,7,30.0,2,5.0,5.0,-0.4,9516,85,0.00903741067675494,0.016813787305590584,0.9741488020176545,123,1.4470588235294117,930.6431273644389,25.0,117,6,0.47863247863247865
5.0,7,30.0,2,5.0,5.0,-0.3,9516,85,0.007776376628835646,0.014291719209751997,0.9779319041614124,123,1.4470588235294117,930.6431273644389,20.0,117,6,0.47863247863247865
5.0,7,30.0,2,5.0,5.0,-0.2,9516,85,0.0,0.02080706179066835,0.9791929382093316,123,1.4470588235294117,930.6431273644389,20.0,118,5,0.4830508474576271
5.0,7,30.0,2,5.0,5.0,-0.1,9516,85,0.0,0.013135771332492644,0.9868642286675073,99,1.1647058823529413,749.0542244640606,15.0,95,4,0.4842105263157895
5.0,7,30.0,2,5.0,5.0,0.0,9516,85,0.0,0.007776376628835646,0.9922236233711643,74,0.8705882352941177,559.8991172761664,20.0,71,3,0.4788732394366197
5.0,7,30.0,2,5.0,5.0,0.1,9516,85,0.0,0.0,1.0,0,0.0,0.0,,0,0,
5.0,7,30.0,2,5.0,5.0,0.2,9516,85,0.0,0.0,1.0,0,0.0,0.0,,0,0,
5.0,7,30.0,2,5.0,5.0,0.3,9516,85,0.0,0.0,1.0,0,0.0,0.0,,0,0,
5.0,7,30.0,2,5.0,5.0,0.4,9516,85,0.0,0.0,1.0,0,0.0,0.0,,0,0,
5.0,7,30.0,2,5.0,5.0,0.5,9516,85,0.0,0.0,1.0,0,0.0,0.0,,0,0,
5.0,7,30.0,2,5.0,5.0,0.6,9516,85,0.0,0.0,1.0,0,0.0,0.0,,0,0,
5.0,7,30.0,2,5.0,5.0,0.7,9516,85,0.0,0.0,1.0,0,0.0,0.0,,0,0,
5.0,7,30.0,2,5.0,5.0,0.8,9516,85,0.0,0.0,1.0,0,0.0,0.0,,0,0,
5.0,7,30.0,2,5.0,5.0,0.9,9516,85,0.0,0.0,1.0,0,0.0,0.0,,0,0,
5.0,7,30.0,2,5.0,5.0,1.0,9516,85,0.0,0.0,1.0,0,0.0,0.0,,0,0,
5.0,7,30.0,3,5.0,10.0,-4.0,9516,85,1.0,0.0,0.0,0,0.0,0.0,,0,0,
5.0,7,30.0,3,5.0,10.0,-3.9,9516,85,1.0,0.0,0.0,0,0.0,0.0,,0,0,
5.0,7,30.0,3,5.0,10.0,-3.8,9516,85,1.0,0.0,0.0,0,0.0,0.0,,0,0,
5.0,7,30.0,3,5.0,10.0,-3.7,9516,85,1.0,0.0,0.0,0,0.0,0.0,,0,0,
5.0,7,30.0,3,5.0,10.0,-3.6,9516,85,1.0,0.0,0.0,0,0.0,0.0,,0,0,
5.0,7,30.0,3,5.0,10.0,-3.5,9516,85,1.0,0.0,0.0,0,0.0,0.0,,0,0,
5.0,7,30.0,3,5.0,10.0,-3.4,9516,85,1.0,0.0,0.0,0,0.0,0.0,,0,0,
5.0,7,30.0,3,5.0,10.0,-3.3,9516,85,1.0,0.0,0.0,0,0.0,0.0,,0,0,
5.0,7,30.0,3,5.0,10.0,-3.2,9516,85,1.0,0.0,0.0,0,0.0,0.0,,0,0,
5.0,7,30.0,3,5.0,10.0,-3.1,9516,85,1.0,0.0,0.0,0,0.0,0.0,,0,0,
5.0,7,30.0,3,5.0,10.0,-3.0,9516,85,1.0,0.0,0.0,0,0.0,0.0,,0,0,
5.0,7,30.0,3,5.0,10.0,-2.9,9516,85,1.0,0.0,0.0,0,0.0,0.0,,0,0,
5.0,7,30.0,3,5.0,10.0,-2.8,9516,85,1.0,0.0,0.0,0,0.0,0.0,,0,0,
5.0,7,30.0,3,5.0,10.0,-2.7,9516,85,1.0,0.0,0.0,0,0.0,0.0,,0,0,
5.0,7,30.0,3,5.0,10.0,-2.6,9516,85,1.0,0.0,0.0,0,0.0,0.0,,0,0,
5.0,7,30.0,3,5.0,10.0,-2.5,9516,85,1.0,0.0,0.0,0,0.0,0.0,,0,0,
5.0,7,30.0,3,5.0,10.0,-2.4,9516,85,1.0,0.0,0.0,0,0.0,0.0,,0,0,
5.0,7,30.0,3,5.0,10.0,-2.3,9516,85,0.9709962168978562,0.029003783102143757,0.0,72,0.8470588235294118,544.7667087011349,52.5,72,0,0.5
5.0,7,30.0,3,5.0,10.0,-2.2,9516,85,0.9002732240437158,0.09972677595628415,0.0,246,2.8941176470588235,1861.2862547288778,45.0,241,5,0.44813278008298757
5.0,7,30.0,3,5.0,10.0,-2.1,9516,85,0.7783732660781841,0.21752837326607818,0.004098360655737705,271,3.1882352941176473,2050.4413619167717,65.0,263,8,0.7718631178707225
5.0,7,30.0,3,5.0,10.0,-2.0,9516,85,0.5816519546027743,0.34184531315678857,0.07650273224043716,619,7.2823529411764705,4683.480453972257,40.0,605,14,0.19834710743801653
5.0,7,30.0,3,5.0,10.0,-1.9,9516,85,0.5063051702395964,0.29077343421605717,0.20292139554434635,714,8.4,5402.269861286254,35.0,676,38,0.08875739644970414
5.0,7,30.0,3,5.0,10.0,-1.8,9516,85,0.4639554434636402,0.1133879781420765,0.42265657839428333,332,3.9058823529411764,2511.979823455233,65.0,270,62,0.34074074074074073
5.0,7,30.0,3,5.0,10.0,-1.7,9516,85,0.3319672131147541,0.21647751155947878,0.4515552753257671,577,6.788235294117647,4365.699873896595,45.0,502,75,0.2549800796812749
5.0,7,30.0,3,5.0,10.0,-1.6,9516,85,0.18736864228667507,0.34026902059688946,0.4723623371164355,709,8.341176470588236,5364.438839848676,40.0,632,77,0.2579113924050633
5.0,7,30.0,3,5.0,10.0,-1.5,9516,85,0.12168978562421186,0.32997057587221523,0.5483396385035729,527,6.2,3987.389659520807,40.0,456,71,0.2807017543859649
5.0,7,30.0,3,5.0,10.0,-1.4,9516,85,0.06988230348886086,0.3490962589323245,0.5810214375788146,358,4.211764705882353,2708.701134930643,57.5,288,70,0.3229166666666667
5.0,7,30.0,3,5.0,10.0,-1.3,9516,85,0.062211013030685165,0.237494745691467,0.7002942412778478,342,4.023529411764706,2587.641866330391,60.0,271,71,0.2066420664206642
5.0,7,30.0,3,5.0,10.0,-1.2,9516,85,0.06105506515342581,0.10792349726775956,0.8310214375788146,260,3.0588235294117645,1967.2131147540983,55.0,189,71,0.48148148148148145
5.0,7,30.0,3,5.0,10.0,-1.1,9516,85,0.05327868852459016,0.07229928541403952,0.8744220260613703,232,2.7294117647058824,1755.359394703657,45.0,164,68,0.34146341463414637
5.0,7,30.0,3,5.0,10.0,-1.0,9516,85,0.04655317360235393,0.06242118537200504,0.8910256410256411,245,2.8823529411764706,1853.7200504413618,40.0,176,69,0.3125
5.0,7,30.0,3,5.0,10.0,-0.9,9516,85,0.044031105506515344,0.029003783102143757,0.9269651113913409,198,2.3294117647058825,1498.108448928121,35.0,164,34,0.3353658536585366
5.0,7,30.0,3,5.0,10.0,-0.8,9516,85,0.03741067675493905,0.01639344262295082,0.9461958806221101,174,2.0470588235294116,1316.5195460277428,30.0,165,9,0.3333333333333333
5.0,7,30.0,3,5.0,10.0,-0.7,9516,85,0.03614964270701976,0.008827238335435058,0.9550231189575452,150,1.7647058823529411,1134.9306431273644,30.0,141,9,0.3900709219858156
5.0,7,30.0,3,5.0,10.0,-0.6,9516,85,0.025851197982345524,0.00830180748213535,0.9658469945355191,124,1.4588235294117646,938.2093316519546,30.0,116,8,0.47413793103448276
5.0,7,30.0,3,5.0,10.0,-0.5,9516,85,0.023329129886506934,0.007040773434216057,0.969630096679277,124,1.4588235294117646,938.2093316519546,25.0,116,8,0.47413793103448276
5.0,7,30.0,3,5.0,10.0,-0.4,9516,85,0.005149222362337116,0.016813787305590584,0.9780369903320723,99,1.1647058823529413,749.0542244640606,25.0,94,5,0.4787234042553192
5.0,7,30.0,3,5.0,10.0,-0.3,9516,85,0.0,0.014291719209751997,0.985708280790248,74,0.8705882352941177,559.8991172761664,20.0,71,3,0.4788732394366197
5.0,7,30.0,3,5.0,10.0,-0.2,9516,85,0.0,0.020701975620008407,0.9792980243799916,123,1.4470588235294117,930.6431273644389,20.0,118,5,0.4830508474576271
5.0,7,30.0,3,5.0,10.0,-0.1,9516,85,0.0,0.007986548970155528,0.9920134510298445,51,0.6,385.8764186633039,15.0,49,2,0.4897959183673469
5.0,7,30.0,3,5.0,10.0,0.0,9516,85,0.0,0.0,1.0,0,0.0,0.0,,0,0,
5.0,7,30.0,3,5.0,10.0,0.1,9516,85,0.0,0.0,1.0,0,0.0,0.0,,0,0,
5.0,7,30.0,3,5.0,10.0,0.2,9516,85,0.0,0.0,1.0,0,0.0,0.0,,0,0,
5.0,7,30.0,3,5.0,10.0,0.3,9516,85,0.0,0.0,1.0,0,0.0,0.0,,0,0,
5.0,7,30.0,3,5.0,10.0,0.4,9516,85,0.0,0.0,1.0,0,0.0,0.0,,0,0,
5.0,7,30.0,3,5.0,10.0,0.5,9516,85,0.0,0.0,1.0,0,0.0,0.0,,0,0,
5.0,7,30.0,3,5.0,10.0,0.6,9516,85,0.0,0.0,1.0,0,0.0,0.0,,0,0,
5.0,7,30.0,3,5.0,10.0,0.7,9516,85,0.0,0.0,1.0,0,0.0,0.0,,0,0,
5.0,7,30.0,3,5.0,10.0,0.8,9516,85,0.0,0.0,1.0,0,0.0,0.0,,0,0,
5.0,7,30.0,3,5.0,10.0,0.9,9516,85,0.0,0.0,1.0,0,0.0,0.0,,0,0,
5.0,7,30.0,3,5.0,10.0,1.0,9516,85,0.0,0.0,1.0,0,0.0,0.0,,0,0,
5.0,7,60.0,1,5.0,0.0,-4.0,9145,84,1.0,0.0,0.0,0,0.0,0.0,,0,0,
5.0,7,60.0,1,5.0,0.0,-3.9,9145,84,1.0,0.0,0.0,0,0.0,0.0,,0,0,
5.0,7,60.0,1,5.0,0.0,-3.8,9145,84,1.0,0.0,0.0,0,0.0,0.0,,0,0,
5.0,7,60.0,1,5.0,0.0,-3.7,9145,84,1.0,0.0,0.0,0,0.0,0.0,,0,0,
5.0,7,60.0,1,5.0,0.0,-3.6,9145,84,1.0,0.0,0.0,0,0.0,0.0,,0,0,
5.0,7,60.0,1,5.0,0.0,-3.5,9145,84,1.0,0.0,0.0,0,0.0,0.0,,0,0,
5.0,7,60.0,1,5.0,0.0,-3.4,9145,84,1.0,0.0,0.0,0,0.0,0.0,,0,0,
5.0,7,60.0,1,5.0,0.0,-3.3,9145,84,1.0,0.0,0.0,0,0.0,0.0,,0,0,
5.0,7,60.0,1,5.0,0.0,-3.2,9145,84,1.0,0.0,0.0,0,0.0,0.0,,0,0,
5.0,7,60.0,1,5.0,0.0,-3.1,9145,84,1.0,0.0,0.0,0,0.0,0.0,,0,0,
5.0,7,60.0,1,5.0,0.0,-3.0,9145,84,1.0,0.0,0.0,0,0.0,0.0,,0,0,
5.0,7,60.0,1,5.0,0.0,-2.9,9145,84,1.0,0.0,0.0,0,0.0,0.0,,0,0,
5.0,7,60.0,1,5.0,0.0,-2.8,9145,84,1.0,0.0,0.0,0,0.0,0.0,,0,0,
5.0,7,60.0,1,5.0,0.0,-2.7,9145,84,1.0,0.0,0.0,0,0.0,0.0,,0,0,
5.0,7,60.0,1,5.0,0.0,-2.6,9145,84,1.0,0.0,0.0,0,0.0,0.0,,0,0,
5.0,7,60.0,1,5.0,0.0,-2.5,9145,84,1.0,0.0,0.0,0,0.0,0.0,,0,0,
5.0,7,60.0,1,5.0,0.0,-2.4,9145,84,1.0,0.0,0.0,0,0.0,0.0,,0,0,
5.0,7,60.0,1,5.0,0.0,-2.3,9145,84,0.9679606342263531,0.0320393657736468,0.0,74,0.8809523809523809,582.6134499726627,55.0,72,2,0.5
5.0,7,60.0,1,5.0,0.0,-2.2,9145,84,0.8880262438490979,0.11197375615090213,0.0,223,2.6547619047619047,1755.7135046473484,65.0,206,17,0.529126213592233
5.0,7,60.0,1,5.0,0.0,-2.1,9145,84,0.7098961180973209,0.29010388190267905,0.0,248,2.9523809523809526,1952.542372881356,75.0,193,55,0.6839378238341969
5.0,7,60.0,1,5.0,0.0,-2.0,9145,84,0.4788408966648442,0.4967741935483871,0.024384909786768726,248,2.9523809523809526,1952.542372881356,50.0,193,55,0.6217616580310881
5.0,7,60.0,1,5.0,0.0,-1.9,9145,84,0.43728813559322033,0.4894477856752324,0.07326407873154729,321,3.8214285714285716,2527.2826681246584,45.0,253,68,0.47035573122529645
5.0,7,60.0,1,5.0,0.0,-1.8,9145,84,0.3922361946418808,0.2518316019682887,0.3559322033898305,519,6.178571428571429,4086.167304537999,45.0,442,77,0.10407239819004525
5.0,7,60.0,1,5.0,0.0,-1.7,9145,84,0.2447238928376162,0.32159650082012026,0.43367960634226355,517,6.154761904761905,4070.420995079278,70.0,443,74,0.39954853273137697
5.0,7,60.0,1,5.0,0.0,-1.6,9145,84,0.12050300710770913,0.405686167304538,0.4738108255877529,458,5.4523809523809526,3605.9048660470203,50.0,383,75,0.30548302872062666
5.0,7,60.0,1,5.0,0.0,-1.5,9145,84,0.09174412247129579,0.3842536905412794,0.5240021869874248,371,4.416666666666667,2920.9404045926735,60.0,297,74,0.3939393939393939
5.0,7,60.0,1,5.0,0.0,-1.4,9145,84,0.06954620010934937,0.36325861126298525,0.5671951886276654,296,3.5238095238095237,2330.4537998906508,55.0,225,71,0.4711111111111111
5.0,7,60.0,1,5.0,0.0,-1.3,9145,84,0.03674138873701476,0.33909240021869874,0.6241662110442865,320,3.8095238095238093,2519.409513395298,45.0,251,69,0.22709163346613545
5.0,7,60.0,1,5.0,0.0,-1.2,9145,84,0.03258611262985238,0.2655002733734281,0.7019136139967195,397,4.726190476190476,3125.642427556041,45.0,325,72,0.1753846153846154
5.0,7,60.0,1,5.0,0.0,-1.1,9145,84,0.021760524876981956,0.148824494259158,0.82941498086386,310,3.6904761904761907,2440.677966101695,35.0,241,69,0.24066390041493776
5.0,7,60.0,1,5.0,0.0,-1.0,9145,84,0.01060688901038819,0.1366867140513942,0.8527063969382176,283,3.369047619047619,2228.1027884089667,35.0,215,68,0.26976744186046514
5.0,7,60.0,1,5.0,0.0,-0.9,9145,84,0.006670311645708037,0.11011481683980318,0.8832148715144887,257,3.0595238095238093,2023.4007654455988,30.0,202,55,0.28217821782178215
5.0,7,60.0,1,5.0,0.0,-0.8,9145,84,0.0,0.08616730453799891,0.9138326954620011,220,2.619047619047619,1732.0940404592675,45.0,165,55,0.34545454545454546
5.0,7,60.0,1,5.0,0.0,-0.7,9145,84,0.0,0.06648441771459813,0.9335155822854019,172,2.0476190476190474,1354.1826134499727,45.0,141,31,0.40425531914893614
5.0,7,60.0,1,5.0,0.0,-0.6,9145,84,0.0,0.04745762711864407,0.9525423728813559,124,1.4761904761904763,976.271186440678,40.0,118,6,0.4830508474576271
5.0,7,60.0,1,5.0,0.0,-0.5,9145,84,0.0,0.04352104975396391,0.9564789502460361,124,1.4761904761904763,976.271186440678,35.0,118,6,0.4830508474576271
5.0,7,60.0,1,5.0,0.0,-0.4,9145,84,0.0,0.015965008201202842,0.9840349917987972,99,1.1785714285714286,779.4423182066704,25.0,94,5,0.4787234042553192
5.0,7,60.0,1,5.0,0.0,-0.3,9145,84,0.0,0.0,1.0,0,0.0,0.0,,0,0,
5.0,7,60.0,1,5.0,0.0,-0.2,9145,84,0.0,0.0,1.0,0,0.0,0.0,,0,0,
5.0,7,60.0,1,5.0,0.0,-0.1,9145,84,0.0,0.0,1.0,0,0.0,0.0,,0,0,
5.0,7,60.0,1,5.0,0.0,0.0,9145,84,0.0,0.0,1.0,0,0.0,0.0,,0,0,
5.0,7,60.0,1,5.0,0.0,0.1,9145,84,0.0,0.0,1.0,0,0.0,0.0,,0,0,
5.0,7,60.0,1,5.0,0.0,0.2,9145,84,0.0,0.0,1.0,0,0.0,0.0,,0,0,
5.0,7,60.0,1,5.0,0.0,0.3,9145,84,0.0,0.0,1.0,0,0.0,0.0,,0,0,
5.0,7,60.0,1,5.0,0.0,0.4,9145,84,0.0,0.0,1.0,0,0.0,0.0,,0,0,
5.0,7,60.0,1,5.0,0.0,0.5,9145,84,0.0,0.0,1.0,0,0.0,0.0,,0,0,
5.0,7,60.0,1,5.0,0.0,0.6,9145,84,0.0,0.0,1.0,0,0.0,0.0,,0,0,
5.0,7,60.0,1,5.0,0.0,0.7,9145,84,0.0,0.0,1.0,0,0.0,0.0,,0,0,
5.0,7,60.0,1,5.0,0.0,0.8,9145,84,0.0,0.0,1.0,0,0.0,0.0,,0,0,
5.0,7,60.0,1,5.0,0.0,0.9,9145,84,0.0,0.0,1.0,0,0.0,0.0,,0,0,
5.0,7,60.0,1,5.0,0.0,1.0,9145,84,0.0,0.0,1.0,0,0.0,0.0,,0,0,
5.0,7,60.0,2,5.0,5.0,-4.0,9145,84,1.0,0.0,0.0,0,0.0,0.0,,0,0,
5.0,7,60.0,2,5.0,5.0,-3.9,9145,84,1.0,0.0,0.0,0,0.0,0.0,,0,0,
5.0,7,60.0,2,5.0,5.0,-3.8,9145,84,1.0,0.0,0.0,0,0.0,0.0,,0,0,
5.0,7,60.0,2,5.0,5.0,-3.7,9145,84,1.0,0.0,0.0,0,0.0,0.0,,0,0,
5.0,7,60.0,2,5.0,5.0,-3.6,9145,84,1.0,0.0,0.0,0,0.0,0.0,,0,0,
5.0,7,60.0,2,5.0,5.0,-3.5,9145,84,1.0,0.0,0.0,0,0.0,0.0,,0,0,
5.0,7,60.0,2,5.0,5.0,-3.4,9145,84,1.0,0.0,0.0,0,0.0,0.0,,0,0,
5.0,7,60.0,2,5.0,5.0,-3.3,9145,84,1.0,0.0,0.0,0,0.0,0.0,,0,0,
5.0,7,60.0,2,5.0,5.0,-3.2,9145,84,1.0,0.0,0.0,0,0.0,0.0,,0,0,
5.0,7,60.0,2,5.0,5.0,-3.1,9145,84,1.0,0.0,0.0,0,0.0,0.0,,0,0,
5.0,7,60.0,2,5.0,5.0,-3.0,9145,84,1.0,0.0,0.0,0,0.0,0.0,,0,0,
5.0,7,60.0,2,5.0,5.0,-2.9,9145,84,1.0,0.0,0.0,0,0.0,0.0,,0,0,
5.0,7,60.0,2,5.0,5.0,-2.8,9145,84,1.0,0.0,0.0,0,0.0,0.0,,0,0,
5.0,7,60.0,2,5.0,5.0,-2.7,9145,84,1.0,0.0,0.0,0,0.0,0.0,,0,0,
5.0,7,60.0,2,5.0,5.0,-2.6,9145,84,1.0,0.0,0.0,0,0.0,0.0,,0,0,
5.0,7,60.0,2,5.0,5.0,-2.5,9145,84,1.0,0.0,0.0,0,0.0,0.0,,0,0,
5.0,7,60.0,2,5.0,5.0,-2.4,9145,84,1.0,0.0,0.0,0,0.0,0.0,,0,0,
5.0,7,60.0,2,5.0,5.0,-2.3,9145,84,0.967741935483871,0.03225806451612903,0.0,74,0.8809523809523809,582.6134499726627,55.0,72,2,0.5
5.0,7,60.0,2,5.0,5.0,-2.2,9145,84,0.888135593220339,0.11186440677966102,0.0,223,2.6547619047619047,1755.7135046473484,65.0,204,19,0.5245098039215687
5.0,7,60.0,2,5.0,5.0,-2.1,9145,84,0.7098961180973209,0.29010388190267905,0.0,248,2.9523809523809526,1952.542372881356,70.0,191,57,0.680628272251309
5.0,7,60.0,2,5.0,5.0,-2.0,9145,84,0.4788408966648442,0.4967741935483871,0.024384909786768726,248,2.9523809523809526,1952.542372881356,45.0,181,67,0.5966850828729282
5.0,7,60.0,2,5.0,5.0,-1.9,9145,84,0.4371787862219792,0.4868234007654456,0.07599781301257517,271,3.2261904761904763,2133.624931656643,60.0,203,68,0.5862068965517241
5.0,7,60.0,2,5.0,5.0,-1.8,9145,84,0.3920174958993986,0.24811372334609075,0.3598687807545107,445,5.2976190476190474,3503.5538545653367,45.0,370,75,0.21891891891891893
5.0,7,60.0,2,5.0,5.0,-1.7,9145,84,0.24702022963367962,0.3205030071077091,0.4324767632586113,476,5.666666666666667,3747.621651175506,70.0,402,74,0.43781094527363185
5.0,7,60.0,2,5.0,5.0,-1.6,9145,84,0.1202843083652269,0.4072170585019136,0.4724986331328595,395,4.7023809523809526,3109.896118097321,70.0,321,74,0.3644859813084112
5.0,7,60.0,2,5.0,5.0,-1.5,9145,84,0.09174412247129579,0.38414434117003826,0.5241115363586659,369,4.392857142857143,2905.194095133953,60.0,296,73,0.3952702702702703
5.0,7,60.0,2,5.0,5.0,-1.4,9145,84,0.06954620010934937,0.36194641880809186,0.5685073810825588,272,3.238095238095238,2141.4980863860033,50.0,202,70,0.5247524752475248
5.0,7,60.0,2,5.0,5.0,-1.3,9145,84,0.03674138873701476,0.33887370147621654,0.6243849097867687,320,3.8095238095238093,2519.409513395298,40.0,251,69,0.22709163346613545
5.0,7,60.0,2,5.0,5.0,-1.2,9145,84,0.03258611262985238,0.265390924002187,0.7020229633679607,396,4.714285714285714,3117.7692728266816,40.0,324,72,0.17592592592592593
5.0,7,60.0,2,5.0,5.0,-1.1,9145,84,0.021760524876981956,0.14204483324220885,0.8361946418808092,308,3.6666666666666665,2424.9316566429743,35.0,239,69,0.2384937238493724
5.0,7,60.0,2,5.0,5.0,-1.0,9145,84,0.00918534718425369,0.13143794423182067,0.8593767085839257,257,3.0595238095238093,2023.4007654455988,35.0,189,68,0.30687830687830686
5.0,7,60.0,2,5.0,5.0,-0.9,9145,84,0.005248769819573538,0.10770913067249863,0.8870420995079278,231,2.75,1818.698742482231,35.0,176,55,0.32386363636363635
5.0,7,60.0,2,5.0,5.0,-0.8,9145,84,0.0,0.08223072717331875,0.9177692728266812,184,2.1904761904761907,1448.6604702022962,55.0,141,43,0.40425531914893614
5.0,7,60.0,2,5.0,5.0,-0.7,9145,84,0.0,0.06648441771459813,0.9335155822854019,172,2.0476190476190474,1354.1826134499727,45.0,141,31,0.40425531914893614
5.0,7,60.0,2,5.0,5.0,-0.6,9145,84,0.0,0.04745762711864407,0.9525423728813559,124,1.4761904761904763,976.271186440678,40.0,118,6,0.4830508474576271
5.0,7,60.0,2,5.0,5.0,-0.5,9145,84,0.0,0.04352104975396391,0.9564789502460361,124,1.4761904761904763,976.271186440678,35.0,118,6,0.4830508474576271
5.0,7,60.0,2,5.0,5.0,-0.4,9145,84,0.0,0.013121924548933843,0.9868780754510662,48,0.5714285714285714,377.9114270092947,65.0,46,2,0.4782608695652174
5.0,7,60.0,2,5.0,5.0,-0.3,9145,84,0.0,0.0,1.0,0,0.0,0.0,,0,0,
5.0,7,60.0,2,5.0,5.0,-0.2,9145,84,0.0,0.0,1.0,0,0.0,0.0,,0,0,
5.0,7,60.0,2,5.0,5.0,-0.1,9145,84,0.0,0.0,1.0,0,0.0,0.0,,0,0,
5.0,7,60.0,2,5.0,5.0,0.0,9145,84,0.0,0.0,1.0,0,0.0,0.0,,0,0,
5.0,7,60.0,2,5.0,5.0,0.1,9145,84,0.0,0.0,1.0,0,0.0,0.0,,0,0,
5.0,7,60.0,2,5.0,5.0,0.2,9145,84,0.0,0.0,1.0,0,0.0,0.0,,0,0,
5.0,7,60.0,2,5.0,5.0,0.3,9145,84,0.0,0.0,1.0,0,0.0,0.0,,0,0,
5.0,7,60.0,2,5.0,5.0,0.4,9145,84,0.0,0.0,1.0,0,0.0,0.0,,0,0,
5.0,7,60.0,2,5.0,5.0,0.5,9145,84,0.0,0.0,1.0,0,0.0,0.0,,0,0,
5.0,7,60.0,2,5.0,5.0,0.6,9145,84,0.0,0.0,1.0,0,0.0,0.0,,0,0,
5.0,7,60.0,2,5.0,5.0,0.7,9145,84,0.0,0.0,1.0,0,0.0,0.0,,0,0,
5.0,7,60.0,2,5.0,5.0,0.8,9145,84,0.0,0.0,1.0,0,0.0,0.0,,0,0,
5.0,7,60.0,2,5.0,5.0,0.9,9145,84,0.0,0.0,1.0,0,0.0,0.0,,0,0,
5.0,7,60.0,2,5.0,5.0,1.0,9145,84,0.0,0.0,1.0,0,0.0,0.0,,0,0,
5.0,7,60.0,3,5.0,10.0,-4.0,9145,84,1.0,0.0,0.0,0,0.0,0.0,,0,0,
5.0,7,60.0,3,5.0,10.0,-3.9,9145,84,1.0,0.0,0.0,0,0.0,0.0,,0,0,
5.0,7,60.0,3,5.0,10.0,-3.8,9145,84,1.0,0.0,0.0,0,0.0,0.0,,0,0,
5.0,7,60.0,3,5.0,10.0,-3.7,9145,84,1.0,0.0,0.0,0,0.0,0.0,,0,0,
5.0,7,60.0,3,5.0,10.0,-3.6,9145,84,1.0,0.0,0.0,0,0.0,0.0,,0,0,
5.0,7,60.0,3,5.0,10.0,-3.5,9145,84,1.0,0.0,0.0,0,0.0,0.0,,0,0,
5.0,7,60.0,3,5.0,10.0,-3.4,9145,84,1.0,0.0,0.0,0,0.0,0.0,,0,0,
5.0,7,60.0,3,5.0,10.0,-3.3,9145,84,1.0,0.0,0.0,0,0.0,0.0,,0,0,
5.0,7,60.0,3,5.0,10.0,-3.2,9145,84,1.0,0.0,0.0,0,0.0,0.0,,0,0,
5.0,7,60.0,3,5.0,10.0,-3.1,9145,84,1.0,0.0,0.0,0,0.0,0.0,,0,0,
5.0,7,60.0,3,5.0,10.0,-3.0,9145,84,1.0,0.0,0.0,0,0.0,0.0,,0,0,
5.0,7,60.0,3,5.0,10.0,-2.9,9145,84,1.0,0.0,0.0,0,0.0,0.0,,0,0,
5.0,7,60.0,3,5.0,10.0,-2.8,9145,84,1.0,0.0,0.0,0,0.0,0.0,,0,0,
5.0,7,60.0,3,5.0,10.0,-2.7,9145,84,1.0,0.0,0.0,0,0.0,0.0,,0,0,
5.0,7,60.0,3,5.0,10.0,-2.6,9145,84,1.0,0.0,0.0,0,0.0,0.0,,0,0,
5.0,7,60.0,3,5.0,10.0,-2.5,9145,84,1.0,0.0,0.0,0,0.0,0.0,,0,0,
5.0,7,60.0,3,5.0,10.0,-2.4,9145,84,1.0,0.0,0.0,0,0.0,0.0,,0,0,
5.0,7,60.0,3,5.0,10.0,-2.3,9145,84,0.9675232367413887,0.03247676325861126,0.0,74,0.8809523809523809,582.6134499726627,55.0,72,2,0.5
5.0,7,60.0,3,5.0,10.0,-2.2,9145,84,0.88824494259158,0.1117550574084199,0.0,223,2.6547619047619047,1755.7135046473484,65.0,204,19,0.5245098039215687
5.0,7,60.0,3,5.0,10.0,-2.1,9145,84,0.7098961180973209,0.29010388190267905,0.0,247,2.9404761904761907,1944.6692181519957,65.0,191,56,0.680628272251309
5.0,7,60.0,3,5.0,10.0,-2.0,9145,84,0.4788408966648442,0.4967741935483871,0.024384909786768726,247,2.9404761904761907,1944.6692181519957,45.0,181,66,0.5966850828729282
5.0,7,60.0,3,5.0,10.0,-1.9,9145,84,0.4370694368507381,0.4869327501366867,0.07599781301257517,269,3.2023809523809526,2117.878622197922,60.0,201,68,0.5870646766169154
5.0,7,60.0,3,5.0,10.0,-1.8,9145,84,0.3944231820667031,0.24581738655002733,0.35975943138326955,419,4.988095238095238,3298.851831601968,55.0,344,75,0.23546511627906977
5.0,7,60.0,3,5.0,10.0,-1.7,9145,84,0.2534718425369054,0.31394204483324223,0.43258611262985236,452,5.380952380952381,3558.665937670858,70.0,378,74,0.43386243386243384
5.0,7,60.0,3,5.0,10.0,-1.6,9145,84,0.1202843083652269,0.4073264078731547,0.4723892837616184,391,4.654761904761905,3078.40349917988,65.0,319,72,0.3667711598746082
5.0,7,60.0,3,5.0,10.0,-1.5,9145,84,0.09174412247129579,0.3842536905412794,0.5240021869874248,369,4.392857142857143,2905.194095133953,60.0,296,73,0.3952702702702703
5.0,7,60.0,3,5.0,10.0,-1.4,9145,84,0.06954620010934937,0.36194641880809186,0.5685073810825588,272,3.238095238095238,2141.4980863860033,50.0,202,70,0.5247524752475248
5.0,7,60.0,3,5.0,10.0,-1.3,9145,84,0.03674138873701476,0.34127938764352106,0.6219792236194642,295,3.511904761904762,2322.5806451612902,40.0,227,68,0.2511013215859031
5.0,7,60.0,3,5.0,10.0,-1.2,9145,84,0.03258611262985238,0.26232914160743576,0.7050847457627119,369,4.392857142857143,2905.194095133953,40.0,298,71,0.1912751677852349
5.0,7,60.0,3,5.0,10.0,-1.1,9145,84,0.019245489338436304,0.13788955713504647,0.8428649535265172,283,3.369047619047619,2228.1027884089667,35.0,215,68,0.2651162790697674
5.0,7,60.0,3,5.0,10.0,-1.0,9145,84,0.003936577364680153,0.13001640240568615,0.8660470202296336,208,2.4761904761904763,1637.6161837069435,65.0,140,68,0.40714285714285714
5.0,7,60.0,3,5.0,10.0,-0.9,9145,84,0.0,0.10913067249863313,0.8908693275013668,183,2.1785714285714284,1440.787315472936,65.0,128,55,0.4453125
5.0,7,60.0,3,5.0,10.0,-0.8,9145,84,0.0,0.07566976489885183,0.9243302351011482,136,1.619047619047619,1070.7490431930016,55.0,117,19,0.48717948717948717
5.0,7,60.0,3,5.0,10.0,-0.7,9145,84,0.0,0.0612356478950246,0.9387643521049754,124,1.4761904761904763,976.271186440678,50.0,117,7,0.48717948717948717
5.0,7,60.0,3,5.0,10.0,-0.6,9145,84,0.0,0.04745762711864407,0.9525423728813559,123,1.4642857142857142,968.3980317113177,40.0,117,6,0.48717948717948717
5.0,7,60.0,3,5.0,10.0,-0.5,9145,84,0.0,0.04352104975396391,0.9564789502460361,123,1.4642857142857142,968.3980317113177,35.0,117,6,0.48717948717948717
5.0,7,60.0,3,5.0,10.0,-0.4,9145,84,0.0,0.013121924548933843,0.9868780754510662,48,0.5714285714285714,377.9114270092947,62.5,46,2,0.4782608695652174
5.0,7,60.0,3,5.0,10.0,-0.3,9145,84,0.0,0.0,1.0,0,0.0,0.0,,0,0,
5.0,7,60.0,3,5.0,10.0,-0.2,9145,84,0.0,0.0,1.0,0,0.0,0.0,,0,0,
5.0,7,60.0,3,5.0,10.0,-0.1,9145,84,0.0,0.0,1.0,0,0.0,0.0,,0,0,
5.0,7,60.0,3,5.0,10.0,0.0,9145,84,0.0,0.0,1.0,0,0.0,0.0,,0,0,
5.0,7,60.0,3,5.0,10.0,0.1,9145,84,0.0,0.0,1.0,0,0.0,0.0,,0,0,
5.0,7,60.0,3,5.0,10.0,0.2,9145,84,0.0,0.0,1.0,0,0.0,0.0,,0,0,
5.0,7,60.0,3,5.0,10.0,0.3,9145,84,0.0,0.0,1.0,0,0.0,0.0,,0,0,
5.0,7,60.0,3,5.0,10.0,0.4,9145,84,0.0,0.0,1.0,0,0.0,0.0,,0,0,
5.0,7,60.0,3,5.0,10.0,0.5,9145,84,0.0,0.0,1.0,0,0.0,0.0,,0,0,
5.0,7,60.0,3,5.0,10.0,0.6,9145,84,0.0,0.0,1.0,0,0.0,0.0,,0,0,
5.0,7,60.0,3,5.0,10.0,0.7,9145,84,0.0,0.0,1.0,0,0.0,0.0,,0,0,
5.0,7,60.0,3,5.0,10.0,0.8,9145,84,0.0,0.0,1.0,0,0.0,0.0,,0,0,
5.0,7,60.0,3,5.0,10.0,0.9,9145,84,0.0,0.0,1.0,0,0.0,0.0,,0,0,
5.0,7,60.0,3,5.0,10.0,1.0,9145,84,0.0,0.0,1.0,0,0.0,0.0,,0,0,
5.0,7,120.0,1,5.0,0.0,-4.0,8402,83,1.0,0.0,0.0,0,0.0,0.0,,0,0,
5.0,7,120.0,1,5.0,0.0,-3.9,8402,83,1.0,0.0,0.0,0,0.0,0.0,,0,0,
5.0,7,120.0,1,5.0,0.0,-3.8,8402,83,1.0,0.0,0.0,0,0.0,0.0,,0,0,
5.0,7,120.0,1,5.0,0.0,-3.7,8402,83,1.0,0.0,0.0,0,0.0,0.0,,0,0,
5.0,7,120.0,1,5.0,0.0,-3.6,8402,83,1.0,0.0,0.0,0,0.0,0.0,,0,0,
5.0,7,120.0,1,5.0,0.0,-3.5,8402,83,1.0,0.0,0.0,0,0.0,0.0,,0,0,
5.0,7,120.0,1,5.0,0.0,-3.4,8402,83,1.0,0.0,0.0,0,0.0,0.0,,0,0,
5.0,7,120.0,1,5.0,0.0,-3.3,8402,83,1.0,0.0,0.0,0,0.0,0.0,,0,0,
5.0,7,120.0,1,5.0,0.0,-3.2,8402,83,1.0,0.0,0.0,0,0.0,0.0,,0,0,
5.0,7,120.0,1,5.0,0.0,-3.1,8402,83,1.0,0.0,0.0,0,0.0,0.0,,0,0,
5.0,7,120.0,1,5.0,0.0,-3.0,8402,83,1.0,0.0,0.0,0,0.0,0.0,,0,0,
5.0,7,120.0,1,5.0,0.0,-2.9,8402,83,1.0,0.0,0.0,0,0.0,0.0,,0,0,
5.0,7,120.0,1,5.0,0.0,-2.8,8402,83,1.0,0.0,0.0,0,0.0,0.0,,0,0,
5.0,7,120.0,1,5.0,0.0,-2.7,8402,83,1.0,0.0,0.0,0,0.0,0.0,,0,0,
5.0,7,120.0,1,5.0,0.0,-2.6,8402,83,1.0,0.0,0.0,0,0.0,0.0,,0,0,
5.0,7,120.0,1,5.0,0.0,-2.5,8402,83,1.0,0.0,0.0,0,0.0,0.0,,0,0,
5.0,7,120.0,1,5.0,0.0,-2.4,8402,83,1.0,0.0,0.0,0,0.0,0.0,,0,0,
5.0,7,120.0,1,5.0,0.0,-2.3,8402,83,1.0,0.0,0.0,0,0.0,0.0,,0,0,
5.0,7,120.0,1,5.0,0.0,-2.2,8402,83,0.9241847179243038,0.07581528207569627,0.0,249,3.0,2133.777671982861,20.0,233,16,0.20600858369098712
5.0,7,120.0,1,5.0,0.0,-2.1,8402,83,0.6246131873363485,0.37538681266365154,0.0,299,3.602409638554217,2562.247084027613,20.0,231,68,0.4155844155844156
5.0,7,120.0,1,5.0,0.0,-2.0,8402,83,0.4377529159723875,0.5622470840276125,0.0,124,1.4939759036144578,1062.604141870983,20.0,60,64,1.0
5.0,7,120.0,1,5.0,0.0,-1.9,8402,83,0.36074744108545587,0.5654606046179481,0.07379195429659605,458,5.518072289156627,3924.7798143299215,15.0,437,21,0.2700228832951945
5.0,7,120.0,1,5.0,0.0,-1.8,8402,83,0.3444417995715306,0.33015948583670557,0.3253987145917639,432,5.204819277108434,3701.9757200666504,55.0,361,71,0.16066481994459833
5.0,7,120.0,1,5.0,0.0,-1.7,8402,83,0.20864079980956915,0.2625565341585337,0.5288026660318972,485,5.843373493975903,4156.153296834087,50.0,411,74,0.31873479318734793
5.0,7,120.0,1,5.0,0.0,-1.6,8402,83,0.11973339681028326,0.2913592001904308,0.5889074029992859,320,3.855421686746988,2742.204237086408,40.0,251,69,0.47410358565737054
5.0,7,120.0,1,5.0,0.0,-1.5,8402,83,0.06736491311592478,0.30802189954772674,0.6246131873363485,368,4.433734939759036,3153.534872649369,25.0,298,70,0.1912751677852349
5.0,7,120.0,1,5.0,0.0,-1.4,8402,83,0.01880504641751964,0.3318257557724351,0.6493691978100452,270,3.253012048192771,2313.7348250416567,15.0,203,67,0.28078817733990147
5.0,7,120.0,1,5.0,0.0,-1.3,8402,83,0.0,0.30040466555582,0.69959533444418,111,1.3373493975903614,951.2020947393479,215.0,104,7,0.7692307692307693
5.0,7,120.0,1,5.0,0.0,-1.2,8402,83,0.0,0.17233991906688884,0.8276600809331112,150,1.8072289156626506,1285.408236134254,120.0,141,9,0.7446808510638298
5.0,7,120.0,1,5.0,0.0,-1.1,8402,83,0.0,0.12223280171387765,0.8777671982861224,123,1.4819277108433735,1054.034753630088,90.0,116,7,0.49137931034482757
5.0,7,120.0,1,5.0,0.0,-1.0,8402,83,0.0,0.04534634610806951,0.9546536538919305,199,2.397590361445783,1705.3082599381098,25.0,193,6,0.29533678756476683
5.0,7,120.0,1,5.0,0.0,-0.9,8402,83,0.0,0.008807426803142109,0.9911925731968579,75,0.9036144578313253,642.704118067127,30.0,72,3,0.4861111111111111
5.0,7,120.0,1,5.0,0.0,-0.8,8402,83,0.0,0.0,1.0,0,0.0,0.0,,0,0,
5.0,7,120.0,1,5.0,0.0,-0.7,8402,83,0.0,0.0,1.0,0,0.0,0.0,,0,0,
5.0,7,120.0,1,5.0,0.0,-0.6,8402,83,0.0,0.0,1.0,0,0.0,0.0,,0,0,
5.0,7,120.0,1,5.0,0.0,-0.5,8402,83,0.0,0.0,1.0,0,0.0,0.0,,0,0,
5.0,7,120.0,1,5.0,0.0,-0.4,8402,83,0.0,0.0,1.0,0,0.0,0.0,,0,0,
5.0,7,120.0,1,5.0,0.0,-0.3,8402,83,0.0,0.0,1.0,0,0.0,0.0,,0,0,
5.0,7,120.0,1,5.0,0.0,-0.2,8402,83,0.0,0.0,1.0,0,0.0,0.0,,0,0,
5.0,7,120.0,1,5.0,0.0,-0.1,8402,83,0.0,0.0,1.0,0,0.0,0.0,,0,0,
5.0,7,120.0,1,5.0,0.0,0.0,8402,83,0.0,0.0,1.0,0,0.0,0.0,,0,0,
5.0,7,120.0,1,5.0,0.0,0.1,8402,83,0.0,0.0,1.0,0,0.0,0.0,,0,0,
5.0,7,120.0,1,5.0,0.0,0.2,8402,83,0.0,0.0,1.0,0,0.0,0.0,,0,0,
5.0,7,120.0,1,5.0,0.0,0.3,8402,83,0.0,0.0,1.0,0,0.0,0.0,,0,0,
5.0,7,120.0,1,5.0,0.0,0.4,8402,83,0.0,0.0,1.0,0,0.0,0.0,,0,0,
5.0,7,120.0,1,5.0,0.0,0.5,8402,83,0.0,0.0,1.0,0,0.0,0.0,,0,0,
5.0,7,120.0,1,5.0,0.0,0.6,8402,83,0.0,0.0,1.0,0,0.0,0.0,,0,0,
5.0,7,120.0,1,5.0,0.0,0.7,8402,83,0.0,0.0,1.0,0,0.0,0.0,,0,0,
5.0,7,120.0,1,5.0,0.0,0.8,8402,83,0.0,0.0,1.0,0,0.0,0.0,,0,0,
5.0,7,120.0,1,5.0,0.0,0.9,8402,83,0.0,0.0,1.0,0,0.0,0.0,,0,0,
5.0,7,120.0,1,5.0,0.0,1.0,8402,83,0.0,0.0,1.0,0,0.0,0.0,,0,0,
5.0,7,120.0,2,5.0,5.0,-4.0,8402,83,1.0,0.0,0.0,0,0.0,0.0,,0,0,
5.0,7,120.0,2,5.0,5.0,-3.9,8402,83,1.0,0.0,0.0,0,0.0,0.0,,0,0,
5.0,7,120.0,2,5.0,5.0,-3.8,8402,83,1.0,0.0,0.0,0,0.0,0.0,,0,0,
5.0,7,120.0,2,5.0,5.0,-3.7,8402,83,1.0,0.0,0.0,0,0.0,0.0,,0,0,
5.0,7,120.0,2,5.0,5.0,-3.6,8402,83,1.0,0.0,0.0,0,0.0,0.0,,0,0,
5.0,7,120.0,2,5.0,5.0,-3.5,8402,83,1.0,0.0,0.0,0,0.0,0.0,,0,0,
5.0,7,120.0,2,5.0,5.0,-3.4,8402,83,1.0,0.0,0.0,0,0.0,0.0,,0,0,
5.0,7,120.0,2,5.0,5.0,-3.3,8402,83,1.0,0.0,0.0,0,0.0,0.0,,0,0,
5.0,7,120.0,2,5.0,5.0,-3.2,8402,83,1.0,0.0,0.0,0,0.0,0.0,,0,0,
5.0,7,120.0,2,5.0,5.0,-3.1,8402,83,1.0,0.0,0.0,0,0.0,0.0,,0,0,
5.0,7,120.0,2,5.0,5.0,-3.0,8402,83,1.0,0.0,0.0,0,0.0,0.0,,0,0,
5.0,7,120.0,2,5.0,5.0,-2.9,8402,83,1.0,0.0,0.0,0,0.0,0.0,,0,0,
5.0,7,120.0,2,5.0,5.0,-2.8,8402,83,1.0,0.0,0.0,0,0.0,0.0,,0,0,
5.0,7,120.0,2,5.0,5.0,-2.7,8402,83,1.0,0.0,0.0,0,0.0,0.0,,0,0,
5.0,7,120.0,2,5.0,5.0,-2.6,8402,83,1.0,0.0,0.0,0,0.0,0.0,,0,0,
5.0,7,120.0,2,5.0,5.0,-2.5,8402,83,1.0,0.0,0.0,0,0.0,0.0,,0,0,
5.0,7,120.0,2,5.0,5.0,-2.4,8402,83,1.0,0.0,0.0,0,0.0,0.0,,0,0,
5.0,7,120.0,2,5.0,5.0,-2.3,8402,83,1.0,0.0,0.0,0,0.0,0.0,,0,0,
5.0,7,120.0,2,5.0,5.0,-2.2,8402,83,0.9215662937395858,0.07843370626041418,0.0,199,2.397590361445783,1705.3082599381098,20.0,147,52,0.16326530612244897
5.0,7,120.0,2,5.0,5.0,-2.1,8402,83,0.6231849559628659,0.376815044037134,0.0,273,3.289156626506024,2339.4429897643417,20.0,206,67,0.5242718446601942
5.0,7,120.0,2,5.0,5.0,-2.0,8402,83,0.4377529159723875,0.5622470840276125,0.0,124,1.4939759036144578,1062.604141870983,15.0,60,64,1.0
5.0,7,120.0,2,5.0,5.0,-1.9,8402,83,0.3651511544870269,0.5612949297786242,0.07355391573434897,408,4.9156626506024095,3496.3104022851703,20.0,400,8,0.295
5.0,7,120.0,2,5.0,5.0,-1.8,8402,83,0.3517019757200667,0.323018328969293,0.3252796953106403,432,5.204819277108434,3701.9757200666504,55.0,361,71,0.16066481994459833
5.0,7,120.0,2,5.0,5.0,-1.7,8402,83,0.21256843608664602,0.25565341585336826,0.5317781480599857,387,4.662650602409639,3316.3532492263744,60.0,311,76,0.41479099678456594
5.0,7,120.0,2,5.0,5.0,-1.6,8402,83,0.11961437752915972,0.28850273744346583,0.5918828850273744,272,3.2771084337349397,2330.8736015234467,40.0,201,71,0.582089552238806
5.0,7,120.0,2,5.0,5.0,-1.5,8402,83,0.06415139252558914,0.3111164008569388,0.6247322066174721,320,3.855421686746988,2742.204237086408,25.0,250,70,0.228
5.0,7,120.0,2,5.0,5.0,-1.4,8402,83,0.01594858367055463,0.33468221851940017,0.6493691978100452,221,2.6626506024096384,1893.8348012378005,15.0,154,67,0.37012987012987014
5.0,7,120.0,2,5.0,5.0,-1.3,8402,83,0.0,0.3090930730778386,0.6909069269221614,87,1.0481927710843373,745.5367769578672,460.0,81,6,0.8518518518518519
5.0,7,120.0,2,5.0,5.0,-1.2,8402,83,0.0,0.17519638181385386,0.8248036181861461,150,1.8072289156626506,1285.408236134254,120.0,141,9,0.7446808510638298
5.0,7,120.0,2,5.0,5.0,-1.1,8402,83,0.0,0.1221137824327541,0.8778862175672459,123,1.4819277108433735,1054.034753630088,90.0,116,7,0.49137931034482757
5.0,7,120.0,2,5.0,5.0,-1.0,8402,83,0.0,0.043918114734587003,0.956081885265413,172,2.072289156626506,1473.9347774339444,25.0,167,5,0.3413173652694611
5.0,7,120.0,2,5.0,5.0,-0.9,8402,83,0.0,0.007379195429659605,0.9926208045703404,49,0.5903614457831325,419.90002380385624,50.0,47,2,0.48936170212765956
5.0,7,120.0,2,5.0,5.0,-0.8,8402,83,0.0,0.0,1.0,0,0.0,0.0,,0,0,
5.0,7,120.0,2,5.0,5.0,-0.7,8402,83,0.0,0.0,1.0,0,0.0,0.0,,0,0,
5.0,7,120.0,2,5.0,5.0,-0.6,8402,83,0.0,0.0,1.0,0,0.0,0.0,,0,0,
5.0,7,120.0,2,5.0,5.0,-0.5,8402,83,0.0,0.0,1.0,0,0.0,0.0,,0,0,
5.0,7,120.0,2,5.0,5.0,-0.4,8402,83,0.0,0.0,1.0,0,0.0,0.0,,0,0,
5.0,7,120.0,2,5.0,5.0,-0.3,8402,83,0.0,0.0,1.0,0,0.0,0.0,,0,0,
5.0,7,120.0,2,5.0,5.0,-0.2,8402,83,0.0,0.0,1.0,0,0.0,0.0,,0,0,
5.0,7,120.0,2,5.0,5.0,-0.1,8402,83,0.0,0.0,1.0,0,0.0,0.0,,0,0,
5.0,7,120.0,2,5.0,5.0,0.0,8402,83,0.0,0.0,1.0,0,0.0,0.0,,0,0,
5.0,7,120.0,2,5.0,5.0,0.1,8402,83,0.0,0.0,1.0,0,0.0,0.0,,0,0,
5.0,7,120.0,2,5.0,5.0,0.2,8402,83,0.0,0.0,1.0,0,0.0,0.0,,0,0,
5.0,7,120.0,2,5.0,5.0,0.3,8402,83,0.0,0.0,1.0,0,0.0,0.0,,0,0,
5.0,7,120.0,2,5.0,5.0,0.4,8402,83,0.0,0.0,1.0,0,0.0,0.0,,0,0,
5.0,7,120.0,2,5.0,5.0,0.5,8402,83,0.0,0.0,1.0,0,0.0,0.0,,0,0,
5.0,7,120.0,2,5.0,5.0,0.6,8402,83,0.0,0.0,1.0,0,0.0,0.0,,0,0,
5.0,7,120.0,2,5.0,5.0,0.7,8402,83,0.0,0.0,1.0,0,0.0,0.0,,0,0,
5.0,7,120.0,2,5.0,5.0,0.8,8402,83,0.0,0.0,1.0,0,0.0,0.0,,0,0,
5.0,7,120.0,2,5.0,5.0,0.9,8402,83,0.0,0.0,1.0,0,0.0,0.0,,0,0,
5.0,7,120.0,2,5.0,5.0,1.0,8402,83,0.0,0.0,1.0,0,0.0,0.0,,0,0,
5.0,7,120.0,3,5.0,10.0,-4.0,8402,83,1.0,0.0,0.0,0,0.0,0.0,,0,0,
5.0,7,120.0,3,5.0,10.0,-3.9,8402,83,1.0,0.0,0.0,0,0.0,0.0,,0,0,
5.0,7,120.0,3,5.0,10.0,-3.8,8402,83,1.0,0.0,0.0,0,0.0,0.0,,0,0,
5.0,7,120.0,3,5.0,10.0,-3.7,8402,83,1.0,0.0,0.0,0,0.0,0.0,,0,0,
5.0,7,120.0,3,5.0,10.0,-3.6,8402,83,1.0,0.0,0.0,0,0.0,0.0,,0,0,
5.0,7,120.0,3,5.0,10.0,-3.5,8402,83,1.0,0.0,0.0,0,0.0,0.0,,0,0,
5.0,7,120.0,3,5.0,10.0,-3.4,8402,83,1.0,0.0,0.0,0,0.0,0.0,,0,0,
5.0,7,120.0,3,5.0,10.0,-3.3,8402,83,1.0,0.0,0.0,0,0.0,0.0,,0,0,
5.0,7,120.0,3,5.0,10.0,-3.2,8402,83,1.0,0.0,0.0,0,0.0,0.0,,0,0,
5.0,7,120.0,3,5.0,10.0,-3.1,8402,83,1.0,0.0,0.0,0,0.0,0.0,,0,0,
5.0,7,120.0,3,5.0,10.0,-3.0,8402,83,1.0,0.0,0.0,0,0.0,0.0,,0,0,
5.0,7,120.0,3,5.0,10.0,-2.9,8402,83,1.0,0.0,0.0,0,0.0,0.0,,0,0,
5.0,7,120.0,3,5.0,10.0,-2.8,8402,83,1.0,0.0,0.0,0,0.0,0.0,,0,0,
5.0,7,120.0,3,5.0,10.0,-2.7,8402,83,1.0,0.0,0.0,0,0.0,0.0,,0,0,
5.0,7,120.0,3,5.0,10.0,-2.6,8402,83,1.0,0.0,0.0,0,0.0,0.0,,0,0,
5.0,7,120.0,3,5.0,10.0,-2.5,8402,83,1.0,0.0,0.0,0,0.0,0.0,,0,0,
5.0,7,120.0,3,5.0,10.0,-2.4,8402,83,1.0,0.0,0.0,0,0.0,0.0,,0,0,
5.0,7,120.0,3,5.0,10.0,-2.3,8402,83,1.0,0.0,0.0,0,0.0,0.0,,0,0,
5.0,7,120.0,3,5.0,10.0,-2.2,8402,83,0.9162104260890265,0.08378957391097358,0.0,150,1.8072289156626506,1285.408236134254,45.0,98,52,0.3673469387755102
5.0,7,120.0,3,5.0,10.0,-2.1,8402,83,0.6056891216377053,0.39431087836229467,0.0,125,1.5060240963855422,1071.173530111878,15.0,60,65,1.0
5.0,7,120.0,3,5.0,10.0,-2.0,8402,83,0.4377529159723875,0.5622470840276125,0.0,124,1.4939759036144578,1062.604141870983,10.0,60,64,1.0
5.0,7,120.0,3,5.0,10.0,-1.9,8402,83,0.3725303499166865,0.5451083075458224,0.08236134253749107,235,2.8313253012048194,2013.8062366103309,100.0,229,6,0.519650655021834
5.0,7,120.0,3,5.0,10.0,-1.8,8402,83,0.3589621518686027,0.3246845989050226,0.3163532492263747,308,3.710843373493976,2639.371578195668,75.0,236,72,0.24152542372881355
5.0,7,120.0,3,5.0,10.0,-1.7,8402,83,0.2076886455605808,0.26208045703403954,0.5302308974053797,311,3.746987951807229,2665.0797429183526,60.0,236,75,0.5466101694915254
5.0,7,120.0,3,5.0,10.0,-1.6,8402,83,0.12235182099500119,0.28564627469650083,0.592001904308498,248,2.9879518072289155,2125.208283741966,40.0,177,71,0.6610169491525424
5.0,7,120.0,3,5.0,10.0,-1.5,8402,83,0.06950726017614854,0.3056415139252559,0.6248512258985955,272,3.2771084337349397,2330.8736015234467,30.0,201,71,0.39800995024875624
5.0,7,120.0,3,5.0,10.0,-1.4,8402,83,0.009997619614377529,0.3405141632944537,0.6494882170911688,159,1.9156626506024097,1362.532730302309,30.0,104,55,0.5480769230769231
5.0,7,120.0,3,5.0,10.0,-1.3,8402,83,0.0,0.3163532492263747,0.6836467507736254,87,1.0481927710843373,745.5367769578672,455.0,81,6,0.8518518518518519
5.0,7,120.0,3,5.0,10.0,-1.2,8402,83,0.0,0.17805284456081885,0.8219471554391812,150,1.8072289156626506,1285.408236134254,120.0,140,10,0.7428571428571429
5.0,7,120.0,3,5.0,10.0,-1.1,8402,83,0.0,0.12199476315163056,0.8780052368483694,122,1.4698795180722892,1045.465365389193,90.0,115,7,0.48695652173913045
5.0,7,120.0,3,5.0,10.0,-1.0,8402,83,0.0,0.03844322780290407,0.9615567721970959,124,1.4939759036144578,1062.604141870983,30.0,120,4,0.38333333333333336
5.0,7,120.0,3,5.0,10.0,-0.9,8402,83,0.0,0.0046417519638181385,0.9953582480361819,25,0.30120481927710846,214.2347060223756,70.0,24,1,0.5
5.0,7,120.0,3,5.0,10.0,-0.8,8402,83,0.0,0.0,1.0,0,0.0,0.0,,0,0,
5.0,7,120.0,3,5.0,10.0,-0.7,8402,83,0.0,0.0,1.0,0,0.0,0.0,,0,0,
5.0,7,120.0,3,5.0,10.0,-0.6,8402,83,0.0,0.0,1.0,0,0.0,0.0,,0,0,
5.0,7,120.0,3,5.0,10.0,-0.5,8402,83,0.0,0.0,1.0,0,0.0,0.0,,0,0,
5.0,7,120.0,3,5.0,10.0,-0.4,8402,83,0.0,0.0,1.0,0,0.0,0.0,,0,0,
5.0,7,120.0,3,5.0,10.0,-0.3,8402,83,0.0,0.0,1.0,0,0.0,0.0,,0,0,
5.0,7,120.0,3,5.0,10.0,-0.2,8402,83,0.0,0.0,1.0,0,0.0,0.0,,0,0,
5.0,7,120.0,3,5.0,10.0,-0.1,8402,83,0.0,0.0,1.0,0,0.0,0.0,,0,0,
5.0,7,120.0,3,5.0,10.0,0.0,8402,83,0.0,0.0,1.0,0,0.0,0.0,,0,0,
5.0,7,120.0,3,5.0,10.0,0.1,8402,83,0.0,0.0,1.0,0,0.0,0.0,,0,0,
5.0,7,120.0,3,5.0,10.0,0.2,8402,83,0.0,0.0,1.0,0,0.0,0.0,,0,0,
5.0,7,120.0,3,5.0,10.0,0.3,8402,83,0.0,0.0,1.0,0,0.0,0.0,,0,0,
5.0,7,120.0,3,5.0,10.0,0.4,8402,83,0.0,0.0,1.0,0,0.0,0.0,,0,0,
5.0,7,120.0,3,5.0,10.0,0.5,8402,83,0.0,0.0,1.0,0,0.0,0.0,,0,0,
5.0,7,120.0,3,5.0,10.0,0.6,8402,83,0.0,0.0,1.0,0,0.0,0.0,,0,0,
5.0,7,120.0,3,5.0,10.0,0.7,8402,83,0.0,0.0,1.0,0,0.0,0.0,,0,0,
5.0,7,120.0,3,5.0,10.0,0.8,8402,83,0.0,0.0,1.0,0,0.0,0.0,,0,0,
5.0,7,120.0,3,5.0,10.0,0.9,8402,83,0.0,0.0,1.0,0,0.0,0.0,,0,0,
5.0,7,120.0,3,5.0,10.0,1.0,8402,83,0.0,0.0,1.0,0,0.0,0.0,,0,0,
