timestamp_s,uam_id,corridor_id,s_m,level_id,lane_id,x_m,y_m,z_m,speed_mps,active
0.0,UAM01,sf_sj_real,0.0,L300,lane_0,553302.8686647224,4181157.264154501,300.0,50.0,True
1.0,UAM01,sf_sj_real,50.0,L300,lane_0,553266.8262553765,4181122.6095050503,300.0,50.0,True
2.0,UAM01,sf_sj_real,100.0,L300,lane_0,553230.7838460305,4181087.9548556,300.0,50.0,True
3.0,UAM01,sf_sj_real,150.0,L300,lane_0,553194.7414366845,4181053.3002061495,300.0,50.0,True
4.0,UAM01,sf_sj_real,200.0,L300,lane_0,553158.6990273385,4181018.6455566986,300.0,50.0,True
5.0,UAM01,sf_sj_real,250.0,L300,lane_0,553121.4743722454,4180985.276581971,300.0,50.0,True
6.0,UAM01,sf_sj_real,300.0,L300,lane_0,553083.9255118085,4180952.260175748,300.0,50.0,True
7.0,UAM01,sf_sj_real,350.0,L300,lane_0,553046.3766513715,4180919.2437695246,300.0,50.0,True
8.0,UAM01,sf_sj_real,400.0,L300,lane_0,553008.8277909346,4180886.2273633014,300.0,50.0,True
9.0,UAM01,sf_sj_real,450.0,L300,lane_0,552971.2789304976,4180853.2109570787,300.0,50.0,True
10.0,UAM01,sf_sj_real,500.0,L300,lane_0,552933.7300700607,4180820.1945508556,300.0,50.0,True
11.0,UAM01,sf_sj_real,550.0,L300,lane_0,552898.9152188513,4180784.6600045618,300.0,50.0,True
12.0,UAM01,sf_sj_real,600.0,L300,lane_0,552869.0915679618,4180744.5283481344,300.0,50.0,True
13.0,UAM01,sf_sj_real,650.0,L300,lane_0,552848.023878609,4180700.0105136987,300.0,50.0,True
14.0,UAM01,sf_sj_real,700.0,L300,lane_0,552833.8800856064,4180652.075098841,300.0,50.0,True
15.0,UAM01,sf_sj_real,750.0,L300,lane_0,552834.9078313329,4180602.0856625694,300.0,50.0,True
16.0,UAM01,sf_sj_real,800.0,L300,lane_0,552843.2765871519,4180553.06217644,300.0,50.0,True
17.0,UAM01,sf_sj_real,850.0,L300,lane_0,552875.6146657905,4180516.1210895376,300.0,50.0,True
18.0,UAM01,sf_sj_real,900.0,L300,lane_0,552911.2702169743,4180481.068533714,300.0,50.0,True
19.0,UAM01,sf_sj_real,950.0,L300,lane_0,552946.9257681582,4180446.01597789,300.0,50.0,True
20.0,UAM01,sf_sj_real,1000.0,L300,lane_0,552982.581319342,4180410.9634220665,300.0,50.0,True
21.0,UAM01,sf_sj_real,1050.0,L300,lane_0,553018.2368705259,4180375.910866243,300.0,50.0,True
22.0,UAM01,sf_sj_real,1100.0,L300,lane_0,553054.7632149183,4180341.8510226766,300.0,50.0,True
23.0,UAM01,sf_sj_real,1150.0,L300,lane_0,553094.1625869883,4180311.066457055,300.0,50.0,True
24.0,UAM01,sf_sj_real,1200.0,L300,lane_0,553133.5619590583,4180280.2818914335,300.0,50.0,True
25.0,UAM01,sf_sj_real,1250.0,L300,lane_0,553172.9613311281,4180249.4973258125,300.0,50.0,True
26.0,UAM01,sf_sj_real,1300.0,L300,lane_0,553212.3607031981,4180218.712760191,300.0,50.0,True
27.0,UAM01,sf_sj_real,1350.0,L300,lane_0,553250.5679923189,4180186.5829195045,300.0,50.0,True
28.0,UAM01,sf_sj_real,1400.0,L300,lane_0,553285.8691160884,4180151.173448164,300.0,50.0,True
29.0,UAM01,sf_sj_real,1450.0,L300,lane_0,553321.1702398579,4180115.7639768235,300.0,50.0,True
30.0,UAM01,sf_sj_real,1500.0,L300,lane_0,553352.5215175566,4180076.9998261775,300.0,50.0,True
31.0,UAM01,sf_sj_real,1550.0,L300,lane_0,553381.7492581705,4180036.4321151427,300.0,50.0,True
32.0,UAM01,sf_sj_real,1600.0,L300,lane_0,553410.9769987843,4179995.8644041074,300.0,50.0,True
33.0,UAM01,sf_sj_real,1650.0,L300,lane_0,553435.8387191041,4179952.6466461015,300.0,50.0,True
34.0,UAM01,sf_sj_real,1700.0,L300,lane_0,553458.337027451,4179907.9943659636,300.0,50.0,True
35.0,UAM01,sf_sj_real,1750.0,L300,lane_0,553473.7217076455,4179860.42681531,300.0,50.0,True
36.0,UAM01,sf_sj_real,1800.0,L300,lane_0,553488.7002693845,4179812.754933915,300.0,50.0,True
37.0,UAM01,sf_sj_real,1850.0,L300,lane_0,553494.874290795,4179763.137612358,300.0,50.0,True
38.0,UAM01,sf_sj_real,1900.0,L300,lane_0,553500.854121838,4179713.49648404,300.0,50.0,True
39.0,UAM01,sf_sj_real,1950.0,L300,lane_0,553506.1337559959,4179663.792456402,300.0,50.0,True
40.0,UAM01,sf_sj_real,2000.0,L300,lane_0,553509.0968834427,4179613.880334871,300.0,50.0,True
41.0,UAM01,sf_sj_real,2050.0,L300,lane_0,553513.2945197666,4179564.076340148,300.0,50.0,True
42.0,UAM01,sf_sj_real,2100.0,L300,lane_0,553519.0532422162,4179514.409076123,300.0,50.0,True
43.0,UAM01,sf_sj_real,2150.0,L300,lane_0,553523.2117987355,4179464.605334621,300.0,50.0,True
44.0,UAM01,sf_sj_real,2200.0,L300,lane_0,553525.9472683405,4179414.6802186365,300.0,50.0,True
45.0,UAM01,sf_sj_real,2250.0,L300,lane_0,553528.917938507,4179364.76896575,300.0,50.0,True
46.0,UAM01,sf_sj_real,2300.0,L300,lane_0,553531.5223481238,4179314.8467201283,300.0,50.0,True
47.0,UAM01,sf_sj_real,2350.0,L300,lane_0,553532.3163255685,4179264.853024528,300.0,50.0,True
48.0,UAM01,sf_sj_real,2400.0,L300,lane_0,553533.5664151887,4179214.8761735815,300.0,50.0,True
49.0,UAM01,sf_sj_real,2450.0,L300,lane_0,553536.4622001343,4179164.960099722,300.0,50.0,True
50.0,UAM01,sf_sj_real,2500.0,L300,lane_0,553536.6666170312,4179114.9850777932,300.0,50.0,True
51.0,UAM01,sf_sj_real,2550.0,L300,lane_0,553535.6341158851,4179065.594704297,300.0,50.0,True
52.0,UAM01,sf_sj_real,2600.0,L300,lane_0,553532.0152781825,4179015.7258361154,300.0,50.0,True
53.0,UAM01,sf_sj_real,2650.0,L300,lane_0,553528.3964404798,4178965.8569679344,300.0,50.0,True
54.0,UAM01,sf_sj_real,2700.0,L300,lane_0,553524.7776027771,4178915.988099753,300.0,50.0,True
55.0,UAM01,sf_sj_real,2750.0,L300,lane_0,553521.1587650744,4178866.119231572,300.0,50.0,True
56.0,UAM01,sf_sj_real,2800.0,L300,lane_0,553517.5399273718,4178816.2503633904,300.0,50.0,True
57.0,UAM01,sf_sj_real,2850.0,L300,lane_0,553513.9210896691,4178766.3814952094,300.0,50.0,True
58.0,UAM01,sf_sj_real,2900.0,L300,lane_0,553510.3022519664,4178716.512627028,300.0,50.0,True
59.0,UAM01,sf_sj_real,2950.0,L300,lane_0,553505.4407675081,4178666.753014613,300.0,50.0,True
60.0,UAM01,sf_sj_real,3000.0,L300,lane_0,553500.3022293999,4178617.01776126,300.0,50.0,True
61.0,UAM01,sf_sj_real,3050.0,L300,lane_0,553495.1636912917,4178567.2825079067,300.0,50.0,True
62.0,UAM01,sf_sj_real,3100.0,L300,lane_0,553490.0251531834,4178517.5472545535,300.0,50.0,True
63.0,UAM01,sf_sj_real,3150.0,L300,lane_0,553484.8866150752,4178467.8120012,300.0,50.0,True
64.0,UAM01,sf_sj_real,3200.0,L300,lane_0,553479.748076967,4178418.076747847,300.0,50.0,True
65.0,UAM01,sf_sj_real,3250.0,L300,lane_0,553474.6095388588,4178368.3414944937,300.0,50.0,True
66.0,UAM01,sf_sj_real,3300.0,L300,lane_0,553469.4710007504,4178318.6062411405,300.0,50.0,True
67.0,UAM01,sf_sj_real,3350.0,L300,lane_0,553464.0841196955,4178268.8974883235,300.0,50.0,True
68.0,UAM01,sf_sj_real,3400.0,L300,lane_0,553458.6120142019,4178219.1978297587,300.0,50.0,True
69.0,UAM01,sf_sj_real,3450.0,L300,lane_0,553453.1399087084,4178169.498171194,300.0,50.0,True
70.0,UAM01,sf_sj_real,3500.0,L300,lane_0,553447.6678032149,4178119.798512629,300.0,50.0,True
71.0,UAM01,sf_sj_real,3550.0,L300,lane_0,553442.1956977212,4178070.098854064,300.0,50.0,True
72.0,UAM01,sf_sj_real,3600.0,L300,lane_0,553436.7235922277,4178020.3991954993,300.0,50.0,True
73.0,UAM01,sf_sj_real,3650.0,L300,lane_0,553431.2514867341,4177970.699536934,300.0,50.0,True
74.0,UAM01,sf_sj_real,3700.0,L300,lane_0,553426.1240304442,4177920.9637647355,300.0,50.0,True
75.0,UAM01,sf_sj_real,3750.0,L300,lane_0,553421.1749606346,4177871.2093005334,300.0,50.0,True
76.0,UAM01,sf_sj_real,3800.0,L300,lane_0,553416.2258908248,4177821.454836332,300.0,50.0,True
77.0,UAM01,sf_sj_real,3850.0,L300,lane_0,553411.276821015,4177771.7003721297,300.0,50.0,True
78.0,UAM01,sf_sj_real,3900.0,L300,lane_0,553406.3277512053,4177721.945907928,300.0,50.0,True
79.0,UAM01,sf_sj_real,3950.0,L300,lane_0,553401.3786813956,4177672.191443726,300.0,50.0,True
80.0,UAM01,sf_sj_real,4000.0,L300,lane_0,553396.4296115858,4177622.436979524,300.0,50.0,True
81.0,UAM01,sf_sj_real,4050.0,L300,lane_0,553391.4514146049,4177572.685422991,300.0,50.0,True
82.0,UAM01,sf_sj_real,4100.0,L300,lane_0,553386.4671897596,4177522.934468199,300.0,50.0,True
83.0,UAM01,sf_sj_real,4150.0,L300,lane_0,553381.4829649143,4177473.183513407,300.0,50.0,True
84.0,UAM01,sf_sj_real,4200.0,L300,lane_0,553376.498740069,4177423.432558615,300.0,50.0,True
85.0,UAM01,sf_sj_real,4250.0,L300,lane_0,553371.5145152238,4177373.681603824,300.0,50.0,True
86.0,UAM01,sf_sj_real,4300.0,L300,lane_0,553366.5302903785,4177323.930649032,300.0,50.0,True
87.0,UAM01,sf_sj_real,4350.0,L300,lane_0,553361.5460655332,4177274.17969424,300.0,50.0,True
88.0,UAM01,sf_sj_real,4400.0,L300,lane_0,553356.5618406879,4177224.4287394485,300.0,50.0,True
89.0,UAM01,sf_sj_real,4450.0,L300,lane_0,553351.5729415164,4177174.678253195,300.0,50.0,True
90.0,UAM01,sf_sj_real,4500.0,L300,lane_0,553346.5834939202,4177124.9278219133,300.0,50.0,True
91.0,UAM01,sf_sj_real,4550.0,L300,lane_0,553341.5940463239,4177075.177390632,300.0,50.0,True
92.0,UAM01,sf_sj_real,4600.0,L300,lane_0,553336.6045987277,4177025.4269593507,300.0,50.0,True
93.0,UAM01,sf_sj_real,4650.0,L300,lane_0,553331.6151511315,4176975.676528069,300.0,50.0,True
94.0,UAM01,sf_sj_real,4700.0,L300,lane_0,553326.6257035353,4176925.9260967877,300.0,50.0,True
95.0,UAM01,sf_sj_real,4750.0,L300,lane_0,553321.155161144,4176876.2267461945,300.0,50.0,True
96.0,UAM01,sf_sj_real,4800.0,L300,lane_0,553315.5865411559,4176826.5378090814,300.0,50.0,True
97.0,UAM01,sf_sj_real,4850.0,L300,lane_0,553310.0179211679,4176776.848871968,300.0,50.0,True
98.0,UAM01,sf_sj_real,4900.0,L300,lane_0,553304.4493011798,4176727.159934855,300.0,50.0,True
99.0,UAM01,sf_sj_real,4950.0,L300,lane_0,553298.8806811918,4176677.4709977424,300.0,50.0,True
100.0,UAM01,sf_sj_real,5000.0,L300,lane_0,553293.3120612038,4176627.782060629,300.0,50.0,True
101.0,UAM01,sf_sj_real,5050.0,L300,lane_0,553287.9011520726,4176578.076150488,300.0,50.0,True
102.0,UAM01,sf_sj_real,5100.0,L300,lane_0,553282.7695467483,4176528.3401813433,300.0,50.0,True
103.0,UAM01,sf_sj_real,5150.0,L300,lane_0,553277.6379414238,4176478.604212198,300.0,50.0,True
104.0,UAM01,sf_sj_real,5200.0,L300,lane_0,553272.5063360995,4176428.868243053,300.0,50.0,True
105.0,UAM01,sf_sj_real,5250.0,L300,lane_0,553267.374730775,4176379.1322739082,300.0,50.0,True
106.0,UAM01,sf_sj_real,5300.0,L300,lane_0,553262.2431254507,4176329.396304763,300.0,50.0,True
107.0,UAM01,sf_sj_real,5350.0,L300,lane_0,553257.1115201263,4176279.660335618,300.0,50.0,True
108.0,UAM01,sf_sj_real,5400.0,L300,lane_0,553251.9799148019,4176229.9243664728,300.0,50.0,True
109.0,UAM01,sf_sj_real,5450.0,L300,lane_0,553246.8483094776,4176180.188397328,300.0,50.0,True
110.0,UAM01,sf_sj_real,5500.0,L300,lane_0,553241.7167041532,4176130.452428183,300.0,50.0,True
111.0,UAM01,sf_sj_real,5550.0,L300,lane_0,553236.5850988288,4176080.7164590377,300.0,50.0,True
112.0,UAM01,sf_sj_real,5600.0,L300,lane_0,553231.4534935044,4176030.980489893,300.0,50.0,True
113.0,UAM01,sf_sj_real,5650.0,L300,lane_0,553226.3526319743,4175981.241369401,300.0,50.0,True
114.0,UAM01,sf_sj_real,5700.0,L300,lane_0,553221.2873187689,4175931.498605082,300.0,50.0,True
115.0,UAM01,sf_sj_real,5750.0,L300,lane_0,553216.2220055636,4175881.7558407625,300.0,50.0,True
116.0,UAM01,sf_sj_real,5800.0,L300,lane_0,553211.1566923582,4175832.013076443,300.0,50.0,True
117.0,UAM01,sf_sj_real,5850.0,L300,lane_0,553206.0913791527,4175782.270312124,300.0,50.0,True
118.0,UAM01,sf_sj_real,5900.0,L300,lane_0,553201.0260659474,4175732.5275478046,300.0,50.0,True
119.0,UAM01,sf_sj_real,5950.0,L300,lane_0,553195.960752742,4175682.7847834853,300.0,50.0,True
120.0,UAM01,sf_sj_real,6000.0,L300,lane_0,553190.6877795875,4175633.0644664727,300.0,50.0,True
121.0,UAM01,sf_sj_real,6050.0,L300,lane_0,553185.0062589255,4175583.388312002,300.0,50.0,True
122.0,UAM01,sf_sj_real,6100.0,L300,lane_0,553179.3247382636,4175533.7121575316,300.0,50.0,True
123.0,UAM01,sf_sj_real,6150.0,L300,lane_0,553173.6432176018,4175484.0360030616,300.0,50.0,True
124.0,UAM01,sf_sj_real,6200.0,L300,lane_0,553167.9616969399,4175434.359848591,300.0,50.0,True
125.0,UAM01,sf_sj_real,6250.0,L300,lane_0,553157.5406741777,4175385.565505639,300.0,50.0,True
126.0,UAM01,sf_sj_real,6300.0,L300,lane_0,553144.9754209042,4175337.170109059,300.0,50.0,True
127.0,UAM01,sf_sj_real,6350.0,L300,lane_0,553132.4101676309,4175288.7747124787,300.0,50.0,True
128.0,UAM01,sf_sj_real,6400.0,L300,lane_0,553119.8449143575,4175240.3793158983,300.0,50.0,True
129.0,UAM01,sf_sj_real,6450.0,L300,lane_0,553106.5240459152,4175192.188636806,300.0,50.0,True
130.0,UAM01,sf_sj_real,6500.0,L300,lane_0,553092.9406720888,4175144.069077836,300.0,50.0,True
131.0,UAM01,sf_sj_real,6550.0,L300,lane_0,553079.3572982624,4175095.9495188654,300.0,50.0,True
132.0,UAM01,sf_sj_real,6600.0,L300,lane_0,553065.7739244361,4175047.8299598955,300.0,50.0,True
133.0,UAM01,sf_sj_real,6650.0,L300,lane_0,553052.1905506097,4174999.710400925,300.0,50.0,True
134.0,UAM01,sf_sj_real,6700.0,L300,lane_0,553038.6071767834,4174951.5908419546,300.0,50.0,True
135.0,UAM01,sf_sj_real,6750.0,L300,lane_0,553025.023802957,4174903.4712829846,300.0,50.0,True
136.0,UAM01,sf_sj_real,6800.0,L300,lane_0,553011.4265924814,4174855.3556325007,300.0,50.0,True
137.0,UAM01,sf_sj_real,6850.0,L300,lane_0,552997.826316326,4174807.24084799,300.0,50.0,True
138.0,UAM01,sf_sj_real,6900.0,L300,lane_0,552984.3523614478,4174759.091035749,300.0,50.0,True
139.0,UAM01,sf_sj_real,6950.0,L300,lane_0,552971.2321492126,4174710.84313392,300.0,50.0,True
140.0,UAM01,sf_sj_real,7000.0,L300,lane_0,552958.1119369775,4174662.595232091,300.0,50.0,True
141.0,UAM01,sf_sj_real,7050.0,L300,lane_0,552944.9917247423,4174614.347330262,300.0,50.0,True
142.0,UAM01,sf_sj_real,7100.0,L300,lane_0,552931.8715125072,4174566.0994284325,300.0,50.0,True
143.0,UAM01,sf_sj_real,7150.0,L300,lane_0,552918.751300272,4174517.8515266036,300.0,50.0,True
144.0,UAM01,sf_sj_real,7200.0,L300,lane_0,552905.0668208658,4174469.7622503,300.0,50.0,True
145.0,UAM01,sf_sj_real,7250.0,L300,lane_0,552891.1252576348,4174421.745244826,300.0,50.0,True
146.0,UAM01,sf_sj_real,7300.0,L300,lane_0,552877.1836944037,4174373.7282393523,300.0,50.0,True
147.0,UAM01,sf_sj_real,7350.0,L300,lane_0,552863.2421311727,4174325.7112338785,300.0,50.0,True
148.0,UAM01,sf_sj_real,7400.0,L300,lane_0,552849.3005679416,4174277.6942284047,300.0,50.0,True
149.0,UAM01,sf_sj_real,7450.0,L300,lane_0,552835.3590047106,4174229.677222931,300.0,50.0,True
150.0,UAM01,sf_sj_real,7500.0,L300,lane_0,552821.4174414795,4174181.660217457,300.0,50.0,True
151.0,UAM01,sf_sj_real,7550.0,L300,lane_0,552807.4758782485,4174133.643211983,300.0,50.0,True
152.0,UAM01,sf_sj_real,7600.0,L300,lane_0,552794.7304120341,4174085.3209785833,300.0,50.0,True
153.0,UAM01,sf_sj_real,7650.0,L300,lane_0,552783.9589455972,4174036.4950069003,300.0,50.0,True
154.0,UAM01,sf_sj_real,7700.0,L300,lane_0,552773.1874791601,4173987.6690352173,300.0,50.0,True
155.0,UAM01,sf_sj_real,7750.0,L300,lane_0,552762.4160127231,4173938.8430635342,300.0,50.0,True
156.0,UAM01,sf_sj_real,7800.0,L300,lane_0,552751.6445462861,4173890.017091851,300.0,50.0,True
157.0,UAM01,sf_sj_real,7850.0,L300,lane_0,552740.873079849,4173841.1911201677,300.0,50.0,True
158.0,UAM01,sf_sj_real,7900.0,L300,lane_0,552735.6885320779,4173791.5420767143,300.0,50.0,True
159.0,UAM01,sf_sj_real,7950.0,L300,lane_0,552730.4998817552,4173744.2686650744,300.0,50.0,True
160.0,UAM01,sf_sj_real,8000.0,L300,lane_0,552729.5740126688,4173694.277238145,300.0,50.0,True
161.0,UAM01,sf_sj_real,8050.0,L300,lane_0,552728.6481435823,4173644.2858112156,300.0,50.0,True
162.0,UAM01,sf_sj_real,8100.0,L300,lane_0,552729.1469275802,4173594.292967433,300.0,50.0,True
163.0,UAM01,sf_sj_real,8150.0,L300,lane_0,552729.9733594658,4173544.299797796,300.0,50.0,True
164.0,UAM01,sf_sj_real,8200.0,L300,lane_0,552730.7597212538,4173494.3059827033,300.0,50.0,True
165.0,UAM01,sf_sj_real,8250.0,L300,lane_0,552731.5438969828,4173444.3121323977,300.0,50.0,True
166.0,UAM01,sf_sj_real,8300.0,L300,lane_0,552731.547437015,4173394.312706057,300.0,50.0,True
167.0,UAM01,sf_sj_real,8350.0,L300,lane_0,552731.4775110679,4173344.3127549533,300.0,50.0,True
168.0,UAM01,sf_sj_real,8400.0,L300,lane_0,552731.5243076578,4173294.312922017,300.0,50.0,True
169.0,UAM01,sf_sj_real,8450.0,L300,lane_0,552731.6954709901,4173244.3132149866,300.0,50.0,True
170.0,UAM01,sf_sj_real,8500.0,L300,lane_0,552731.8666343224,4173194.3135079565,300.0,50.0,True
171.0,UAM01,sf_sj_real,8550.0,L300,lane_0,552732.0377976549,4173144.3138009263,300.0,50.0,True
172.0,UAM01,sf_sj_real,8600.0,L300,lane_0,552732.2089609872,4173094.3140938957,300.0,50.0,True
173.0,UAM01,sf_sj_real,8650.0,L300,lane_0,552732.3801243195,4173044.3143868656,300.0,50.0,True
174.0,UAM01,sf_sj_real,8700.0,L300,lane_0,552732.5341273476,4172994.31465091,300.0,50.0,True
175.0,UAM01,sf_sj_real,8750.0,L300,lane_0,552732.5315239677,4172944.3146509775,300.0,50.0,True
176.0,UAM01,sf_sj_real,8800.0,L300,lane_0,552732.5289205879,4172894.3146510455,300.0,50.0,True
177.0,UAM01,sf_sj_real,8850.0,L300,lane_0,552732.5778808297,4172844.314814383,300.0,50.0,True
178.0,UAM01,sf_sj_real,8900.0,L300,lane_0,552732.8971190575,4172794.3158335243,300.0,50.0,True
179.0,UAM01,sf_sj_real,8950.0,L300,lane_0,552733.2163572853,4172744.316852665,300.0,50.0,True
180.0,UAM01,sf_sj_real,9000.0,L300,lane_0,552733.535595513,4172694.3178718057,300.0,50.0,True
181.0,UAM01,sf_sj_real,9050.0,L300,lane_0,552733.8548337407,4172644.3188909465,300.0,50.0,True
182.0,UAM01,sf_sj_real,9100.0,L300,lane_0,552734.1740719685,4172594.3199100876,300.0,50.0,True
183.0,UAM01,sf_sj_real,9150.0,L300,lane_0,552734.580550781,4172544.3216357473,300.0,50.0,True
184.0,UAM01,sf_sj_real,9200.0,L300,lane_0,552735.0711358554,4172494.3240425424,300.0,50.0,True
185.0,UAM01,sf_sj_real,9250.0,L300,lane_0,552735.5617209298,4172444.3264493374,300.0,50.0,True
186.0,UAM01,sf_sj_real,9300.0,L300,lane_0,552736.0523060042,4172394.3288561325,300.0,50.0,True
187.0,UAM01,sf_sj_real,9350.0,L300,lane_0,552736.5428910786,4172344.3312629275,300.0,50.0,True
188.0,UAM01,sf_sj_real,9400.0,L300,lane_0,552737.033476153,4172294.3336697225,300.0,50.0,True
189.0,UAM01,sf_sj_real,9450.0,L300,lane_0,552738.4391416638,4172244.353519636,300.0,50.0,True
190.0,UAM01,sf_sj_real,9500.0,L300,lane_0,552739.854313046,4172194.373550749,300.0,50.0,True
191.0,UAM01,sf_sj_real,9550.0,L300,lane_0,552741.2694844281,4172144.3935818616,300.0,50.0,True
192.0,UAM01,sf_sj_real,9600.0,L300,lane_0,552742.6846558102,4172094.4136129743,300.0,50.0,True
193.0,UAM01,sf_sj_real,9650.0,L300,lane_0,552746.94296264,4172044.6345902146,300.0,50.0,True
194.0,UAM01,sf_sj_real,9700.0,L300,lane_0,552752.5716765384,4171994.952424603,300.0,50.0,True
195.0,UAM01,sf_sj_real,9750.0,L300,lane_0,552761.2970142782,4171945.7323121014,300.0,50.0,True
196.0,UAM01,sf_sj_real,9800.0,L300,lane_0,552771.1289737856,4171896.708516122,300.0,50.0,True
197.0,UAM01,sf_sj_real,9850.0,L300,lane_0,552780.9609332929,4171847.6847201423,300.0,50.0,True
198.0,UAM01,sf_sj_real,9900.0,L300,lane_0,552791.943102224,4171798.9327474176,300.0,50.0,True
199.0,UAM01,sf_sj_real,9950.0,L300,lane_0,552805.0967275805,4171750.6939441576,300.0,50.0,True
200.0,UAM01,sf_sj_real,10000.0,L300,lane_0,552819.8215032323,4171702.9624892613,300.0,50.0,True
201.0,UAM01,sf_sj_real,10050.0,L300,lane_0,552837.364290166,4171656.1410131357,300.0,50.0,True
202.0,UAM01,sf_sj_real,10100.0,L300,lane_0,552854.9070770995,4171609.3195370096,300.0,50.0,True
203.0,UAM01,sf_sj_real,10150.0,L300,lane_0,552872.7147013313,4171562.6106077614,300.0,50.0,True
204.0,UAM01,sf_sj_real,10200.0,L300,lane_0,552894.2465810062,4171517.4843608793,300.0,50.0,True
205.0,UAM01,sf_sj_real,10250.0,L300,lane_0,552915.778460681,4171472.358113997,300.0,50.0,True
206.0,UAM01,sf_sj_real,10300.0,L300,lane_0,552937.3103403557,4171427.231867115,300.0,50.0,True
207.0,UAM01,sf_sj_real,10350.0,L300,lane_0,552958.8422200306,4171382.105620233,300.0,50.0,True
208.0,UAM01,sf_sj_real,10400.0,L300,lane_0,552984.9514054912,4171339.4899079637,300.0,50.0,True
209.0,UAM01,sf_sj_real,10450.0,L300,lane_0,553011.9338314779,4171297.3987888913,300.0,50.0,True
210.0,UAM01,sf_sj_real,10500.0,L300,lane_0,553039.3213214971,4171255.5666793287,300.0,50.0,True
211.0,UAM01,sf_sj_real,10550.0,L300,lane_0,553066.9176140351,4171213.8733853884,300.0,50.0,True
212.0,UAM01,sf_sj_real,10600.0,L300,lane_0,553094.8921280556,4171172.4315398056,300.0,50.0,True
213.0,UAM01,sf_sj_real,10650.0,L300,lane_0,553122.848944647,4171130.9777640183,300.0,50.0,True
214.0,UAM01,sf_sj_real,10700.0,L300,lane_0,553150.7716094451,4171089.5009657987,300.0,50.0,True
215.0,UAM01,sf_sj_real,10750.0,L300,lane_0,553178.6942742432,4171048.0241675787,300.0,50.0,True
216.0,UAM01,sf_sj_real,10800.0,L300,lane_0,553206.6169390412,4171006.5473693586,300.0,50.0,True
217.0,UAM01,sf_sj_real,10850.0,L300,lane_0,553234.6274993933,4170965.130246143,300.0,50.0,True
218.0,UAM01,sf_sj_real,10900.0,L300,lane_0,553262.8749035418,4170923.87392349,300.0,50.0,True
219.0,UAM01,sf_sj_real,10950.0,L300,lane_0,553291.1223076902,4170882.6176008363,300.0,50.0,True
220.0,UAM01,sf_sj_real,11000.0,L300,lane_0,553319.3697118387,4170841.361278183,300.0,50.0,True
221.0,UAM01,sf_sj_real,11050.0,L300,lane_0,553347.4908482648,4170800.01939777,300.0,50.0,True
222.0,UAM01,sf_sj_real,11100.0,L300,lane_0,553375.337289761,4170758.4913867894,300.0,50.0,True
223.0,UAM01,sf_sj_real,11150.0,L300,lane_0,553403.1837312574,4170716.963375809,300.0,50.0,True
224.0,UAM01,sf_sj_real,11200.0,L300,lane_0,553431.0301727538,4170675.435364829,300.0,50.0,True
225.0,UAM01,sf_sj_real,11250.0,L300,lane_0,553458.8766142502,4170633.907353848,300.0,50.0,True
226.0,UAM01,sf_sj_real,11300.0,L300,lane_0,553486.7230557465,4170592.379342868,300.0,50.0,True
227.0,UAM01,sf_sj_real,11350.0,L300,lane_0,553514.5694972429,4170550.8513318873,300.0,50.0,True
228.0,UAM01,sf_sj_real,11400.0,L300,lane_0,553542.4159387393,4170509.323320907,300.0,50.0,True
229.0,UAM01,sf_sj_real,11450.0,L300,lane_0,553570.2623802357,4170467.7953099264,300.0,50.0,True
230.0,UAM01,sf_sj_real,11500.0,L300,lane_0,553598.108821732,4170426.267298946,300.0,50.0,True
231.0,UAM01,sf_sj_real,11550.0,L300,lane_0,553626.1933607428,4170384.90275816,300.0,50.0,True
232.0,UAM01,sf_sj_real,11600.0,L300,lane_0,553654.9442242683,4170343.9956946312,300.0,50.0,True
233.0,UAM01,sf_sj_real,11650.0,L300,lane_0,553683.695087794,4170303.088631103,300.0,50.0,True
234.0,UAM01,sf_sj_real,11700.0,L300,lane_0,553709.0877957235,4170260.1046783123,300.0,50.0,True
235.0,UAM01,sf_sj_real,11750.0,L300,lane_0,553732.8456146931,4170216.1096099773,300.0,50.0,True
236.0,UAM01,sf_sj_real,11800.0,L300,lane_0,553755.5123090595,4170171.54536756,300.0,50.0,True
237.0,UAM01,sf_sj_real,11850.0,L300,lane_0,553776.1100673279,4170126.1025285926,300.0,50.0,True
238.0,UAM01,sf_sj_real,11900.0,L300,lane_0,553791.8867874846,4170078.656821715,300.0,50.0,True
239.0,UAM01,sf_sj_real,11950.0,L300,lane_0,553802.5244006386,4170029.842991695,300.0,50.0,True
240.0,UAM01,sf_sj_real,12000.0,L300,lane_0,553813.112936593,4169980.982236847,300.0,50.0,True
241.0,UAM01,sf_sj_real,12050.0,L300,lane_0,553820.445856073,4169931.7955398466,300.0,50.0,True
242.0,UAM01,sf_sj_real,12100.0,L300,lane_0,553821.0911749443,4169881.7997043845,300.0,50.0,True
243.0,UAM01,sf_sj_real,12150.0,L300,lane_0,553821.7364938156,4169831.8038689224,300.0,50.0,True
244.0,UAM01,sf_sj_real,12200.0,L300,lane_0,553821.2495190379,4169781.8244197997,300.0,50.0,True
245.0,UAM01,sf_sj_real,12250.0,L300,lane_0,553819.1577128752,4169731.8681954932,300.0,50.0,True
246.0,UAM01,sf_sj_real,12300.0,L300,lane_0,553809.5061447623,4169682.915061745,300.0,50.0,True
247.0,UAM01,sf_sj_real,12350.0,L300,lane_0,553798.4486294109,4169634.155743523,300.0,50.0,True
248.0,UAM01,sf_sj_real,12400.0,L300,lane_0,553782.4790664094,4169586.7745968765,300.0,50.0,True
249.0,UAM01,sf_sj_real,12450.0,L300,lane_0,553766.5095034079,4169539.39345023,300.0,50.0,True
250.0,UAM01,sf_sj_real,12500.0,L300,lane_0,553743.5353130759,4169495.043323141,300.0,50.0,True
251.0,UAM01,sf_sj_real,12550.0,L300,lane_0,553719.9294874249,4169450.9665152333,300.0,50.0,True
252.0,UAM01,sf_sj_real,12600.0,L300,lane_0,553694.080150623,4169408.3258691523,300.0,50.0,True
253.0,UAM01,sf_sj_real,12650.0,L300,lane_0,553663.9349849939,4169368.4351560827,300.0,50.0,True
254.0,UAM01,sf_sj_real,12700.0,L300,lane_0,553633.7898193647,4169328.5444430136,300.0,50.0,True
255.0,UAM01,sf_sj_real,12750.0,L300,lane_0,553603.6446537356,4169288.653729944,300.0,50.0,True
256.0,UAM01,sf_sj_real,12800.0,L300,lane_0,553573.4994881063,4169248.7630168744,300.0,50.0,True
257.0,UAM01,sf_sj_real,12850.0,L300,lane_0,553543.3543224771,4169208.872303805,300.0,50.0,True
258.0,UAM01,sf_sj_real,12900.0,L300,lane_0,553513.0759662817,4169169.082715001,300.0,50.0,True
259.0,UAM01,sf_sj_real,12950.0,L300,lane_0,553482.7510845014,4169129.3284505126,300.0,50.0,True
260.0,UAM01,sf_sj_real,13000.0,L300,lane_0,553452.4262027211,4169089.5741860243,300.0,50.0,True
261.0,UAM01,sf_sj_real,13050.0,L300,lane_0,553422.432369295,4169049.570317449,300.0,50.0,True
262.0,UAM01,sf_sj_real,13100.0,L300,lane_0,553392.5549653524,4169009.478663285,300.0,50.0,True
263.0,UAM01,sf_sj_real,13150.0,L300,lane_0,553362.6775614097,4168969.38700912,300.0,50.0,True
264.0,UAM01,sf_sj_real,13200.0,L300,lane_0,553332.800157467,4168929.295354956,300.0,50.0,True
265.0,UAM01,sf_sj_real,13250.0,L300,lane_0,553302.9227535243,4168889.203700791,300.0,50.0,True
266.0,UAM01,sf_sj_real,13300.0,L300,lane_0,553272.840015191,4168849.2689697472,300.0,50.0,True
267.0,UAM01,sf_sj_real,13350.0,L300,lane_0,553242.000618355,4168809.9125013743,300.0,50.0,True
268.0,UAM01,sf_sj_real,13400.0,L300,lane_0,553211.4506795334,4168770.34070507,300.0,50.0,True
269.0,UAM01,sf_sj_real,13450.0,L300,lane_0,553182.6225055908,4168729.488087197,300.0,50.0,True
270.0,UAM01,sf_sj_real,13500.0,L300,lane_0,553153.794331648,4168688.635469323,300.0,50.0,True
271.0,UAM01,sf_sj_real,13550.0,L300,lane_0,553124.9661577053,4168647.7828514497,300.0,50.0,True
272.0,UAM01,sf_sj_real,13600.0,L300,lane_0,553094.3716349911,4168608.255099214,300.0,50.0,True
273.0,UAM01,sf_sj_real,13650.0,L300,lane_0,553063.2220612307,4168569.1436679624,300.0,50.0,True
274.0,UAM01,sf_sj_real,13700.0,L300,lane_0,553032.0724874703,4168530.032236711,300.0,50.0,True
275.0,UAM01,sf_sj_real,13750.0,L300,lane_0,553000.9229137099,4168490.9208054594,300.0,50.0,True
276.0,UAM01,sf_sj_real,13800.0,L300,lane_0,552969.7733399495,4168451.8093742076,300.0,50.0,True
277.0,UAM01,sf_sj_real,13850.0,L300,lane_0,552938.9313387052,4168412.4587548766,300.0,50.0,True
278.0,UAM01,sf_sj_real,13900.0,L300,lane_0,552908.6965687328,4168372.635913633,300.0,50.0,True
279.0,UAM01,sf_sj_real,13950.0,L300,lane_0,552878.4617987605,4168332.8130723895,300.0,50.0,True
280.0,UAM01,sf_sj_real,14000.0,L300,lane_0,552848.2633058303,4168292.9627555436,300.0,50.0,True
281.0,UAM01,sf_sj_real,14050.0,L300,lane_0,552818.1221299069,4168253.0690277913,300.0,50.0,True
282.0,UAM01,sf_sj_real,14100.0,L300,lane_0,552787.9809539834,4168213.1753000394,300.0,50.0,True
283.0,UAM01,sf_sj_real,14150.0,L300,lane_0,552757.83977806,4168173.2815722874,300.0,50.0,True
284.0,UAM01,sf_sj_real,14200.0,L300,lane_0,552727.6986021366,4168133.3878445355,300.0,50.0,True
285.0,UAM01,sf_sj_real,14250.0,L300,lane_0,552697.557426213,4168093.4941167836,300.0,50.0,True
286.0,UAM01,sf_sj_real,14300.0,L300,lane_0,552667.4162502897,4168053.600389031,300.0,50.0,True
287.0,UAM01,sf_sj_real,14350.0,L300,lane_0,552637.2750743662,4168013.7066612793,300.0,50.0,True
288.0,UAM01,sf_sj_real,14400.0,L300,lane_0,552607.1338984428,4167973.8129335274,300.0,50.0,True
289.0,UAM01,sf_sj_real,14450.0,L300,lane_0,552576.9927225193,4167933.9192057755,300.0,50.0,True
290.0,UAM01,sf_sj_real,14500.0,L300,lane_0,552548.2127257535,4167893.0413678596,300.0,50.0,True
291.0,UAM01,sf_sj_real,14550.0,L300,lane_0,552519.7772854738,4167851.914421266,300.0,50.0,True
292.0,UAM01,sf_sj_real,14600.0,L300,lane_0,552491.3418451941,4167810.787474673,300.0,50.0,True
293.0,UAM01,sf_sj_real,14650.0,L300,lane_0,552460.3654689898,4167774.5911889896,300.0,50.0,True
294.0,UAM01,sf_sj_real,14700.0,L300,lane_0,552428.876091488,4167735.7533640824,300.0,50.0,True
295.0,UAM01,sf_sj_real,14750.0,L300,lane_0,552397.3255790349,4167696.964639381,300.0,50.0,True
296.0,UAM01,sf_sj_real,14800.0,L300,lane_0,552367.6099749125,4167656.7550863293,300.0,50.0,True
297.0,UAM01,sf_sj_real,14850.0,L300,lane_0,552337.9538968492,4167616.4994403413,300.0,50.0,True
298.0,UAM01,sf_sj_real,14900.0,L300,lane_0,552308.4478166985,4167576.1346672936,300.0,50.0,True
299.0,UAM01,sf_sj_real,14950.0,L300,lane_0,552279.8211835127,4167535.1494398126,300.0,50.0,True
300.0,UAM01,sf_sj_real,15000.0,L300,lane_0,552252.2186402429,4167493.460747801,300.0,50.0,True
301.0,UAM01,sf_sj_real,15050.0,L300,lane_0,552225.4746889559,4167451.2143151755,300.0,50.0,True
302.0,UAM01,sf_sj_real,15100.0,L300,lane_0,552198.7307376688,4167408.967882551,300.0,50.0,True
303.0,UAM01,sf_sj_real,15150.0,L300,lane_0,552171.9867863818,4167366.7214499256,300.0,50.0,True
304.0,UAM01,sf_sj_real,15200.0,L300,lane_0,552145.2428350947,4167324.4750173003,300.0,50.0,True
305.0,UAM01,sf_sj_real,15250.0,L300,lane_0,552118.4988838077,4167282.228584675,300.0,50.0,True
306.0,UAM01,sf_sj_real,15300.0,L300,lane_0,552091.1985845256,4167240.346952996,300.0,50.0,True
307.0,UAM01,sf_sj_real,15350.0,L300,lane_0,552063.1156986391,4167198.9784683697,300.0,50.0,True
308.0,UAM01,sf_sj_real,15400.0,L300,lane_0,552035.0328127526,4167157.609983743,300.0,50.0,True
309.0,UAM01,sf_sj_real,15450.0,L300,lane_0,552010.6217420297,4167113.986513319,300.0,50.0,True
310.0,UAM01,sf_sj_real,15500.0,L300,lane_0,551986.4267131953,4167070.2303642686,300.0,50.0,True
311.0,UAM01,sf_sj_real,15550.0,L300,lane_0,551962.2316843609,4167026.4742152183,300.0,50.0,True
312.0,UAM01,sf_sj_real,15600.0,L300,lane_0,551938.4926162263,4166982.4772003675,300.0,50.0,True
313.0,UAM01,sf_sj_real,15650.0,L300,lane_0,551916.6671926205,4166937.518695389,300.0,50.0,True
314.0,UAM01,sf_sj_real,15700.0,L300,lane_0,551897.7436488447,4166891.2380353785,300.0,50.0,True
315.0,UAM01,sf_sj_real,15750.0,L300,lane_0,551878.820105069,4166844.9573753686,300.0,50.0,True
316.0,UAM01,sf_sj_real,15800.0,L300,lane_0,551860.2120780257,4166798.5618027365,300.0,50.0,True
317.0,UAM01,sf_sj_real,15850.0,L300,lane_0,551844.94001919,4166750.951255387,300.0,50.0,True
318.0,UAM01,sf_sj_real,15900.0,L300,lane_0,551830.4941896754,4166703.1138577703,300.0,50.0,True
319.0,UAM01,sf_sj_real,15950.0,L300,lane_0,551819.3138128202,4166654.379894527,300.0,50.0,True
320.0,UAM01,sf_sj_real,16000.0,L300,lane_0,551808.133435965,4166605.6459312844,300.0,50.0,True
321.0,UAM01,sf_sj_real,16050.0,L300,lane_0,551796.9530591099,4166556.911968041,300.0,50.0,True
322.0,UAM01,sf_sj_real,16100.0,L300,lane_0,551785.7726822547,4166508.178004798,300.0,50.0,True
323.0,UAM01,sf_sj_real,16150.0,L300,lane_0,551783.2788663224,4166458.2410419616,300.0,50.0,True
324.0,UAM01,sf_sj_real,16200.0,L300,lane_0,551780.7941572762,4166408.3028179146,300.0,50.0,True
325.0,UAM01,sf_sj_real,16250.0,L300,lane_0,551778.30944823,4166358.3645938677,300.0,50.0,True
326.0,UAM01,sf_sj_real,16300.0,L300,lane_0,551775.8247391836,4166308.426369821,300.0,50.0,True
327.0,UAM01,sf_sj_real,16350.0,L300,lane_0,551774.8559241581,4166258.4511065213,300.0,50.0,True
328.0,UAM01,sf_sj_real,16400.0,L300,lane_0,551774.8987497978,4166208.451124862,300.0,50.0,True
329.0,UAM01,sf_sj_real,16450.0,L300,lane_0,551774.9415754376,4166158.451143202,300.0,50.0,True
330.0,UAM01,sf_sj_real,16500.0,L300,lane_0,551775.1042118276,4166108.452802845,300.0,50.0,True
331.0,UAM01,sf_sj_real,16550.0,L300,lane_0,551776.4310570528,4166058.470411128,300.0,50.0,True
332.0,UAM01,sf_sj_real,16600.0,L300,lane_0,551777.6929848447,4166008.486482253,300.0,50.0,True
333.0,UAM01,sf_sj_real,16650.0,L300,lane_0,551778.7333324257,4165958.4973066556,300.0,50.0,True
334.0,UAM01,sf_sj_real,16700.0,L300,lane_0,551780.4466832291,4165908.5270352396,300.0,50.0,True
335.0,UAM01,sf_sj_real,16750.0,L300,lane_0,551780.893511457,4165858.539529855,300.0,50.0,True
336.0,UAM01,sf_sj_real,16800.0,L300,lane_0,551780.6721006072,4165808.540695543,300.0,50.0,True
337.0,UAM01,sf_sj_real,16850.0,L300,lane_0,551780.9848674764,4165758.5416737837,300.0,50.0,True
338.0,UAM01,sf_sj_real,16900.0,L300,lane_0,551782.033857357,4165708.561472455,300.0,50.0,True
339.0,UAM01,sf_sj_real,16950.0,L300,lane_0,551784.276128698,4165658.611775567,300.0,50.0,True
340.0,UAM01,sf_sj_real,17000.0,L300,lane_0,551786.518400039,4165608.6620786786,300.0,50.0,True
341.0,UAM01,sf_sj_real,17050.0,L300,lane_0,551788.536334627,4165558.703462306,300.0,50.0,True
342.0,UAM01,sf_sj_real,17100.0,L300,lane_0,551790.2668076514,4165508.7334166477,300.0,50.0,True
343.0,UAM01,sf_sj_real,17150.0,L300,lane_0,551791.9972806759,4165458.763370989,300.0,50.0,True
344.0,UAM01,sf_sj_real,17200.0,L300,lane_0,551793.5860168007,4165408.7904283544,300.0,50.0,True
345.0,UAM01,sf_sj_real,17250.0,L300,lane_0,551794.9959324452,4165358.826873853,300.0,50.0,True
346.0,UAM01,sf_sj_real,17300.0,L300,lane_0,551797.9131094159,4165308.91204561,300.0,50.0,True
347.0,UAM01,sf_sj_real,17350.0,L300,lane_0,551806.7475171668,4165259.7108020987,300.0,50.0,True
348.0,UAM01,sf_sj_real,17400.0,L300,lane_0,551815.8400467001,4165210.547085103,300.0,50.0,True
349.0,UAM01,sf_sj_real,17450.0,L300,lane_0,551831.4092671903,4165163.1612692093,300.0,50.0,True
350.0,UAM01,sf_sj_real,17500.0,L300,lane_0,551851.4520538629,4165117.3542096834,300.0,50.0,True
351.0,UAM01,sf_sj_real,17550.0,L300,lane_0,551871.4948405353,4165071.547150158,300.0,50.0,True
352.0,UAM01,sf_sj_real,17600.0,L300,lane_0,551892.3674806171,4165026.1142942673,300.0,50.0,True
353.0,UAM01,sf_sj_real,17650.0,L300,lane_0,551913.428888123,4164980.7665587794,300.0,50.0,True
354.0,UAM01,sf_sj_real,17700.0,L300,lane_0,551932.156327294,4164940.5937281675,300.0,50.0,True
355.0,UAM01,sf_sj_real,17750.0,L300,lane_0,551953.2458461493,4164895.2590626297,300.0,50.0,True
356.0,UAM01,sf_sj_real,17800.0,L300,lane_0,551974.3227367623,4164849.918521366,300.0,50.0,True
357.0,UAM01,sf_sj_real,17850.0,L300,lane_0,551995.3996273754,4164804.5779801025,300.0,50.0,True
358.0,UAM01,sf_sj_real,17900.0,L300,lane_0,552016.4765179885,4164759.2374388385,300.0,50.0,True
359.0,UAM01,sf_sj_real,17950.0,L300,lane_0,552037.5534086014,4164713.896897575,300.0,50.0,True
360.0,UAM01,sf_sj_real,18000.0,L300,lane_0,552058.9646002332,4164668.713817955,300.0,50.0,True
361.0,UAM01,sf_sj_real,18050.0,L300,lane_0,552080.4986630218,4164623.588612805,300.0,50.0,True
362.0,UAM01,sf_sj_real,18100.0,L300,lane_0,552102.0327258104,4164578.4634076552,300.0,50.0,True
363.0,UAM01,sf_sj_real,18150.0,L300,lane_0,552124.1256129417,4164533.6130875503,300.0,50.0,True
364.0,UAM01,sf_sj_real,18200.0,L300,lane_0,552146.7272959833,4164489.013043563,300.0,50.0,True
365.0,UAM01,sf_sj_real,18250.0,L300,lane_0,552169.328979025,4164444.4129995755,300.0,50.0,True
366.0,UAM01,sf_sj_real,18300.0,L300,lane_0,552192.3873771969,4164400.0560639817,300.0,50.0,True
367.0,UAM01,sf_sj_real,18350.0,L300,lane_0,552216.7638278877,4164356.400724655,300.0,50.0,True
368.0,UAM01,sf_sj_real,18400.0,L300,lane_0,552241.1402785786,4164312.7453853283,300.0,50.0,True
369.0,UAM01,sf_sj_real,18450.0,L300,lane_0,552266.8651662178,4164269.8800601065,300.0,50.0,True
370.0,UAM01,sf_sj_real,18500.0,L300,lane_0,552292.6321292028,4164227.030747177,300.0,50.0,True
371.0,UAM01,sf_sj_real,18550.0,L300,lane_0,552318.3990921879,4164184.1814342476,300.0,50.0,True
372.0,UAM01,sf_sj_real,18600.0,L300,lane_0,552342.9803558232,4164140.710917515,300.0,50.0,True
373.0,UAM01,sf_sj_real,18650.0,L300,lane_0,552363.5410870691,4164095.133989902,300.0,50.0,True
374.0,UAM01,sf_sj_real,18700.0,L300,lane_0,552384.1018183149,4164049.557062289,300.0,50.0,True
375.0,UAM01,sf_sj_real,18750.0,L300,lane_0,552403.1171713859,4164003.324078252,300.0,50.0,True
376.0,UAM01,sf_sj_real,18800.0,L300,lane_0,552421.6239777181,4163956.875201846,300.0,50.0,True
377.0,UAM01,sf_sj_real,18850.0,L300,lane_0,552445.228908311,4163912.872861194,300.0,50.0,True
378.0,UAM01,sf_sj_real,18900.0,L300,lane_0,552469.8863051042,4163869.375587907,300.0,50.0,True
379.0,UAM01,sf_sj_real,18950.0,L300,lane_0,552494.5437018975,4163825.8783146203,300.0,50.0,True
380.0,UAM01,sf_sj_real,19000.0,L300,lane_0,552519.2010986907,4163782.3810413335,300.0,50.0,True
381.0,UAM01,sf_sj_real,19050.0,L300,lane_0,552545.2545997412,4163739.705835275,300.0,50.0,True
382.0,UAM01,sf_sj_real,19100.0,L300,lane_0,552571.3042564782,4163697.0278300922,300.0,50.0,True
383.0,UAM01,sf_sj_real,19150.0,L300,lane_0,552597.2629473376,4163654.2943962393,300.0,50.0,True
384.0,UAM01,sf_sj_real,19200.0,L300,lane_0,552623.2216381971,4163611.5609623864,300.0,50.0,True
385.0,UAM01,sf_sj_real,19250.0,L300,lane_0,552649.1803290565,4163568.8275285335,300.0,50.0,True
386.0,UAM01,sf_sj_real,19300.0,L300,lane_0,552674.5528192358,4163525.745951086,300.0,50.0,True
387.0,UAM01,sf_sj_real,19350.0,L300,lane_0,552699.6548972236,4163482.5037762946,300.0,50.0,True
388.0,UAM01,sf_sj_real,19400.0,L300,lane_0,552726.2880072024,4163440.188628476,300.0,50.0,True
389.0,UAM01,sf_sj_real,19450.0,L300,lane_0,552752.9716433858,4163397.904073849,300.0,50.0,True
390.0,UAM01,sf_sj_real,19500.0,L300,lane_0,552779.0942817342,4163355.271078778,300.0,50.0,True
391.0,UAM01,sf_sj_real,19550.0,L300,lane_0,552805.1712598634,4163312.609723764,300.0,50.0,True
392.0,UAM01,sf_sj_real,19600.0,L300,lane_0,552831.6326298114,4163270.1862045703,300.0,50.0,True
393.0,UAM01,sf_sj_real,19650.0,L300,lane_0,552858.1709818171,4163227.8103166996,300.0,50.0,True
394.0,UAM01,sf_sj_real,19700.0,L300,lane_0,552884.7093338226,4163185.434428829,300.0,50.0,True
395.0,UAM01,sf_sj_real,19750.0,L300,lane_0,552910.2679150455,4163142.463383888,300.0,50.0,True
396.0,UAM01,sf_sj_real,19800.0,L300,lane_0,552935.6414345568,4163099.3799240966,300.0,50.0,True
397.0,UAM01,sf_sj_real,19850.0,L300,lane_0,552961.0149540681,4163056.296464305,300.0,50.0,True
398.0,UAM01,sf_sj_real,19900.0,L300,lane_0,552987.5176279093,4163013.9206544654,300.0,50.0,True
399.0,UAM01,sf_sj_real,19950.0,L300,lane_0,553015.2278347545,4162972.3016151134,300.0,50.0,True
400.0,UAM01,sf_sj_real,20000.0,L300,lane_0,553043.2816193217,4162930.926931581,300.0,50.0,True
401.0,UAM01,sf_sj_real,20050.0,L300,lane_0,553073.5016346569,4162891.0928924545,300.0,50.0,True
402.0,UAM01,sf_sj_real,20100.0,L300,lane_0,553104.8020835955,4162852.1066661677,300.0,50.0,True
403.0,UAM01,sf_sj_real,20150.0,L300,lane_0,553136.3064932337,4162813.2804871984,300.0,50.0,True
404.0,UAM01,sf_sj_real,20200.0,L300,lane_0,553167.8109028718,4162774.454308229,300.0,50.0,True
405.0,UAM01,sf_sj_real,20250.0,L300,lane_0,553199.3062990853,4162735.620888287,300.0,50.0,True
406.0,UAM01,sf_sj_real,20300.0,L300,lane_0,553230.4299640157,4162696.488836446,300.0,50.0,True
407.0,UAM01,sf_sj_real,20350.0,L300,lane_0,553261.5536289462,4162657.356784605,300.0,50.0,True
408.0,UAM01,sf_sj_real,20400.0,L300,lane_0,553293.9384212876,4162619.2641587127,300.0,50.0,True
409.0,UAM01,sf_sj_real,20450.0,L300,lane_0,553326.4068265643,4162581.2404469163,300.0,50.0,True
410.0,UAM01,sf_sj_real,20500.0,L300,lane_0,553358.802945224,4162543.155681081,300.0,50.0,True
411.0,UAM01,sf_sj_real,20550.0,L300,lane_0,553390.85908911,4162504.7837689687,300.0,50.0,True
412.0,UAM01,sf_sj_real,20600.0,L300,lane_0,553422.9152329961,4162466.4118568567,300.0,50.0,True
413.0,UAM01,sf_sj_real,20650.0,L300,lane_0,553454.6348461339,4162427.7617168454,300.0,50.0,True
414.0,UAM01,sf_sj_real,20700.0,L300,lane_0,553486.2965312249,4162389.063684632,300.0,50.0,True
415.0,UAM01,sf_sj_real,20750.0,L300,lane_0,553517.9582163158,4162350.365652418,300.0,50.0,True
416.0,UAM01,sf_sj_real,20800.0,L300,lane_0,553549.650163342,4162311.692454288,300.0,50.0,True
417.0,UAM01,sf_sj_real,20850.0,L300,lane_0,553581.4258369317,4162273.0879653273,300.0,50.0,True
418.0,UAM01,sf_sj_real,20900.0,L300,lane_0,553613.2015105215,4162234.4834763664,300.0,50.0,True
419.0,UAM01,sf_sj_real,20950.0,L300,lane_0,553644.9771841113,4162195.878987406,300.0,50.0,True
420.0,UAM01,sf_sj_real,21000.0,L300,lane_0,553676.752857701,4162157.274498445,300.0,50.0,True
421.0,UAM01,sf_sj_real,21050.0,L300,lane_0,553708.5285312907,4162118.6700094845,300.0,50.0,True
422.0,UAM01,sf_sj_real,21100.0,L300,lane_0,553740.0678691781,4162079.8725015405,300.0,50.0,True
423.0,UAM01,sf_sj_real,21150.0,L300,lane_0,553771.5474499066,4162041.0261890106,300.0,50.0,True
424.0,UAM01,sf_sj_real,21200.0,L300,lane_0,553803.0270306349,4162002.1798764807,300.0,50.0,True
425.0,UAM01,sf_sj_real,21250.0,L300,lane_0,553834.5066113634,4161963.333563951,300.0,50.0,True
426.0,UAM01,sf_sj_real,21300.0,L300,lane_0,553865.9861920917,4161924.487251421,300.0,50.0,True
427.0,UAM01,sf_sj_real,21350.0,L300,lane_0,553897.6671785845,4161885.8056481653,300.0,50.0,True
428.0,UAM01,sf_sj_real,21400.0,L300,lane_0,553929.4929545204,4161847.242453458,300.0,50.0,True
429.0,UAM01,sf_sj_real,21450.0,L300,lane_0,553961.3187304564,4161808.67925875,300.0,50.0,True
430.0,UAM01,sf_sj_real,21500.0,L300,lane_0,553993.1445063923,4161770.116064042,300.0,50.0,True
431.0,UAM01,sf_sj_real,21550.0,L300,lane_0,554024.6280472319,4161731.2746834937,300.0,50.0,True
432.0,UAM01,sf_sj_real,21600.0,L300,lane_0,554055.8761498966,4161692.241926995,300.0,50.0,True
433.0,UAM01,sf_sj_real,21650.0,L300,lane_0,554087.1242525614,4161653.209170497,300.0,50.0,True
434.0,UAM01,sf_sj_real,21700.0,L300,lane_0,554118.3723552261,4161614.1764139985,300.0,50.0,True
435.0,UAM01,sf_sj_real,21750.0,L300,lane_0,554149.0136863549,4161576.4502878343,300.0,50.0,True
436.0,UAM01,sf_sj_real,21800.0,L300,lane_0,554181.0016351339,4161538.021507826,300.0,50.0,True
437.0,UAM01,sf_sj_real,21850.0,L300,lane_0,554212.9895839129,4161499.592727818,300.0,50.0,True
438.0,UAM01,sf_sj_real,21900.0,L300,lane_0,554244.9775326919,4161461.16394781,300.0,50.0,True
439.0,UAM01,sf_sj_real,21950.0,L300,lane_0,554276.9654814709,4161422.735167802,300.0,50.0,True
440.0,UAM01,sf_sj_real,22000.0,L300,lane_0,554308.9534302499,4161384.3063877937,300.0,50.0,True
441.0,UAM01,sf_sj_real,22050.0,L300,lane_0,554340.941379029,4161345.8776077856,300.0,50.0,True
442.0,UAM01,sf_sj_real,22100.0,L300,lane_0,554374.3022442096,4161308.650453224,300.0,50.0,True
443.0,UAM01,sf_sj_real,22150.0,L300,lane_0,554408.1545829856,4161271.853453898,300.0,50.0,True
444.0,UAM01,sf_sj_real,22200.0,L300,lane_0,554444.6694818143,4161237.9133401588,300.0,50.0,True
445.0,UAM01,sf_sj_real,22250.0,L300,lane_0,554483.7561267011,4161206.732670001,300.0,50.0,True
446.0,UAM01,sf_sj_real,22300.0,L300,lane_0,554522.8427715881,4161175.5519998437,300.0,50.0,True
447.0,UAM01,sf_sj_real,22350.0,L300,lane_0,554562.3437017533,4161144.982914647,300.0,50.0,True
448.0,UAM01,sf_sj_real,22400.0,L300,lane_0,554605.798332668,4161120.2504450562,300.0,50.0,True
449.0,UAM01,sf_sj_real,22450.0,L300,lane_0,554649.2529635829,4161095.5179754654,300.0,50.0,True
450.0,UAM01,sf_sj_real,22500.0,L300,lane_0,554692.8571006671,4161071.0605896562,300.0,50.0,True
451.0,UAM01,sf_sj_real,22550.0,L300,lane_0,554737.2474977194,4161048.049882376,300.0,50.0,True
452.0,UAM01,sf_sj_real,22600.0,L300,lane_0,554781.6378947716,4161025.039175096,300.0,50.0,True
453.0,UAM01,sf_sj_real,22650.0,L300,lane_0,554826.028291824,4161002.0284678154,300.0,50.0,True
454.0,UAM01,sf_sj_real,22700.0,L300,lane_0,554870.4186888763,4160979.0177605352,300.0,50.0,True
455.0,UAM01,sf_sj_real,22750.0,L300,lane_0,554914.8090859286,4160956.007053255,300.0,50.0,True
456.0,UAM01,sf_sj_real,22800.0,L300,lane_0,554959.199482981,4160932.9963459745,300.0,50.0,True
457.0,UAM01,sf_sj_real,22850.0,L300,lane_0,555003.5898800333,4160909.9856386944,300.0,50.0,True
458.0,UAM01,sf_sj_real,22900.0,L300,lane_0,555047.9802770856,4160886.9749314142,300.0,50.0,True
459.0,UAM01,sf_sj_real,22950.0,L300,lane_0,555092.3706741378,4160863.964224134,300.0,50.0,True
460.0,UAM01,sf_sj_real,23000.0,L300,lane_0,555136.7610711902,4160840.9535168535,300.0,50.0,True
461.0,UAM01,sf_sj_real,23050.0,L300,lane_0,555181.1514682425,4160817.9428095734,300.0,50.0,True
462.0,UAM01,sf_sj_real,23100.0,L300,lane_0,555225.5418652948,4160794.9321022932,300.0,50.0,True
463.0,UAM01,sf_sj_real,23150.0,L300,lane_0,555269.9322623472,4160771.921395013,300.0,50.0,True
464.0,UAM01,sf_sj_real,23200.0,L300,lane_0,555314.2847051304,4160748.837718435,300.0,50.0,True
465.0,UAM01,sf_sj_real,23250.0,L300,lane_0,555358.6108084284,4160725.703402659,300.0,50.0,True
466.0,UAM01,sf_sj_real,23300.0,L300,lane_0,555402.9369117263,4160702.569086883,300.0,50.0,True
467.0,UAM01,sf_sj_real,23350.0,L300,lane_0,555447.2630150242,4160679.434771107,300.0,50.0,True
468.0,UAM01,sf_sj_real,23400.0,L300,lane_0,555491.5891183222,4160656.3004553313,300.0,50.0,True
469.0,UAM01,sf_sj_real,23450.0,L300,lane_0,555535.9152216202,4160633.1661395556,300.0,50.0,True
470.0,UAM01,sf_sj_real,23500.0,L300,lane_0,555580.2413249181,4160610.0318237795,300.0,50.0,True
471.0,UAM01,sf_sj_real,23550.0,L300,lane_0,555624.5674282161,4160586.8975080037,300.0,50.0,True
472.0,UAM01,sf_sj_real,23600.0,L300,lane_0,555668.8935315141,4160563.763192228,300.0,50.0,True
473.0,UAM01,sf_sj_real,23650.0,L300,lane_0,555713.2196348121,4160540.628876452,300.0,50.0,True
474.0,UAM01,sf_sj_real,23700.0,L300,lane_0,555757.54573811,4160517.494560676,300.0,50.0,True
475.0,UAM01,sf_sj_real,23750.0,L300,lane_0,555801.871841408,4160494.3602449,300.0,50.0,True
476.0,UAM01,sf_sj_real,23800.0,L300,lane_0,555846.2310798301,4160471.2895418974,300.0,50.0,True
477.0,UAM01,sf_sj_real,23850.0,L300,lane_0,555890.5943732188,4160448.2266236152,300.0,50.0,True
478.0,UAM01,sf_sj_real,23900.0,L300,lane_0,555934.9576666077,4160425.1637053327,300.0,50.0,True
479.0,UAM01,sf_sj_real,23950.0,L300,lane_0,555979.3209599965,4160402.1007870506,300.0,50.0,True
480.0,UAM01,sf_sj_real,24000.0,L300,lane_0,556023.6842533853,4160379.037868768,300.0,50.0,True
481.0,UAM01,sf_sj_real,24050.0,L300,lane_0,556068.0475467741,4160355.974950486,300.0,50.0,True
482.0,UAM01,sf_sj_real,24100.0,L300,lane_0,556112.4108401629,4160332.9120322033,300.0,50.0,True
483.0,UAM01,sf_sj_real,24150.0,L300,lane_0,556156.7741335517,4160309.849113921,300.0,50.0,True
484.0,UAM01,sf_sj_real,24200.0,L300,lane_0,556201.1374269405,4160286.7861956386,300.0,50.0,True
485.0,UAM01,sf_sj_real,24250.0,L300,lane_0,556245.5007203293,4160263.723277356,300.0,50.0,True
486.0,UAM01,sf_sj_real,24300.0,L300,lane_0,556289.448517576,4160240.071752887,300.0,50.0,True
487.0,UAM01,sf_sj_real,24350.0,L300,lane_0,556333.9248508607,4160217.22759001,300.0,50.0,True
488.0,UAM01,sf_sj_real,24400.0,L300,lane_0,556378.4011841454,4160194.3834271333,300.0,50.0,True
489.0,UAM01,sf_sj_real,24450.0,L300,lane_0,556422.8775174301,4160171.539264256,300.0,50.0,True
490.0,UAM01,sf_sj_real,24500.0,L300,lane_0,556467.3538507147,4160148.6951013794,300.0,50.0,True
491.0,UAM01,sf_sj_real,24550.0,L300,lane_0,556511.8301839995,4160125.8509385022,300.0,50.0,True
492.0,UAM01,sf_sj_real,24600.0,L300,lane_0,556556.3065172841,4160103.0067756255,300.0,50.0,True
493.0,UAM01,sf_sj_real,24650.0,L300,lane_0,556600.9503594608,4160080.4917449667,300.0,50.0,True
494.0,UAM01,sf_sj_real,24700.0,L300,lane_0,556645.5951229637,4160057.978524589,300.0,50.0,True
495.0,UAM01,sf_sj_real,24750.0,L300,lane_0,556690.2398864666,4160035.4653042117,300.0,50.0,True
496.0,UAM01,sf_sj_real,24800.0,L300,lane_0,556734.8846499695,4160012.952083834,300.0,50.0,True
497.0,UAM01,sf_sj_real,24850.0,L300,lane_0,556779.5294134724,4159990.4388634562,300.0,50.0,True
498.0,UAM01,sf_sj_real,24900.0,L300,lane_0,556824.1741769754,4159967.925643079,300.0,50.0,True
499.0,UAM01,sf_sj_real,24950.0,L300,lane_0,556868.365832851,4159944.5475885808,300.0,50.0,True
500.0,UAM01,sf_sj_real,25000.0,L300,lane_0,556912.289345005,4159920.657735503,300.0,50.0,True
501.0,UAM01,sf_sj_real,25050.0,L300,lane_0,556956.2128571587,4159896.7678824253,300.0,50.0,True
502.0,UAM01,sf_sj_real,25100.0,L300,lane_0,557000.1363693126,4159872.878029348,300.0,50.0,True
503.0,UAM01,sf_sj_real,25150.0,L300,lane_0,557044.0598814666,4159848.9881762704,300.0,50.0,True
504.0,UAM01,sf_sj_real,25200.0,L300,lane_0,557087.9833936205,4159825.0983231924,300.0,50.0,True
505.0,UAM01,sf_sj_real,25250.0,L300,lane_0,557132.2257658734,4159801.823395002,300.0,50.0,True
506.0,UAM01,sf_sj_real,25300.0,L300,lane_0,557177.0597419163,4159779.6893806304,300.0,50.0,True
507.0,UAM01,sf_sj_real,25350.0,L300,lane_0,557221.8937179589,4159757.555366259,300.0,50.0,True
508.0,UAM01,sf_sj_real,25400.0,L300,lane_0,557266.7276940016,4159735.4213518873,300.0,50.0,True
509.0,UAM01,sf_sj_real,25450.0,L300,lane_0,557311.5616700443,4159713.287337516,300.0,50.0,True
510.0,UAM01,sf_sj_real,25500.0,L300,lane_0,557355.965837654,4159690.318380901,300.0,50.0,True
511.0,UAM01,sf_sj_real,25550.0,L300,lane_0,557400.0303306141,4159666.6895751725,300.0,50.0,True
512.0,UAM01,sf_sj_real,25600.0,L300,lane_0,557444.0948235742,4159643.0607694434,300.0,50.0,True
513.0,UAM01,sf_sj_real,25650.0,L300,lane_0,557488.1593165343,4159619.431963715,300.0,50.0,True
514.0,UAM01,sf_sj_real,25700.0,L300,lane_0,557532.4671736062,4159596.26529378,300.0,50.0,True
515.0,UAM01,sf_sj_real,25750.0,L300,lane_0,557576.8813755818,4159573.3005672875,300.0,50.0,True
516.0,UAM01,sf_sj_real,25800.0,L300,lane_0,557621.2955775576,4159550.3358407957,300.0,50.0,True
517.0,UAM01,sf_sj_real,25850.0,L300,lane_0,557665.7097795333,4159527.3711143034,300.0,50.0,True
518.0,UAM01,sf_sj_real,25900.0,L300,lane_0,557710.123981509,4159504.406387811,300.0,50.0,True
519.0,UAM01,sf_sj_real,25950.0,L300,lane_0,557754.5381834848,4159481.441661319,300.0,50.0,True
520.0,UAM01,sf_sj_real,26000.0,L300,lane_0,557798.9523854605,4159458.476934827,300.0,50.0,True
521.0,UAM01,sf_sj_real,26050.0,L300,lane_0,557842.6714222525,4159435.0745789544,300.0,50.0,True
522.0,UAM01,sf_sj_real,26100.0,L300,lane_0,557887.3931341337,4159412.7147640046,300.0,50.0,True
523.0,UAM01,sf_sj_real,26150.0,L300,lane_0,557932.1252055159,4159390.375520735,300.0,50.0,True
524.0,UAM01,sf_sj_real,26200.0,L300,lane_0,557976.8572768981,4159368.0362774655,300.0,50.0,True
525.0,UAM01,sf_sj_real,26250.0,L300,lane_0,558021.5893482803,4159345.697034196,300.0,50.0,True
526.0,UAM01,sf_sj_real,26300.0,L300,lane_0,558065.9799883683,4159322.689703547,300.0,50.0,True
527.0,UAM01,sf_sj_real,26350.0,L300,lane_0,558110.2894679144,4159299.5235639815,300.0,50.0,True
528.0,UAM01,sf_sj_real,26400.0,L300,lane_0,558154.5989474604,4159276.357424416,300.0,50.0,True
529.0,UAM01,sf_sj_real,26450.0,L300,lane_0,558198.9084270064,4159253.1912848507,300.0,50.0,True
530.0,UAM01,sf_sj_real,26500.0,L300,lane_0,558243.0960048264,4159229.7940634647,300.0,50.0,True
531.0,UAM01,sf_sj_real,26550.0,L300,lane_0,558287.2335820382,4159206.302058913,300.0,50.0,True
532.0,UAM01,sf_sj_real,26600.0,L300,lane_0,558331.3711592501,4159182.810054361,300.0,50.0,True
533.0,UAM01,sf_sj_real,26650.0,L300,lane_0,558375.508736462,4159159.3180498094,300.0,50.0,True
534.0,UAM01,sf_sj_real,26700.0,L300,lane_0,558419.7389859111,4159136.001815893,300.0,50.0,True
535.0,UAM01,sf_sj_real,26750.0,L300,lane_0,558464.0590586031,4159112.855948949,300.0,50.0,True
536.0,UAM01,sf_sj_real,26800.0,L300,lane_0,558508.3791312951,4159089.7100820057,300.0,50.0,True
537.0,UAM01,sf_sj_real,26850.0,L300,lane_0,558552.6992039871,4159066.564215062,300.0,50.0,True
538.0,UAM01,sf_sj_real,26900.0,L300,lane_0,558597.0192766793,4159043.418348118,300.0,50.0,True
539.0,UAM01,sf_sj_real,26950.0,L300,lane_0,558641.3393493713,4159020.2724811747,300.0,50.0,True
540.0,UAM01,sf_sj_real,27000.0,L300,lane_0,558685.6594220633,4158997.126614231,300.0,50.0,True
541.0,UAM01,sf_sj_real,27050.0,L300,lane_0,558729.9794947553,4158973.980747287,300.0,50.0,True
542.0,UAM01,sf_sj_real,27100.0,L300,lane_0,558774.7976558752,4158951.842711364,300.0,50.0,True
543.0,UAM01,sf_sj_real,27150.0,L300,lane_0,558820.1044402976,4158930.6933547473,300.0,50.0,True
544.0,UAM01,sf_sj_real,27200.0,L300,lane_0,558864.9414871973,4158908.6700152424,300.0,50.0,True
545.0,UAM01,sf_sj_real,27250.0,L300,lane_0,558907.5781179584,4158882.55263181,300.0,50.0,True
546.0,UAM01,sf_sj_real,27300.0,L300,lane_0,558950.2147487195,4158856.4352483777,300.0,50.0,True
547.0,UAM01,sf_sj_real,27350.0,L300,lane_0,558992.5650419875,4158829.8587080864,300.0,50.0,True
548.0,UAM01,sf_sj_real,27400.0,L300,lane_0,559034.7782692941,4158803.062375495,300.0,50.0,True
549.0,UAM01,sf_sj_real,27450.0,L300,lane_0,559076.9914966008,4158776.2660429035,300.0,50.0,True
550.0,UAM01,sf_sj_real,27500.0,L300,lane_0,559114.1839545747,4158742.9814305906,300.0,50.0,True
551.0,UAM01,sf_sj_real,27550.0,L300,lane_0,559153.9787124189,4158712.709707017,300.0,50.0,True
552.0,UAM01,sf_sj_real,27600.0,L300,lane_0,559193.7508021925,4158682.4114724803,300.0,50.0,True
553.0,UAM01,sf_sj_real,27650.0,L300,lane_0,559229.836540844,4158647.8019439373,300.0,50.0,True
554.0,UAM01,sf_sj_real,27700.0,L300,lane_0,559265.9222794954,4158613.1924153944,300.0,50.0,True
555.0,UAM01,sf_sj_real,27750.0,L300,lane_0,559301.0210290203,4158577.593748822,300.0,50.0,True
556.0,UAM01,sf_sj_real,27800.0,L300,lane_0,559335.7089571543,4158541.583366405,300.0,50.0,True
557.0,UAM01,sf_sj_real,27850.0,L300,lane_0,559370.3968852883,4158505.572983989,300.0,50.0,True
558.0,UAM01,sf_sj_real,27900.0,L300,lane_0,559405.0848134222,4158469.5626015724,300.0,50.0,True
559.0,UAM01,sf_sj_real,27950.0,L300,lane_0,559438.5851693412,4158432.449646087,300.0,50.0,True
560.0,UAM01,sf_sj_real,28000.0,L300,lane_0,559471.925122019,4158395.187768042,300.0,50.0,True
561.0,UAM01,sf_sj_real,28050.0,L300,lane_0,559505.265074697,4158357.9258899973,300.0,50.0,True
562.0,UAM01,sf_sj_real,28100.0,L300,lane_0,559538.6050273749,4158320.6640119525,300.0,50.0,True
563.0,UAM01,sf_sj_real,28150.0,L300,lane_0,559570.9335470184,4158282.522376198,300.0,50.0,True
564.0,UAM01,sf_sj_real,28200.0,L300,lane_0,559603.2156651411,4158244.3403797923,300.0,50.0,True
565.0,UAM01,sf_sj_real,28250.0,L300,lane_0,559635.4977832638,4158206.1583833867,300.0,50.0,True
566.0,UAM01,sf_sj_real,28300.0,L300,lane_0,559667.7799013865,4158167.976386981,300.0,50.0,True
567.0,UAM01,sf_sj_real,28350.0,L300,lane_0,559701.3016561877,4158133.013859785,300.0,50.0,True
568.0,UAM01,sf_sj_real,28400.0,L300,lane_0,559734.6452278264,4158095.7555536022,300.0,50.0,True
569.0,UAM01,sf_sj_real,28450.0,L300,lane_0,559768.0988111735,4158058.5956590753,300.0,50.0,True
570.0,UAM01,sf_sj_real,28500.0,L300,lane_0,559801.5523945206,4158021.435764549,300.0,50.0,True
571.0,UAM01,sf_sj_real,28550.0,L300,lane_0,559835.0059778678,4157984.275870022,300.0,50.0,True
572.0,UAM01,sf_sj_real,28600.0,L300,lane_0,559867.8088771497,4157946.542111357,300.0,50.0,True
573.0,UAM01,sf_sj_real,28650.0,L300,lane_0,559900.4965827814,4157908.7067588344,300.0,50.0,True
574.0,UAM01,sf_sj_real,28700.0,L300,lane_0,559933.1842884131,4157870.8714063116,300.0,50.0,True
575.0,UAM01,sf_sj_real,28750.0,L300,lane_0,559965.8719940449,4157833.036053789,300.0,50.0,True
576.0,UAM01,sf_sj_real,28800.0,L300,lane_0,559998.6268246204,4157795.259054904,300.0,50.0,True
577.0,UAM01,sf_sj_real,28850.0,L300,lane_0,560031.5465144885,4157757.625372929,300.0,50.0,True
578.0,UAM01,sf_sj_real,28900.0,L300,lane_0,560064.4662043568,4157719.991690954,300.0,50.0,True
579.0,UAM01,sf_sj_real,28950.0,L300,lane_0,560097.3858942249,4157682.3580089794,300.0,50.0,True
580.0,UAM01,sf_sj_real,29000.0,L300,lane_0,560130.3055840931,4157644.7243270045,300.0,50.0,True
581.0,UAM01,sf_sj_real,29050.0,L300,lane_0,560163.2252739612,4157607.0906450297,300.0,50.0,True
582.0,UAM01,sf_sj_real,29100.0,L300,lane_0,560196.2289745803,4157569.5307027064,300.0,50.0,True
583.0,UAM01,sf_sj_real,29150.0,L300,lane_0,560229.2762298367,4157532.0089900587,300.0,50.0,True
584.0,UAM01,sf_sj_real,29200.0,L300,lane_0,560262.3234850933,4157494.487277411,300.0,50.0,True
585.0,UAM01,sf_sj_real,29250.0,L300,lane_0,560295.3572925209,4157456.953747245,300.0,50.0,True
586.0,UAM01,sf_sj_real,29300.0,L300,lane_0,560328.3206031396,4157419.358266758,300.0,50.0,True
587.0,UAM01,sf_sj_real,29350.0,L300,lane_0,560361.2839137581,4157381.762786271,300.0,50.0,True
588.0,UAM01,sf_sj_real,29400.0,L300,lane_0,560394.2472243768,4157344.167305784,300.0,50.0,True
589.0,UAM01,sf_sj_real,29450.0,L300,lane_0,560427.2105349954,4157306.5718252966,300.0,50.0,True
590.0,UAM01,sf_sj_real,29500.0,L300,lane_0,560460.173845614,4157268.9763448094,300.0,50.0,True
591.0,UAM01,sf_sj_real,29550.0,L300,lane_0,560492.875298133,4157231.1538321218,300.0,50.0,True
592.0,UAM01,sf_sj_real,29600.0,L300,lane_0,560525.4186129626,4157193.1942133154,300.0,50.0,True
593.0,UAM01,sf_sj_real,29650.0,L300,lane_0,560557.961927792,4157155.2345945095,300.0,50.0,True
594.0,UAM01,sf_sj_real,29700.0,L300,lane_0,560590.5052426216,4157117.2749757036,300.0,50.0,True
595.0,UAM01,sf_sj_real,29750.0,L300,lane_0,560623.0757562574,4157079.338714775,300.0,50.0,True
596.0,UAM01,sf_sj_real,29800.0,L300,lane_0,560655.683264624,4157041.434224301,300.0,50.0,True
597.0,UAM01,sf_sj_real,29850.0,L300,lane_0,560688.2907729906,4157003.5297338264,300.0,50.0,True
598.0,UAM01,sf_sj_real,29900.0,L300,lane_0,560720.8982813571,4156965.6252433523,300.0,50.0,True
599.0,UAM01,sf_sj_real,29950.0,L300,lane_0,560753.5057897237,4156927.7207528776,300.0,50.0,True
600.0,UAM01,sf_sj_real,30000.0,L300,lane_0,560785.922092043,4156889.6761939484,300.0,50.0,True
601.0,UAM01,sf_sj_real,30050.0,L300,lane_0,560812.2294864836,4156847.156539696,300.0,50.0,True
602.0,UAM01,sf_sj_real,30100.0,L300,lane_0,560838.5368809242,4156804.6368854437,300.0,50.0,True
603.0,UAM01,sf_sj_real,30150.0,L300,lane_0,560859.7495257292,4156759.427973807,300.0,50.0,True
604.0,UAM01,sf_sj_real,30200.0,L300,lane_0,560880.0137898007,4156713.7184605557,300.0,50.0,True
605.0,UAM01,sf_sj_real,30250.0,L300,lane_0,560900.2780538722,4156668.008947305,300.0,50.0,True
606.0,UAM01,sf_sj_real,30300.0,L300,lane_0,560919.7977852684,4156621.991274251,300.0,50.0,True
607.0,UAM01,sf_sj_real,30350.0,L300,lane_0,560937.7650737605,4156575.331049817,300.0,50.0,True
608.0,UAM01,sf_sj_real,30400.0,L300,lane_0,560955.7323622527,4156528.670825383,300.0,50.0,True
609.0,UAM01,sf_sj_real,30450.0,L300,lane_0,560973.6996507449,4156482.010600949,300.0,50.0,True
610.0,UAM01,sf_sj_real,30500.0,L300,lane_0,560983.6730363287,4156439.8663550876,300.0,50.0,True
611.0,UAM01,sf_sj_real,30550.0,L300,lane_0,561006.8484945475,4156395.632096923,300.0,50.0,True
612.0,UAM01,sf_sj_real,30600.0,L300,lane_0,561025.8542308828,4156349.3851296026,300.0,50.0,True
613.0,UAM01,sf_sj_real,30650.0,L300,lane_0,561045.0152806067,4156303.2064314066,300.0,50.0,True
614.0,UAM01,sf_sj_real,30700.0,L300,lane_0,561066.2376466317,4156257.9337997143,300.0,50.0,True
615.0,UAM01,sf_sj_real,30750.0,L300,lane_0,561088.5699734627,4156213.244269615,300.0,50.0,True
616.0,UAM01,sf_sj_real,30800.0,L300,lane_0,561113.8064324477,4156170.0803826507,300.0,50.0,True
617.0,UAM01,sf_sj_real,30850.0,L300,lane_0,561139.0428914328,4156126.916495686,300.0,50.0,True
618.0,UAM01,sf_sj_real,30900.0,L300,lane_0,561164.2793504179,4156083.752608721,300.0,50.0,True
619.0,UAM01,sf_sj_real,30950.0,L300,lane_0,561189.5345652974,4156040.6005599163,300.0,50.0,True
620.0,UAM01,sf_sj_real,31000.0,L300,lane_0,561217.6419212171,4155999.2486972837,300.0,50.0,True
621.0,UAM01,sf_sj_real,31050.0,L300,lane_0,561245.7492771368,4155957.896834651,300.0,50.0,True
622.0,UAM01,sf_sj_real,31100.0,L300,lane_0,561273.8566330565,4155916.5449720183,300.0,50.0,True
623.0,UAM01,sf_sj_real,31150.0,L300,lane_0,561301.9765479725,4155875.2016743175,300.0,50.0,True
624.0,UAM01,sf_sj_real,31200.0,L300,lane_0,561330.2116989102,4155833.9369648006,300.0,50.0,True
625.0,UAM01,sf_sj_real,31250.0,L300,lane_0,561358.4468498478,4155792.672255283,300.0,50.0,True
626.0,UAM01,sf_sj_real,31300.0,L300,lane_0,561386.6820007855,4155751.4075457663,300.0,50.0,True
627.0,UAM01,sf_sj_real,31350.0,L300,lane_0,561414.917151723,4155710.142836249,300.0,50.0,True
628.0,UAM01,sf_sj_real,31400.0,L300,lane_0,561443.1369198624,4155668.8676315383,300.0,50.0,True
629.0,UAM01,sf_sj_real,31450.0,L300,lane_0,561471.2607733035,4155627.5269872807,300.0,50.0,True
630.0,UAM01,sf_sj_real,31500.0,L300,lane_0,561499.3846267445,4155586.186343023,300.0,50.0,True
631.0,UAM01,sf_sj_real,31550.0,L300,lane_0,561527.670969918,4155544.9571137344,300.0,50.0,True
632.0,UAM01,sf_sj_real,31600.0,L300,lane_0,561556.0973062624,4155503.82387411,300.0,50.0,True
633.0,UAM01,sf_sj_real,31650.0,L300,lane_0,561584.5926965767,4155462.7385859867,300.0,50.0,True
634.0,UAM01,sf_sj_real,31700.0,L300,lane_0,561613.2036751732,4155421.7335630776,300.0,50.0,True
635.0,UAM01,sf_sj_real,31750.0,L300,lane_0,561641.2709727098,4155380.361264786,300.0,50.0,True
636.0,UAM01,sf_sj_real,31800.0,L300,lane_0,561668.6313349799,4155338.511407242,300.0,50.0,True
637.0,UAM01,sf_sj_real,31850.0,L300,lane_0,561689.7677748346,4155293.6394035853,300.0,50.0,True
638.0,UAM01,sf_sj_real,31900.0,L300,lane_0,561722.7827506969,4155256.9809355186,300.0,50.0,True
639.0,UAM01,sf_sj_real,31950.0,L300,lane_0,561751.8111757059,4155216.2703651288,300.0,50.0,True
640.0,UAM01,sf_sj_real,32000.0,L300,lane_0,561780.8396007149,4155175.5597947384,300.0,50.0,True
641.0,UAM01,sf_sj_real,32050.0,L300,lane_0,561809.6526887793,4155134.6994213797,300.0,50.0,True
642.0,UAM01,sf_sj_real,32100.0,L300,lane_0,561837.7277228987,4155093.32560769,300.0,50.0,True
643.0,UAM01,sf_sj_real,32150.0,L300,lane_0,561865.8027570181,4155051.951794001,300.0,50.0,True
644.0,UAM01,sf_sj_real,32200.0,L300,lane_0,561895.1886512588,4155011.5058146943,300.0,50.0,True
645.0,UAM01,sf_sj_real,32250.0,L300,lane_0,561924.875410318,4154971.2727892483,300.0,50.0,True
646.0,UAM01,sf_sj_real,32300.0,L300,lane_0,561955.022167937,4154931.38475201,300.0,50.0,True
647.0,UAM01,sf_sj_real,32350.0,L300,lane_0,561985.3323945481,4154891.619312709,300.0,50.0,True
648.0,UAM01,sf_sj_real,32400.0,L300,lane_0,562015.6527740607,4154851.8616261804,300.0,50.0,True
649.0,UAM01,sf_sj_real,32450.0,L300,lane_0,562046.0321397876,4154812.148981619,300.0,50.0,True
650.0,UAM01,sf_sj_real,32500.0,L300,lane_0,562076.4115055145,4154772.436337058,300.0,50.0,True
651.0,UAM01,sf_sj_real,32550.0,L300,lane_0,562106.3752909501,4154732.4133457877,300.0,50.0,True
652.0,UAM01,sf_sj_real,32600.0,L300,lane_0,562135.8266227086,4154692.0076647806,300.0,50.0,True
653.0,UAM01,sf_sj_real,32650.0,L300,lane_0,562165.3361298438,4154651.644669292,300.0,50.0,True
654.0,UAM01,sf_sj_real,32700.0,L300,lane_0,562195.0421143299,4154611.4258368164,300.0,50.0,True
655.0,UAM01,sf_sj_real,32750.0,L300,lane_0,562224.7480988158,4154571.2070043404,300.0,50.0,True
656.0,UAM01,sf_sj_real,32800.0,L300,lane_0,562255.501140685,4154531.824242813,300.0,50.0,True
657.0,UAM01,sf_sj_real,32850.0,L300,lane_0,562288.1487370598,4154493.954275148,300.0,50.0,True
658.0,UAM01,sf_sj_real,32900.0,L300,lane_0,562320.7963334345,4154456.084307483,300.0,50.0,True
659.0,UAM01,sf_sj_real,32950.0,L300,lane_0,562355.0122587923,4154419.6530512124,300.0,50.0,True
660.0,UAM01,sf_sj_real,33000.0,L300,lane_0,562389.9324511759,4154383.867856454,300.0,50.0,True
661.0,UAM01,sf_sj_real,33050.0,L300,lane_0,562424.9208950332,4154348.152032846,300.0,50.0,True
662.0,UAM01,sf_sj_real,33100.0,L300,lane_0,562461.269525797,4154313.8187102336,300.0,50.0,True
663.0,UAM01,sf_sj_real,33150.0,L300,lane_0,562497.6181565607,4154279.4853876214,300.0,50.0,True
664.0,UAM01,sf_sj_real,33200.0,L300,lane_0,562533.9667873245,4154245.1520650093,300.0,50.0,True
665.0,UAM01,sf_sj_real,33250.0,L300,lane_0,562570.5579664374,4154211.0851744222,300.0,50.0,True
666.0,UAM01,sf_sj_real,33300.0,L300,lane_0,562608.1442148102,4154178.11133732,300.0,50.0,True
667.0,UAM01,sf_sj_real,33350.0,L300,lane_0,562645.730463183,4154145.137500217,300.0,50.0,True
668.0,UAM01,sf_sj_real,33400.0,L300,lane_0,562683.3167115558,4154112.163663115,300.0,50.0,True
669.0,UAM01,sf_sj_real,33450.0,L300,lane_0,562720.9029599287,4154079.1898260126,300.0,50.0,True
670.0,UAM01,sf_sj_real,33500.0,L300,lane_0,562758.4892083015,4154046.21598891,300.0,50.0,True
671.0,UAM01,sf_sj_real,33550.0,L300,lane_0,562796.7592217404,4154014.0454135654,300.0,50.0,True
672.0,UAM01,sf_sj_real,33600.0,L300,lane_0,562835.3119876585,4153982.2070053127,300.0,50.0,True
673.0,UAM01,sf_sj_real,33650.0,L300,lane_0,562873.8647535766,4153950.3685970604,300.0,50.0,True
674.0,UAM01,sf_sj_real,33700.0,L300,lane_0,562912.4175194948,4153918.5301888078,300.0,50.0,True
675.0,UAM01,sf_sj_real,33750.0,L300,lane_0,562950.9702854129,4153886.691780555,300.0,50.0,True
676.0,UAM01,sf_sj_real,33800.0,L300,lane_0,562989.5230513309,4153854.8533723024,300.0,50.0,True
677.0,UAM01,sf_sj_real,33850.0,L300,lane_0,563027.8954148687,4153822.797948734,300.0,50.0,True
678.0,UAM01,sf_sj_real,33900.0,L300,lane_0,563066.2416461391,4153790.7110893154,300.0,50.0,True
679.0,UAM01,sf_sj_real,33950.0,L300,lane_0,563104.5878774095,4153758.6242298963,300.0,50.0,True
680.0,UAM01,sf_sj_real,34000.0,L300,lane_0,563142.9341086799,4153726.537370478,300.0,50.0,True
681.0,UAM01,sf_sj_real,34050.0,L300,lane_0,563181.2803399502,4153694.450511059,300.0,50.0,True
682.0,UAM01,sf_sj_real,34100.0,L300,lane_0,563219.6265712206,4153662.3636516402,300.0,50.0,True
683.0,UAM01,sf_sj_real,34150.0,L300,lane_0,563257.5101290822,4153629.756474172,300.0,50.0,True
684.0,UAM01,sf_sj_real,34200.0,L300,lane_0,563293.8590490397,4153595.4234577315,300.0,50.0,True
685.0,UAM01,sf_sj_real,34250.0,L300,lane_0,563330.2079689971,4153561.0904412908,300.0,50.0,True
686.0,UAM01,sf_sj_real,34300.0,L300,lane_0,563366.5568889546,4153526.7574248496,300.0,50.0,True
687.0,UAM01,sf_sj_real,34350.0,L300,lane_0,563402.905808912,4153492.424408409,300.0,50.0,True
688.0,UAM01,sf_sj_real,34400.0,L300,lane_0,563439.2547288694,4153458.091391968,300.0,50.0,True
689.0,UAM01,sf_sj_real,34450.0,L300,lane_0,563475.6036488268,4153423.7583755273,300.0,50.0,True
690.0,UAM01,sf_sj_real,34500.0,L300,lane_0,563511.9525687844,4153389.425359086,300.0,50.0,True
691.0,UAM01,sf_sj_real,34550.0,L300,lane_0,563548.3014887418,4153355.0923426454,300.0,50.0,True
692.0,UAM01,sf_sj_real,34600.0,L300,lane_0,563584.6504086992,4153320.7593262047,300.0,50.0,True
693.0,UAM01,sf_sj_real,34650.0,L300,lane_0,563620.9993286566,4153286.426309764,300.0,50.0,True
694.0,UAM01,sf_sj_real,34700.0,L300,lane_0,563655.8957915731,4153250.6268974817,300.0,50.0,True
695.0,UAM01,sf_sj_real,34750.0,L300,lane_0,563690.5743982269,4153214.607538235,300.0,50.0,True
696.0,UAM01,sf_sj_real,34800.0,L300,lane_0,563725.2530048807,4153178.588178988,300.0,50.0,True
697.0,UAM01,sf_sj_real,34850.0,L300,lane_0,563759.9316115347,4153142.5688197413,300.0,50.0,True
698.0,UAM01,sf_sj_real,34900.0,L300,lane_0,563794.6102181885,4153106.5494604944,300.0,50.0,True
699.0,UAM01,sf_sj_real,34950.0,L300,lane_0,563829.2888248423,4153070.5301012476,300.0,50.0,True
700.0,UAM01,sf_sj_real,35000.0,L300,lane_0,563863.9674314961,4153034.510742001,300.0,50.0,True
701.0,UAM01,sf_sj_real,35050.0,L300,lane_0,563898.64603815,4152998.4913827544,300.0,50.0,True
702.0,UAM01,sf_sj_real,35100.0,L300,lane_0,563933.3246448038,4152962.4720235076,300.0,50.0,True
703.0,UAM01,sf_sj_real,35150.0,L300,lane_0,563968.0032514576,4152926.4526642608,300.0,50.0,True
704.0,UAM01,sf_sj_real,35200.0,L300,lane_0,564001.3430108387,4152901.672492023,300.0,50.0,True
705.0,UAM01,sf_sj_real,35250.0,L300,lane_0,564036.0864125186,4152865.7156284265,300.0,50.0,True
706.0,UAM01,sf_sj_real,35300.0,L300,lane_0,564070.8298141985,4152829.75876483,300.0,50.0,True
707.0,UAM01,sf_sj_real,35350.0,L300,lane_0,564105.5732158783,4152793.801901233,300.0,50.0,True
708.0,UAM01,sf_sj_real,35400.0,L300,lane_0,564140.3166175582,4152757.8450376363,300.0,50.0,True
709.0,UAM01,sf_sj_real,35450.0,L300,lane_0,564175.0600192382,4152721.88817404,300.0,50.0,True
710.0,UAM01,sf_sj_real,35500.0,L300,lane_0,564209.8034209181,4152685.931310443,300.0,50.0,True
711.0,UAM01,sf_sj_real,35550.0,L300,lane_0,564244.546822598,4152649.9744468466,300.0,50.0,True
712.0,UAM01,sf_sj_real,35600.0,L300,lane_0,564279.2902242778,4152614.0175832496,300.0,50.0,True
713.0,UAM01,sf_sj_real,35650.0,L300,lane_0,564314.0336259577,4152578.060719653,300.0,50.0,True
714.0,UAM01,sf_sj_real,35700.0,L300,lane_0,564348.7770276376,4152542.1038560565,300.0,50.0,True
715.0,UAM01,sf_sj_real,35750.0,L300,lane_0,564384.7889076599,4152507.460166311,300.0,50.0,True
716.0,UAM01,sf_sj_real,35800.0,L300,lane_0,564421.9268703543,4152473.982237359,300.0,50.0,True
717.0,UAM01,sf_sj_real,35850.0,L300,lane_0,564459.0648330488,4152440.504308407,300.0,50.0,True
718.0,UAM01,sf_sj_real,35900.0,L300,lane_0,564496.2027957434,4152407.0263794553,300.0,50.0,True
719.0,UAM01,sf_sj_real,35950.0,L300,lane_0,564533.3407584378,4152373.5484505035,300.0,50.0,True
720.0,UAM01,sf_sj_real,36000.0,L300,lane_0,564570.2886209303,4152339.861278132,300.0,50.0,True
721.0,UAM01,sf_sj_real,36050.0,L300,lane_0,564607.1654229425,4152306.0958894426,300.0,50.0,True
722.0,UAM01,sf_sj_real,36100.0,L300,lane_0,564644.0422249547,4152272.330500753,300.0,50.0,True
723.0,UAM01,sf_sj_real,36150.0,L300,lane_0,564680.9190269669,4152238.5651120637,300.0,50.0,True
724.0,UAM01,sf_sj_real,36200.0,L300,lane_0,564717.6429366914,4152204.645486294,300.0,50.0,True
725.0,UAM01,sf_sj_real,36250.0,L300,lane_0,564751.7299610993,4152168.065781989,300.0,50.0,True
726.0,UAM01,sf_sj_real,36300.0,L300,lane_0,564785.8169855073,4152131.4860776844,300.0,50.0,True
727.0,UAM01,sf_sj_real,36350.0,L300,lane_0,564819.9040099153,4152094.90637338,300.0,50.0,True
728.0,UAM01,sf_sj_real,36400.0,L300,lane_0,564853.9910343232,4152058.3266690755,300.0,50.0,True
729.0,UAM01,sf_sj_real,36450.0,L300,lane_0,564888.0780587312,4152021.746964771,300.0,50.0,True
730.0,UAM01,sf_sj_real,36500.0,L300,lane_0,564922.1650831391,4151985.167260466,300.0,50.0,True
731.0,UAM01,sf_sj_real,36550.0,L300,lane_0,564956.2521075471,4151948.5875561615,300.0,50.0,True
732.0,UAM01,sf_sj_real,36600.0,L300,lane_0,564990.339131955,4151912.007851857,300.0,50.0,True
733.0,UAM01,sf_sj_real,36650.0,L300,lane_0,565024.426156363,4151875.4281475525,300.0,50.0,True
734.0,UAM01,sf_sj_real,36700.0,L300,lane_0,565058.513180771,4151838.848443248,300.0,50.0,True
735.0,UAM01,sf_sj_real,36750.0,L300,lane_0,565092.600205179,4151802.268738943,300.0,50.0,True
736.0,UAM01,sf_sj_real,36800.0,L300,lane_0,565126.6872295869,4151765.689034639,300.0,50.0,True
737.0,UAM01,sf_sj_real,36850.0,L300,lane_0,565160.7742539948,4151729.1093303342,300.0,50.0,True
738.0,UAM01,sf_sj_real,36900.0,L300,lane_0,565194.8612784029,4151692.5296260295,300.0,50.0,True
739.0,UAM01,sf_sj_real,36950.0,L300,lane_0,565228.9483028108,4151655.949921725,300.0,50.0,True
740.0,UAM01,sf_sj_real,37000.0,L300,lane_0,565263.0353272187,4151619.37021742,300.0,50.0,True
741.0,UAM01,sf_sj_real,37050.0,L300,lane_0,565297.1223516266,4151582.790513116,300.0,50.0,True
742.0,UAM01,sf_sj_real,37100.0,L300,lane_0,565331.2093760347,4151546.2108088112,300.0,50.0,True
743.0,UAM01,sf_sj_real,37150.0,L300,lane_0,565365.2964004426,4151509.6311045066,300.0,50.0,True
744.0,UAM01,sf_sj_real,37200.0,L300,lane_0,565395.4836664619,4151475.010651191,300.0,50.0,True
745.0,UAM01,sf_sj_real,37250.0,L300,lane_0,565430.077438456,4151438.9259276995,300.0,50.0,True
746.0,UAM01,sf_sj_real,37300.0,L300,lane_0,565463.7708637614,4151401.983362938,300.0,50.0,True
747.0,UAM01,sf_sj_real,37350.0,L300,lane_0,565497.464289067,4151365.0407981756,300.0,50.0,True
748.0,UAM01,sf_sj_real,37400.0,L300,lane_0,565531.117303196,4151328.0618806737,300.0,50.0,True
749.0,UAM01,sf_sj_real,37450.0,L300,lane_0,565564.3011755404,4151290.660936618,300.0,50.0,True
750.0,UAM01,sf_sj_real,37500.0,L300,lane_0,565597.4850478849,4151253.259992563,300.0,50.0,True
751.0,UAM01,sf_sj_real,37550.0,L300,lane_0,565630.8683430149,4151216.0409580786,300.0,50.0,True
752.0,UAM01,sf_sj_real,37600.0,L300,lane_0,565665.0702298443,4151179.568626959,300.0,50.0,True
753.0,UAM01,sf_sj_real,37650.0,L300,lane_0,565699.2721166736,4151143.096295839,300.0,50.0,True
754.0,UAM01,sf_sj_real,37700.0,L300,lane_0,565733.474003503,4151106.6239647195,300.0,50.0,True
755.0,UAM01,sf_sj_real,37750.0,L300,lane_0,565767.7082160257,4151070.1819854607,300.0,50.0,True
756.0,UAM01,sf_sj_real,37800.0,L300,lane_0,565801.9562496307,4151033.752983358,300.0,50.0,True
757.0,UAM01,sf_sj_real,37850.0,L300,lane_0,565836.2042832356,4150997.3239812553,300.0,50.0,True
758.0,UAM01,sf_sj_real,37900.0,L300,lane_0,565870.459994339,4150960.902212579,300.0,50.0,True
759.0,UAM01,sf_sj_real,37950.0,L300,lane_0,565904.7863110785,4150924.546965652,300.0,50.0,True
760.0,UAM01,sf_sj_real,38000.0,L300,lane_0,565939.1126278179,4150888.191718725,300.0,50.0,True
761.0,UAM01,sf_sj_real,38050.0,L300,lane_0,565973.4389445574,4150851.8364717984,300.0,50.0,True
762.0,UAM01,sf_sj_real,38100.0,L300,lane_0,566007.7652612969,4150815.4812248717,300.0,50.0,True
763.0,UAM01,sf_sj_real,38150.0,L300,lane_0,566042.0915780363,4150779.125977945,300.0,50.0,True
764.0,UAM01,sf_sj_real,38200.0,L300,lane_0,566076.4178947759,4150742.7707310184,300.0,50.0,True
765.0,UAM01,sf_sj_real,38250.0,L300,lane_0,566110.6555609918,4150706.3328542183,300.0,50.0,True
766.0,UAM01,sf_sj_real,38300.0,L300,lane_0,566144.5108592322,4150669.538577747,300.0,50.0,True
767.0,UAM01,sf_sj_real,38350.0,L300,lane_0,566178.3661574726,4150632.7443012754,300.0,50.0,True
768.0,UAM01,sf_sj_real,38400.0,L300,lane_0,566212.2214557129,4150595.950024804,300.0,50.0,True
769.0,UAM01,sf_sj_real,38450.0,L300,lane_0,566246.0767539532,4150559.1557483324,300.0,50.0,True
770.0,UAM01,sf_sj_real,38500.0,L300,lane_0,566279.9320521937,4150522.361471861,300.0,50.0,True
771.0,UAM01,sf_sj_real,38550.0,L300,lane_0,566313.7773764705,4150485.5580291497,300.0,50.0,True
772.0,UAM01,sf_sj_real,38600.0,L300,lane_0,566347.588502823,4150448.7231579707,300.0,50.0,True
773.0,UAM01,sf_sj_real,38650.0,L300,lane_0,566381.3996291755,4150411.8882867917,300.0,50.0,True
774.0,UAM01,sf_sj_real,38700.0,L300,lane_0,566415.2107555281,4150375.0534156123,300.0,50.0,True
775.0,UAM01,sf_sj_real,38750.0,L300,lane_0,566449.0218818806,4150338.2185444334,300.0,50.0,True
776.0,UAM01,sf_sj_real,38800.0,L300,lane_0,566482.8411765579,4150301.3911814475,300.0,50.0,True
777.0,UAM01,sf_sj_real,38850.0,L300,lane_0,566516.7031401519,4150264.603039043,300.0,50.0,True
778.0,UAM01,sf_sj_real,38900.0,L300,lane_0,566550.5651037458,4150227.8148966385,300.0,50.0,True
779.0,UAM01,sf_sj_real,38950.0,L300,lane_0,566584.4270673398,4150191.0267542345,300.0,50.0,True
780.0,UAM01,sf_sj_real,39000.0,L300,lane_0,566618.2890309336,4150154.23861183,300.0,50.0,True
781.0,UAM01,sf_sj_real,39050.0,L300,lane_0,566652.1509945276,4150117.4504694254,300.0,50.0,True
782.0,UAM01,sf_sj_real,39100.0,L300,lane_0,566686.9723838692,4150081.5700916573,300.0,50.0,True
783.0,UAM01,sf_sj_real,39150.0,L300,lane_0,566721.8319050319,4150045.7257924685,300.0,50.0,True
784.0,UAM01,sf_sj_real,39200.0,L300,lane_0,566756.6914261946,4150009.88149328,300.0,50.0,True
785.0,UAM01,sf_sj_real,39250.0,L300,lane_0,566791.5509473573,4149974.037194092,300.0,50.0,True
786.0,UAM01,sf_sj_real,39300.0,L300,lane_0,566826.4104685199,4149938.1928949035,300.0,50.0,True
787.0,UAM01,sf_sj_real,39350.0,L300,lane_0,566861.2699896826,4149902.348595715,300.0,50.0,True
788.0,UAM01,sf_sj_real,39400.0,L300,lane_0,566899.1450093711,4149869.762794817,300.0,50.0,True
789.0,UAM01,sf_sj_real,39450.0,L300,lane_0,566937.5781901042,4149837.7801335966,300.0,50.0,True
790.0,UAM01,sf_sj_real,39500.0,L300,lane_0,566976.0113708373,4149805.797472376,300.0,50.0,True
791.0,UAM01,sf_sj_real,39550.0,L300,lane_0,567014.4445515706,4149773.8148111557,300.0,50.0,True
792.0,UAM01,sf_sj_real,39600.0,L300,lane_0,567053.0956663331,4149742.1025093514,300.0,50.0,True
793.0,UAM01,sf_sj_real,39650.0,L300,lane_0,567092.5080660963,4149711.334624392,300.0,50.0,True
794.0,UAM01,sf_sj_real,39700.0,L300,lane_0,567131.9204658596,4149680.566739432,300.0,50.0,True
795.0,UAM01,sf_sj_real,39750.0,L300,lane_0,567171.332865623,4149649.798854472,300.0,50.0,True
796.0,UAM01,sf_sj_real,39800.0,L300,lane_0,567210.7452653862,4149619.0309695126,300.0,50.0,True
797.0,UAM01,sf_sj_real,39850.0,L300,lane_0,567250.1656015635,4149588.273263713,300.0,50.0,True
798.0,UAM01,sf_sj_real,39900.0,L300,lane_0,567289.6159308008,4149557.554026693,300.0,50.0,True
799.0,UAM01,sf_sj_real,39950.0,L300,lane_0,567329.0662600382,4149526.834789674,300.0,50.0,True
800.0,UAM01,sf_sj_real,40000.0,L300,lane_0,567368.5165892754,4149496.115552654,300.0,50.0,True
801.0,UAM01,sf_sj_real,40050.0,L300,lane_0,567407.9669185127,4149465.3963156343,300.0,50.0,True
802.0,UAM01,sf_sj_real,40100.0,L300,lane_0,567447.3990740177,4149434.653796518,300.0,50.0,True
803.0,UAM01,sf_sj_real,40150.0,L300,lane_0,567486.7764250962,4149403.8410682706,300.0,50.0,True
804.0,UAM01,sf_sj_real,40200.0,L300,lane_0,567526.1537761748,4149373.0283400235,300.0,50.0,True
805.0,UAM01,sf_sj_real,40250.0,L300,lane_0,567565.5311272534,4149342.2156117763,300.0,50.0,True
806.0,UAM01,sf_sj_real,40300.0,L300,lane_0,567604.908478332,4149311.402883529,300.0,50.0,True
807.0,UAM01,sf_sj_real,40350.0,L300,lane_0,567644.2636719317,4149280.561953459,300.0,50.0,True
808.0,UAM01,sf_sj_real,40400.0,L300,lane_0,567683.5194878277,4149249.5945364158,300.0,50.0,True
809.0,UAM01,sf_sj_real,40450.0,L300,lane_0,567722.7753037236,4149218.627119372,300.0,50.0,True
810.0,UAM01,sf_sj_real,40500.0,L300,lane_0,567762.0311196196,4149187.6597023285,300.0,50.0,True
811.0,UAM01,sf_sj_real,40550.0,L300,lane_0,567801.2869355156,4149156.6922852853,300.0,50.0,True
812.0,UAM01,sf_sj_real,40600.0,L300,lane_0,567840.5427514114,4149125.7248682417,300.0,50.0,True
813.0,UAM01,sf_sj_real,40650.0,L300,lane_0,567880.2715739458,4149095.3674100037,300.0,50.0,True
814.0,UAM01,sf_sj_real,40700.0,L300,lane_0,567920.1447988995,4149065.221921683,300.0,50.0,True
815.0,UAM01,sf_sj_real,40750.0,L300,lane_0,567959.8061473967,4149034.7756175497,300.0,50.0,True
816.0,UAM01,sf_sj_real,40800.0,L300,lane_0,567999.1784230652,4149003.957394711,300.0,50.0,True
817.0,UAM01,sf_sj_real,40850.0,L300,lane_0,568038.4711633802,4148973.0368423467,300.0,50.0,True
818.0,UAM01,sf_sj_real,40900.0,L300,lane_0,568077.7639036952,4148942.1162899816,300.0,50.0,True
819.0,UAM01,sf_sj_real,40950.0,L300,lane_0,568117.0566440101,4148911.195737617,300.0,50.0,True
820.0,UAM01,sf_sj_real,41000.0,L300,lane_0,568156.3493843251,4148880.2751852525,300.0,50.0,True
821.0,UAM01,sf_sj_real,41050.0,L300,lane_0,568195.835255314,4148849.6035233294,300.0,50.0,True
822.0,UAM01,sf_sj_real,41100.0,L300,lane_0,568235.5452004287,4148819.2206291454,300.0,50.0,True
823.0,UAM01,sf_sj_real,41150.0,L300,lane_0,568275.2551455435,4148788.8377349614,300.0,50.0,True
824.0,UAM01,sf_sj_real,41200.0,L300,lane_0,568314.9650906582,4148758.4548407774,300.0,50.0,True
825.0,UAM01,sf_sj_real,41250.0,L300,lane_0,568354.6750357728,4148728.071946594,300.0,50.0,True
826.0,UAM01,sf_sj_real,41300.0,L300,lane_0,568394.3849808875,4148697.68905241,300.0,50.0,True
827.0,UAM01,sf_sj_real,41350.0,L300,lane_0,568434.164189594,4148667.3969741273,300.0,50.0,True
828.0,UAM01,sf_sj_real,41400.0,L300,lane_0,568473.96754636,4148637.1365579013,300.0,50.0,True
829.0,UAM01,sf_sj_real,41450.0,L300,lane_0,568513.770903126,4148606.8761416757,300.0,50.0,True
830.0,UAM01,sf_sj_real,41500.0,L300,lane_0,568553.574259892,4148576.6157254498,300.0,50.0,True
831.0,UAM01,sf_sj_real,41550.0,L300,lane_0,568593.2358018373,4148546.1725714696,300.0,50.0,True
832.0,UAM01,sf_sj_real,41600.0,L300,lane_0,568632.4296164236,4148515.1267199246,300.0,50.0,True
833.0,UAM01,sf_sj_real,41650.0,L300,lane_0,568671.6234310099,4148484.080868379,300.0,50.0,True
834.0,UAM01,sf_sj_real,41700.0,L300,lane_0,568710.8172455962,4148453.035016834,300.0,50.0,True
835.0,UAM01,sf_sj_real,41750.0,L300,lane_0,568750.0110601825,4148421.9891652884,300.0,50.0,True
836.0,UAM01,sf_sj_real,41800.0,L300,lane_0,568789.3169430072,4148391.08617573,300.0,50.0,True
837.0,UAM01,sf_sj_real,41850.0,L300,lane_0,568828.8023443617,4148360.4120322233,300.0,50.0,True
838.0,UAM01,sf_sj_real,41900.0,L300,lane_0,568868.2877457163,4148329.7378887166,300.0,50.0,True
839.0,UAM01,sf_sj_real,41950.0,L300,lane_0,568907.7731470708,4148299.06374521,300.0,50.0,True
840.0,UAM01,sf_sj_real,42000.0,L300,lane_0,568946.8455497089,4148267.8692736826,300.0,50.0,True
841.0,UAM01,sf_sj_real,42050.0,L300,lane_0,568985.6818393329,4148236.37732855,300.0,50.0,True
842.0,UAM01,sf_sj_real,42100.0,L300,lane_0,569024.5181289569,4148204.8853834174,300.0,50.0,True
843.0,UAM01,sf_sj_real,42150.0,L300,lane_0,569063.3544185809,4148173.3934382848,300.0,50.0,True
844.0,UAM01,sf_sj_real,42200.0,L300,lane_0,569102.7002863501,4148142.547023361,300.0,50.0,True
845.0,UAM01,sf_sj_real,42250.0,L300,lane_0,569142.3485471865,4148112.083677966,300.0,50.0,True
846.0,UAM01,sf_sj_real,42300.0,L300,lane_0,569181.9334882232,4148081.53837514,300.0,50.0,True
847.0,UAM01,sf_sj_real,42350.0,L300,lane_0,569221.4185572423,4148050.863803838,300.0,50.0,True
848.0,UAM01,sf_sj_real,42400.0,L300,lane_0,569260.9036262614,4148020.189232536,300.0,50.0,True
849.0,UAM01,sf_sj_real,42450.0,L300,lane_0,569300.3886952804,4147989.5146612343,300.0,50.0,True
850.0,UAM01,sf_sj_real,42500.0,L300,lane_0,569339.8737642994,4147958.840089932,300.0,50.0,True
851.0,UAM01,sf_sj_real,42550.0,L300,lane_0,569379.3588333186,4147928.1655186303,300.0,50.0,True
852.0,UAM01,sf_sj_real,42600.0,L300,lane_0,569418.9274994254,4147897.599598306,300.0,50.0,True
853.0,UAM01,sf_sj_real,42650.0,L300,lane_0,569458.6971225808,4147867.2948614806,300.0,50.0,True
854.0,UAM01,sf_sj_real,42700.0,L300,lane_0,569498.4667457363,4147836.990124655,300.0,50.0,True
855.0,UAM01,sf_sj_real,42750.0,L300,lane_0,569538.2363688918,4147806.6853878293,300.0,50.0,True
856.0,UAM01,sf_sj_real,42800.0,L300,lane_0,569577.581230259,4147775.831748094,300.0,50.0,True
857.0,UAM01,sf_sj_real,42850.0,L300,lane_0,569616.8954069614,4147744.938455777,300.0,50.0,True
858.0,UAM01,sf_sj_real,42900.0,L300,lane_0,569656.2095836638,4147714.045163459,300.0,50.0,True
859.0,UAM01,sf_sj_real,42950.0,L300,lane_0,569695.5237603663,4147683.151871142,300.0,50.0,True
860.0,UAM01,sf_sj_real,43000.0,L300,lane_0,569734.8379370687,4147652.2585788243,300.0,50.0,True
861.0,UAM01,sf_sj_real,43050.0,L300,lane_0,569774.5098509748,4147621.827832232,300.0,50.0,True
862.0,UAM01,sf_sj_real,43100.0,L300,lane_0,569814.2957103779,4147591.5444144662,300.0,50.0,True
863.0,UAM01,sf_sj_real,43150.0,L300,lane_0,569854.0815697808,4147561.2609967007,300.0,50.0,True
864.0,UAM01,sf_sj_real,43200.0,L300,lane_0,569893.8674291838,4147530.977578935,300.0,50.0,True
865.0,UAM01,sf_sj_real,43250.0,L300,lane_0,569933.4757531352,4147500.464098055,300.0,50.0,True
866.0,UAM01,sf_sj_real,43300.0,L300,lane_0,569972.8566949344,4147469.6559591466,300.0,50.0,True
867.0,UAM01,sf_sj_real,43350.0,L300,lane_0,570012.2376367337,4147438.847820238,300.0,50.0,True
868.0,UAM01,sf_sj_real,43400.0,L300,lane_0,570051.6185785331,4147408.03968133,300.0,50.0,True
869.0,UAM01,sf_sj_real,43450.0,L300,lane_0,570090.9995203323,4147377.2315424215,300.0,50.0,True
870.0,UAM01,sf_sj_real,43500.0,L300,lane_0,570130.3804621316,4147346.4234035127,300.0,50.0,True
871.0,UAM01,sf_sj_real,43550.0,L300,lane_0,570169.7614039308,4147315.6152646043,300.0,50.0,True
872.0,UAM01,sf_sj_real,43600.0,L300,lane_0,570209.1546124619,4147284.8229043013,300.0,50.0,True
873.0,UAM01,sf_sj_real,43650.0,L300,lane_0,570248.7219034742,4147254.2544649895,300.0,50.0,True
874.0,UAM01,sf_sj_real,43700.0,L300,lane_0,570288.2891944863,4147223.6860256777,300.0,50.0,True
875.0,UAM01,sf_sj_real,43750.0,L300,lane_0,570327.8564854986,4147193.117586366,300.0,50.0,True
876.0,UAM01,sf_sj_real,43800.0,L300,lane_0,570367.4237765109,4147162.5491470546,300.0,50.0,True
877.0,UAM01,sf_sj_real,43850.0,L300,lane_0,570406.8383673764,4147131.7851536777,300.0,50.0,True
878.0,UAM01,sf_sj_real,43900.0,L300,lane_0,570446.087409529,4147100.809151836,300.0,50.0,True
879.0,UAM01,sf_sj_real,43950.0,L300,lane_0,570485.3364516817,4147069.8331499943,300.0,50.0,True
880.0,UAM01,sf_sj_real,44000.0,L300,lane_0,570524.5854938343,4147038.857148153,300.0,50.0,True
881.0,UAM01,sf_sj_real,44050.0,L300,lane_0,570563.8345359871,4147007.881146311,300.0,50.0,True
882.0,UAM01,sf_sj_real,44100.0,L300,lane_0,570603.619298967,4146977.59690938,300.0,50.0,True
883.0,UAM01,sf_sj_real,44150.0,L300,lane_0,570643.4303940836,4146947.346674578,300.0,50.0,True
884.0,UAM01,sf_sj_real,44200.0,L300,lane_0,570683.2414892004,4146917.096439775,300.0,50.0,True
885.0,UAM01,sf_sj_real,44250.0,L300,lane_0,570723.0525843172,4146886.846204973,300.0,50.0,True
886.0,UAM01,sf_sj_real,44300.0,L300,lane_0,570762.7909315565,4146856.500764852,300.0,50.0,True
887.0,UAM01,sf_sj_real,44350.0,L300,lane_0,570802.4379529118,4146826.0358063313,300.0,50.0,True
888.0,UAM01,sf_sj_real,44400.0,L300,lane_0,570842.0849742673,4146795.570847811,300.0,50.0,True
889.0,UAM01,sf_sj_real,44450.0,L300,lane_0,570881.7319956226,4146765.1058892906,300.0,50.0,True
890.0,UAM01,sf_sj_real,44500.0,L300,lane_0,570921.379016978,4146734.6409307704,300.0,50.0,True
891.0,UAM01,sf_sj_real,44550.0,L300,lane_0,570960.2122989639,4146703.1503755446,300.0,50.0,True
892.0,UAM01,sf_sj_real,44600.0,L300,lane_0,570998.8931173556,4146671.4676627736,300.0,50.0,True
893.0,UAM01,sf_sj_real,44650.0,L300,lane_0,571038.0199026001,4146640.3435810083,300.0,50.0,True
894.0,UAM01,sf_sj_real,44700.0,L300,lane_0,571077.4837765666,4146609.6417463473,300.0,50.0,True
895.0,UAM01,sf_sj_real,44750.0,L300,lane_0,571116.947650533,4146578.939911686,300.0,50.0,True
896.0,UAM01,sf_sj_real,44800.0,L300,lane_0,571156.4115244994,4146548.238077025,300.0,50.0,True
897.0,UAM01,sf_sj_real,44850.0,L300,lane_0,571195.8753984659,4146517.536242364,300.0,50.0,True
898.0,UAM01,sf_sj_real,44900.0,L300,lane_0,571235.3392724324,4146486.8344077026,300.0,50.0,True
899.0,UAM01,sf_sj_real,44950.0,L300,lane_0,571274.8031463989,4146456.1325730416,300.0,50.0,True
900.0,UAM01,sf_sj_real,45000.0,L300,lane_0,571314.4114319304,4146425.6178844515,300.0,50.0,True
901.0,UAM01,sf_sj_real,45050.0,L300,lane_0,571354.1166256919,4146395.2287813327,300.0,50.0,True
902.0,UAM01,sf_sj_real,45100.0,L300,lane_0,571393.8218194534,4146364.839678214,300.0,50.0,True
903.0,UAM01,sf_sj_real,45150.0,L300,lane_0,571433.527013215,4146334.450575095,300.0,50.0,True
904.0,UAM01,sf_sj_real,45200.0,L300,lane_0,571472.8972488118,4146303.633382804,300.0,50.0,True
905.0,UAM01,sf_sj_real,45250.0,L300,lane_0,571511.9441454458,4146272.4029511185,300.0,50.0,True
906.0,UAM01,sf_sj_real,45300.0,L300,lane_0,571550.99104208,4146241.1725194333,300.0,50.0,True
907.0,UAM01,sf_sj_real,45350.0,L300,lane_0,571590.037938714,4146209.942087748,300.0,50.0,True
908.0,UAM01,sf_sj_real,45400.0,L300,lane_0,571629.0848353481,4146178.711656063,300.0,50.0,True
909.0,UAM01,sf_sj_real,45450.0,L300,lane_0,571668.1317319821,4146147.4812243776,300.0,50.0,True
910.0,UAM01,sf_sj_real,45500.0,L300,lane_0,571707.34166292,4146116.4578806553,300.0,50.0,True
911.0,UAM01,sf_sj_real,45550.0,L300,lane_0,571746.8648219267,4146085.8324026647,300.0,50.0,True
912.0,UAM01,sf_sj_real,45600.0,L300,lane_0,571786.3879809333,4146055.2069246746,300.0,50.0,True
913.0,UAM01,sf_sj_real,45650.0,L300,lane_0,571825.91113994,4146024.5814466844,300.0,50.0,True
914.0,UAM01,sf_sj_real,45700.0,L300,lane_0,571865.4342989466,4145993.955968694,300.0,50.0,True
915.0,UAM01,sf_sj_real,45750.0,L300,lane_0,571904.9574579534,4145963.3304907037,300.0,50.0,True
916.0,UAM01,sf_sj_real,45800.0,L300,lane_0,571944.48061696,4145932.7050127136,300.0,50.0,True
917.0,UAM01,sf_sj_real,45850.0,L300,lane_0,571983.9989673842,4145902.0733307744,300.0,50.0,True
918.0,UAM01,sf_sj_real,45900.0,L300,lane_0,572023.5140922387,4145871.437487262,300.0,50.0,True
919.0,UAM01,sf_sj_real,45950.0,L300,lane_0,572063.0292170934,4145840.8016437492,300.0,50.0,True
920.0,UAM01,sf_sj_real,46000.0,L300,lane_0,572102.5443419479,4145810.1658002366,300.0,50.0,True
921.0,UAM01,sf_sj_real,46050.0,L300,lane_0,572142.0594668024,4145779.529956724,300.0,50.0,True
922.0,UAM01,sf_sj_real,46100.0,L300,lane_0,572181.574591657,4145748.8941132114,300.0,50.0,True
923.0,UAM01,sf_sj_real,46150.0,L300,lane_0,572221.0956187042,4145718.265904074,300.0,50.0,True
924.0,UAM01,sf_sj_real,46200.0,L300,lane_0,572260.6943639345,4145687.7382219443,300.0,50.0,True
925.0,UAM01,sf_sj_real,46250.0,L300,lane_0,572300.2931091647,4145657.210539815,300.0,50.0,True
926.0,UAM01,sf_sj_real,46300.0,L300,lane_0,572339.6898028478,4145626.431219215,300.0,50.0,True
927.0,UAM01,sf_sj_real,46350.0,L300,lane_0,572379.1410334208,4145595.713139746,300.0,50.0,True
928.0,UAM01,sf_sj_real,46400.0,L300,lane_0,572418.5922639937,4145564.9950602767,300.0,50.0,True
929.0,UAM01,sf_sj_real,46450.0,L300,lane_0,572458.0434945667,4145534.276980807,300.0,50.0,True
930.0,UAM01,sf_sj_real,46500.0,L300,lane_0,572497.4187404632,4145503.4616529904,300.0,50.0,True
931.0,UAM01,sf_sj_real,46550.0,L300,lane_0,572536.7661380039,4145472.61068369,300.0,50.0,True
932.0,UAM01,sf_sj_real,46600.0,L300,lane_0,572576.1135355447,4145441.7597143897,300.0,50.0,True
933.0,UAM01,sf_sj_real,46650.0,L300,lane_0,572615.4609330854,4145410.908745089,300.0,50.0,True
934.0,UAM01,sf_sj_real,46700.0,L300,lane_0,572654.8083306262,4145380.057775789,300.0,50.0,True
935.0,UAM01,sf_sj_real,46750.0,L300,lane_0,572694.155728167,4145349.206806489,300.0,50.0,True
936.0,UAM01,sf_sj_real,46800.0,L300,lane_0,572733.5259877312,4145318.3850258407,300.0,50.0,True
937.0,UAM01,sf_sj_real,46850.0,L300,lane_0,572772.9045552266,4145287.5738521856,300.0,50.0,True
938.0,UAM01,sf_sj_real,46900.0,L300,lane_0,572812.283122722,4145256.7626785305,300.0,50.0,True
939.0,UAM01,sf_sj_real,46950.0,L300,lane_0,572851.6616902174,4145225.951504875,300.0,50.0,True
940.0,UAM01,sf_sj_real,47000.0,L300,lane_0,572891.0402577128,4145195.14033122,300.0,50.0,True
941.0,UAM01,sf_sj_real,47050.0,L300,lane_0,572930.3239793747,4145164.208373582,300.0,50.0,True
942.0,UAM01,sf_sj_real,47100.0,L300,lane_0,572969.5947956517,4145133.2599812336,300.0,50.0,True
943.0,UAM01,sf_sj_real,47150.0,L300,lane_0,573008.8656119287,4145102.3115888857,300.0,50.0,True
944.0,UAM01,sf_sj_real,47200.0,L300,lane_0,573048.1364282058,4145071.3631965374,300.0,50.0,True
945.0,UAM01,sf_sj_real,47250.0,L300,lane_0,573087.4072444828,4145040.4148041895,300.0,50.0,True
946.0,UAM01,sf_sj_real,47300.0,L300,lane_0,573126.6780607598,4145009.466411841,300.0,50.0,True
947.0,UAM01,sf_sj_real,47350.0,L300,lane_0,573166.2160429874,4144978.860100666,300.0,50.0,True
948.0,UAM01,sf_sj_real,47400.0,L300,lane_0,573205.7564042496,4144948.2568356236,300.0,50.0,True
949.0,UAM01,sf_sj_real,47450.0,L300,lane_0,573245.2967655117,4144917.653570581,300.0,50.0,True
950.0,UAM01,sf_sj_real,47500.0,L300,lane_0,573284.8371267739,4144887.050305539,300.0,50.0,True
951.0,UAM01,sf_sj_real,47550.0,L300,lane_0,573324.377488036,4144856.4470404964,300.0,50.0,True
952.0,UAM01,sf_sj_real,47600.0,L300,lane_0,573364.4918440199,4144826.6019592797,300.0,50.0,True
953.0,UAM01,sf_sj_real,47650.0,L300,lane_0,573404.675748154,4144796.8487435114,300.0,50.0,True
954.0,UAM01,sf_sj_real,47700.0,L300,lane_0,573444.8596522883,4144767.0955277435,300.0,50.0,True
955.0,UAM01,sf_sj_real,47750.0,L300,lane_0,573483.2688989264,4144735.1486235703,300.0,50.0,True
956.0,UAM01,sf_sj_real,47800.0,L300,lane_0,573520.7586640813,4144702.065130577,300.0,50.0,True
957.0,UAM01,sf_sj_real,47850.0,L300,lane_0,573558.2484292362,4144668.9816375836,300.0,50.0,True
958.0,UAM01,sf_sj_real,47900.0,L300,lane_0,573595.7492467553,4144635.911104246,300.0,50.0,True
959.0,UAM01,sf_sj_real,47950.0,L300,lane_0,573634.3362302904,4144604.114175123,300.0,50.0,True
960.0,UAM01,sf_sj_real,48000.0,L300,lane_0,573672.9232138254,4144572.317246,300.0,50.0,True
961.0,UAM01,sf_sj_real,48050.0,L300,lane_0,573711.5101973605,4144540.520316877,300.0,50.0,True
962.0,UAM01,sf_sj_real,48100.0,L300,lane_0,573750.0971808956,4144508.7233877536,300.0,50.0,True
963.0,UAM01,sf_sj_real,48150.0,L300,lane_0,573788.6841644308,4144476.9264586307,300.0,50.0,True
964.0,UAM01,sf_sj_real,48200.0,L300,lane_0,573827.4050334676,4144445.295830905,300.0,50.0,True
965.0,UAM01,sf_sj_real,48250.0,L300,lane_0,573866.7065751418,4144414.3864662717,300.0,50.0,True
966.0,UAM01,sf_sj_real,48300.0,L300,lane_0,573905.0078175627,4144382.6707271384,300.0,50.0,True
967.0,UAM01,sf_sj_real,48350.0,L300,lane_0,573944.0760692524,4144351.46701406,300.0,50.0,True
968.0,UAM01,sf_sj_real,48400.0,L300,lane_0,573983.1443209422,4144320.263300981,300.0,50.0,True
969.0,UAM01,sf_sj_real,48450.0,L300,lane_0,574022.2125726321,4144289.059587902,300.0,50.0,True
970.0,UAM01,sf_sj_real,48500.0,L300,lane_0,574061.7135658237,4144258.4104620963,300.0,50.0,True
971.0,UAM01,sf_sj_real,48550.0,L300,lane_0,574101.4792104306,4144228.100504838,300.0,50.0,True
972.0,UAM01,sf_sj_real,48600.0,L300,lane_0,574141.2448550375,4144197.79054758,300.0,50.0,True
973.0,UAM01,sf_sj_real,48650.0,L300,lane_0,574182.8851195852,4144170.1654158905,300.0,50.0,True
974.0,UAM01,sf_sj_real,48700.0,L300,lane_0,574225.0394680791,4144143.276553827,300.0,50.0,True
975.0,UAM01,sf_sj_real,48750.0,L300,lane_0,574267.193816573,4144116.3876917637,300.0,50.0,True
976.0,UAM01,sf_sj_real,48800.0,L300,lane_0,574308.6723051997,4144088.468184231,300.0,50.0,True
977.0,UAM01,sf_sj_real,48850.0,L300,lane_0,574350.1347404976,4144060.5241963416,300.0,50.0,True
978.0,UAM01,sf_sj_real,48900.0,L300,lane_0,574391.5900825048,4144032.570149419,300.0,50.0,True
979.0,UAM01,sf_sj_real,48950.0,L300,lane_0,574431.833716908,4144002.897773545,300.0,50.0,True
980.0,UAM01,sf_sj_real,49000.0,L300,lane_0,574472.0773513111,4143973.2253976706,300.0,50.0,True
981.0,UAM01,sf_sj_real,49050.0,L300,lane_0,574512.0783119012,4143943.2329770653,300.0,50.0,True
982.0,UAM01,sf_sj_real,49100.0,L300,lane_0,574551.5108574134,4143912.4909154163,300.0,50.0,True
983.0,UAM01,sf_sj_real,49150.0,L300,lane_0,574590.9434029255,4143881.7488537673,300.0,50.0,True
984.0,UAM01,sf_sj_real,49200.0,L300,lane_0,574630.3759484376,4143851.0067921183,300.0,50.0,True
985.0,UAM01,sf_sj_real,49250.0,L300,lane_0,574669.7770138137,4143820.224441821,300.0,50.0,True
986.0,UAM01,sf_sj_real,49300.0,L300,lane_0,574709.1424658671,4143789.3965131748,300.0,50.0,True
987.0,UAM01,sf_sj_real,49350.0,L300,lane_0,574748.5079179205,4143758.568584528,300.0,50.0,True
988.0,UAM01,sf_sj_real,49400.0,L300,lane_0,574787.8733699739,4143727.7406558814,300.0,50.0,True
989.0,UAM01,sf_sj_real,49450.0,L300,lane_0,574827.2388220272,4143696.912727235,300.0,50.0,True
990.0,UAM01,sf_sj_real,49500.0,L300,lane_0,574866.5771549558,4143666.050201965,300.0,50.0,True
991.0,UAM01,sf_sj_real,49550.0,L300,lane_0,574905.9141354591,4143635.1859513684,300.0,50.0,True
992.0,UAM01,sf_sj_real,49600.0,L300,lane_0,574945.2511159623,4143604.321700772,300.0,50.0,True
993.0,UAM01,sf_sj_real,49650.0,L300,lane_0,574984.5880964654,4143573.457450175,300.0,50.0,True
994.0,UAM01,sf_sj_real,49700.0,L300,lane_0,575023.9250769686,4143542.5931995786,300.0,50.0,True
995.0,UAM01,sf_sj_real,49750.0,L300,lane_0,575063.2693923231,4143511.7383029284,300.0,50.0,True
996.0,UAM01,sf_sj_real,49800.0,L300,lane_0,575102.6241927838,4143480.896777663,300.0,50.0,True
997.0,UAM01,sf_sj_real,49850.0,L300,lane_0,575141.9789932446,4143450.0552523974,300.0,50.0,True
998.0,UAM01,sf_sj_real,49900.0,L300,lane_0,575181.3337937053,4143419.213727132,300.0,50.0,True
999.0,UAM01,sf_sj_real,49950.0,L300,lane_0,575220.6885941661,4143388.372201867,300.0,50.0,True
1000.0,UAM01,sf_sj_real,50000.0,L300,lane_0,575260.0433946267,4143357.5306766015,300.0,50.0,True
1001.0,UAM01,sf_sj_real,50050.0,L300,lane_0,575299.4984498876,4143326.8176347087,300.0,50.0,True
1002.0,UAM01,sf_sj_real,50100.0,L300,lane_0,575338.9824656646,4143296.1417076956,300.0,50.0,True
1003.0,UAM01,sf_sj_real,50150.0,L300,lane_0,575378.4664814416,4143265.4657806824,300.0,50.0,True
1004.0,UAM01,sf_sj_real,50200.0,L300,lane_0,575417.8147298287,4143234.6159441834,300.0,50.0,True
1005.0,UAM01,sf_sj_real,50250.0,L300,lane_0,575457.1547869665,4143203.755615209,300.0,50.0,True
1006.0,UAM01,sf_sj_real,50300.0,L300,lane_0,575496.4948441043,4143172.895286235,300.0,50.0,True
1007.0,UAM01,sf_sj_real,50350.0,L300,lane_0,575535.834901242,4143142.034957261,300.0,50.0,True
1008.0,UAM01,sf_sj_real,50400.0,L300,lane_0,575575.1749583798,4143111.1746282866,300.0,50.0,True
1009.0,UAM01,sf_sj_real,50450.0,L300,lane_0,575614.6091513023,4143080.4356638948,300.0,50.0,True
1010.0,UAM01,sf_sj_real,50500.0,L300,lane_0,575654.284746611,4143050.0079275854,300.0,50.0,True
1011.0,UAM01,sf_sj_real,50550.0,L300,lane_0,575693.9603419197,4143019.580191276,300.0,50.0,True
1012.0,UAM01,sf_sj_real,50600.0,L300,lane_0,575733.6359372283,4142989.152454967,300.0,50.0,True
1013.0,UAM01,sf_sj_real,50650.0,L300,lane_0,575773.311532537,4142958.724718658,300.0,50.0,True
1014.0,UAM01,sf_sj_real,50700.0,L300,lane_0,575812.9871278458,4142928.2969823484,300.0,50.0,True
1015.0,UAM01,sf_sj_real,50750.0,L300,lane_0,575852.6267774918,4142897.82243853,300.0,50.0,True
1016.0,UAM01,sf_sj_real,50800.0,L300,lane_0,575892.0175140122,4142867.0301419077,300.0,50.0,True
1017.0,UAM01,sf_sj_real,50850.0,L300,lane_0,575929.4237345596,4142836.4222757346,300.0,50.0,True
1018.0,UAM01,sf_sj_real,50900.0,L300,lane_0,575969.1216319709,4142806.0236418652,300.0,50.0,True
1019.0,UAM01,sf_sj_real,50950.0,L300,lane_0,576008.819529382,4142775.625007996,300.0,50.0,True
1020.0,UAM01,sf_sj_real,51000.0,L300,lane_0,576048.5174267932,4142745.2263741265,300.0,50.0,True
1021.0,UAM01,sf_sj_real,51050.0,L300,lane_0,576088.2153242044,4142714.827740257,300.0,50.0,True
1022.0,UAM01,sf_sj_real,51100.0,L300,lane_0,576127.7737574072,4142684.2478814865,300.0,50.0,True
1023.0,UAM01,sf_sj_real,51150.0,L300,lane_0,576167.3252561276,4142653.6590117957,300.0,50.0,True
1024.0,UAM01,sf_sj_real,51200.0,L300,lane_0,576206.8767548479,4142623.0701421043,300.0,50.0,True
1025.0,UAM01,sf_sj_real,51250.0,L300,lane_0,576246.4282535684,4142592.4812724134,300.0,50.0,True
1026.0,UAM01,sf_sj_real,51300.0,L300,lane_0,576286.0640021745,4142562.002061344,300.0,50.0,True
1027.0,UAM01,sf_sj_real,51350.0,L300,lane_0,576325.8104433651,4142531.66692639,300.0,50.0,True
1028.0,UAM01,sf_sj_real,51400.0,L300,lane_0,576365.5568845557,4142501.3317914363,300.0,50.0,True
1029.0,UAM01,sf_sj_real,51450.0,L300,lane_0,576405.3033257463,4142470.996656482,300.0,50.0,True
1030.0,UAM01,sf_sj_real,51500.0,L300,lane_0,576445.049766937,4142440.661521528,300.0,50.0,True
1031.0,UAM01,sf_sj_real,51550.0,L300,lane_0,576484.7962081276,4142410.326386574,300.0,50.0,True
1032.0,UAM01,sf_sj_real,51600.0,L300,lane_0,576524.2496158332,4142379.611882199,300.0,50.0,True
1033.0,UAM01,sf_sj_real,51650.0,L300,lane_0,576563.6420150137,4142348.8183944654,300.0,50.0,True
1034.0,UAM01,sf_sj_real,51700.0,L300,lane_0,576603.0344141943,4142318.0249067317,300.0,50.0,True
1035.0,UAM01,sf_sj_real,51750.0,L300,lane_0,576642.4268133749,4142287.231418998,300.0,50.0,True
1036.0,UAM01,sf_sj_real,51800.0,L300,lane_0,576681.8192125554,4142256.4379312643,300.0,50.0,True
1037.0,UAM01,sf_sj_real,51850.0,L300,lane_0,576721.1816999038,4142225.6064871387,300.0,50.0,True
1038.0,UAM01,sf_sj_real,51900.0,L300,lane_0,576760.331025786,4142194.504553389,300.0,50.0,True
1039.0,UAM01,sf_sj_real,51950.0,L300,lane_0,576799.4803516681,4142163.402619639,300.0,50.0,True
1040.0,UAM01,sf_sj_real,52000.0,L300,lane_0,576838.6902984299,4142132.3783108564,300.0,50.0,True
1041.0,UAM01,sf_sj_real,52050.0,L300,lane_0,576878.3523117804,4142101.932872824,300.0,50.0,True
1042.0,UAM01,sf_sj_real,52100.0,L300,lane_0,576918.0143251308,4142071.487434792,300.0,50.0,True
1043.0,UAM01,sf_sj_real,52150.0,L300,lane_0,576957.6763384814,4142041.0419967594,300.0,50.0,True
1044.0,UAM01,sf_sj_real,52200.0,L300,lane_0,576997.3383518318,4142010.596558727,300.0,50.0,True
1045.0,UAM01,sf_sj_real,52250.0,L300,lane_0,577037.0003651823,4141980.1511206944,300.0,50.0,True
1046.0,UAM01,sf_sj_real,52300.0,L300,lane_0,577076.6623785327,4141949.705682662,300.0,50.0,True
1047.0,UAM01,sf_sj_real,52350.0,L300,lane_0,577116.2336910681,4141919.142600226,300.0,50.0,True
1048.0,UAM01,sf_sj_real,52400.0,L300,lane_0,577155.7671222299,4141888.5303833745,300.0,50.0,True
1049.0,UAM01,sf_sj_real,52450.0,L300,lane_0,577195.3005533917,4141857.918166523,300.0,50.0,True
1050.0,UAM01,sf_sj_real,52500.0,L300,lane_0,577234.6194836764,4141827.0334044984,300.0,50.0,True
1051.0,UAM01,sf_sj_real,52550.0,L300,lane_0,577273.6652386598,4141795.8015454793,300.0,50.0,True
1052.0,UAM01,sf_sj_real,52600.0,L300,lane_0,577312.7109936433,4141764.569686461,300.0,50.0,True
1053.0,UAM01,sf_sj_real,52650.0,L300,lane_0,577351.7567486267,4141733.3378274417,300.0,50.0,True
1054.0,UAM01,sf_sj_real,52700.0,L300,lane_0,577390.8025036103,4141702.1059684227,300.0,50.0,True
1055.0,UAM01,sf_sj_real,52750.0,L300,lane_0,577430.1843843732,4141671.30097024,300.0,50.0,True
1056.0,UAM01,sf_sj_real,52800.0,L300,lane_0,577469.7023986647,4141640.6688539814,300.0,50.0,True
1057.0,UAM01,sf_sj_real,52850.0,L300,lane_0,577509.220412956,4141610.0367377233,300.0,50.0,True
1058.0,UAM01,sf_sj_real,52900.0,L300,lane_0,577548.7384272473,4141579.4046214647,300.0,50.0,True
1059.0,UAM01,sf_sj_real,52950.0,L300,lane_0,577588.197978229,4141548.6976514333,300.0,50.0,True
1060.0,UAM01,sf_sj_real,53000.0,L300,lane_0,577627.4901452638,4141517.776370578,300.0,50.0,True
1061.0,UAM01,sf_sj_real,53050.0,L300,lane_0,577666.7823122985,4141486.855089723,300.0,50.0,True
1062.0,UAM01,sf_sj_real,53100.0,L300,lane_0,577706.0744793334,4141455.9338088683,300.0,50.0,True
1063.0,UAM01,sf_sj_real,53150.0,L300,lane_0,577745.366646368,4141425.012528013,300.0,50.0,True
1064.0,UAM01,sf_sj_real,53200.0,L300,lane_0,577784.6588407776,4141394.091281986,300.0,50.0,True
1065.0,UAM01,sf_sj_real,53250.0,L300,lane_0,577823.9874171923,4141363.216323246,300.0,50.0,True
1066.0,UAM01,sf_sj_real,53300.0,L300,lane_0,577863.315993607,4141332.341364506,300.0,50.0,True
1067.0,UAM01,sf_sj_real,53350.0,L300,lane_0,577902.6445700218,4141301.466405766,300.0,50.0,True
1068.0,UAM01,sf_sj_real,53400.0,L300,lane_0,577941.9731464365,4141270.5914470265,300.0,50.0,True
1069.0,UAM01,sf_sj_real,53450.0,L300,lane_0,577981.3017228512,4141239.7164882864,300.0,50.0,True
1070.0,UAM01,sf_sj_real,53500.0,L300,lane_0,578020.8386274914,4141209.1096669324,300.0,50.0,True
1071.0,UAM01,sf_sj_real,53550.0,L300,lane_0,578060.4760986804,4141178.63228388,300.0,50.0,True
1072.0,UAM01,sf_sj_real,53600.0,L300,lane_0,578100.1135698695,4141148.1549008274,300.0,50.0,True
1073.0,UAM01,sf_sj_real,53650.0,L300,lane_0,578139.7510410586,4141117.677517775,300.0,50.0,True
1074.0,UAM01,sf_sj_real,53700.0,L300,lane_0,578179.3898085993,4141087.201821234,300.0,50.0,True
1075.0,UAM01,sf_sj_real,53750.0,L300,lane_0,578219.0366587333,4141056.736639888,300.0,50.0,True
1076.0,UAM01,sf_sj_real,53800.0,L300,lane_0,578258.6835088673,4141026.271458542,300.0,50.0,True
1077.0,UAM01,sf_sj_real,53850.0,L300,lane_0,578298.3303590014,4140995.806277196,300.0,50.0,True
1078.0,UAM01,sf_sj_real,53900.0,L300,lane_0,578337.7379207448,4140965.032607818,300.0,50.0,True
1079.0,UAM01,sf_sj_real,53950.0,L300,lane_0,578377.1056850615,4140934.2076320243,300.0,50.0,True
1080.0,UAM01,sf_sj_real,54000.0,L300,lane_0,578416.4734493783,4140903.38265623,300.0,50.0,True
1081.0,UAM01,sf_sj_real,54050.0,L300,lane_0,578455.8412136951,4140872.5576804364,300.0,50.0,True
1082.0,UAM01,sf_sj_real,54100.0,L300,lane_0,578495.2089780119,4140841.732704642,300.0,50.0,True
1083.0,UAM01,sf_sj_real,54150.0,L300,lane_0,578534.5767423287,4140810.9077288485,300.0,50.0,True
1084.0,UAM01,sf_sj_real,54200.0,L300,lane_0,578573.9445066454,4140780.0827530543,300.0,50.0,True
1085.0,UAM01,sf_sj_real,54250.0,L300,lane_0,578613.3122709623,4140749.2577772606,300.0,50.0,True
1086.0,UAM01,sf_sj_real,54300.0,L300,lane_0,578652.7584868626,4140718.5346892253,300.0,50.0,True
1087.0,UAM01,sf_sj_real,54350.0,L300,lane_0,578692.6217920935,4140688.353289389,300.0,50.0,True
1088.0,UAM01,sf_sj_real,54400.0,L300,lane_0,578732.4850973242,4140658.171889553,300.0,50.0,True
1089.0,UAM01,sf_sj_real,54450.0,L300,lane_0,578772.3484025551,4140627.9904897166,300.0,50.0,True
1090.0,UAM01,sf_sj_real,54500.0,L300,lane_0,578812.2117077858,4140597.80908988,300.0,50.0,True
1091.0,UAM01,sf_sj_real,54550.0,L300,lane_0,578852.0750130167,4140567.6276900438,300.0,50.0,True
1092.0,UAM01,sf_sj_real,54600.0,L300,lane_0,578891.9383182474,4140537.4462902076,300.0,50.0,True
1093.0,UAM01,sf_sj_real,54650.0,L300,lane_0,578931.2814529876,4140506.5998705514,300.0,50.0,True
1094.0,UAM01,sf_sj_real,54700.0,L300,lane_0,578970.1749712633,4140475.1786319357,300.0,50.0,True
1095.0,UAM01,sf_sj_real,54750.0,L300,lane_0,579009.068489539,4140443.75739332,300.0,50.0,True
1096.0,UAM01,sf_sj_real,54800.0,L300,lane_0,579048.3944843587,4140413.7818061835,300.0,50.0,True
1097.0,UAM01,sf_sj_real,54850.0,L300,lane_0,579088.775535918,4140384.2967137643,300.0,50.0,True
1098.0,UAM01,sf_sj_real,54900.0,L300,lane_0,579129.1565874772,4140354.8116213446,300.0,50.0,True
1099.0,UAM01,sf_sj_real,54950.0,L300,lane_0,579170.0293316905,4140326.022643857,300.0,50.0,True
1100.0,UAM01,sf_sj_real,55000.0,L300,lane_0,579211.3174210445,4140297.8216921445,300.0,50.0,True
1101.0,UAM01,sf_sj_real,55050.0,L300,lane_0,579252.6055103983,4140269.6207404314,300.0,50.0,True
1102.0,UAM01,sf_sj_real,55100.0,L300,lane_0,579296.4664554857,4140245.7817145837,300.0,50.0,True
1103.0,UAM01,sf_sj_real,55150.0,L300,lane_0,579341.1217843437,4140223.289458037,300.0,50.0,True
1104.0,UAM01,sf_sj_real,55200.0,L300,lane_0,579385.7771132019,4140200.79720149,300.0,50.0,True
1105.0,UAM01,sf_sj_real,55250.0,L300,lane_0,579430.43244206,4140178.304944943,300.0,50.0,True
1106.0,UAM01,sf_sj_real,55300.0,L300,lane_0,579475.0877709182,4140155.8126883963,300.0,50.0,True
1107.0,UAM01,sf_sj_real,55350.0,L300,lane_0,579520.0099530998,4140133.8584340634,300.0,50.0,True
1108.0,UAM01,sf_sj_real,55400.0,L300,lane_0,579564.938250421,4140111.9165084455,300.0,50.0,True
1109.0,UAM01,sf_sj_real,55450.0,L300,lane_0,579609.866547742,4140089.974582827,300.0,50.0,True
1110.0,UAM01,sf_sj_real,55500.0,L300,lane_0,579654.7948450631,4140068.0326572093,300.0,50.0,True
1111.0,UAM01,sf_sj_real,55550.0,L300,lane_0,579699.7231423842,4140046.0907315915,300.0,50.0,True
1112.0,UAM01,sf_sj_real,55600.0,L300,lane_0,579744.6514397053,4140024.148805973,300.0,50.0,True
1113.0,UAM01,sf_sj_real,55650.0,L300,lane_0,579789.5797370265,4140002.2068803553,300.0,50.0,True
1114.0,UAM01,sf_sj_real,55700.0,L300,lane_0,579834.5080343476,4139980.2649547374,300.0,50.0,True
1115.0,UAM01,sf_sj_real,55750.0,L300,lane_0,579879.4416936783,4139958.334067098,300.0,50.0,True
1116.0,UAM01,sf_sj_real,55800.0,L300,lane_0,579924.4617536385,4139936.581039695,300.0,50.0,True
1117.0,UAM01,sf_sj_real,55850.0,L300,lane_0,579969.4818135985,4139914.8280122923,300.0,50.0,True
1118.0,UAM01,sf_sj_real,55900.0,L300,lane_0,580014.5018735586,4139893.0749848895,300.0,50.0,True
1119.0,UAM01,sf_sj_real,55950.0,L300,lane_0,580059.5219335187,4139871.3219574867,300.0,50.0,True
1120.0,UAM01,sf_sj_real,56000.0,L300,lane_0,580104.5419934788,4139849.568930084,300.0,50.0,True
1121.0,UAM01,sf_sj_real,56050.0,L300,lane_0,580149.562053439,4139827.815902681,300.0,50.0,True
1122.0,UAM01,sf_sj_real,56100.0,L300,lane_0,580194.582113399,4139806.062875278,300.0,50.0,True
1123.0,UAM01,sf_sj_real,56150.0,L300,lane_0,580239.6021733591,4139784.309847875,300.0,50.0,True
1124.0,UAM01,sf_sj_real,56200.0,L300,lane_0,580284.6222333192,4139762.5568204722,300.0,50.0,True
1125.0,UAM01,sf_sj_real,56250.0,L300,lane_0,580329.6422932793,4139740.8037930694,300.0,50.0,True
1126.0,UAM01,sf_sj_real,56300.0,L300,lane_0,580374.6623532395,4139719.0507656666,300.0,50.0,True
1127.0,UAM01,sf_sj_real,56350.0,L300,lane_0,580419.581043314,4139697.0895591355,300.0,50.0,True
1128.0,UAM01,sf_sj_real,56400.0,L300,lane_0,580464.468177863,4139675.0635483307,300.0,50.0,True
1129.0,UAM01,sf_sj_real,56450.0,L300,lane_0,580509.3553124121,4139653.037537526,300.0,50.0,True
1130.0,UAM01,sf_sj_real,56500.0,L300,lane_0,580554.2424469613,4139631.011526721,300.0,50.0,True
1131.0,UAM01,sf_sj_real,56550.0,L300,lane_0,580599.1531073466,4139609.0336293834,300.0,50.0,True
1132.0,UAM01,sf_sj_real,56600.0,L300,lane_0,580644.1015975494,4139587.133099059,300.0,50.0,True
1133.0,UAM01,sf_sj_real,56650.0,L300,lane_0,580689.0500877522,4139565.232568735,300.0,50.0,True
1134.0,UAM01,sf_sj_real,56700.0,L300,lane_0,580733.9985779551,4139543.3320384105,300.0,50.0,True
1135.0,UAM01,sf_sj_real,56750.0,L300,lane_0,580778.9470681578,4139521.431508086,300.0,50.0,True
1136.0,UAM01,sf_sj_real,56800.0,L300,lane_0,580823.8955583607,4139499.530977762,300.0,50.0,True
1137.0,UAM01,sf_sj_real,56850.0,L300,lane_0,580868.8440485635,4139477.6304474375,300.0,50.0,True
1138.0,UAM01,sf_sj_real,56900.0,L300,lane_0,580913.7925387664,4139455.729917113,300.0,50.0,True
1139.0,UAM01,sf_sj_real,56950.0,L300,lane_0,580958.8358122194,4139434.0254232604,300.0,50.0,True
1140.0,UAM01,sf_sj_real,57000.0,L300,lane_0,581003.9159945553,4139412.3972665993,300.0,50.0,True
1141.0,UAM01,sf_sj_real,57050.0,L300,lane_0,581048.9961768913,4139390.769109938,300.0,50.0,True
1142.0,UAM01,sf_sj_real,57100.0,L300,lane_0,581094.0763592273,4139369.140953277,300.0,50.0,True
1143.0,UAM01,sf_sj_real,57150.0,L300,lane_0,581139.1565415632,4139347.5127966157,300.0,50.0,True
1144.0,UAM01,sf_sj_real,57200.0,L300,lane_0,581184.2367238991,4139325.8846399547,300.0,50.0,True
1145.0,UAM01,sf_sj_real,57250.0,L300,lane_0,581229.3169062351,4139304.2564832936,300.0,50.0,True
1146.0,UAM01,sf_sj_real,57300.0,L300,lane_0,581274.3288334825,4139282.486757411,300.0,50.0,True
1147.0,UAM01,sf_sj_real,57350.0,L300,lane_0,581319.3257270778,4139260.6858499353,300.0,50.0,True
1148.0,UAM01,sf_sj_real,57400.0,L300,lane_0,581364.3226206731,4139238.8849424594,300.0,50.0,True
1149.0,UAM01,sf_sj_real,57450.0,L300,lane_0,581409.3195142684,4139217.0840349835,300.0,50.0,True
1150.0,UAM01,sf_sj_real,57500.0,L300,lane_0,581454.3164078637,4139195.2831275077,300.0,50.0,True
1151.0,UAM01,sf_sj_real,57550.0,L300,lane_0,581499.3133014591,4139173.482220032,300.0,50.0,True
1152.0,UAM01,sf_sj_real,57600.0,L300,lane_0,581544.3101950544,4139151.681312556,300.0,50.0,True
1153.0,UAM01,sf_sj_real,57650.0,L300,lane_0,581589.3070886497,4139129.88040508,300.0,50.0,True
1154.0,UAM01,sf_sj_real,57700.0,L300,lane_0,581634.3200769521,4139108.1127681164,300.0,50.0,True
1155.0,UAM01,sf_sj_real,57750.0,L300,lane_0,581679.3432586566,4139086.366202659,300.0,50.0,True
1156.0,UAM01,sf_sj_real,57800.0,L300,lane_0,581724.3664403609,4139064.619637201,300.0,50.0,True
1157.0,UAM01,sf_sj_real,57850.0,L300,lane_0,581769.3896220654,4139042.873071743,300.0,50.0,True
1158.0,UAM01,sf_sj_real,57900.0,L300,lane_0,581813.2026567541,4139020.5767294136,300.0,50.0,True
1159.0,UAM01,sf_sj_real,57950.0,L300,lane_0,581858.2035771816,4138998.784135243,300.0,50.0,True
1160.0,UAM01,sf_sj_real,58000.0,L300,lane_0,581903.204497609,4138976.9915410727,300.0,50.0,True
1161.0,UAM01,sf_sj_real,58050.0,L300,lane_0,581948.2054180366,4138955.198946902,300.0,50.0,True
1162.0,UAM01,sf_sj_real,58100.0,L300,lane_0,581993.206338464,4138933.406352732,300.0,50.0,True
1163.0,UAM01,sf_sj_real,58150.0,L300,lane_0,582038.2072588915,4138911.613758561,300.0,50.0,True
1164.0,UAM01,sf_sj_real,58200.0,L300,lane_0,582083.208179319,4138889.821164391,300.0,50.0,True
1165.0,UAM01,sf_sj_real,58250.0,L300,lane_0,582128.2090997467,4138868.0285702203,300.0,50.0,True
1166.0,UAM01,sf_sj_real,58300.0,L300,lane_0,582173.2100201742,4138846.23597605,300.0,50.0,True
1167.0,UAM01,sf_sj_real,58350.0,L300,lane_0,582218.2111001163,4138824.4437114745,300.0,50.0,True
1168.0,UAM01,sf_sj_real,58400.0,L300,lane_0,582263.2225396651,4138802.6728522875,300.0,50.0,True
1169.0,UAM01,sf_sj_real,58450.0,L300,lane_0,582308.2339792139,4138780.9019931,300.0,50.0,True
1170.0,UAM01,sf_sj_real,58500.0,L300,lane_0,582353.2454187627,4138759.131133913,300.0,50.0,True
1171.0,UAM01,sf_sj_real,58550.0,L300,lane_0,582398.2568583114,4138737.360274726,300.0,50.0,True
1172.0,UAM01,sf_sj_real,58600.0,L300,lane_0,582443.2682978602,4138715.5894155386,300.0,50.0,True
1173.0,UAM01,sf_sj_real,58650.0,L300,lane_0,582488.1171139902,4138693.4868519753,300.0,50.0,True
1174.0,UAM01,sf_sj_real,58700.0,L300,lane_0,582532.8939861271,4138671.2375436346,300.0,50.0,True
1175.0,UAM01,sf_sj_real,58750.0,L300,lane_0,582577.670858264,4138648.988235294,300.0,50.0,True
1176.0,UAM01,sf_sj_real,58800.0,L300,lane_0,582622.447730401,4138626.7389269536,300.0,50.0,True
1177.0,UAM01,sf_sj_real,58850.0,L300,lane_0,582667.2246025378,4138604.489618613,300.0,50.0,True
1178.0,UAM01,sf_sj_real,58900.0,L300,lane_0,582712.0269886506,4138582.2923551616,300.0,50.0,True
1179.0,UAM01,sf_sj_real,58950.0,L300,lane_0,582757.0396896093,4138560.524104143,300.0,50.0,True
1180.0,UAM01,sf_sj_real,59000.0,L300,lane_0,582802.0523905681,4138538.755853125,300.0,50.0,True
1181.0,UAM01,sf_sj_real,59050.0,L300,lane_0,582847.0650915267,4138516.9876021063,300.0,50.0,True
1182.0,UAM01,sf_sj_real,59100.0,L300,lane_0,582892.0777924855,4138495.2193510877,300.0,50.0,True
1183.0,UAM01,sf_sj_real,59150.0,L300,lane_0,582937.0904934442,4138473.4511000696,300.0,50.0,True
1184.0,UAM01,sf_sj_real,59200.0,L300,lane_0,582983.2470889583,4138454.284146774,300.0,50.0,True
1185.0,UAM01,sf_sj_real,59250.0,L300,lane_0,583029.7148415532,4138435.8247868507,300.0,50.0,True
1186.0,UAM01,sf_sj_real,59300.0,L300,lane_0,583076.1825941482,4138417.3654269273,300.0,50.0,True
1187.0,UAM01,sf_sj_real,59350.0,L300,lane_0,583122.6503467431,4138398.9060670044,300.0,50.0,True
1188.0,UAM01,sf_sj_real,59400.0,L300,lane_0,583169.118099338,4138380.446707081,300.0,50.0,True
1189.0,UAM01,sf_sj_real,59450.0,L300,lane_0,583215.585851933,4138361.9873471577,300.0,50.0,True
1190.0,UAM01,sf_sj_real,59500.0,L300,lane_0,583262.053604528,4138343.5279872348,300.0,50.0,True
1191.0,UAM01,sf_sj_real,59550.0,L300,lane_0,583308.4460139376,4138324.8803790556,300.0,50.0,True
1192.0,UAM01,sf_sj_real,59600.0,L300,lane_0,583354.8181584182,4138306.1821380616,300.0,50.0,True
1193.0,UAM01,sf_sj_real,59650.0,L300,lane_0,583401.1903028988,4138287.483897067,300.0,50.0,True
1194.0,UAM01,sf_sj_real,59700.0,L300,lane_0,583447.5624473793,4138268.785656073,300.0,50.0,True
1195.0,UAM01,sf_sj_real,59750.0,L300,lane_0,583493.9345918598,4138250.087415079,300.0,50.0,True
1196.0,UAM01,sf_sj_real,59800.0,L300,lane_0,583540.3067363404,4138231.389174085,300.0,50.0,True
1197.0,UAM01,sf_sj_real,59850.0,L300,lane_0,583586.678880821,4138212.6909330906,300.0,50.0,True
1198.0,UAM01,sf_sj_real,59900.0,L300,lane_0,583633.0510253016,4138193.9926920966,300.0,50.0,True
1199.0,UAM01,sf_sj_real,59950.0,L300,lane_0,583679.423169782,4138175.2944511026,300.0,50.0,True
1200.0,UAM01,sf_sj_real,60000.0,L300,lane_0,583725.7953142626,4138156.5962101086,300.0,50.0,True
1201.0,UAM01,sf_sj_real,60050.0,L300,lane_0,583772.1674587432,4138137.897969114,300.0,50.0,True
1202.0,UAM01,sf_sj_real,60100.0,L300,lane_0,583818.5396032238,4138119.19972812,300.0,50.0,True
1203.0,UAM01,sf_sj_real,60150.0,L300,lane_0,583864.9117477043,4138100.501487126,300.0,50.0,True
1204.0,UAM01,sf_sj_real,60200.0,L300,lane_0,583911.1934747449,4138081.58118111,300.0,50.0,True
1205.0,UAM01,sf_sj_real,60250.0,L300,lane_0,583957.4378282882,4138062.5690858713,300.0,50.0,True
1206.0,UAM01,sf_sj_real,60300.0,L300,lane_0,584003.6821818314,4138043.5569906323,300.0,50.0,True
1207.0,UAM01,sf_sj_real,60350.0,L300,lane_0,584049.9265353747,4138024.544895394,300.0,50.0,True
1208.0,UAM01,sf_sj_real,60400.0,L300,lane_0,584096.1708889181,4138005.532800155,300.0,50.0,True
1209.0,UAM01,sf_sj_real,60450.0,L300,lane_0,584142.4152424614,4137986.5207049167,300.0,50.0,True
1210.0,UAM01,sf_sj_real,60500.0,L300,lane_0,584188.6595960046,4137967.508609678,300.0,50.0,True
1211.0,UAM01,sf_sj_real,60550.0,L300,lane_0,584234.9039495479,4137948.496514439,300.0,50.0,True
1212.0,UAM01,sf_sj_real,60600.0,L300,lane_0,584281.1483030912,4137929.4844192006,300.0,50.0,True
1213.0,UAM01,sf_sj_real,60650.0,L300,lane_0,584327.3926566346,4137910.472323962,300.0,50.0,True
1214.0,UAM01,sf_sj_real,60700.0,L300,lane_0,584374.006555683,4137892.3969960865,300.0,50.0,True
1215.0,UAM01,sf_sj_real,60750.0,L300,lane_0,584420.7760344355,4137874.716049924,300.0,50.0,True
1216.0,UAM01,sf_sj_real,60800.0,L300,lane_0,584467.5455131881,4137857.035103761,300.0,50.0,True
1217.0,UAM01,sf_sj_real,60850.0,L300,lane_0,584514.3149919406,4137839.354157598,300.0,50.0,True
1218.0,UAM01,sf_sj_real,60900.0,L300,lane_0,584561.0844706933,4137821.6732114353,300.0,50.0,True
1219.0,UAM01,sf_sj_real,60950.0,L300,lane_0,584607.819877811,4137803.9053626666,300.0,50.0,True
1220.0,UAM01,sf_sj_real,61000.0,L300,lane_0,584654.1436238164,4137785.0875371806,300.0,50.0,True
1221.0,UAM01,sf_sj_real,61050.0,L300,lane_0,584700.4673698219,4137766.2697116947,300.0,50.0,True
1222.0,UAM01,sf_sj_real,61100.0,L300,lane_0,584746.7911158274,4137747.4518862087,300.0,50.0,True
1223.0,UAM01,sf_sj_real,61150.0,L300,lane_0,584793.1148618328,4137728.634060723,300.0,50.0,True
1224.0,UAM01,sf_sj_real,61200.0,L300,lane_0,584839.4386078382,4137709.816235237,300.0,50.0,True
1225.0,UAM01,sf_sj_real,61250.0,L300,lane_0,584885.7623538438,4137690.998409751,300.0,50.0,True
1226.0,UAM01,sf_sj_real,61300.0,L300,lane_0,584932.1650631889,4137672.376791063,300.0,50.0,True
1227.0,UAM01,sf_sj_real,61350.0,L300,lane_0,584978.6099315983,4137653.8599285204,300.0,50.0,True
1228.0,UAM01,sf_sj_real,61400.0,L300,lane_0,585025.0548000078,4137635.3430659776,300.0,50.0,True
1229.0,UAM01,sf_sj_real,61450.0,L300,lane_0,585071.4996684173,4137616.8262034347,300.0,50.0,True
1230.0,UAM01,sf_sj_real,61500.0,L300,lane_0,585117.9445368267,4137598.309340892,300.0,50.0,True
1231.0,UAM01,sf_sj_real,61550.0,L300,lane_0,585164.3894052361,4137579.792478349,300.0,50.0,True
1232.0,UAM01,sf_sj_real,61600.0,L300,lane_0,585210.8342736455,4137561.275615806,300.0,50.0,True
1233.0,UAM01,sf_sj_real,61650.0,L300,lane_0,585257.1651834105,4137542.476888938,300.0,50.0,True
1234.0,UAM01,sf_sj_real,61700.0,L300,lane_0,585303.4286943836,4137523.5114584803,300.0,50.0,True
1235.0,UAM01,sf_sj_real,61750.0,L300,lane_0,585349.6922053567,4137504.546028022,300.0,50.0,True
1236.0,UAM01,sf_sj_real,61800.0,L300,lane_0,585395.9557163296,4137485.5805975646,300.0,50.0,True
1237.0,UAM01,sf_sj_real,61850.0,L300,lane_0,585442.2192273027,4137466.615167107,300.0,50.0,True
1238.0,UAM01,sf_sj_real,61900.0,L300,lane_0,585488.4827382758,4137447.6497366494,300.0,50.0,True
1239.0,UAM01,sf_sj_real,61950.0,L300,lane_0,585534.7462492487,4137428.6843061913,300.0,50.0,True
1240.0,UAM01,sf_sj_real,62000.0,L300,lane_0,585581.0586002928,4137409.8393697613,300.0,50.0,True
1241.0,UAM01,sf_sj_real,62050.0,L300,lane_0,585627.4706637545,4137391.240435243,300.0,50.0,True
1242.0,UAM01,sf_sj_real,62100.0,L300,lane_0,585673.8827272162,4137372.6415007245,300.0,50.0,True
1243.0,UAM01,sf_sj_real,62150.0,L300,lane_0,585720.294790678,4137354.042566206,300.0,50.0,True
1244.0,UAM01,sf_sj_real,62200.0,L300,lane_0,585761.1977289193,4137333.464157527,300.0,50.0,True
1245.0,UAM01,sf_sj_real,62250.0,L300,lane_0,585807.5270354907,4137314.6600262625,300.0,50.0,True
1246.0,UAM01,sf_sj_real,62300.0,L300,lane_0,585853.8563420621,4137295.8558949977,300.0,50.0,True
1247.0,UAM01,sf_sj_real,62350.0,L300,lane_0,585900.2143533211,4137277.12476282,300.0,50.0,True
1248.0,UAM01,sf_sj_real,62400.0,L300,lane_0,585946.9431589548,4137259.3366003507,300.0,50.0,True
1249.0,UAM01,sf_sj_real,62450.0,L300,lane_0,585993.6719645886,4137241.5484378813,300.0,50.0,True
1250.0,UAM01,sf_sj_real,62500.0,L300,lane_0,586040.4007702223,4137223.7602754114,300.0,50.0,True
1251.0,UAM01,sf_sj_real,62550.0,L300,lane_0,586087.129575856,4137205.972112942,300.0,50.0,True
1252.0,UAM01,sf_sj_real,62600.0,L300,lane_0,586133.8583814898,4137188.183950472,300.0,50.0,True
1253.0,UAM01,sf_sj_real,62650.0,L300,lane_0,586180.5871871235,4137170.3957880028,300.0,50.0,True
1254.0,UAM01,sf_sj_real,62700.0,L300,lane_0,586227.3159927572,4137152.6076255334,300.0,50.0,True
1255.0,UAM01,sf_sj_real,62750.0,L300,lane_0,586273.9793342837,4137134.6500891186,300.0,50.0,True
1256.0,UAM01,sf_sj_real,62800.0,L300,lane_0,586320.524657868,4137116.3872072967,300.0,50.0,True
1257.0,UAM01,sf_sj_real,62850.0,L300,lane_0,586367.0699814521,4137098.1243254747,300.0,50.0,True
1258.0,UAM01,sf_sj_real,62900.0,L300,lane_0,586413.6153050363,4137079.861443653,300.0,50.0,True
1259.0,UAM01,sf_sj_real,62950.0,L300,lane_0,586459.8403677964,4137060.802981764,300.0,50.0,True
1260.0,UAM01,sf_sj_real,63000.0,L300,lane_0,586506.0573302382,4137041.7243973655,300.0,50.0,True
1261.0,UAM01,sf_sj_real,63050.0,L300,lane_0,586552.2742926799,4137022.645812967,300.0,50.0,True
1262.0,UAM01,sf_sj_real,63100.0,L300,lane_0,586598.4912551217,4137003.5672285683,300.0,50.0,True
1263.0,UAM01,sf_sj_real,63150.0,L300,lane_0,586644.7082175635,4136984.4886441696,300.0,50.0,True
1264.0,UAM01,sf_sj_real,63200.0,L300,lane_0,586690.9251800053,4136965.4100597715,300.0,50.0,True
1265.0,UAM01,sf_sj_real,63250.0,L300,lane_0,586737.3549724786,4136946.872456111,300.0,50.0,True
1266.0,UAM01,sf_sj_real,63300.0,L300,lane_0,586784.1825318098,4136929.3459137515,300.0,50.0,True
1267.0,UAM01,sf_sj_real,63350.0,L300,lane_0,586831.0100911409,4136911.8193713916,300.0,50.0,True
1268.0,UAM01,sf_sj_real,63400.0,L300,lane_0,586877.837650472,4136894.2928290316,300.0,50.0,True
1269.0,UAM01,sf_sj_real,63450.0,L300,lane_0,586924.665209803,4136876.7662866716,300.0,50.0,True
1270.0,UAM01,sf_sj_real,63500.0,L300,lane_0,586971.4927691341,4136859.2397443117,300.0,50.0,True
1271.0,UAM01,sf_sj_real,63550.0,L300,lane_0,587018.3203284653,4136841.713201952,300.0,50.0,True
1272.0,UAM01,sf_sj_real,63600.0,L300,lane_0,587066.6273873628,4136828.818093135,300.0,50.0,True
1273.0,UAM01,sf_sj_real,63650.0,L300,lane_0,587114.9434731345,4136815.951242095,300.0,50.0,True
1274.0,UAM01,sf_sj_real,63700.0,L300,lane_0,587163.2595589063,4136803.084391054,300.0,50.0,True
1275.0,UAM01,sf_sj_real,63750.0,L300,lane_0,587211.5756446781,4136790.217540014,300.0,50.0,True
1276.0,UAM01,sf_sj_real,63800.0,L300,lane_0,587259.8917304499,4136777.3506889734,300.0,50.0,True
1277.0,UAM01,sf_sj_real,63850.0,L300,lane_0,587308.2078162216,4136764.4838379333,300.0,50.0,True
1278.0,UAM01,sf_sj_real,63900.0,L300,lane_0,587356.9651077776,4136753.4087893,300.0,50.0,True
1279.0,UAM01,sf_sj_real,63950.0,L300,lane_0,587405.7314454659,4136742.3704783567,300.0,50.0,True
1280.0,UAM01,sf_sj_real,64000.0,L300,lane_0,587454.4977831541,4136731.3321674136,300.0,50.0,True
1281.0,UAM01,sf_sj_real,64050.0,L300,lane_0,587503.2641208424,4136720.293856471,300.0,50.0,True
1282.0,UAM01,sf_sj_real,64100.0,L300,lane_0,587552.0304585306,4136709.2555455277,300.0,50.0,True
1283.0,UAM01,sf_sj_real,64150.0,L300,lane_0,587600.796796219,4136698.2172345845,300.0,50.0,True
1284.0,UAM01,sf_sj_real,64200.0,L300,lane_0,587649.3356089005,4136686.2370036407,300.0,50.0,True
1285.0,UAM01,sf_sj_real,64250.0,L300,lane_0,587697.7635087651,4136673.7976099774,300.0,50.0,True
1286.0,UAM01,sf_sj_real,64300.0,L300,lane_0,587746.1914086296,4136661.358216314,300.0,50.0,True
1287.0,UAM01,sf_sj_real,64350.0,L300,lane_0,587794.6193084941,4136648.918822651,300.0,50.0,True
1288.0,UAM01,sf_sj_real,64400.0,L300,lane_0,587843.0472083587,4136636.4794289875,300.0,50.0,True
1289.0,UAM01,sf_sj_real,64450.0,L300,lane_0,587891.4751082232,4136624.040035324,300.0,50.0,True
1290.0,UAM01,sf_sj_real,64500.0,L300,lane_0,587940.0220326898,4136612.082535547,300.0,50.0,True
1291.0,UAM01,sf_sj_real,64550.0,L300,lane_0,587988.6724920657,4136600.5442166696,300.0,50.0,True
1292.0,UAM01,sf_sj_real,64600.0,L300,lane_0,588037.3229514416,4136589.0058977925,300.0,50.0,True
1293.0,UAM01,sf_sj_real,64650.0,L300,lane_0,588085.9734108176,4136577.4675789154,300.0,50.0,True
1294.0,UAM01,sf_sj_real,64700.0,L300,lane_0,588134.6238701934,4136565.929260038,300.0,50.0,True
1295.0,UAM01,sf_sj_real,64750.0,L300,lane_0,588183.2743295693,4136554.3909411607,300.0,50.0,True
1296.0,UAM01,sf_sj_real,64800.0,L300,lane_0,588231.9247889452,4136542.852622283,300.0,50.0,True
1297.0,UAM01,sf_sj_real,64850.0,L300,lane_0,588280.575248321,4136531.314303406,300.0,50.0,True
1298.0,UAM01,sf_sj_real,64900.0,L300,lane_0,588329.4151622154,4136520.6389303505,300.0,50.0,True
1299.0,UAM01,sf_sj_real,64950.0,L300,lane_0,588378.4247864726,4136510.7365705227,300.0,50.0,True
1300.0,UAM01,sf_sj_real,65000.0,L300,lane_0,588427.4344107299,4136500.834210695,300.0,50.0,True
1301.0,UAM01,sf_sj_real,65050.0,L300,lane_0,588476.4440349871,4136490.931850867,300.0,50.0,True
1302.0,UAM01,sf_sj_real,65100.0,L300,lane_0,588525.4536592443,4136481.0294910385,300.0,50.0,True
1303.0,UAM01,sf_sj_real,65150.0,L300,lane_0,588575.09496729,4136475.446251611,300.0,50.0,True
1304.0,UAM01,sf_sj_real,65200.0,L300,lane_0,588624.8877155022,4136470.898480127,300.0,50.0,True
1305.0,UAM01,sf_sj_real,65250.0,L300,lane_0,588674.6804637145,4136466.3507086434,300.0,50.0,True
1306.0,UAM01,sf_sj_real,65300.0,L300,lane_0,588724.4732119268,4136461.8029371593,300.0,50.0,True
1307.0,UAM01,sf_sj_real,65350.0,L300,lane_0,588774.265960139,4136457.2551656757,300.0,50.0,True
1308.0,UAM01,sf_sj_real,65400.0,L300,lane_0,588816.6972055903,4136452.502590777,300.0,50.0,True
1309.0,UAM01,sf_sj_real,65450.0,L300,lane_0,588866.6762583345,4136451.055425691,300.0,50.0,True
1310.0,UAM01,sf_sj_real,65500.0,L300,lane_0,588916.6553110789,4136449.6082606046,300.0,50.0,True
1311.0,UAM01,sf_sj_real,65550.0,L300,lane_0,588966.6343638231,4136448.161095518,300.0,50.0,True
1312.0,UAM01,sf_sj_real,65600.0,L300,lane_0,589016.6203174773,4136448.7342530526,300.0,50.0,True
1313.0,UAM01,sf_sj_real,65650.0,L300,lane_0,589066.6080901743,4136449.8399568065,300.0,50.0,True
1314.0,UAM01,sf_sj_real,65700.0,L300,lane_0,589116.5958628713,4136450.945660561,300.0,50.0,True
1315.0,UAM01,sf_sj_real,65750.0,L300,lane_0,589166.5836355683,4136452.0513643147,300.0,50.0,True
1316.0,UAM01,sf_sj_real,65800.0,L300,lane_0,589216.5714082653,4136453.157068069,300.0,50.0,True
1317.0,UAM01,sf_sj_real,65850.0,L300,lane_0,589266.5591809623,4136454.2627718234,300.0,50.0,True
1318.0,UAM01,sf_sj_real,65900.0,L300,lane_0,589316.5469536593,4136455.3684755773,300.0,50.0,True
1319.0,UAM01,sf_sj_real,65950.0,L300,lane_0,589366.5347263563,4136456.4741793317,300.0,50.0,True
1320.0,UAM01,sf_sj_real,66000.0,L300,lane_0,589416.5253952214,4136457.4294716925,300.0,50.0,True
1321.0,UAM01,sf_sj_real,66050.0,L300,lane_0,589466.5186801259,4136458.248901038,300.0,50.0,True
1322.0,UAM01,sf_sj_real,66100.0,L300,lane_0,589516.5119650306,4136459.0683303834,300.0,50.0,True
1323.0,UAM01,sf_sj_real,66150.0,L300,lane_0,589566.5052499351,4136459.887759729,300.0,50.0,True
1324.0,UAM01,sf_sj_real,66200.0,L300,lane_0,589616.4985348396,4136460.7071890743,300.0,50.0,True
1325.0,UAM01,sf_sj_real,66250.0,L300,lane_0,589666.4918197442,4136461.5266184197,300.0,50.0,True
1326.0,UAM01,sf_sj_real,66300.0,L300,lane_0,589716.4851046487,4136462.346047765,300.0,50.0,True
1327.0,UAM01,sf_sj_real,66350.0,L300,lane_0,589766.4725847383,4136463.4584259065,300.0,50.0,True
1328.0,UAM01,sf_sj_real,66400.0,L300,lane_0,589816.4590878665,4136464.620107883,300.0,50.0,True
1329.0,UAM01,sf_sj_real,66450.0,L300,lane_0,589866.4455909947,4136465.78178986,300.0,50.0,True
1330.0,UAM01,sf_sj_real,66500.0,L300,lane_0,589916.4320941229,4136466.9434718373,300.0,50.0,True
1331.0,UAM01,sf_sj_real,66550.0,L300,lane_0,589966.4185972511,4136468.105153814,300.0,50.0,True
1332.0,UAM01,sf_sj_real,66600.0,L300,lane_0,590016.4051003793,4136469.266835791,300.0,50.0,True
1333.0,UAM01,sf_sj_real,66650.0,L300,lane_0,590066.3916035075,4136470.4285177677,300.0,50.0,True
1334.0,UAM01,sf_sj_real,66700.0,L300,lane_0,590116.3806125355,4136471.0913085463,300.0,50.0,True
1335.0,UAM01,sf_sj_real,66750.0,L300,lane_0,590166.3762632373,4136470.4318308,300.0,50.0,True
1336.0,UAM01,sf_sj_real,66800.0,L300,lane_0,590216.3719139392,4136469.772353054,300.0,50.0,True
1337.0,UAM01,sf_sj_real,66850.0,L300,lane_0,590266.367564641,4136469.112875308,300.0,50.0,True
1338.0,UAM01,sf_sj_real,66900.0,L300,lane_0,590316.363215343,4136468.453397562,300.0,50.0,True
1339.0,UAM01,sf_sj_real,66950.0,L300,lane_0,590366.3588660448,4136467.7939198157,300.0,50.0,True
1340.0,UAM01,sf_sj_real,67000.0,L300,lane_0,590416.3545167467,4136467.1344420696,300.0,50.0,True
1341.0,UAM01,sf_sj_real,67050.0,L300,lane_0,590466.0186462284,4136461.43230102,300.0,50.0,True
1342.0,UAM01,sf_sj_real,67100.0,L300,lane_0,590515.6703158609,4136455.5406371886,300.0,50.0,True
1343.0,UAM01,sf_sj_real,67150.0,L300,lane_0,590565.3219854934,4136449.6489733574,300.0,50.0,True
1344.0,UAM01,sf_sj_real,67200.0,L300,lane_0,590614.6572343669,4136442.019587863,300.0,50.0,True
1345.0,UAM01,sf_sj_real,67250.0,L300,lane_0,590663.1987741608,4136430.0313054826,300.0,50.0,True
1346.0,UAM01,sf_sj_real,67300.0,L300,lane_0,590711.7403139549,4136418.043023103,300.0,50.0,True
1347.0,UAM01,sf_sj_real,67350.0,L300,lane_0,590760.2818537488,4136406.0547407228,300.0,50.0,True
1348.0,UAM01,sf_sj_real,67400.0,L300,lane_0,590808.4204549216,4136392.7987359655,300.0,50.0,True
1349.0,UAM01,sf_sj_real,67450.0,L300,lane_0,590854.9756529685,4136374.56104053,300.0,50.0,True
1350.0,UAM01,sf_sj_real,67500.0,L300,lane_0,590901.5308510155,4136356.323345094,300.0,50.0,True
1351.0,UAM01,sf_sj_real,67550.0,L300,lane_0,590948.0860490624,4136338.085649658,300.0,50.0,True
1352.0,UAM01,sf_sj_real,67600.0,L300,lane_0,590992.8452434223,4136315.8932497217,300.0,50.0,True
1353.0,UAM01,sf_sj_real,67650.0,L300,lane_0,591037.2129788359,4136292.838878026,300.0,50.0,True
1354.0,UAM01,sf_sj_real,67700.0,L300,lane_0,591081.5807142494,4136269.7845063307,300.0,50.0,True
1355.0,UAM01,sf_sj_real,67750.0,L300,lane_0,591125.9484496629,4136246.730134635,300.0,50.0,True
1356.0,UAM01,sf_sj_real,67800.0,L300,lane_0,591170.3161850765,4136223.6757629397,300.0,50.0,True
1357.0,UAM01,sf_sj_real,67850.0,L300,lane_0,591214.68392049,4136200.6213912438,300.0,50.0,True
1358.0,UAM01,sf_sj_real,67900.0,L300,lane_0,591259.0516559035,4136177.5670195483,300.0,50.0,True
1359.0,UAM01,sf_sj_real,67950.0,L300,lane_0,591303.2972895342,4136154.282497887,300.0,50.0,True
1360.0,UAM01,sf_sj_real,68000.0,L300,lane_0,591347.264181937,4136130.472576164,300.0,50.0,True
1361.0,UAM01,sf_sj_real,68050.0,L300,lane_0,591391.2310743397,4136106.6626544413,300.0,50.0,True
1362.0,UAM01,sf_sj_real,68100.0,L300,lane_0,591435.1979667424,4136082.8527327185,300.0,50.0,True
1363.0,UAM01,sf_sj_real,68150.0,L300,lane_0,591479.1648591452,4136059.0428109956,300.0,50.0,True
1364.0,UAM01,sf_sj_real,68200.0,L300,lane_0,591523.1317515479,4136035.2328892727,300.0,50.0,True
1365.0,UAM01,sf_sj_real,68250.0,L300,lane_0,591567.0986439507,4136011.42296755,300.0,50.0,True
1366.0,UAM01,sf_sj_real,68300.0,L300,lane_0,591611.082391871,4135987.6442054976,300.0,50.0,True
1367.0,UAM01,sf_sj_real,68350.0,L300,lane_0,591655.071432989,4135963.8752286257,300.0,50.0,True
1368.0,UAM01,sf_sj_real,68400.0,L300,lane_0,591699.0604741069,4135940.1062517543,300.0,50.0,True
1369.0,UAM01,sf_sj_real,68450.0,L300,lane_0,591743.0495152249,4135916.3372748825,300.0,50.0,True
1370.0,UAM01,sf_sj_real,68500.0,L300,lane_0,591787.0385563428,4135892.568298011,300.0,50.0,True
1371.0,UAM01,sf_sj_real,68550.0,L300,lane_0,591831.0275974608,4135868.799321139,300.0,50.0,True
1372.0,UAM01,sf_sj_real,68600.0,L300,lane_0,591875.0166385787,4135845.030344268,300.0,50.0,True
1373.0,UAM01,sf_sj_real,68650.0,L300,lane_0,591919.6798336218,4135822.5593186766,300.0,50.0,True
1374.0,UAM01,sf_sj_real,68700.0,L300,lane_0,591964.4224516383,4135800.2412064574,300.0,50.0,True
1375.0,UAM01,sf_sj_real,68750.0,L300,lane_0,592009.1650696548,4135777.923094238,300.0,50.0,True
1376.0,UAM01,sf_sj_real,68800.0,L300,lane_0,592053.9076876712,4135755.604982019,300.0,50.0,True
1377.0,UAM01,sf_sj_real,68850.0,L300,lane_0,592098.6503056878,4135733.2868697997,300.0,50.0,True
1378.0,UAM01,sf_sj_real,68900.0,L300,lane_0,592143.2720436791,4135710.73819236,300.0,50.0,True
1379.0,UAM01,sf_sj_real,68950.0,L300,lane_0,592187.0775180665,4135686.63258277,300.0,50.0,True
1380.0,UAM01,sf_sj_real,69000.0,L300,lane_0,592230.8829924539,4135662.5269731805,300.0,50.0,True
1381.0,UAM01,sf_sj_real,69050.0,L300,lane_0,592274.6884668412,4135638.4213635908,300.0,50.0,True
1382.0,UAM01,sf_sj_real,69100.0,L300,lane_0,592318.4939412286,4135614.315754001,300.0,50.0,True
1383.0,UAM01,sf_sj_real,69150.0,L300,lane_0,592362.299415616,4135590.2101444113,300.0,50.0,True
1384.0,UAM01,sf_sj_real,69200.0,L300,lane_0,592406.1048900035,4135566.104534821,300.0,50.0,True
1385.0,UAM01,sf_sj_real,69250.0,L300,lane_0,592449.9103643908,4135541.9989252314,300.0,50.0,True
1386.0,UAM01,sf_sj_real,69300.0,L300,lane_0,592493.8810068187,4135518.1964871096,300.0,50.0,True
1387.0,UAM01,sf_sj_real,69350.0,L300,lane_0,592537.8884315479,4135494.461564133,300.0,50.0,True
1388.0,UAM01,sf_sj_real,69400.0,L300,lane_0,592581.895856277,4135470.7266411562,300.0,50.0,True
1389.0,UAM01,sf_sj_real,69450.0,L300,lane_0,592625.903281006,4135446.9917181795,300.0,50.0,True
1390.0,UAM01,sf_sj_real,69500.0,L300,lane_0,592669.9309264267,4135423.294514714,300.0,50.0,True
1391.0,UAM01,sf_sj_real,69550.0,L300,lane_0,592714.0577812634,4135399.7823756738,300.0,50.0,True
1392.0,UAM01,sf_sj_real,69600.0,L300,lane_0,592758.1846361,4135376.270236634,300.0,50.0,True
1393.0,UAM01,sf_sj_real,69650.0,L300,lane_0,592802.3114909367,4135352.7580975946,300.0,50.0,True
1394.0,UAM01,sf_sj_real,69700.0,L300,lane_0,592846.4383457733,4135329.2459585546,300.0,50.0,True
1395.0,UAM01,sf_sj_real,69750.0,L300,lane_0,592890.56520061,4135305.733819515,300.0,50.0,True
1396.0,UAM01,sf_sj_real,69800.0,L300,lane_0,592934.6920554467,4135282.2216804754,300.0,50.0,True
1397.0,UAM01,sf_sj_real,69850.0,L300,lane_0,592978.8189102833,4135258.7095414354,300.0,50.0,True
1398.0,UAM01,sf_sj_real,69900.0,L300,lane_0,593022.94576512,4135235.197402396,300.0,50.0,True
1399.0,UAM01,sf_sj_real,69950.0,L300,lane_0,593067.1588700765,4135211.8488770146,300.0,50.0,True
1400.0,UAM01,sf_sj_real,70000.0,L300,lane_0,593111.4922731634,4135188.7285532556,300.0,50.0,True
1401.0,UAM01,sf_sj_real,70050.0,L300,lane_0,593155.8256762504,4135165.6082294965,300.0,50.0,True
1402.0,UAM01,sf_sj_real,70100.0,L300,lane_0,593200.1590793374,4135142.487905737,300.0,50.0,True
1403.0,UAM01,sf_sj_real,70150.0,L300,lane_0,593244.428381261,4135119.245579132,300.0,50.0,True
1404.0,UAM01,sf_sj_real,70200.0,L300,lane_0,593288.6195171357,4135095.854480182,300.0,50.0,True
1405.0,UAM01,sf_sj_real,70250.0,L300,lane_0,593332.8106530103,4135072.4633812313,300.0,50.0,True
1406.0,UAM01,sf_sj_real,70300.0,L300,lane_0,593377.001788885,4135049.0722822812,300.0,50.0,True
1407.0,UAM01,sf_sj_real,70350.0,L300,lane_0,593421.1929247597,4135025.6811833307,300.0,50.0,True
1408.0,UAM01,sf_sj_real,70400.0,L300,lane_0,593465.3840606344,4135002.29008438,300.0,50.0,True
1409.0,UAM01,sf_sj_real,70450.0,L300,lane_0,593509.5751965091,4134978.89898543,300.0,50.0,True
1410.0,UAM01,sf_sj_real,70500.0,L300,lane_0,593553.7663323838,4134955.5078864796,300.0,50.0,True
1411.0,UAM01,sf_sj_real,70550.0,L300,lane_0,593597.9574682586,4134932.1167875296,300.0,50.0,True
1412.0,UAM01,sf_sj_real,70600.0,L300,lane_0,593642.1486041333,4134908.725688579,300.0,50.0,True
1413.0,UAM01,sf_sj_real,70650.0,L300,lane_0,593686.3502985007,4134885.35463638,300.0,50.0,True
1414.0,UAM01,sf_sj_real,70700.0,L300,lane_0,593730.6370226083,4134862.1450248403,300.0,50.0,True
1415.0,UAM01,sf_sj_real,70750.0,L300,lane_0,593774.9237467159,4134838.9354133005,300.0,50.0,True
1416.0,UAM01,sf_sj_real,70800.0,L300,lane_0,593819.2104708235,4134815.7258017613,300.0,50.0,True
1417.0,UAM01,sf_sj_real,70850.0,L300,lane_0,593863.497194931,4134792.5161902215,300.0,50.0,True
1418.0,UAM01,sf_sj_real,70900.0,L300,lane_0,593907.7839190385,4134769.306578682,300.0,50.0,True
1419.0,UAM01,sf_sj_real,70950.0,L300,lane_0,593952.070643146,4134746.096967142,300.0,50.0,True
1420.0,UAM01,sf_sj_real,71000.0,L300,lane_0,593996.3573672536,4134722.8873556023,300.0,50.0,True
1421.0,UAM01,sf_sj_real,71050.0,L300,lane_0,594040.4099764507,4134699.260531238,300.0,50.0,True
1422.0,UAM01,sf_sj_real,71100.0,L300,lane_0,594083.2956815059,4134673.5541837355,300.0,50.0,True
1423.0,UAM01,sf_sj_real,71150.0,L300,lane_0,594126.1813865612,4134647.847836233,300.0,50.0,True
1424.0,UAM01,sf_sj_real,71200.0,L300,lane_0,594169.0670916165,4134622.141488731,300.0,50.0,True
1425.0,UAM01,sf_sj_real,71250.0,L300,lane_0,594211.9592509926,4134596.4461423135,300.0,50.0,True
1426.0,UAM01,sf_sj_real,71300.0,L300,lane_0,594247.2412456647,4134569.4738773704,300.0,50.0,True
1427.0,UAM01,sf_sj_real,71350.0,L300,lane_0,594290.7483811638,4134544.833886286,300.0,50.0,True
1428.0,UAM01,sf_sj_real,71400.0,L300,lane_0,594334.2555166631,4134520.193895201,300.0,50.0,True
1429.0,UAM01,sf_sj_real,71450.0,L300,lane_0,594377.7626521623,4134495.553904116,300.0,50.0,True
1430.0,UAM01,sf_sj_real,71500.0,L300,lane_0,594420.2956746556,4134469.296153909,300.0,50.0,True
1431.0,UAM01,sf_sj_real,71550.0,L300,lane_0,594462.4264494434,4134442.370370433,300.0,50.0,True
1432.0,UAM01,sf_sj_real,71600.0,L300,lane_0,594504.5572242313,4134415.444586958,300.0,50.0,True
1433.0,UAM01,sf_sj_real,71650.0,L300,lane_0,594546.6879990192,4134388.518803482,300.0,50.0,True
1434.0,UAM01,sf_sj_real,71700.0,L300,lane_0,594588.8413984991,4134361.628554301,300.0,50.0,True
1435.0,UAM01,sf_sj_real,71750.0,L300,lane_0,594631.0637884418,4134334.846661397,300.0,50.0,True
1436.0,UAM01,sf_sj_real,71800.0,L300,lane_0,594673.2861783846,4134308.0647684927,300.0,50.0,True
1437.0,UAM01,sf_sj_real,71850.0,L300,lane_0,594715.5085683273,4134281.2828755886,300.0,50.0,True
1438.0,UAM01,sf_sj_real,71900.0,L300,lane_0,594757.73095827,4134254.5009826845,300.0,50.0,True
1439.0,UAM01,sf_sj_real,71950.0,L300,lane_0,594799.9657983644,4134227.739045273,300.0,50.0,True
1440.0,UAM01,sf_sj_real,72000.0,L300,lane_0,594842.5829501845,4134201.5898890584,300.0,50.0,True
1441.0,UAM01,sf_sj_real,72050.0,L300,lane_0,594885.2001020046,4134175.4407328437,300.0,50.0,True
1442.0,UAM01,sf_sj_real,72100.0,L300,lane_0,594927.8172538247,4134149.291576629,300.0,50.0,True
1443.0,UAM01,sf_sj_real,72150.0,L300,lane_0,594970.4344056448,4134123.1424204144,300.0,50.0,True
1444.0,UAM01,sf_sj_real,72200.0,L300,lane_0,595013.0515574649,4134096.9932641992,300.0,50.0,True
1445.0,UAM01,sf_sj_real,72250.0,L300,lane_0,595055.668709285,4134070.8441079846,300.0,50.0,True
1446.0,UAM01,sf_sj_real,72300.0,L300,lane_0,595098.2222934983,4134044.59165882,300.0,50.0,True
1447.0,UAM01,sf_sj_real,72350.0,L300,lane_0,595140.7698993625,4134018.329495253,300.0,50.0,True
1448.0,UAM01,sf_sj_real,72400.0,L300,lane_0,595183.3175052266,4133992.0673316857,300.0,50.0,True
1449.0,UAM01,sf_sj_real,72450.0,L300,lane_0,595225.8369247966,4133965.7595960298,300.0,50.0,True
1450.0,UAM01,sf_sj_real,72500.0,L300,lane_0,595268.3366710908,4133939.42005228,300.0,50.0,True
1451.0,UAM01,sf_sj_real,72550.0,L300,lane_0,595310.8364173851,4133913.080508531,300.0,50.0,True
1452.0,UAM01,sf_sj_real,72600.0,L300,lane_0,595353.3361636794,4133886.7409647815,300.0,50.0,True
1453.0,UAM01,sf_sj_real,72650.0,L300,lane_0,595395.8359099737,4133860.4014210324,300.0,50.0,True
1454.0,UAM01,sf_sj_real,72700.0,L300,lane_0,595438.3800542762,4133834.1337221754,300.0,50.0,True
1455.0,UAM01,sf_sj_real,72750.0,L300,lane_0,595480.9477413733,4133807.9041202874,300.0,50.0,True
1456.0,UAM01,sf_sj_real,72800.0,L300,lane_0,595523.5154284704,4133781.6745183994,300.0,50.0,True
1457.0,UAM01,sf_sj_real,72850.0,L300,lane_0,595566.0831155677,4133755.4449165114,300.0,50.0,True
1458.0,UAM01,sf_sj_real,72900.0,L300,lane_0,595608.6508026648,4133729.215314624,300.0,50.0,True
1459.0,UAM01,sf_sj_real,72950.0,L300,lane_0,595651.218489762,4133702.985712736,300.0,50.0,True
1460.0,UAM01,sf_sj_real,73000.0,L300,lane_0,595693.818844335,4133676.809202944,300.0,50.0,True
1461.0,UAM01,sf_sj_real,73050.0,L300,lane_0,595736.4202527301,4133650.6344058528,300.0,50.0,True
1462.0,UAM01,sf_sj_real,73100.0,L300,lane_0,595779.0216611254,4133624.459608762,300.0,50.0,True
1463.0,UAM01,sf_sj_real,73150.0,L300,lane_0,595821.6230695205,4133598.284811671,300.0,50.0,True
1464.0,UAM01,sf_sj_real,73200.0,L300,lane_0,595864.2722048963,4133572.18869213,300.0,50.0,True
1465.0,UAM01,sf_sj_real,73250.0,L300,lane_0,595907.168184238,4133546.4994929153,300.0,50.0,True
1466.0,UAM01,sf_sj_real,73300.0,L300,lane_0,595950.0641635797,4133520.8102937,300.0,50.0,True
1467.0,UAM01,sf_sj_real,73350.0,L300,lane_0,595992.9601429214,4133495.121094485,300.0,50.0,True
1468.0,UAM01,sf_sj_real,73400.0,L300,lane_0,596035.8561222631,4133469.43189527,300.0,50.0,True
1469.0,UAM01,sf_sj_real,73450.0,L300,lane_0,596078.4395606589,4133443.236918952,300.0,50.0,True
1470.0,UAM01,sf_sj_real,73500.0,L300,lane_0,596120.6039197558,4133416.363757211,300.0,50.0,True
1471.0,UAM01,sf_sj_real,73550.0,L300,lane_0,596162.7682788526,4133389.49059547,300.0,50.0,True
1472.0,UAM01,sf_sj_real,73600.0,L300,lane_0,596204.9326379495,4133362.617433729,300.0,50.0,True
1473.0,UAM01,sf_sj_real,73650.0,L300,lane_0,596247.0969970463,4133335.7442719885,300.0,50.0,True
1474.0,UAM01,sf_sj_real,73700.0,L300,lane_0,596290.0528094624,4133310.4666252965,300.0,50.0,True
1475.0,UAM01,sf_sj_real,73750.0,L300,lane_0,596336.9605051707,4133293.1557014813,300.0,50.0,True
1476.0,UAM01,sf_sj_real,73800.0,L300,lane_0,596384.0831001753,4133276.4677891964,300.0,50.0,True
1477.0,UAM01,sf_sj_real,73850.0,L300,lane_0,596431.6879282814,4133261.1779121207,300.0,50.0,True
1478.0,UAM01,sf_sj_real,73900.0,L300,lane_0,596475.7994373792,4133238.1707127914,300.0,50.0,True
1479.0,UAM01,sf_sj_real,73950.0,L300,lane_0,596518.5256231263,4133212.2247435306,300.0,50.0,True
1480.0,UAM01,sf_sj_real,74000.0,L300,lane_0,596558.2000794935,4133181.8606501943,300.0,50.0,True
1481.0,UAM01,sf_sj_real,74050.0,L300,lane_0,596594.5170345026,4133147.712855064,300.0,50.0,True
1482.0,UAM01,sf_sj_real,74100.0,L300,lane_0,596625.8929373357,4133108.7827546094,300.0,50.0,True
1483.0,UAM01,sf_sj_real,74150.0,L300,lane_0,596657.2688401688,4133069.8526541544,300.0,50.0,True
1484.0,UAM01,sf_sj_real,74200.0,L300,lane_0,596685.0762746155,4133028.4065864305,300.0,50.0,True
1485.0,UAM01,sf_sj_real,74250.0,L300,lane_0,596707.3174254947,4132983.8496640394,300.0,50.0,True
1486.0,UAM01,sf_sj_real,74300.0,L300,lane_0,596725.4260582898,4132937.244112672,300.0,50.0,True
1487.0,UAM01,sf_sj_real,74350.0,L300,lane_0,596743.6198197341,4132890.6767983753,300.0,50.0,True
1488.0,UAM01,sf_sj_real,74400.0,L300,lane_0,596766.4300767973,4132846.1830665395,300.0,50.0,True
1489.0,UAM01,sf_sj_real,74450.0,L300,lane_0,596794.0679995896,4132804.833338589,300.0,50.0,True
1490.0,UAM01,sf_sj_real,74500.0,L300,lane_0,596825.5378490639,4132765.9791422384,300.0,50.0,True
1491.0,UAM01,sf_sj_real,74550.0,L300,lane_0,596859.4268187113,4132729.272239237,300.0,50.0,True
1492.0,UAM01,sf_sj_real,74600.0,L300,lane_0,596894.2732179733,4132693.415183328,300.0,50.0,True
1493.0,UAM01,sf_sj_real,74650.0,L300,lane_0,596929.1196172354,4132657.558127419,300.0,50.0,True
1494.0,UAM01,sf_sj_real,74700.0,L300,lane_0,596963.9660164973,4132621.7010715096,300.0,50.0,True
1495.0,UAM01,sf_sj_real,74750.0,L300,lane_0,596998.8124157593,4132585.8440156006,300.0,50.0,True
1496.0,UAM01,sf_sj_real,74800.0,L300,lane_0,597032.6141925087,4132549.0456690504,300.0,50.0,True
1497.0,UAM01,sf_sj_real,74850.0,L300,lane_0,597064.6611218804,4132510.6660609515,300.0,50.0,True
1498.0,UAM01,sf_sj_real,74900.0,L300,lane_0,597096.7080512522,4132472.286452852,300.0,50.0,True
1499.0,UAM01,sf_sj_real,74950.0,L300,lane_0,597120.312150993,4132428.375783691,300.0,50.0,True
1500.0,UAM01,sf_sj_real,75000.0,L300,lane_0,597136.0570842995,4132381.3934871815,300.0,50.0,True
1501.0,UAM01,sf_sj_real,75050.0,L300,lane_0,597143.8751628841,4132332.050264476,300.0,50.0,True
1502.0,UAM01,sf_sj_real,75100.0,L300,lane_0,597149.5673658594,4132282.375332918,300.0,50.0,True
1503.0,UAM01,sf_sj_real,75150.0,L300,lane_0,597155.2595688348,4132232.70040136,300.0,50.0,True
1504.0,UAM01,sf_sj_real,75200.0,L300,lane_0,597160.1127709401,4132182.9578150064,300.0,50.0,True
1505.0,UAM01,sf_sj_real,75250.0,L300,lane_0,597162.4536677722,4132133.0126430476,300.0,50.0,True
1506.0,UAM01,sf_sj_real,75300.0,L300,lane_0,597164.7945646045,4132083.0674710884,300.0,50.0,True
1507.0,UAM01,sf_sj_real,75350.0,L300,lane_0,597167.1354614367,4132033.122299129,300.0,50.0,True
1508.0,UAM01,sf_sj_real,75400.0,L300,lane_0,597169.4763582689,4131983.1771271704,300.0,50.0,True
1508.46232340905,UAM01,sf_sj_real,75423.1161704525,L300,lane_0,597170.5586096726,4131960.0863050045,300.0,50.0,True
