timestamp_s,uam_id,corridor_id,s_m,level_id,lane_id,x_m,y_m,z_m,speed_mps,active,serving_bs_id,serving_rsrp_dbm_per_re,sinr_db,handoff,control_tick
0.0,UAM01,sf_sj_real,0.0,L300,lane_0,553302.8686647224,4181157.264154501,300.0,50.0,True,BS01,-89.35003947724152,8.680803527475614,False,True
1.0,UAM01,sf_sj_real,50.0,L300,lane_0,553266.8262553765,4181122.6095050503,300.0,50.0,True,BS01,-89.10973447339786,8.868280863267602,False,False
2.0,UAM01,sf_sj_real,100.0,L300,lane_0,553230.7838460305,4181087.9548556,300.0,50.0,True,BS01,-88.87204411478204,9.0535249113022,False,False
3.0,UAM01,sf_sj_real,150.0,L300,lane_0,553194.7414366845,4181053.3002061495,300.0,50.0,True,BS01,-88.63802292946313,9.235504159201106,False,False
4.0,UAM01,sf_sj_real,200.0,L300,lane_0,553158.6990273385,4181018.6455566986,300.0,50.0,True,BS01,-88.40885552192414,9.413057347229836,False,False
5.0,UAM01,sf_sj_real,250.0,L300,lane_0,553121.4743722454,4180985.276581971,300.0,50.0,True,BS01,-88.19764514705342,9.576056323424819,False,True
6.0,UAM01,sf_sj_real,300.0,L300,lane_0,553083.9255118085,4180952.260175748,300.0,50.0,True,BS01,-87.99847360023583,9.728376249731523,False,False
7.0,UAM01,sf_sj_real,350.0,L300,lane_0,553046.3766513715,4180919.2437695246,300.0,50.0,True,BS01,-87.80981026699672,9.870771048690884,False,False
8.0,UAM01,sf_sj_real,400.0,L300,lane_0,553008.8277909346,4180886.2273633014,300.0,50.0,True,BS01,-87.63328671863127,10.001632795104523,False,False
9.0,UAM01,sf_sj_real,450.0,L300,lane_0,552971.2789304976,4180853.2109570787,300.0,50.0,True,BS01,-87.47057816117483,10.119309946845723,False,False
10.0,UAM01,sf_sj_real,500.0,L300,lane_0,552933.7300700607,4180820.1945508556,300.0,50.0,True,BS01,-87.32336646104284,10.22214427886187,False,True
11.0,UAM01,sf_sj_real,550.0,L300,lane_0,552898.9152188513,4180784.6600045618,300.0,50.0,True,BS01,-87.16301318490758,10.332411603094137,False,False
12.0,UAM01,sf_sj_real,600.0,L300,lane_0,552869.0915679618,4180744.5283481344,300.0,50.0,True,BS01,-86.96222867711708,10.471863621010824,False,False
13.0,UAM01,sf_sj_real,650.0,L300,lane_0,552848.023878609,4180700.0105136987,300.0,50.0,True,BS01,-86.70117761271095,10.658098414201703,False,False
14.0,UAM01,sf_sj_real,700.0,L300,lane_0,552833.8800856064,4180652.075098841,300.0,50.0,True,BS01,-86.38731596406281,10.886006523210929,False,False
15.0,UAM01,sf_sj_real,750.0,L300,lane_0,552834.9078313329,4180602.0856625694,300.0,50.0,True,BS01,-85.97801560141016,11.195195796989692,False,True
16.0,UAM01,sf_sj_real,800.0,L300,lane_0,552843.2765871519,4180553.06217644,300.0,50.0,True,BS01,-85.52506129817124,11.544146955281938,False,False
17.0,UAM01,sf_sj_real,850.0,L300,lane_0,552875.6146657905,4180516.1210895376,300.0,50.0,True,BS01,-85.01113515555163,11.962035758983266,False,False
18.0,UAM01,sf_sj_real,900.0,L300,lane_0,552911.2702169743,4180481.068533714,300.0,50.0,True,BS01,-84.46865459428454,12.40923290409584,False,False
19.0,UAM01,sf_sj_real,950.0,L300,lane_0,552946.9257681582,4180446.01597789,300.0,50.0,True,BS01,-83.90016321635888,12.881479811505551,False,False
20.0,UAM01,sf_sj_real,1000.0,L300,lane_0,552982.581319342,4180410.9634220665,300.0,50.0,True,BS01,-83.3041640992008,13.38025969550534,False,True
21.0,UAM01,sf_sj_real,1050.0,L300,lane_0,553018.2368705259,4180375.910866243,300.0,50.0,True,BS01,-82.67940631472128,13.906809653405745,False,False
22.0,UAM01,sf_sj_real,1100.0,L300,lane_0,553054.7632149183,4180341.8510226766,300.0,50.0,True,BS01,-82.03089357515707,14.45775130146177,False,False
23.0,UAM01,sf_sj_real,1150.0,L300,lane_0,553094.1625869883,4180311.066457055,300.0,50.0,True,BS01,-81.37659984160682,15.019053653732223,False,False
24.0,UAM01,sf_sj_real,1200.0,L300,lane_0,553133.5619590583,4180280.2818914335,300.0,50.0,True,BS01,-80.70371058348249,15.5982362003732,False,False
25.0,UAM01,sf_sj_real,1250.0,L300,lane_0,553172.9613311281,4180249.4973258125,300.0,50.0,True,BS01,-80.0190191691466,16.18850631064045,False,True
26.0,UAM01,sf_sj_real,1300.0,L300,lane_0,553212.3607031981,4180218.712760191,300.0,50.0,True,BS01,-79.3336905428663,16.778700610685213,False,False
27.0,UAM01,sf_sj_real,1350.0,L300,lane_0,553250.5679923189,4180186.5829195045,300.0,50.0,True,BS01,-78.64784289400144,17.366227441221422,False,False
28.0,UAM01,sf_sj_real,1400.0,L300,lane_0,553285.8691160884,4180151.173448164,300.0,50.0,True,BS01,-77.9504164476969,17.958341022941898,False,False
29.0,UAM01,sf_sj_real,1450.0,L300,lane_0,553321.1702398579,4180115.7639768235,300.0,50.0,True,BS01,-77.30903798351531,18.49330420526465,False,False
30.0,UAM01,sf_sj_real,1500.0,L300,lane_0,553352.5215175566,4180076.9998261775,300.0,50.0,True,BS01,-76.70398822378455,18.984794978191623,False,True
31.0,UAM01,sf_sj_real,1550.0,L300,lane_0,553381.7492581705,4180036.4321151427,300.0,50.0,True,BS01,-76.1953563039421,19.375120317107047,False,False
32.0,UAM01,sf_sj_real,1600.0,L300,lane_0,553410.9769987843,4179995.8644041074,300.0,50.0,True,BS01,-75.86513414966694,19.585412885497906,False,False
33.0,UAM01,sf_sj_real,1650.0,L300,lane_0,553435.8387191041,4179952.6466461015,300.0,50.0,True,BS01,-75.68890336115447,19.635676172898528,False,False
34.0,UAM01,sf_sj_real,1700.0,L300,lane_0,553458.337027451,4179907.9943659636,300.0,50.0,True,BS01,-75.7151502951921,19.479101640708866,False,False
35.0,UAM01,sf_sj_real,1750.0,L300,lane_0,553473.7217076455,4179860.42681531,300.0,50.0,True,BS01,-75.88040869405629,19.177755328488125,False,True
36.0,UAM01,sf_sj_real,1800.0,L300,lane_0,553488.7002693845,4179812.754933915,300.0,50.0,True,BS01,-76.25470182256285,18.664982859933797,False,False
37.0,UAM01,sf_sj_real,1850.0,L300,lane_0,553494.874290795,4179763.137612358,300.0,50.0,True,BS01,-76.69687288962649,18.081943864745497,False,False
38.0,UAM01,sf_sj_real,1900.0,L300,lane_0,553500.854121838,4179713.49648404,300.0,50.0,True,BS01,-77.27620707806037,17.359375373554517,False,False
39.0,UAM01,sf_sj_real,1950.0,L300,lane_0,553506.1337559959,4179663.792456402,300.0,50.0,True,BS01,-77.93934276390232,16.55079560188953,False,False
40.0,UAM01,sf_sj_real,2000.0,L300,lane_0,553509.0968834427,4179613.880334871,300.0,50.0,True,BS01,-78.63411215680308,15.70902155103848,False,True
41.0,UAM01,sf_sj_real,2050.0,L300,lane_0,553513.2945197666,4179564.076340148,300.0,50.0,True,BS01,-79.36299038563811,14.830042230770653,False,False
42.0,UAM01,sf_sj_real,2100.0,L300,lane_0,553519.0532422162,4179514.409076123,300.0,50.0,True,BS01,-80.1019676648188,13.937555368013754,False,False
43.0,UAM01,sf_sj_real,2150.0,L300,lane_0,553523.2117987355,4179464.605334621,300.0,50.0,True,BS01,-80.81654737687631,13.067455110724552,False,False
44.0,UAM01,sf_sj_real,2200.0,L300,lane_0,553525.9472683405,4179414.6802186365,300.0,50.0,True,BS01,-81.503515445967,12.222887352454617,False,False
45.0,UAM01,sf_sj_real,2250.0,L300,lane_0,553528.917938507,4179364.76896575,300.0,50.0,True,BS01,-82.16777179472521,11.398031494236756,False,True
46.0,UAM01,sf_sj_real,2300.0,L300,lane_0,553531.5223481238,4179314.8467201283,300.0,50.0,True,BS01,-82.80420190860055,10.598334339920585,False,False
47.0,UAM01,sf_sj_real,2350.0,L300,lane_0,553532.3163255685,4179264.853024528,300.0,50.0,True,BS01,-83.40765238195154,9.830005274752985,False,False
48.0,UAM01,sf_sj_real,2400.0,L300,lane_0,553533.5664151887,4179214.8761735815,300.0,50.0,True,BS01,-83.98756152089501,9.08187315404357,False,False
49.0,UAM01,sf_sj_real,2450.0,L300,lane_0,553536.4622001343,4179164.960099722,300.0,50.0,True,BS01,-84.54723529412786,8.34946769699566,False,False
50.0,UAM01,sf_sj_real,2500.0,L300,lane_0,553536.6666170312,4179114.9850777932,300.0,50.0,True,BS01,-85.07507615652312,7.648159253787652,False,True
51.0,UAM01,sf_sj_real,2550.0,L300,lane_0,553535.6341158851,4179065.594704297,300.0,50.0,True,BS01,-85.5719880016157,6.978043572851876,False,False
52.0,UAM01,sf_sj_real,2600.0,L300,lane_0,553532.0152781825,4179015.7258361154,300.0,50.0,True,BS01,-86.04779005752768,6.327227222090055,False,False
53.0,UAM01,sf_sj_real,2650.0,L300,lane_0,553528.3964404798,4178965.8569679344,300.0,50.0,True,BS01,-86.50567538288453,5.691475626075359,False,False
54.0,UAM01,sf_sj_real,2700.0,L300,lane_0,553524.7776027771,4178915.988099753,300.0,50.0,True,BS01,-86.9464685681968,5.069929919903455,False,False
55.0,UAM01,sf_sj_real,2750.0,L300,lane_0,553521.1587650744,4178866.119231572,300.0,50.0,True,BS01,-87.37102691534952,4.461704130868739,False,True
56.0,UAM01,sf_sj_real,2800.0,L300,lane_0,553517.5399273718,4178816.2503633904,300.0,50.0,True,BS01,-87.78020866174748,3.8659181610334903,False,False
57.0,UAM01,sf_sj_real,2850.0,L300,lane_0,553513.9210896691,4178766.3814952094,300.0,50.0,True,BS01,-88.17485276266902,3.281719398360049,False,False
58.0,UAM01,sf_sj_real,2900.0,L300,lane_0,553510.3022519664,4178716.512627028,300.0,50.0,True,BS01,-88.5557665248144,2.7082966871994545,False,False
59.0,UAM01,sf_sj_real,2950.0,L300,lane_0,553505.4407675081,4178666.753014613,300.0,50.0,True,BS01,-88.92157076771417,2.149548394382329,False,False
60.0,UAM01,sf_sj_real,3000.0,L300,lane_0,553500.3022293999,4178617.01776126,300.0,50.0,True,BS01,-89.27500229578251,1.601084978050492,False,True
61.0,UAM01,sf_sj_real,3050.0,L300,lane_0,553495.1636912917,4178567.2825079067,300.0,50.0,True,BS01,-89.61720406104837,1.061294234187057,False,False
62.0,UAM01,sf_sj_real,3100.0,L300,lane_0,553490.0251531834,4178517.5472545535,300.0,50.0,True,BS01,-89.9487684094121,0.5296688080253817,False,False
63.0,UAM01,sf_sj_real,3150.0,L300,lane_0,553484.8866150752,4178467.8120012,300.0,50.0,True,BS01,-90.27025369884034,0.005758844540660734,False,False
64.0,UAM01,sf_sj_real,3200.0,L300,lane_0,553479.748076967,4178418.076747847,300.0,50.0,True,BS01,-90.58218478339941,-0.5108252789141895,False,False
65.0,UAM01,sf_sj_real,3250.0,L300,lane_0,553474.6095388588,4178368.3414944937,300.0,50.0,True,BS01,-90.88505408532227,-1.0204105501806153,False,True
66.0,UAM01,sf_sj_real,3300.0,L300,lane_0,553469.4710007504,4178318.6062411405,300.0,50.0,True,BS02,-91.09064094829336,-1.3710255511359724,True,False
67.0,UAM01,sf_sj_real,3350.0,L300,lane_0,553464.0841196955,4178268.8974883235,300.0,50.0,True,BS02,-90.87012398922224,-1.0031372053285574,False,False
68.0,UAM01,sf_sj_real,3400.0,L300,lane_0,553458.6120142019,4178219.1978297587,300.0,50.0,True,BS02,-90.6498836417353,-0.6527858680177372,False,False
69.0,UAM01,sf_sj_real,3450.0,L300,lane_0,553453.1399087084,4178169.498171194,300.0,50.0,True,BS02,-90.4300671461618,-0.32002516135013453,False,False
70.0,UAM01,sf_sj_real,3500.0,L300,lane_0,553447.6678032149,4178119.798512629,300.0,50.0,True,BS02,-90.21123595046537,-0.0054047160090015325,False,True
71.0,UAM01,sf_sj_real,3550.0,L300,lane_0,553442.1956977212,4178070.098854064,300.0,50.0,True,BS02,-89.9940269997098,0.2904393364657109,False,False
72.0,UAM01,sf_sj_real,3600.0,L300,lane_0,553436.7235922277,4178020.3991954993,300.0,50.0,True,BS02,-89.77915796750142,0.5667817225483046,False,False
73.0,UAM01,sf_sj_real,3650.0,L300,lane_0,553431.2514867341,4177970.699536934,300.0,50.0,True,BS02,-89.56743163415832,0.8228058089762129,False,False
74.0,UAM01,sf_sj_real,3700.0,L300,lane_0,553426.1240304442,4177920.9637647355,300.0,50.0,True,BS02,-89.35773848823187,1.059705653893045,False,False
75.0,UAM01,sf_sj_real,3750.0,L300,lane_0,553421.1749606346,4177871.2093005334,300.0,50.0,True,BS02,-89.15180388917935,1.2756445642117185,False,True
76.0,UAM01,sf_sj_real,3800.0,L300,lane_0,553416.2258908248,4177821.454836332,300.0,50.0,True,BS02,-88.95168209814716,1.468484936762138,False,False
77.0,UAM01,sf_sj_real,3850.0,L300,lane_0,553411.276821015,4177771.7003721297,300.0,50.0,True,BS02,-88.75852447886882,1.6370503081779701,False,False
78.0,UAM01,sf_sj_real,3900.0,L300,lane_0,553406.3277512053,4177721.945907928,300.0,50.0,True,BS02,-88.57356343393415,1.7800787654223635,False,False
79.0,UAM01,sf_sj_real,3950.0,L300,lane_0,553401.3786813956,4177672.191443726,300.0,50.0,True,BS02,-88.39810084886956,1.8962330854911345,False,False
80.0,UAM01,sf_sj_real,4000.0,L300,lane_0,553396.4296115858,4177622.436979524,300.0,50.0,True,BS02,-88.2334915261637,1.9841152080427158,False,True
81.0,UAM01,sf_sj_real,4050.0,L300,lane_0,553391.4514146049,4177572.685422991,300.0,50.0,True,BS02,-88.08134118916057,2.042064611471679,False,False
82.0,UAM01,sf_sj_real,4100.0,L300,lane_0,553386.4671897596,4177522.934468199,300.0,50.0,True,BS02,-87.94287908204511,2.0687868500109294,False,False
83.0,UAM01,sf_sj_real,4150.0,L300,lane_0,553381.4829649143,4177473.183513407,300.0,50.0,True,BS02,-87.81941978280186,2.062881479534073,False,False
84.0,UAM01,sf_sj_real,4200.0,L300,lane_0,553376.498740069,4177423.432558615,300.0,50.0,True,BS02,-87.71225611307241,2.0229466216191905,False,False
85.0,UAM01,sf_sj_real,4250.0,L300,lane_0,553371.5145152238,4177373.681603824,300.0,50.0,True,BS02,-87.62257595530701,1.947657242702304,False,True
86.0,UAM01,sf_sj_real,4300.0,L300,lane_0,553366.5302903785,4177323.930649032,300.0,50.0,True,BS02,-87.55142260800783,1.8357989129592525,False,False
87.0,UAM01,sf_sj_real,4350.0,L300,lane_0,553361.5460655332,4177274.17969424,300.0,50.0,True,BS02,-87.49965703486563,1.6862990753201081,False,False
88.0,UAM01,sf_sj_real,4400.0,L300,lane_0,553356.5618406879,4177224.4287394485,300.0,50.0,True,BS02,-87.46792465335847,1.498253171950612,False,False
89.0,UAM01,sf_sj_real,4450.0,L300,lane_0,553351.5729415164,4177174.678253195,300.0,50.0,True,BS02,-87.45666945549894,1.2709039763348309,False,False
90.0,UAM01,sf_sj_real,4500.0,L300,lane_0,553346.5834939202,4177124.9278219133,300.0,50.0,True,BS02,-87.46600099159265,1.003763315226045,False,True
91.0,UAM01,sf_sj_real,4550.0,L300,lane_0,553341.5940463239,4177075.177390632,300.0,50.0,True,BS02,-87.49579451603569,0.6965052420213119,False,False
92.0,UAM01,sf_sj_real,4600.0,L300,lane_0,553336.6045987277,4177025.4269593507,300.0,50.0,True,BS02,-87.54567040382106,0.34897646928549436,False,False
93.0,UAM01,sf_sj_real,4650.0,L300,lane_0,553331.6151511315,4176975.676528069,300.0,50.0,True,BS02,-87.61500533414403,-0.038825360833290204,False,False
94.0,UAM01,sf_sj_real,4700.0,L300,lane_0,553326.6257035353,4176925.9260967877,300.0,50.0,True,BS02,-87.70295760458473,-0.4667880985399592,False,False
95.0,UAM01,sf_sj_real,4750.0,L300,lane_0,553321.155161144,4176876.2267461945,300.0,50.0,True,BS03,-87.34580075490494,-0.05561097955417105,True,True
96.0,UAM01,sf_sj_real,4800.0,L300,lane_0,553315.5865411559,4176826.5378090814,300.0,50.0,True,BS03,-86.90467539968203,0.5127139692464873,False,False
97.0,UAM01,sf_sj_real,4850.0,L300,lane_0,553310.0179211679,4176776.848871968,300.0,50.0,True,BS03,-86.44417111552447,1.1132595158255056,False,False
98.0,UAM01,sf_sj_real,4900.0,L300,lane_0,553304.4493011798,4176727.159934855,300.0,50.0,True,BS03,-85.96274651644995,1.7463417299831387,False,False
99.0,UAM01,sf_sj_real,4950.0,L300,lane_0,553298.8806811918,4176677.4709977424,300.0,50.0,True,BS03,-85.4587194201803,2.412379650819925,False,False
100.0,UAM01,sf_sj_real,5000.0,L300,lane_0,553293.3120612038,4176627.782060629,300.0,50.0,True,BS03,-84.93026669607309,3.111928846614076,False,True
101.0,UAM01,sf_sj_real,5050.0,L300,lane_0,553287.9011520726,4176578.076150488,300.0,50.0,True,BS03,-84.37522668784982,3.845000444711805,False,False
102.0,UAM01,sf_sj_real,5100.0,L300,lane_0,553282.7695467483,4176528.3401813433,300.0,50.0,True,BS03,-83.79128295755008,4.612157013172814,False,False
103.0,UAM01,sf_sj_real,5150.0,L300,lane_0,553277.6379414238,4176478.604212198,300.0,50.0,True,BS03,-83.1766306956263,5.415740626131527,False,False
104.0,UAM01,sf_sj_real,5200.0,L300,lane_0,553272.5063360995,4176428.868243053,300.0,50.0,True,BS03,-82.52920340615367,6.256753832786556,False,False
105.0,UAM01,sf_sj_real,5250.0,L300,lane_0,553267.374730775,4176379.1322739082,300.0,50.0,True,BS03,-81.8472079035971,7.136005090654188,False,True
106.0,UAM01,sf_sj_real,5300.0,L300,lane_0,553262.2431254507,4176329.396304763,300.0,50.0,True,BS03,-81.12948398007089,8.053753436851014,False,False
107.0,UAM01,sf_sj_real,5350.0,L300,lane_0,553257.1115201263,4176279.660335618,300.0,50.0,True,BS03,-80.37611555601184,9.009098549925255,False,False
108.0,UAM01,sf_sj_real,5400.0,L300,lane_0,553251.9799148019,4176229.9243664728,300.0,50.0,True,BS03,-79.58944573059392,9.998964474721529,False,False
109.0,UAM01,sf_sj_real,5450.0,L300,lane_0,553246.8483094776,4176180.188397328,300.0,50.0,True,BS03,-78.77571340734232,11.016459960484536,False,False
110.0,UAM01,sf_sj_real,5500.0,L300,lane_0,553241.7167041532,4176130.452428183,300.0,50.0,True,BS03,-77.94756809262061,12.04835935665063,False,True
111.0,UAM01,sf_sj_real,5550.0,L300,lane_0,553236.5850988288,4176080.7164590377,300.0,50.0,True,BS03,-77.12760641896072,13.071560965448835,False,False
112.0,UAM01,sf_sj_real,5600.0,L300,lane_0,553231.4534935044,4176030.980489893,300.0,50.0,True,BS03,-76.35250503348185,14.048948573149676,False,False
113.0,UAM01,sf_sj_real,5650.0,L300,lane_0,553226.3526319743,4175981.241369401,300.0,50.0,True,BS03,-75.67558656468637,14.92672037685467,False,False
114.0,UAM01,sf_sj_real,5700.0,L300,lane_0,553221.2873187689,4175931.498605082,300.0,50.0,True,BS03,-75.1643184984215,15.6370831256779,False,False
115.0,UAM01,sf_sj_real,5750.0,L300,lane_0,553216.2220055636,4175881.7558407625,300.0,50.0,True,BS03,-74.8868359120735,16.111743648759187,False,True
116.0,UAM01,sf_sj_real,5800.0,L300,lane_0,553211.1566923582,4175832.013076443,300.0,50.0,True,BS03,-74.88733795469977,16.306267119467048,False,False
117.0,UAM01,sf_sj_real,5850.0,L300,lane_0,553206.0913791527,4175782.270312124,300.0,50.0,True,BS03,-75.16573949942926,16.22054138849894,False,False
118.0,UAM01,sf_sj_real,5900.0,L300,lane_0,553201.0260659474,4175732.5275478046,300.0,50.0,True,BS03,-75.67771437098828,15.898729239421694,False,False
119.0,UAM01,sf_sj_real,5950.0,L300,lane_0,553195.960752742,4175682.7847834853,300.0,50.0,True,BS03,-76.35533162211826,15.408627986564571,False,False
120.0,UAM01,sf_sj_real,6000.0,L300,lane_0,553190.6877795875,4175633.0644664727,300.0,50.0,True,BS03,-77.13219850938532,14.816990535291898,False,True
121.0,UAM01,sf_sj_real,6050.0,L300,lane_0,553185.0062589255,4175583.388312002,300.0,50.0,True,BS03,-77.95523069365994,14.177179314518222,False,False
122.0,UAM01,sf_sj_real,6100.0,L300,lane_0,553179.3247382636,4175533.7121575316,300.0,50.0,True,BS03,-78.78534628944493,13.527254933624985,False,False
123.0,UAM01,sf_sj_real,6150.0,L300,lane_0,553173.6432176018,4175484.0360030616,300.0,50.0,True,BS03,-79.60025997552714,12.889464852944823,False,False
124.0,UAM01,sf_sj_real,6200.0,L300,lane_0,553167.9616969399,4175434.359848591,300.0,50.0,True,BS03,-80.38756961850734,12.27618716428941,False,False
125.0,UAM01,sf_sj_real,6250.0,L300,lane_0,553157.5406741777,4175385.565505639,300.0,50.0,True,BS03,-81.14812974374802,11.693774075013856,False,True
126.0,UAM01,sf_sj_real,6300.0,L300,lane_0,553144.9754209042,4175337.170109059,300.0,50.0,True,BS03,-81.87355902217814,11.145791831689206,False,False
127.0,UAM01,sf_sj_real,6350.0,L300,lane_0,553132.4101676309,4175288.7747124787,300.0,50.0,True,BS03,-82.56097725839376,10.631782933157567,False,False
128.0,UAM01,sf_sj_real,6400.0,L300,lane_0,553119.8449143575,4175240.3793158983,300.0,50.0,True,BS03,-83.2121716084394,10.15005602988526,False,False
129.0,UAM01,sf_sj_real,6450.0,L300,lane_0,553106.5240459152,4175192.188636806,300.0,50.0,True,BS03,-83.82949964965579,9.699118918142545,False,False
130.0,UAM01,sf_sj_real,6500.0,L300,lane_0,553092.9406720888,4175144.069077836,300.0,50.0,True,BS03,-84.41524663968586,9.276186962612824,False,True
131.0,UAM01,sf_sj_real,6550.0,L300,lane_0,553079.3572982624,4175095.9495188654,300.0,50.0,True,BS03,-84.97174361834237,8.87874661947097,False,False
132.0,UAM01,sf_sj_real,6600.0,L300,lane_0,553065.7739244361,4175047.8299598955,300.0,50.0,True,BS03,-85.50125277959229,8.504631728188492,False,False
133.0,UAM01,sf_sj_real,6650.0,L300,lane_0,553052.1905506097,4174999.710400925,300.0,50.0,True,BS03,-86.00588116168751,8.151827925883099,False,False
134.0,UAM01,sf_sj_real,6700.0,L300,lane_0,553038.6071767834,4174951.5908419546,300.0,50.0,True,BS03,-86.48756600576638,7.818487273324265,False,False
135.0,UAM01,sf_sj_real,6750.0,L300,lane_0,553025.023802957,4174903.4712829846,300.0,50.0,True,BS03,-86.94807482101318,7.502928203180542,False,True
136.0,UAM01,sf_sj_real,6800.0,L300,lane_0,553011.4265924814,4174855.3556325007,300.0,50.0,True,BS03,-87.38901336889015,7.203637299606816,False,False
137.0,UAM01,sf_sj_real,6850.0,L300,lane_0,552997.826316326,4174807.24084799,300.0,50.0,True,BS03,-87.81183676234181,6.919230252097233,False,False
138.0,UAM01,sf_sj_real,6900.0,L300,lane_0,552984.3523614478,4174759.091035749,300.0,50.0,True,BS03,-88.21785669912089,6.648386729169072,False,False
139.0,UAM01,sf_sj_real,6950.0,L300,lane_0,552971.2321492126,4174710.84313392,300.0,50.0,True,BS03,-88.60825803498315,6.389863604806713,False,False
140.0,UAM01,sf_sj_real,7000.0,L300,lane_0,552958.1119369775,4174662.595232091,300.0,50.0,True,BS03,-88.98414082959582,6.14287061503385,False,True
141.0,UAM01,sf_sj_real,7050.0,L300,lane_0,552944.9917247423,4174614.347330262,300.0,50.0,True,BS03,-89.3464863498595,5.906491462968463,False,False
142.0,UAM01,sf_sj_real,7100.0,L300,lane_0,552931.8715125072,4174566.0994284325,300.0,50.0,True,BS03,-89.69618642477774,5.6798966065631165,False,False
143.0,UAM01,sf_sj_real,7150.0,L300,lane_0,552918.751300272,4174517.8515266036,300.0,50.0,True,BS03,-90.03405294190928,5.462333841197101,False,False
144.0,UAM01,sf_sj_real,7200.0,L300,lane_0,552905.0668208658,4174469.7622503,300.0,50.0,True,BS03,-90.36082722253046,5.253398428779569,False,False
145.0,UAM01,sf_sj_real,7250.0,L300,lane_0,552891.1252576348,4174421.745244826,300.0,50.0,True,BS03,-90.67718514053193,5.052289173224905,False,True
146.0,UAM01,sf_sj_real,7300.0,L300,lane_0,552877.1836944037,4174373.7282393523,300.0,50.0,True,BS03,-90.98374554034865,4.858309465026641,False,False
147.0,UAM01,sf_sj_real,7350.0,L300,lane_0,552863.2421311727,4174325.7112338785,300.0,50.0,True,BS03,-91.28107636714533,4.670943889934049,False,False
148.0,UAM01,sf_sj_real,7400.0,L300,lane_0,552849.3005679416,4174277.6942284047,300.0,50.0,True,BS03,-91.56969946060174,4.489720754886867,False,False
149.0,UAM01,sf_sj_real,7450.0,L300,lane_0,552835.3590047106,4174229.677222931,300.0,50.0,True,BS03,-91.85009518252957,4.314207557742859,False,False
150.0,UAM01,sf_sj_real,7500.0,L300,lane_0,552821.4174414795,4174181.660217457,300.0,50.0,True,BS03,-92.1227065139325,4.144006984178371,False,True
151.0,UAM01,sf_sj_real,7550.0,L300,lane_0,552807.4758782485,4174133.643211983,300.0,50.0,True,BS03,-92.38794268607906,3.9787533670953836,False,False
152.0,UAM01,sf_sj_real,7600.0,L300,lane_0,552794.7304120341,4174085.3209785833,300.0,50.0,True,BS03,-92.6460184322958,3.817785629678423,False,False
153.0,UAM01,sf_sj_real,7650.0,L300,lane_0,552783.9589455972,4174036.4950069003,300.0,50.0,True,BS03,-92.89720883456398,3.6606159601732484,False,False
154.0,UAM01,sf_sj_real,7700.0,L300,lane_0,552773.1874791601,4173987.6690352173,300.0,50.0,True,BS03,-93.14212035958458,3.5075048239201774,False,False
155.0,UAM01,sf_sj_real,7750.0,L300,lane_0,552762.4160127231,4173938.8430635342,300.0,50.0,True,BS03,-93.38105165415098,3.3581831558585398,False,True
156.0,UAM01,sf_sj_real,7800.0,L300,lane_0,552751.6445462861,4173890.017091851,300.0,50.0,True,BS03,-93.61428110917976,3.2124008986189794,False,False
157.0,UAM01,sf_sj_real,7850.0,L300,lane_0,552740.873079849,4173841.1911201677,300.0,50.0,True,BS03,-93.84206859663713,3.06992529934273,False,False
158.0,UAM01,sf_sj_real,7900.0,L300,lane_0,552735.6885320779,4173791.5420767143,300.0,50.0,True,BS03,-94.06168286797953,2.9307896612495963,False,False
159.0,UAM01,sf_sj_real,7950.0,L300,lane_0,552730.4998817552,4173744.2686650744,300.0,50.0,True,BS03,-94.26667651113993,2.8008342855222965,False,False
160.0,UAM01,sf_sj_real,8000.0,L300,lane_0,552729.5740126688,4173694.277238145,300.0,50.0,True,BS03,-94.47406285767637,2.6678894529068984,False,True
161.0,UAM01,sf_sj_real,8050.0,L300,lane_0,552728.6481435823,4173644.2858112156,300.0,50.0,True,BS03,-94.67736676309883,2.537321011743241,False,False
162.0,UAM01,sf_sj_real,8100.0,L300,lane_0,552729.1469275802,4173594.292967433,300.0,50.0,True,BS03,-94.87533381424709,2.4095047139846453,False,False
163.0,UAM01,sf_sj_real,8150.0,L300,lane_0,552729.9733594658,4173544.299797796,300.0,50.0,True,BS03,-95.0693023469788,2.2838549285243843,False,False
164.0,UAM01,sf_sj_real,8200.0,L300,lane_0,552730.7597212538,4173494.3059827033,300.0,50.0,True,BS03,-95.25976538382088,2.1601139224758485,False,False
165.0,UAM01,sf_sj_real,8250.0,L300,lane_0,552731.5438969828,4173444.3121323977,300.0,50.0,True,BS03,-95.44679759841765,2.038183797081597,False,True
166.0,UAM01,sf_sj_real,8300.0,L300,lane_0,552731.547437015,4173394.312706057,300.0,50.0,True,BS03,-95.63117983710411,1.917709998880581,False,False
167.0,UAM01,sf_sj_real,8350.0,L300,lane_0,552731.4775110679,4173344.3127549533,300.0,50.0,True,BS03,-95.81235557164993,1.7988324349617963,False,False
168.0,UAM01,sf_sj_real,8400.0,L300,lane_0,552731.5243076578,4173294.312922017,300.0,50.0,True,BS03,-95.99027360785495,1.6815054661345985,False,False
169.0,UAM01,sf_sj_real,8450.0,L300,lane_0,552731.6954709901,4173244.3132149866,300.0,50.0,True,BS03,-96.16503912765833,1.5656298215776276,False,False
170.0,UAM01,sf_sj_real,8500.0,L300,lane_0,552731.8666343224,4173194.3135079565,300.0,50.0,True,BS03,-96.33684851172904,1.4510764402359002,False,True
171.0,UAM01,sf_sj_real,8550.0,L300,lane_0,552732.0377976549,4173144.3138009263,300.0,50.0,True,BS03,-96.50579347835047,1.337756394044083,False,False
172.0,UAM01,sf_sj_real,8600.0,L300,lane_0,552732.2089609872,4173094.3140938957,300.0,50.0,True,BS03,-96.67196191764583,1.225584563178397,False,False
173.0,UAM01,sf_sj_real,8650.0,L300,lane_0,552732.3801243195,4173044.3143868656,300.0,50.0,True,BS03,-96.8354380718387,1.1144794387876236,False,False
174.0,UAM01,sf_sj_real,8700.0,L300,lane_0,552732.5341273476,4172994.31465091,300.0,50.0,True,BS03,-96.99631356941383,1.0043588747118397,False,False
175.0,UAM01,sf_sj_real,8750.0,L300,lane_0,552732.5315239677,4172944.3146509775,300.0,50.0,True,BS03,-97.15475018645589,0.8951159208881809,False,True
176.0,UAM01,sf_sj_real,8800.0,L300,lane_0,552732.5289205879,4172894.3146510455,300.0,50.0,True,BS03,-97.31072023431744,0.7867163559945946,False,False
177.0,UAM01,sf_sj_real,8850.0,L300,lane_0,552732.5778808297,4172844.314814383,300.0,50.0,True,BS03,-97.46426566130225,0.6791027664906462,False,False
178.0,UAM01,sf_sj_real,8900.0,L300,lane_0,552732.8971190575,4172794.3158335243,300.0,50.0,True,BS03,-97.61533553252332,0.5722575316162132,False,False
179.0,UAM01,sf_sj_real,8950.0,L300,lane_0,552733.2163572853,4172744.316852665,300.0,50.0,True,BS03,-97.7641566736833,0.46605488580329013,False,False
180.0,UAM01,sf_sj_real,9000.0,L300,lane_0,552733.535595513,4172694.3178718057,300.0,50.0,True,BS03,-97.91079185596706,0.3604340671908556,False,True
181.0,UAM01,sf_sj_real,9050.0,L300,lane_0,552733.8548337407,4172644.3188909465,300.0,50.0,True,BS03,-98.05530141186807,0.25533664494844743,False,False
182.0,UAM01,sf_sj_real,9100.0,L300,lane_0,552734.1740719685,4172594.3199100876,300.0,50.0,True,BS03,-98.1977433497232,0.15070639927175114,False,False
183.0,UAM01,sf_sj_real,9150.0,L300,lane_0,552734.580550781,4172544.3216357473,300.0,50.0,True,BS03,-98.33813029653858,0.04650904855696654,False,False
184.0,UAM01,sf_sj_real,9200.0,L300,lane_0,552735.0711358554,4172494.3240425424,300.0,50.0,True,BS03,-98.47652113833611,-0.05730832950616559,False,False
185.0,UAM01,sf_sj_real,9250.0,L300,lane_0,552735.5617209298,4172444.3264493374,300.0,50.0,True,BS03,-98.6130100919401,-0.16081495901400877,False,True
186.0,UAM01,sf_sj_real,9300.0,L300,lane_0,552736.0523060042,4172394.3288561325,300.0,50.0,True,BS03,-98.74764661892146,-0.26405909427456736,False,False
187.0,UAM01,sf_sj_real,9350.0,L300,lane_0,552736.5428910786,4172344.3312629275,300.0,50.0,True,BS03,-98.88047836814985,-0.3670872968678806,False,False
188.0,UAM01,sf_sj_real,9400.0,L300,lane_0,552737.033476153,4172294.3336697225,300.0,50.0,True,BS03,-99.01155125778651,-0.4699445195878039,False,False
189.0,UAM01,sf_sj_real,9450.0,L300,lane_0,552738.4391416638,4172244.353519636,300.0,50.0,True,BS03,-99.14050163264672,-0.5724423846267065,False,False
190.0,UAM01,sf_sj_real,9500.0,L300,lane_0,552739.854313046,4172194.373550749,300.0,50.0,True,BS03,-99.26779745816859,-0.674849310527466,False,True
191.0,UAM01,sf_sj_real,9550.0,L300,lane_0,552741.2694844281,4172144.3935818616,300.0,50.0,True,BS03,-99.3934830100168,-0.7772073195882757,False,False
192.0,UAM01,sf_sj_real,9600.0,L300,lane_0,552742.6846558102,4172094.4136129743,300.0,50.0,True,BS03,-99.51759685197351,-0.8795547548800003,False,False
193.0,UAM01,sf_sj_real,9650.0,L300,lane_0,552746.94296264,4172044.6345902146,300.0,50.0,True,BS03,-99.63868209607759,-0.9808878868368741,False,False
194.0,UAM01,sf_sj_real,9700.0,L300,lane_0,552752.5716765384,4171994.952424603,300.0,50.0,True,BS03,-99.75764072763897,-1.0817684486132908,False,False
195.0,UAM01,sf_sj_real,9750.0,L300,lane_0,552761.2970142782,4171945.7323121014,300.0,50.0,True,BS03,-99.87312320520084,-1.181088552510688,False,True
196.0,UAM01,sf_sj_real,9800.0,L300,lane_0,552771.1289737856,4171896.708516122,300.0,50.0,True,BS03,-99.9865645351552,-1.2798565673413131,False,False
197.0,UAM01,sf_sj_real,9850.0,L300,lane_0,552780.9609332929,4171847.6847201423,300.0,50.0,True,BS03,-100.09883572660527,-1.3787422149856496,False,False
198.0,UAM01,sf_sj_real,9900.0,L300,lane_0,552791.943102224,4171798.9327474176,300.0,50.0,True,BS03,-100.20899814365916,-1.4769494405654306,False,False
199.0,UAM01,sf_sj_real,9950.0,L300,lane_0,552805.0967275805,4171750.6939441576,300.0,50.0,True,BS03,-100.31630407752606,-1.5737668512641037,False,False
200.0,UAM01,sf_sj_real,10000.0,L300,lane_0,552819.8215032323,4171702.9624892613,300.0,50.0,True,BS03,-100.42106199074567,-1.6693482174735108,False,True
201.0,UAM01,sf_sj_real,10050.0,L300,lane_0,552837.364290166,4171656.1410131357,300.0,50.0,True,BS03,-100.52217627986181,-1.762588989272909,False,False
202.0,UAM01,sf_sj_real,10100.0,L300,lane_0,552854.9070770995,4171609.3195370096,300.0,50.0,True,BS03,-100.62250424471962,-1.856001471076068,False,False
203.0,UAM01,sf_sj_real,10150.0,L300,lane_0,552872.7147013313,4171562.6106077614,300.0,50.0,True,BS03,-100.72174638357438,-1.949296695020462,False,False
204.0,UAM01,sf_sj_real,10200.0,L300,lane_0,552894.2465810062,4171517.4843608793,300.0,50.0,True,BS03,-100.8160267837225,-2.038649581855476,False,False
205.0,UAM01,sf_sj_real,10250.0,L300,lane_0,552915.778460681,4171472.358113997,300.0,50.0,True,BS03,-100.90971562050005,-2.12816810576688,False,True
206.0,UAM01,sf_sj_real,10300.0,L300,lane_0,552937.3103403557,4171427.231867115,300.0,50.0,True,BS03,-101.00281170107917,-2.2178476091434627,False,False
207.0,UAM01,sf_sj_real,10350.0,L300,lane_0,552958.8422200306,4171382.105620233,300.0,50.0,True,BS03,-101.09531434636149,-2.3076831941154,False,False
208.0,UAM01,sf_sj_real,10400.0,L300,lane_0,552984.9514054912,4171339.4899079637,300.0,50.0,True,BS03,-101.18128799109303,-2.3913954480140145,False,False
209.0,UAM01,sf_sj_real,10450.0,L300,lane_0,553011.9338314779,4171297.3987888913,300.0,50.0,True,BS03,-101.26567937791053,-2.473938948297536,False,False
210.0,UAM01,sf_sj_real,10500.0,L300,lane_0,553039.3213214971,4171255.5666793287,300.0,50.0,True,BS03,-101.34914879243003,-2.5559578824034013,False,True
211.0,UAM01,sf_sj_real,10550.0,L300,lane_0,553066.9176140351,4171213.8733853884,300.0,50.0,True,BS03,-101.4319847866231,-2.6377317757930485,False,False
212.0,UAM01,sf_sj_real,10600.0,L300,lane_0,553094.8921280556,4171172.4315398056,300.0,50.0,True,BS03,-101.51395163738245,-2.7189703407833066,False,False
213.0,UAM01,sf_sj_real,10650.0,L300,lane_0,553122.848944647,4171130.9777640183,300.0,50.0,True,BS03,-101.59562934086604,-2.8002977901779795,False,False
214.0,UAM01,sf_sj_real,10700.0,L300,lane_0,553150.7716094451,4171089.5009657987,300.0,50.0,True,BS03,-101.67703223959562,-2.8817253945439036,False,False
215.0,UAM01,sf_sj_real,10750.0,L300,lane_0,553178.6942742432,4171048.0241675787,300.0,50.0,True,BS03,-101.75810372992939,-2.963181344979715,False,True
216.0,UAM01,sf_sj_real,10800.0,L300,lane_0,553206.6169390412,4171006.5473693586,300.0,50.0,True,BS03,-101.83883749889317,-3.044649688731837,False,False
217.0,UAM01,sf_sj_real,10850.0,L300,lane_0,553234.6274993933,4170965.130246143,300.0,50.0,True,BS03,-101.9191093379736,-3.1259683144613253,False,False
218.0,UAM01,sf_sj_real,10900.0,L300,lane_0,553262.8749035418,4170923.87392349,300.0,50.0,True,BS03,-101.99872249391261,-3.2068720017918375,False,False
219.0,UAM01,sf_sj_real,10950.0,L300,lane_0,553291.1223076902,4170882.6176008363,300.0,50.0,True,BS03,-102.0779961970036,-3.287736957176391,False,False
220.0,UAM01,sf_sj_real,11000.0,L300,lane_0,553319.3697118387,4170841.361278183,300.0,50.0,True,BS03,-102.1569256381937,-3.3685465074563528,False,True
221.0,UAM01,sf_sj_real,11050.0,L300,lane_0,553347.4908482648,4170800.01939777,300.0,50.0,True,BS03,-102.23566530007986,-3.4494954197774015,False,False
222.0,UAM01,sf_sj_real,11100.0,L300,lane_0,553375.337289761,4170758.4913867894,300.0,50.0,True,BS03,-102.31438715061753,-3.5308180884905345,False,False
223.0,UAM01,sf_sj_real,11150.0,L300,lane_0,553403.1837312574,4170716.963375809,300.0,50.0,True,BS03,-102.3927368004924,-3.6120389129417214,False,False
224.0,UAM01,sf_sj_real,11200.0,L300,lane_0,553431.0301727538,4170675.435364829,300.0,50.0,True,BS04,-102.38987114860748,-3.5772971598190493,True,False
225.0,UAM01,sf_sj_real,11250.0,L300,lane_0,553458.8766142502,4170633.907353848,300.0,50.0,True,BS04,-102.34836565749478,-3.487496409927803,False,True
226.0,UAM01,sf_sj_real,11300.0,L300,lane_0,553486.7230557465,4170592.379342868,300.0,50.0,True,BS04,-102.3074167061329,-3.39878157495227,False,False
227.0,UAM01,sf_sj_real,11350.0,L300,lane_0,553514.5694972429,4170550.8513318873,300.0,50.0,True,BS04,-102.26704183795293,-3.311173428494257,False,False
228.0,UAM01,sf_sj_real,11400.0,L300,lane_0,553542.4159387393,4170509.323320907,300.0,50.0,True,BS04,-102.22725871409762,-3.2246926695648863,False,False
229.0,UAM01,sf_sj_real,11450.0,L300,lane_0,553570.2623802357,4170467.7953099264,300.0,50.0,True,BS04,-102.1880850966195,-3.139359916533349,False,False
230.0,UAM01,sf_sj_real,11500.0,L300,lane_0,553598.108821732,4170426.267298946,300.0,50.0,True,BS04,-102.14953883077133,-3.055195699604184,False,True
231.0,UAM01,sf_sj_real,11550.0,L300,lane_0,553626.1933607428,4170384.90275816,300.0,50.0,True,BS04,-102.11214764005891,-2.9729199637215182,False,False
232.0,UAM01,sf_sj_real,11600.0,L300,lane_0,553654.9442242683,4170343.9956946312,300.0,50.0,True,BS04,-102.07686503668802,-2.8938124237139173,False,False
233.0,UAM01,sf_sj_real,11650.0,L300,lane_0,553683.695087794,4170303.088631103,300.0,50.0,True,BS04,-102.04229274476347,-2.8159365460874204,False,False
234.0,UAM01,sf_sj_real,11700.0,L300,lane_0,553709.0877957235,4170260.1046783123,300.0,50.0,True,BS04,-102.00145898036389,-2.730039904159811,False,False
235.0,UAM01,sf_sj_real,11750.0,L300,lane_0,553732.8456146931,4170216.1096099773,300.0,50.0,True,BS04,-101.95782752235513,-2.640870776975052,False,True
236.0,UAM01,sf_sj_real,11800.0,L300,lane_0,553755.5123090595,4170171.54536756,300.0,50.0,True,BS04,-101.9126501674708,-2.5502076644121034,False,False
237.0,UAM01,sf_sj_real,11850.0,L300,lane_0,553776.1100673279,4170126.1025285926,300.0,50.0,True,BS04,-101.86426623335714,-2.4560936745518633,False,False
238.0,UAM01,sf_sj_real,11900.0,L300,lane_0,553791.8867874846,4170078.656821715,300.0,50.0,True,BS04,-101.80756018507111,-2.352301716568364,False,False
239.0,UAM01,sf_sj_real,11950.0,L300,lane_0,553802.5244006386,4170029.842991695,300.0,50.0,True,BS04,-101.74288643924473,-2.239906592334861,False,False
240.0,UAM01,sf_sj_real,12000.0,L300,lane_0,553813.112936593,4169980.982236847,300.0,50.0,True,BS04,-101.67823907872966,-2.1283254349228096,False,True
241.0,UAM01,sf_sj_real,12050.0,L300,lane_0,553820.445856073,4169931.7955398466,300.0,50.0,True,BS04,-101.60921700733432,-2.0128273405958366,False,False
242.0,UAM01,sf_sj_real,12100.0,L300,lane_0,553821.0911749443,4169881.7997043845,300.0,50.0,True,BS04,-101.53053729917264,-1.8876095966330186,False,False
243.0,UAM01,sf_sj_real,12150.0,L300,lane_0,553821.7364938156,4169831.8038689224,300.0,50.0,True,BS04,-101.45164090938312,-1.7630032862931821,False,False
244.0,UAM01,sf_sj_real,12200.0,L300,lane_0,553821.2495190379,4169781.8244197997,300.0,50.0,True,BS04,-101.37108984762784,-1.6375479514437323,False,False
245.0,UAM01,sf_sj_real,12250.0,L300,lane_0,553819.1577128752,4169731.8681954932,300.0,50.0,True,BS04,-101.2882063782966,-1.5105428802495788,False,True
246.0,UAM01,sf_sj_real,12300.0,L300,lane_0,553809.5061447623,4169682.915061745,300.0,50.0,True,BS04,-101.19645822747023,-1.3760888188631692,False,False
247.0,UAM01,sf_sj_real,12350.0,L300,lane_0,553798.4486294109,4169634.155743523,300.0,50.0,True,BS04,-101.1024845575018,-1.2402341264080312,False,False
248.0,UAM01,sf_sj_real,12400.0,L300,lane_0,553782.4790664094,4169586.7745968765,300.0,50.0,True,BS04,-101.0032629128192,-1.100770316150993,False,False
249.0,UAM01,sf_sj_real,12450.0,L300,lane_0,553766.5095034079,4169539.39345023,300.0,50.0,True,BS04,-100.90317150840598,-0.9610446108965021,False,False
250.0,UAM01,sf_sj_real,12500.0,L300,lane_0,553743.5353130759,4169495.043323141,300.0,50.0,True,BS04,-100.79720586027923,-0.818140081132517,False,True
251.0,UAM01,sf_sj_real,12550.0,L300,lane_0,553719.9294874249,4169450.9665152333,300.0,50.0,True,BS04,-100.68966673423184,-0.6743020387493159,False,False
252.0,UAM01,sf_sj_real,12600.0,L300,lane_0,553694.080150623,4169408.3258691523,300.0,50.0,True,BS04,-100.58010227384169,-0.5298675931558317,False,False
253.0,UAM01,sf_sj_real,12650.0,L300,lane_0,553663.9349849939,4169368.4351560827,300.0,50.0,True,BS04,-100.46761333418495,-0.38472723710882606,False,False
254.0,UAM01,sf_sj_real,12700.0,L300,lane_0,553633.7898193647,4169328.5444430136,300.0,50.0,True,BS04,-100.35379697034473,-0.2385385695808198,False,False
255.0,UAM01,sf_sj_real,12750.0,L300,lane_0,553603.6446537356,4169288.653729944,300.0,50.0,True,BS04,-100.23862179716815,-0.09127142661920887,False,True
256.0,UAM01,sf_sj_real,12800.0,L300,lane_0,553573.4994881063,4169248.7630168744,300.0,50.0,True,BS04,-100.1220553152336,0.057105626402936115,False,False
257.0,UAM01,sf_sj_real,12850.0,L300,lane_0,553543.3543224771,4169208.872303805,300.0,50.0,True,BS04,-100.00406385810311,0.20662534348295344,False,False
258.0,UAM01,sf_sj_real,12900.0,L300,lane_0,553513.0759662817,4169169.082715001,300.0,50.0,True,BS04,-99.88458393323776,0.35729035056918407,False,False
259.0,UAM01,sf_sj_real,12950.0,L300,lane_0,553482.7510845014,4169129.3284505126,300.0,50.0,True,BS04,-99.76359625761737,0.5091624703077522,False,False
260.0,UAM01,sf_sj_real,13000.0,L300,lane_0,553452.4262027211,4169089.5741860243,300.0,50.0,True,BS04,-99.64107294499873,0.6622906440522556,False,True
261.0,UAM01,sf_sj_real,13050.0,L300,lane_0,553422.432369295,4169049.570317449,300.0,50.0,True,BS04,-99.51705493826289,0.8167689925058326,False,False
262.0,UAM01,sf_sj_real,13100.0,L300,lane_0,553392.5549653524,4169009.478663285,300.0,50.0,True,BS04,-99.39145485016667,0.9725870494203982,False,False
263.0,UAM01,sf_sj_real,13150.0,L300,lane_0,553362.6775614097,4168969.38700912,300.0,50.0,True,BS04,-99.26420350751323,1.129764890177411,False,False
264.0,UAM01,sf_sj_real,13200.0,L300,lane_0,553332.800157467,4168929.295354956,300.0,50.0,True,BS04,-99.13525752742216,1.288346042980352,False,False
265.0,UAM01,sf_sj_real,13250.0,L300,lane_0,553302.9227535243,4168889.203700791,300.0,50.0,True,BS04,-99.00457182112618,1.4483758629411378,False,True
266.0,UAM01,sf_sj_real,13300.0,L300,lane_0,553272.840015191,4168849.2689697472,300.0,50.0,True,BS04,-98.87204663423319,1.6098817666863976,False,False
267.0,UAM01,sf_sj_real,13350.0,L300,lane_0,553242.000618355,4168809.9125013743,300.0,50.0,True,BS04,-98.73748265669016,1.7728823162400627,False,False
268.0,UAM01,sf_sj_real,13400.0,L300,lane_0,553211.4506795334,4168770.34070507,300.0,50.0,True,BS04,-98.60110833084869,1.9375185422974794,False,False
269.0,UAM01,sf_sj_real,13450.0,L300,lane_0,553182.6225055908,4168729.488087197,300.0,50.0,True,BS04,-98.46333932660384,2.1038039371193156,False,False
270.0,UAM01,sf_sj_real,13500.0,L300,lane_0,553153.794331648,4168688.635469323,300.0,50.0,True,BS04,-98.32359808424962,2.2717495320961474,False,True
271.0,UAM01,sf_sj_real,13550.0,L300,lane_0,553124.9661577053,4168647.7828514497,300.0,50.0,True,BS04,-98.1818286699849,2.441412533059717,False,False
272.0,UAM01,sf_sj_real,13600.0,L300,lane_0,553094.3716349911,4168608.255099214,300.0,50.0,True,BS04,-98.03736604408233,2.61297275074311,False,False
273.0,UAM01,sf_sj_real,13650.0,L300,lane_0,553063.2220612307,4168569.1436679624,300.0,50.0,True,BS04,-97.89052183575154,2.7864995342293124,False,False
274.0,UAM01,sf_sj_real,13700.0,L300,lane_0,553032.0724874703,4168530.032236711,300.0,50.0,True,BS04,-97.74141417420473,2.9620347405477365,False,False
275.0,UAM01,sf_sj_real,13750.0,L300,lane_0,553000.9229137099,4168490.9208054594,300.0,50.0,True,BS04,-97.58997313826546,3.139649185063072,False,True
276.0,UAM01,sf_sj_real,13800.0,L300,lane_0,552969.7733399495,4168451.8093742076,300.0,50.0,True,BS04,-97.43612556452882,3.319417019712119,False,False
277.0,UAM01,sf_sj_real,13850.0,L300,lane_0,552938.9313387052,4168412.4587548766,300.0,50.0,True,BS04,-97.27989559522868,3.501387562079529,False,False
278.0,UAM01,sf_sj_real,13900.0,L300,lane_0,552908.6965687328,4168372.635913633,300.0,50.0,True,BS04,-97.12131465033272,3.6855877602937537,False,False
279.0,UAM01,sf_sj_real,13950.0,L300,lane_0,552878.4617987605,4168332.8130723895,300.0,50.0,True,BS04,-96.96010760411775,3.8721447021706785,False,False
280.0,UAM01,sf_sj_real,14000.0,L300,lane_0,552848.2633058303,4168292.9627555436,300.0,50.0,True,BS04,-96.79620288328466,4.061138574944675,False,True
281.0,UAM01,sf_sj_real,14050.0,L300,lane_0,552818.1221299069,4168253.0690277913,300.0,50.0,True,BS04,-96.62952025293627,4.252654008923034,False,False
282.0,UAM01,sf_sj_real,14100.0,L300,lane_0,552787.9809539834,4168213.1753000394,300.0,50.0,True,BS04,-96.45994155838767,4.446799297501008,False,False
283.0,UAM01,sf_sj_real,14150.0,L300,lane_0,552757.83977806,4168173.2815722874,300.0,50.0,True,BS04,-96.28736680917321,4.643676299867897,False,False
284.0,UAM01,sf_sj_real,14200.0,L300,lane_0,552727.6986021366,4168133.3878445355,300.0,50.0,True,BS04,-96.11169089030726,4.843392069219497,False,False
285.0,UAM01,sf_sj_real,14250.0,L300,lane_0,552697.557426213,4168093.4941167836,300.0,50.0,True,BS04,-95.93280321807715,5.046059194707188,False,True
286.0,UAM01,sf_sj_real,14300.0,L300,lane_0,552667.4162502897,4168053.600389031,300.0,50.0,True,BS04,-95.75058736775836,5.251796171507018,False,False
287.0,UAM01,sf_sj_real,14350.0,L300,lane_0,552637.2750743662,4168013.7066612793,300.0,50.0,True,BS04,-95.56492067064379,5.460727801614858,False,False
288.0,UAM01,sf_sj_real,14400.0,L300,lane_0,552607.1338984428,4167973.8129335274,300.0,50.0,True,BS04,-95.37567377750561,5.67298562825032,False,False
289.0,UAM01,sf_sj_real,14450.0,L300,lane_0,552576.9927225193,4167933.9192057755,300.0,50.0,True,BS04,-95.18271018536277,5.888708406990823,False,False
290.0,UAM01,sf_sj_real,14500.0,L300,lane_0,552548.2127257535,4167893.0413678596,300.0,50.0,True,BS04,-94.98684920862635,6.107186298145228,False,True
291.0,UAM01,sf_sj_real,14550.0,L300,lane_0,552519.7772854738,4167851.914421266,300.0,50.0,True,BS04,-94.7873117573085,6.329092206272562,False,False
292.0,UAM01,sf_sj_real,14600.0,L300,lane_0,552491.3418451941,4167810.787474673,300.0,50.0,True,BS04,-94.58371251138936,6.554783937308666,False,False
293.0,UAM01,sf_sj_real,14650.0,L300,lane_0,552460.3654689898,4167774.5911889896,300.0,50.0,True,BS04,-94.38321856734754,6.7758053521477475,False,False
294.0,UAM01,sf_sj_real,14700.0,L300,lane_0,552428.876091488,4167735.7533640824,300.0,50.0,True,BS04,-94.16877698168501,7.011685836075423,False,False
295.0,UAM01,sf_sj_real,14750.0,L300,lane_0,552397.3255790349,4167696.964639381,300.0,50.0,True,BS04,-93.94951380335476,7.252172170589999,False,True
296.0,UAM01,sf_sj_real,14800.0,L300,lane_0,552367.6099749125,4167656.7550863293,300.0,50.0,True,BS04,-93.72659749462693,7.496182549395493,False,False
297.0,UAM01,sf_sj_real,14850.0,L300,lane_0,552337.9538968492,4167616.4994403413,300.0,50.0,True,BS04,-93.49863440476601,7.745002119341658,False,False
298.0,UAM01,sf_sj_real,14900.0,L300,lane_0,552308.4478166985,4167576.1346672936,300.0,50.0,True,BS04,-93.26550400960782,7.998752463680706,False,False
299.0,UAM01,sf_sj_real,14950.0,L300,lane_0,552279.8211835127,4167535.1494398126,300.0,50.0,True,BS04,-93.02780493926268,8.256827872538093,False,False
300.0,UAM01,sf_sj_real,15000.0,L300,lane_0,552252.2186402429,4167493.460747801,300.0,50.0,True,BS04,-92.7856732000844,8.519064566396574,False,True
301.0,UAM01,sf_sj_real,15050.0,L300,lane_0,552225.4746889559,4167451.2143151755,300.0,50.0,True,BS04,-92.5389593898521,8.785584425688949,False,False
302.0,UAM01,sf_sj_real,15100.0,L300,lane_0,552198.7307376688,4167408.967882551,300.0,50.0,True,BS04,-92.28631037333598,9.057765711002387,False,False
303.0,UAM01,sf_sj_real,15150.0,L300,lane_0,552171.9867863818,4167366.7214499256,300.0,50.0,True,BS04,-92.02747122821272,9.335866938412822,False,False
304.0,UAM01,sf_sj_real,15200.0,L300,lane_0,552145.2428350947,4167324.4750173003,300.0,50.0,True,BS04,-91.76217424231004,9.620159436965226,False,False
305.0,UAM01,sf_sj_real,15250.0,L300,lane_0,552118.4988838077,4167282.228584675,300.0,50.0,True,BS04,-91.49013871095549,9.910927550191445,False,True
306.0,UAM01,sf_sj_real,15300.0,L300,lane_0,552091.1985845256,4167240.346952996,300.0,50.0,True,BS04,-91.21002331064432,10.209560275243618,False,False
307.0,UAM01,sf_sj_real,15350.0,L300,lane_0,552063.1156986391,4167198.9784683697,300.0,50.0,True,BS04,-90.92087395319069,10.51704788629722,False,False
308.0,UAM01,sf_sj_real,15400.0,L300,lane_0,552035.0328127526,4167157.609983743,300.0,50.0,True,BS04,-90.6237193429067,10.832309291937438,False,False
309.0,UAM01,sf_sj_real,15450.0,L300,lane_0,552010.6217420297,4167113.986513319,300.0,50.0,True,BS04,-90.32712354381094,11.146371344195291,False,False
310.0,UAM01,sf_sj_real,15500.0,L300,lane_0,551986.4267131953,4167070.2303642686,300.0,50.0,True,BS04,-90.02350385175903,11.467153438087516,False,True
311.0,UAM01,sf_sj_real,15550.0,L300,lane_0,551962.2316843609,4167026.4742152183,300.0,50.0,True,BS04,-89.71213764884203,11.795405022927847,False,False
312.0,UAM01,sf_sj_real,15600.0,L300,lane_0,551938.4926162263,4166982.4772003675,300.0,50.0,True,BS04,-89.39435567478675,12.129729344050242,False,False
313.0,UAM01,sf_sj_real,15650.0,L300,lane_0,551916.6671926205,4166937.518695389,300.0,50.0,True,BS04,-89.07579271517278,12.464241908483931,False,False
314.0,UAM01,sf_sj_real,15700.0,L300,lane_0,551897.7436488447,4166891.2380353785,300.0,50.0,True,BS04,-88.76242787688608,12.792731605174584,False,False
315.0,UAM01,sf_sj_real,15750.0,L300,lane_0,551878.820105069,4166844.9573753686,300.0,50.0,True,BS04,-88.44384299069773,13.126115305477077,False,True
316.0,UAM01,sf_sj_real,15800.0,L300,lane_0,551860.2120780257,4166798.5618027365,300.0,50.0,True,BS04,-88.12210673484022,13.462261921503716,False,False
317.0,UAM01,sf_sj_real,15850.0,L300,lane_0,551844.94001919,4166750.951255387,300.0,50.0,True,BS04,-87.8150719883701,13.782659921062974,False,False
318.0,UAM01,sf_sj_real,15900.0,L300,lane_0,551830.4941896754,4166703.1138577703,300.0,50.0,True,BS04,-87.5126348290585,14.097911200526088,False,False
319.0,UAM01,sf_sj_real,15950.0,L300,lane_0,551819.3138128202,4166654.379894527,300.0,50.0,True,BS04,-87.23358277747167,14.388626422243721,False,False
320.0,UAM01,sf_sj_real,16000.0,L300,lane_0,551808.133435965,4166605.6459312844,300.0,50.0,True,BS04,-86.96012987060365,14.673362008829674,False,True
321.0,UAM01,sf_sj_real,16050.0,L300,lane_0,551796.9530591099,4166556.911968041,300.0,50.0,True,BS04,-86.69429960901088,14.950098969910634,False,False
322.0,UAM01,sf_sj_real,16100.0,L300,lane_0,551785.7726822547,4166508.178004798,300.0,50.0,True,BS04,-86.4383688968984,15.216564915122037,False,False
323.0,UAM01,sf_sj_real,16150.0,L300,lane_0,551783.2788663224,4166458.2410419616,300.0,50.0,True,BS04,-86.27181671796016,15.39084304311328,False,False
324.0,UAM01,sf_sj_real,16200.0,L300,lane_0,551780.7941572762,4166408.3028179146,300.0,50.0,True,BS04,-86.12662737649511,15.543330815042465,False,False
325.0,UAM01,sf_sj_real,16250.0,L300,lane_0,551778.30944823,4166358.3645938677,300.0,50.0,True,BS04,-86.00489026657893,15.671944726484826,False,True
326.0,UAM01,sf_sj_real,16300.0,L300,lane_0,551775.8247391836,4166308.426369821,300.0,50.0,True,BS04,-85.90854535770453,15.774748178429117,False,False
327.0,UAM01,sf_sj_real,16350.0,L300,lane_0,551774.8559241581,4166258.4511065213,300.0,50.0,True,BS04,-85.85428149510503,15.834590339143988,False,False
328.0,UAM01,sf_sj_real,16400.0,L300,lane_0,551774.8987497978,4166208.451124862,300.0,50.0,True,BS04,-85.8385390543991,15.855177920957805,False,False
329.0,UAM01,sf_sj_real,16450.0,L300,lane_0,551774.9415754376,4166158.451143202,300.0,50.0,True,BS04,-85.85166357992702,15.84647613403103,False,False
330.0,UAM01,sf_sj_real,16500.0,L300,lane_0,551775.1042118276,4166108.452802845,300.0,50.0,True,BS04,-85.89459930004767,15.807505539786401,False,True
331.0,UAM01,sf_sj_real,16550.0,L300,lane_0,551776.4310570528,4166058.470411128,300.0,50.0,True,BS04,-85.97667734917201,15.728601981260795,False,False
332.0,UAM01,sf_sj_real,16600.0,L300,lane_0,551777.6929848447,4166008.486482253,300.0,50.0,True,BS04,-86.08429182938548,15.623762589332802,False,False
333.0,UAM01,sf_sj_real,16650.0,L300,lane_0,551778.7333324257,4165958.4973066556,300.0,50.0,True,BS04,-86.21428337909143,15.496201086698832,False,False
334.0,UAM01,sf_sj_real,16700.0,L300,lane_0,551780.4466832291,4165908.5270352396,300.0,50.0,True,BS04,-86.37277548239719,15.33950376829213,False,False
335.0,UAM01,sf_sj_real,16750.0,L300,lane_0,551780.893511457,4165858.539529855,300.0,50.0,True,BS04,-86.54021981708867,15.17385996790071,False,True
336.0,UAM01,sf_sj_real,16800.0,L300,lane_0,551780.6721006072,4165808.540695543,300.0,50.0,True,BS04,-86.72051424063484,14.99518549415132,False,False
337.0,UAM01,sf_sj_real,16850.0,L300,lane_0,551780.9848674764,4165758.5416737837,300.0,50.0,True,BS04,-86.92165501041912,14.795087045328728,False,False
338.0,UAM01,sf_sj_real,16900.0,L300,lane_0,551782.033857357,4165708.561472455,300.0,50.0,True,BS04,-87.14230912152853,14.574826553398218,False,False
339.0,UAM01,sf_sj_real,16950.0,L300,lane_0,551784.276128698,4165658.611775567,300.0,50.0,True,BS04,-87.38279904622343,14.333920579016146,False,False
340.0,UAM01,sf_sj_real,17000.0,L300,lane_0,551786.518400039,4165608.6620786786,300.0,50.0,True,BS04,-87.63166525909925,14.084234593731805,False,True
341.0,UAM01,sf_sj_real,17050.0,L300,lane_0,551788.536334627,4165558.703462306,300.0,50.0,True,BS04,-87.88563436113162,13.829123185011202,False,False
342.0,UAM01,sf_sj_real,17100.0,L300,lane_0,551790.2668076514,4165508.7334166477,300.0,50.0,True,BS04,-88.14290840904863,13.570411393754485,False,False
343.0,UAM01,sf_sj_real,17150.0,L300,lane_0,551791.9972806759,4165458.763370989,300.0,50.0,True,BS04,-88.40396060233445,13.307529077333228,False,False
344.0,UAM01,sf_sj_real,17200.0,L300,lane_0,551793.5860168007,4165408.7904283544,300.0,50.0,True,BS04,-88.66671695254762,13.042604174824625,False,False
345.0,UAM01,sf_sj_real,17250.0,L300,lane_0,551794.9959324452,4165358.826873853,300.0,50.0,True,BS04,-88.92992347391615,12.776909126803249,False,True
346.0,UAM01,sf_sj_real,17300.0,L300,lane_0,551797.9131094159,4165308.91204561,300.0,50.0,True,BS04,-89.20110838547096,12.502301138662968,False,False
347.0,UAM01,sf_sj_real,17350.0,L300,lane_0,551806.7475171668,4165259.7108020987,300.0,50.0,True,BS04,-89.49607890749772,12.201356098306949,False,False
348.0,UAM01,sf_sj_real,17400.0,L300,lane_0,551815.8400467001,4165210.547085103,300.0,50.0,True,BS04,-89.78754518654064,11.903399712600226,False,False
349.0,UAM01,sf_sj_real,17450.0,L300,lane_0,551831.4092671903,4165163.1612692093,300.0,50.0,True,BS04,-90.09357947588748,11.588125787471897,False,False
350.0,UAM01,sf_sj_real,17500.0,L300,lane_0,551851.4520538629,4165117.3542096834,300.0,50.0,True,BS04,-90.40330806888167,11.267130933003813,False,True
351.0,UAM01,sf_sj_real,17550.0,L300,lane_0,551871.4948405353,4165071.547150158,300.0,50.0,True,BS04,-90.70462369549301,10.95409837892148,False,False
352.0,UAM01,sf_sj_real,17600.0,L300,lane_0,551892.3674806171,4165026.1142942673,300.0,50.0,True,BS04,-90.99934606282497,10.646919016727319,False,False
353.0,UAM01,sf_sj_real,17650.0,L300,lane_0,551913.428888123,4164980.7665587794,300.0,50.0,True,BS04,-91.28650289667424,10.346784370795417,False,False
354.0,UAM01,sf_sj_real,17700.0,L300,lane_0,551932.156327294,4164940.5937281675,300.0,50.0,True,BS04,-91.53481214194913,10.08656799817656,False,False
355.0,UAM01,sf_sj_real,17750.0,L300,lane_0,551953.2458461493,4164895.2590626297,300.0,50.0,True,BS04,-91.8080246973079,9.799501418641599,False,True
356.0,UAM01,sf_sj_real,17800.0,L300,lane_0,551974.3227367623,4164849.918521366,300.0,50.0,True,BS04,-92.07428056347965,9.518932685827941,False,False
357.0,UAM01,sf_sj_real,17850.0,L300,lane_0,551995.3996273754,4164804.5779801025,300.0,50.0,True,BS04,-92.33390569766395,9.244528794813029,False,False
358.0,UAM01,sf_sj_real,17900.0,L300,lane_0,552016.4765179885,4164759.2374388385,300.0,50.0,True,BS04,-92.58719030216552,8.975996826266742,False,False
359.0,UAM01,sf_sj_real,17950.0,L300,lane_0,552037.5534086014,4164713.896897575,300.0,50.0,True,BS04,-92.83440871590932,8.713059702980248,False,False
360.0,UAM01,sf_sj_real,18000.0,L300,lane_0,552058.9646002332,4164668.713817955,300.0,50.0,True,BS04,-93.07617985522526,8.45498000950775,False,True
361.0,UAM01,sf_sj_real,18050.0,L300,lane_0,552080.4986630218,4164623.588612805,300.0,50.0,True,BS04,-93.31248018913341,8.201851096644964,False,False
362.0,UAM01,sf_sj_real,18100.0,L300,lane_0,552102.0327258104,4164578.4634076552,300.0,50.0,True,BS04,-93.54340715253704,7.953615029295852,False,False
363.0,UAM01,sf_sj_real,18150.0,L300,lane_0,552124.1256129417,4164533.6130875503,300.0,50.0,True,BS04,-93.76966272959214,7.709374179049075,False,False
364.0,UAM01,sf_sj_real,18200.0,L300,lane_0,552146.7272959833,4164489.013043563,300.0,50.0,True,BS04,-93.99135173321125,7.4690365613069885,False,False
365.0,UAM01,sf_sj_real,18250.0,L300,lane_0,552169.328979025,4164444.4129995755,300.0,50.0,True,BS04,-94.20822442493544,7.233023529413899,False,True
366.0,UAM01,sf_sj_real,18300.0,L300,lane_0,552192.3873771969,4164400.0560639817,300.0,50.0,True,BS04,-94.42075611531206,7.000701584514988,False,False
367.0,UAM01,sf_sj_real,18350.0,L300,lane_0,552216.7638278877,4164356.400724655,300.0,50.0,True,BS04,-94.62960065619484,6.771119874169766,False,False
368.0,UAM01,sf_sj_real,18400.0,L300,lane_0,552241.1402785786,4164312.7453853283,300.0,50.0,True,BS04,-94.8340966888088,6.545381334456683,False,False
369.0,UAM01,sf_sj_real,18450.0,L300,lane_0,552266.8651662178,4164269.8800601065,300.0,50.0,True,BS04,-95.03491774019278,6.322365724750875,False,False
370.0,UAM01,sf_sj_real,18500.0,L300,lane_0,552292.6321292028,4164227.030747177,300.0,50.0,True,BS04,-95.23172659674924,6.102831175579221,False,True
371.0,UAM01,sf_sj_real,18550.0,L300,lane_0,552318.3990921879,4164184.1814342476,300.0,50.0,True,BS04,-95.42463572086417,5.886676237211676,False,False
372.0,UAM01,sf_sj_real,18600.0,L300,lane_0,552342.9803558232,4164140.710917515,300.0,50.0,True,BS04,-95.61317313039014,5.67477879245274,False,False
373.0,UAM01,sf_sj_real,18650.0,L300,lane_0,552363.5410870691,4164095.133989902,300.0,50.0,True,BS04,-95.79612193001572,5.469342856605383,False,False
374.0,UAM01,sf_sj_real,18700.0,L300,lane_0,552384.1018183149,4164049.557062289,300.0,50.0,True,BS04,-95.97578677702577,5.266673695939671,False,False
375.0,UAM01,sf_sj_real,18750.0,L300,lane_0,552403.1171713859,4164003.324078252,300.0,50.0,True,BS04,-96.15112747624924,5.068398038643456,False,True
376.0,UAM01,sf_sj_real,18800.0,L300,lane_0,552421.6239777181,4163956.875201846,300.0,50.0,True,BS04,-96.3231159098269,4.873156655854368,False,False
377.0,UAM01,sf_sj_real,18850.0,L300,lane_0,552445.228908311,4163912.872861194,300.0,50.0,True,BS04,-96.49496278615483,4.675654054207277,False,False
378.0,UAM01,sf_sj_real,18900.0,L300,lane_0,552469.8863051042,4163869.375587907,300.0,50.0,True,BS04,-96.66438483409995,4.479639977618923,False,False
379.0,UAM01,sf_sj_real,18950.0,L300,lane_0,552494.5437018975,4163825.8783146203,300.0,50.0,True,BS04,-96.8309002497595,4.285978749394432,False,False
380.0,UAM01,sf_sj_real,19000.0,L300,lane_0,552519.2010986907,4163782.3810413335,300.0,50.0,True,BS04,-96.99460556243596,4.094568860711213,False,True
381.0,UAM01,sf_sj_real,19050.0,L300,lane_0,552545.2545997412,4163739.705835275,300.0,50.0,True,BS04,-97.15586566443191,3.9045606574176905,False,False
382.0,UAM01,sf_sj_real,19100.0,L300,lane_0,552571.3042564782,4163697.0278300922,300.0,50.0,True,BS04,-97.31447786132316,3.7166269037450608,False,False
383.0,UAM01,sf_sj_real,19150.0,L300,lane_0,552597.2629473376,4163654.2943962393,300.0,50.0,True,BS04,-97.47051409548935,3.5307196414851605,False,False
384.0,UAM01,sf_sj_real,19200.0,L300,lane_0,552623.2216381971,4163611.5609623864,300.0,50.0,True,BS04,-97.62406796287672,3.3467087930480126,False,False
385.0,UAM01,sf_sj_real,19250.0,L300,lane_0,552649.1803290565,4163568.8275285335,300.0,50.0,True,BS04,-97.77521643767729,3.1645114046842804,False,True
386.0,UAM01,sf_sj_real,19300.0,L300,lane_0,552674.5528192358,4163525.745951086,300.0,50.0,True,BS04,-97.9239402239642,2.9843474827446785,False,False
387.0,UAM01,sf_sj_real,19350.0,L300,lane_0,552699.6548972236,4163482.5037762946,300.0,50.0,True,BS04,-98.0703663989895,2.805976256556726,False,False
388.0,UAM01,sf_sj_real,19400.0,L300,lane_0,552726.2880072024,4163440.188628476,300.0,50.0,True,BS04,-98.21479044376062,2.6284602491184206,False,False
389.0,UAM01,sf_sj_real,19450.0,L300,lane_0,552752.9716433858,4163397.904073849,300.0,50.0,True,BS04,-98.35708635057983,2.452434088107151,False,False
390.0,UAM01,sf_sj_real,19500.0,L300,lane_0,552779.0942817342,4163355.271078778,300.0,50.0,True,BS04,-98.49726482830002,2.2780956999125705,False,True
391.0,UAM01,sf_sj_real,19550.0,L300,lane_0,552805.1712598634,4163312.609723764,300.0,50.0,True,BS04,-98.63542867609425,2.1051570925971466,False,False
392.0,UAM01,sf_sj_real,19600.0,L300,lane_0,552831.6326298114,4163270.1862045703,300.0,50.0,True,BS04,-98.77166877896178,1.933366266445744,False,False
393.0,UAM01,sf_sj_real,19650.0,L300,lane_0,552858.1709818171,4163227.8103166996,300.0,50.0,True,BS04,-98.90601281914392,1.7627963686358197,False,False
394.0,UAM01,sf_sj_real,19700.0,L300,lane_0,552884.7093338226,4163185.434428829,300.0,50.0,True,BS04,-99.03850650621467,1.593421825747753,False,False
395.0,UAM01,sf_sj_real,19750.0,L300,lane_0,552910.2679150455,4163142.463383888,300.0,50.0,True,BS04,-99.16910334323042,1.4256499086614896,False,True
396.0,UAM01,sf_sj_real,19800.0,L300,lane_0,552935.6414345568,4163099.3799240966,300.0,50.0,True,BS04,-99.29793513764834,1.2590512949679815,False,False
397.0,UAM01,sf_sj_real,19850.0,L300,lane_0,552961.0149540681,4163056.296464305,300.0,50.0,True,BS04,-99.42506633329529,1.0934856552619059,False,False
398.0,UAM01,sf_sj_real,19900.0,L300,lane_0,552987.5176279093,4163013.9206544654,300.0,50.0,True,BS04,-99.55059631358142,0.9284182400546477,False,False
399.0,UAM01,sf_sj_real,19950.0,L300,lane_0,553015.2278347545,4162972.3016151134,300.0,50.0,True,BS04,-99.67456686466032,0.7637549383026945,False,False
400.0,UAM01,sf_sj_real,20000.0,L300,lane_0,553043.2816193217,4162930.926931581,300.0,50.0,True,BS04,-99.79691593215665,0.5998837912214507,False,True
401.0,UAM01,sf_sj_real,20050.0,L300,lane_0,553073.5016346569,4162891.0928924545,300.0,50.0,True,BS04,-99.9174676241429,0.4363358437013234,False,False
402.0,UAM01,sf_sj_real,20100.0,L300,lane_0,553104.8020835955,4162852.1066661677,300.0,50.0,True,BS04,-100.03625152214735,0.27347261146183555,False,False
403.0,UAM01,sf_sj_real,20150.0,L300,lane_0,553136.3064932337,4162813.2804871984,300.0,50.0,True,BS04,-100.15354631806142,0.11126939994422726,False,False
404.0,UAM01,sf_sj_real,20200.0,L300,lane_0,553167.8109028718,4162774.454308229,300.0,50.0,True,BS04,-100.26944009957886,-0.05031120080363802,False,False
405.0,UAM01,sf_sj_real,20250.0,L300,lane_0,553199.3062990853,4162735.620888287,300.0,50.0,True,BS04,-100.38396791037357,-0.21131372983236976,False,True
406.0,UAM01,sf_sj_real,20300.0,L300,lane_0,553230.4299640157,4162696.488836446,300.0,50.0,True,BS04,-100.49725852466366,-0.37176702445527954,False,False
407.0,UAM01,sf_sj_real,20350.0,L300,lane_0,553261.5536289462,4162657.356784605,300.0,50.0,True,BS04,-100.60923781244009,-0.5317227038130962,False,False
408.0,UAM01,sf_sj_real,20400.0,L300,lane_0,553293.9384212876,4162619.2641587127,300.0,50.0,True,BS04,-100.71956354545594,-0.691234452185491,False,False
409.0,UAM01,sf_sj_real,20450.0,L300,lane_0,553326.4068265643,4162581.2404469163,300.0,50.0,True,BS04,-100.82862896393077,-0.8503595756138849,False,False
410.0,UAM01,sf_sj_real,20500.0,L300,lane_0,553358.802945224,4162543.155681081,300.0,50.0,True,BS04,-100.93650902238177,-1.0091409155870052,False,True
411.0,UAM01,sf_sj_real,20550.0,L300,lane_0,553390.85908911,4162504.7837689687,300.0,50.0,True,BS04,-101.04331111718736,-1.167619755960219,False,False
412.0,UAM01,sf_sj_real,20600.0,L300,lane_0,553422.9152329961,4162466.4118568567,300.0,50.0,True,BS04,-101.14895051582869,-1.3258261917967384,False,False
413.0,UAM01,sf_sj_real,20650.0,L300,lane_0,553454.6348461339,4162427.7617168454,300.0,50.0,True,BS04,-101.25354145113198,-1.4837824256502752,False,False
414.0,UAM01,sf_sj_real,20700.0,L300,lane_0,553486.2965312249,4162389.063684632,300.0,50.0,True,BS04,-101.35702948376023,-1.641535677714792,False,False
415.0,UAM01,sf_sj_real,20750.0,L300,lane_0,553517.9582163158,4162350.365652418,300.0,50.0,True,BS04,-101.45942222359034,-1.7991277704379516,False,True
416.0,UAM01,sf_sj_real,20800.0,L300,lane_0,553549.650163342,4162311.692454288,300.0,50.0,True,BS04,-101.560735066474,-1.9566006850227606,False,False
417.0,UAM01,sf_sj_real,20850.0,L300,lane_0,553581.4258369317,4162273.0879653273,300.0,50.0,True,BS04,-101.66097787393142,-2.1139998715502317,False,False
418.0,UAM01,sf_sj_real,20900.0,L300,lane_0,553613.2015105215,4162234.4834763664,300.0,50.0,True,BS04,-101.7601924188871,-2.2713566503024554,False,False
419.0,UAM01,sf_sj_real,20950.0,L300,lane_0,553644.9771841113,4162195.878987406,300.0,50.0,True,BS04,-101.85839932686531,-2.4287094997087473,False,False
420.0,UAM01,sf_sj_real,21000.0,L300,lane_0,553676.752857701,4162157.274498445,300.0,50.0,True,BS05,-101.80887993623986,-2.356289033638957,True,True
421.0,UAM01,sf_sj_real,21050.0,L300,lane_0,553708.5285312907,4162118.6700094845,300.0,50.0,True,BS05,-101.71160491450647,-2.210907804957232,False,False
422.0,UAM01,sf_sj_real,21100.0,L300,lane_0,553740.0678691781,4162079.8725015405,300.0,50.0,True,BS05,-101.61349423423279,-2.0659556192883373,False,False
423.0,UAM01,sf_sj_real,21150.0,L300,lane_0,553771.5474499066,4162041.0261890106,300.0,50.0,True,BS05,-101.51444434422622,-1.9213442900692894,False,False
424.0,UAM01,sf_sj_real,21200.0,L300,lane_0,553803.0270306349,4162002.1798764807,300.0,50.0,True,BS05,-101.4144067172264,-1.7770168539182238,False,False
425.0,UAM01,sf_sj_real,21250.0,L300,lane_0,553834.5066113634,4161963.333563951,300.0,50.0,True,BS05,-101.31336258343836,-1.6329348504870278,False,True
426.0,UAM01,sf_sj_real,21300.0,L300,lane_0,553865.9861920917,4161924.487251421,300.0,50.0,True,BS05,-101.21129267358832,-1.4890598595202271,False,False
427.0,UAM01,sf_sj_real,21350.0,L300,lane_0,553897.6671785845,4161885.8056481653,300.0,50.0,True,BS05,-101.10806172114474,-1.345274036867929,False,False
428.0,UAM01,sf_sj_real,21400.0,L300,lane_0,553929.4929545204,4161847.242453458,300.0,50.0,True,BS05,-101.003674943282,-1.2015526854103538,False,False
429.0,UAM01,sf_sj_real,21450.0,L300,lane_0,553961.3187304564,4161808.67925875,300.0,50.0,True,BS05,-100.89819229088641,-1.0579118312628448,False,False
430.0,UAM01,sf_sj_real,21500.0,L300,lane_0,553993.1445063923,4161770.116064042,300.0,50.0,True,BS05,-100.79159187948845,-0.9143124994121885,False,True
431.0,UAM01,sf_sj_real,21550.0,L300,lane_0,554024.6280472319,4161731.2746834937,300.0,50.0,True,BS05,-100.68406779881093,-0.7708759976150272,False,False
432.0,UAM01,sf_sj_real,21600.0,L300,lane_0,554055.8761498966,4161692.241926995,300.0,50.0,True,BS05,-100.57554273819798,-0.6275287449538351,False,False
433.0,UAM01,sf_sj_real,21650.0,L300,lane_0,554087.1242525614,4161653.209170497,300.0,50.0,True,BS05,-100.46584810200602,-0.4841255263375358,False,False
434.0,UAM01,sf_sj_real,21700.0,L300,lane_0,554118.3723552261,4161614.1764139985,300.0,50.0,True,BS05,-100.35496035491802,-0.34062735110972164,False,False
435.0,UAM01,sf_sj_real,21750.0,L300,lane_0,554149.0136863549,4161576.4502878343,300.0,50.0,True,BS05,-100.24581870388302,-0.2008655362899017,False,True
436.0,UAM01,sf_sj_real,21800.0,L300,lane_0,554181.0016351339,4161538.021507826,300.0,50.0,True,BS05,-100.13197955245464,-0.05665096998873527,False,False
437.0,UAM01,sf_sj_real,21850.0,L300,lane_0,554212.9895839129,4161499.592727818,300.0,50.0,True,BS05,-100.01684791052621,0.08780511276952771,False,False
438.0,UAM01,sf_sj_real,21900.0,L300,lane_0,554244.9775326919,4161461.16394781,300.0,50.0,True,BS05,-99.90039621185473,0.23254408436680124,False,False
439.0,UAM01,sf_sj_real,21950.0,L300,lane_0,554276.9654814709,4161422.735167802,300.0,50.0,True,BS05,-99.78259608913501,0.3776077644913206,False,False
440.0,UAM01,sf_sj_real,22000.0,L300,lane_0,554308.9534302499,4161384.3063877937,300.0,50.0,True,BS05,-99.6634183482596,0.5230384559468877,False,True
441.0,UAM01,sf_sj_real,22050.0,L300,lane_0,554340.941379029,4161345.8776077856,300.0,50.0,True,BS05,-99.5428329420262,0.6688789806278232,False,False
442.0,UAM01,sf_sj_real,22100.0,L300,lane_0,554374.3022442096,4161308.650453224,300.0,50.0,True,BS05,-99.41980961203922,0.815945784329569,False,False
443.0,UAM01,sf_sj_real,22150.0,L300,lane_0,554408.1545829856,4161271.853453898,300.0,50.0,True,BS05,-99.29489604928142,0.9638595799026757,False,False
444.0,UAM01,sf_sj_real,22200.0,L300,lane_0,554444.6694818143,4161237.9133401588,300.0,50.0,True,BS05,-99.1671787062847,1.1129962093010017,False,False
445.0,UAM01,sf_sj_real,22250.0,L300,lane_0,554483.7561267011,4161206.732670001,300.0,50.0,True,BS05,-99.0365614134343,1.2635412870078269,False,True
446.0,UAM01,sf_sj_real,22300.0,L300,lane_0,554522.8427715881,4161175.5519998437,300.0,50.0,True,BS05,-98.90414877828442,1.415028314868306,False,False
447.0,UAM01,sf_sj_real,22350.0,L300,lane_0,554562.3437017533,4161144.982914647,300.0,50.0,True,BS05,-98.7699561118739,1.5673022678477184,False,False
448.0,UAM01,sf_sj_real,22400.0,L300,lane_0,554605.798332668,4161120.2504450562,300.0,50.0,True,BS05,-98.63450794469284,1.7186448889943764,False,False
449.0,UAM01,sf_sj_real,22450.0,L300,lane_0,554649.2529635829,4161095.5179754654,300.0,50.0,True,BS05,-98.49715059036954,1.871188905305797,False,False
450.0,UAM01,sf_sj_real,22500.0,L300,lane_0,554692.8571006671,4161071.0605896562,300.0,50.0,True,BS05,-98.35794978622901,2.024809841913876,False,True
451.0,UAM01,sf_sj_real,22550.0,L300,lane_0,554737.2474977194,4161048.049882376,300.0,50.0,True,BS05,-98.2173832559284,2.178782210303463,False,False
452.0,UAM01,sf_sj_real,22600.0,L300,lane_0,554781.6378947716,4161025.039175096,300.0,50.0,True,BS05,-98.07478738015121,2.334127821149603,False,False
453.0,UAM01,sf_sj_real,22650.0,L300,lane_0,554826.028291824,4161002.0284678154,300.0,50.0,True,BS05,-97.93010494819377,2.4909086952429913,False,False
454.0,UAM01,sf_sj_real,22700.0,L300,lane_0,554870.4186888763,4160979.0177605352,300.0,50.0,True,BS05,-97.78327640939558,2.649189210073269,False,False
455.0,UAM01,sf_sj_real,22750.0,L300,lane_0,554914.8090859286,4160956.007053255,300.0,50.0,True,BS05,-97.63423975191303,2.809036216956037,False,True
456.0,UAM01,sf_sj_real,22800.0,L300,lane_0,554959.199482981,4160932.9963459745,300.0,50.0,True,BS05,-97.48293037432795,2.970519165577687,False,False
457.0,UAM01,sf_sj_real,22850.0,L300,lane_0,555003.5898800333,4160909.9856386944,300.0,50.0,True,BS05,-97.32928094966275,3.133710236375624,False,False
458.0,UAM01,sf_sj_real,22900.0,L300,lane_0,555047.9802770856,4160886.9749314142,300.0,50.0,True,BS05,-97.17322128135957,3.2986844811852034,False,False
459.0,UAM01,sf_sj_real,22950.0,L300,lane_0,555092.3706741378,4160863.964224134,300.0,50.0,True,BS05,-97.0146781508033,3.465519972560211,False,False
460.0,UAM01,sf_sj_real,23000.0,L300,lane_0,555136.7610711902,4160840.9535168535,300.0,50.0,True,BS05,-96.85357515592374,3.6342979622222376,False,True
461.0,UAM01,sf_sj_real,23050.0,L300,lane_0,555181.1514682425,4160817.9428095734,300.0,50.0,True,BS05,-96.68983254044477,3.8051030490595283,False,False
462.0,UAM01,sf_sj_real,23100.0,L300,lane_0,555225.5418652948,4160794.9321022932,300.0,50.0,True,BS05,-96.52336701332477,3.978023357122484,False,False
463.0,UAM01,sf_sj_real,23150.0,L300,lane_0,555269.9322623472,4160771.921395013,300.0,50.0,True,BS05,-96.35409155799555,4.153150723996837,False,False
464.0,UAM01,sf_sj_real,23200.0,L300,lane_0,555314.2847051304,4160748.837718435,300.0,50.0,True,BS05,-96.18185915106137,4.330644420372573,False,False
465.0,UAM01,sf_sj_real,23250.0,L300,lane_0,555358.6108084284,4160725.703402659,300.0,50.0,True,BS05,-96.00658622727919,4.510588790127592,False,True
466.0,UAM01,sf_sj_real,23300.0,L300,lane_0,555402.9369117263,4160702.569086883,300.0,50.0,True,BS05,-95.82821029042826,4.693045520404845,False,False
467.0,UAM01,sf_sj_real,23350.0,L300,lane_0,555447.2630150242,4160679.434771107,300.0,50.0,True,BS05,-95.6466266476997,4.8781240885374295,False,False
468.0,UAM01,sf_sj_real,23400.0,L300,lane_0,555491.5891183222,4160656.3004553313,300.0,50.0,True,BS05,-95.46172569703342,5.065938857886419,False,False
469.0,UAM01,sf_sj_real,23450.0,L300,lane_0,555535.9152216202,4160633.1661395556,300.0,50.0,True,BS05,-95.27339266211428,5.256609341395544,False,False
470.0,UAM01,sf_sj_real,23500.0,L300,lane_0,555580.2413249181,4160610.0318237795,300.0,50.0,True,BS05,-95.08150731566143,5.45026047697006,False,True
471.0,UAM01,sf_sj_real,23550.0,L300,lane_0,555624.5674282161,4160586.8975080037,300.0,50.0,True,BS05,-94.8859436916338,5.6470229140502495,False,False
472.0,UAM01,sf_sj_real,23600.0,L300,lane_0,555668.8935315141,4160563.763192228,300.0,50.0,True,BS05,-94.68656978740131,5.847033310323527,False,False
473.0,UAM01,sf_sj_real,23650.0,L300,lane_0,555713.2196348121,4160540.628876452,300.0,50.0,True,BS05,-94.48324725749458,6.050434636955385,False,False
474.0,UAM01,sf_sj_real,23700.0,L300,lane_0,555757.54573811,4160517.494560676,300.0,50.0,True,BS05,-94.27583110123257,6.2573764900338515,False,False
475.0,UAM01,sf_sj_real,23750.0,L300,lane_0,555801.871841408,4160494.3602449,300.0,50.0,True,BS05,-94.06416934742462,6.468015405025046,False,True
476.0,UAM01,sf_sj_real,23800.0,L300,lane_0,555846.2310798301,4160471.2895418974,300.0,50.0,True,BS05,-93.84818213415257,6.682435689148489,False,False
477.0,UAM01,sf_sj_real,23850.0,L300,lane_0,555890.5943732188,4160448.2266236152,300.0,50.0,True,BS05,-93.6276409005924,6.90087155129349,False,False
478.0,UAM01,sf_sj_real,23900.0,L300,lane_0,555934.9576666077,4160425.1637053327,300.0,50.0,True,BS05,-93.40236251762643,7.123510648206159,False,False
479.0,UAM01,sf_sj_real,23950.0,L300,lane_0,555979.3209599965,4160402.1007870506,300.0,50.0,True,BS05,-93.17216510402625,7.350539282764858,False,False
480.0,UAM01,sf_sj_real,24000.0,L300,lane_0,556023.6842533853,4160379.037868768,300.0,50.0,True,BS05,-92.9368585288012,7.582151974017326,False,True
481.0,UAM01,sf_sj_real,24050.0,L300,lane_0,556068.0475467741,4160355.974950486,300.0,50.0,True,BS05,-92.69624425892417,7.8185516089854605,False,False
482.0,UAM01,sf_sj_real,24100.0,L300,lane_0,556112.4108401629,4160332.9120322033,300.0,50.0,True,BS05,-92.45011528921678,8.059949512360154,False,False
483.0,UAM01,sf_sj_real,24150.0,L300,lane_0,556156.7741335517,4160309.849113921,300.0,50.0,True,BS05,-92.1982561843783,8.306565404097745,False,False
484.0,UAM01,sf_sj_real,24200.0,L300,lane_0,556201.1374269405,4160286.7861956386,300.0,50.0,True,BS05,-91.94044327171777,8.558627206353401,False,False
485.0,UAM01,sf_sj_real,24250.0,L300,lane_0,556245.5007203293,4160263.723277356,300.0,50.0,True,BS05,-91.6764450343068,8.816370650030878,False,True
486.0,UAM01,sf_sj_real,24300.0,L300,lane_0,556289.448517576,4160240.071752887,300.0,50.0,True,BS05,-91.40523369188766,9.080793231641763,False,False
487.0,UAM01,sf_sj_real,24350.0,L300,lane_0,556333.9248508607,4160217.22759001,300.0,50.0,True,BS05,-91.12856286500156,9.3502289167747,False,False
488.0,UAM01,sf_sj_real,24400.0,L300,lane_0,556378.4011841454,4160194.3834271333,300.0,50.0,True,BS05,-90.84502663508533,9.626042032497917,False,False
489.0,UAM01,sf_sj_real,24450.0,L300,lane_0,556422.8775174301,4160171.539264256,300.0,50.0,True,BS05,-90.55437986611751,9.90848176181861,False,False
490.0,UAM01,sf_sj_real,24500.0,L300,lane_0,556467.3538507147,4160148.6951013794,300.0,50.0,True,BS05,-90.25637862126953,10.197796053503987,False,True
491.0,UAM01,sf_sj_real,24550.0,L300,lane_0,556511.8301839995,4160125.8509385022,300.0,50.0,True,BS05,-89.95078412289115,10.494227661868534,False,False
492.0,UAM01,sf_sj_real,24600.0,L300,lane_0,556556.3065172841,4160103.0067756255,300.0,50.0,True,BS05,-89.63736800634511,10.79800889272386,False,False
493.0,UAM01,sf_sj_real,24650.0,L300,lane_0,556600.9503594608,4160080.4917449667,300.0,50.0,True,BS05,-89.31700142444501,11.108314991366644,False,False
494.0,UAM01,sf_sj_real,24700.0,L300,lane_0,556645.5951229637,4160057.978524589,300.0,50.0,True,BS05,-88.9885782174222,11.42621857458202,False,False
495.0,UAM01,sf_sj_real,24750.0,L300,lane_0,556690.2398864666,4160035.4653042117,300.0,50.0,True,BS05,-88.6519693382874,11.751852278313326,False,True
496.0,UAM01,sf_sj_real,24800.0,L300,lane_0,556734.8846499695,4160012.952083834,300.0,50.0,True,BS05,-88.30710816770525,12.08528649673334,False,False
497.0,UAM01,sf_sj_real,24850.0,L300,lane_0,556779.5294134724,4159990.4388634562,300.0,50.0,True,BS05,-87.95400496555571,12.426514710006343,False,False
498.0,UAM01,sf_sj_real,24900.0,L300,lane_0,556824.1741769754,4159967.925643079,300.0,50.0,True,BS05,-87.59277236186715,12.775427993048321,False,False
499.0,UAM01,sf_sj_real,24950.0,L300,lane_0,556868.365832851,4159944.5475885808,300.0,50.0,True,BS05,-87.21930165053244,13.135991365337404,False,False
500.0,UAM01,sf_sj_real,25000.0,L300,lane_0,556912.289345005,4159920.657735503,300.0,50.0,True,BS05,-86.83485741127359,13.506988020809851,False,True
501.0,UAM01,sf_sj_real,25050.0,L300,lane_0,556956.2128571587,4159896.7678824253,300.0,50.0,True,BS05,-86.44229309831105,13.885651705577295,False,False
502.0,UAM01,sf_sj_real,25100.0,L300,lane_0,557000.1363693126,4159872.878029348,300.0,50.0,True,BS05,-86.04234279910312,14.271251951007162,False,False
503.0,UAM01,sf_sj_real,25150.0,L300,lane_0,557044.0598814666,4159848.9881762704,300.0,50.0,True,BS05,-85.63608201261762,14.662716834405028,False,False
504.0,UAM01,sf_sj_real,25200.0,L300,lane_0,557087.9833936205,4159825.0983231924,300.0,50.0,True,BS05,-85.22502056600385,15.058540062228303,False,False
505.0,UAM01,sf_sj_real,25250.0,L300,lane_0,557132.2257658734,4159801.823395002,300.0,50.0,True,BS05,-84.81630473350708,15.451710506829137,False,True
506.0,UAM01,sf_sj_real,25300.0,L300,lane_0,557177.0597419163,4159779.6893806304,300.0,50.0,True,BS05,-84.41875490506423,15.833540656624713,False,False
507.0,UAM01,sf_sj_real,25350.0,L300,lane_0,557221.8937179589,4159757.555366259,300.0,50.0,True,BS05,-84.02751979209465,16.208648985893497,False,False
508.0,UAM01,sf_sj_real,25400.0,L300,lane_0,557266.7276940016,4159735.4213518873,300.0,50.0,True,BS05,-83.64732005565035,16.57231814704121,False,False
509.0,UAM01,sf_sj_real,25450.0,L300,lane_0,557311.5616700443,4159713.287337516,300.0,50.0,True,BS05,-83.28383415907533,16.91887295181803,False,False
510.0,UAM01,sf_sj_real,25500.0,L300,lane_0,557355.965837654,4159690.318380901,300.0,50.0,True,BS05,-82.93335133397557,17.25181847767018,False,True
511.0,UAM01,sf_sj_real,25550.0,L300,lane_0,557400.0303306141,4159666.6895751725,300.0,50.0,True,BS05,-82.6034928644251,17.563563994232297,False,False
512.0,UAM01,sf_sj_real,25600.0,L300,lane_0,557444.0948235742,4159643.0607694434,300.0,50.0,True,BS05,-82.31005531028882,17.83847657507331,False,False
513.0,UAM01,sf_sj_real,25650.0,L300,lane_0,557488.1593165343,4159619.431963715,300.0,50.0,True,BS05,-82.06157785281717,18.068020179055388,False,False
514.0,UAM01,sf_sj_real,25700.0,L300,lane_0,557532.4671736062,4159596.26529378,300.0,50.0,True,BS05,-81.87345571421801,18.236930118962928,False,False
515.0,UAM01,sf_sj_real,25750.0,L300,lane_0,557576.8813755818,4159573.3005672875,300.0,50.0,True,BS05,-81.74939651734404,18.34143795141918,False,True
516.0,UAM01,sf_sj_real,25800.0,L300,lane_0,557621.2955775576,4159550.3358407957,300.0,50.0,True,BS05,-81.69140798821604,18.37948466934721,False,False
517.0,UAM01,sf_sj_real,25850.0,L300,lane_0,557665.7097795333,4159527.3711143034,300.0,50.0,True,BS05,-81.70193155933,18.348631786594176,False,False
518.0,UAM01,sf_sj_real,25900.0,L300,lane_0,557710.123981509,4159504.406387811,300.0,50.0,True,BS05,-81.78051910590032,18.249330326150474,False,False
519.0,UAM01,sf_sj_real,25950.0,L300,lane_0,557754.5381834848,4159481.441661319,300.0,50.0,True,BS05,-81.92389478545189,18.08485897944273,False,False
520.0,UAM01,sf_sj_real,26000.0,L300,lane_0,557798.9523854605,4159458.476934827,300.0,50.0,True,BS05,-82.12639267336957,17.860886469593346,False,True
521.0,UAM01,sf_sj_real,26050.0,L300,lane_0,557842.6714222525,4159435.0745789544,300.0,50.0,True,BS05,-82.36963866807639,17.595767495438896,False,False
522.0,UAM01,sf_sj_real,26100.0,L300,lane_0,557887.3931341337,4159412.7147640046,300.0,50.0,True,BS05,-82.67540774814478,17.267976241045872,False,False
523.0,UAM01,sf_sj_real,26150.0,L300,lane_0,557932.1252055159,4159390.375520735,300.0,50.0,True,BS05,-83.01551765194557,16.905488875629185,False,False
524.0,UAM01,sf_sj_real,26200.0,L300,lane_0,557976.8572768981,4159368.0362774655,300.0,50.0,True,BS05,-83.38161374712956,16.516655811288178,False,False
525.0,UAM01,sf_sj_real,26250.0,L300,lane_0,558021.5893482803,4159345.697034196,300.0,50.0,True,BS05,-83.7664603138505,16.108715291171016,False,True
526.0,UAM01,sf_sj_real,26300.0,L300,lane_0,558065.9799883683,4159322.689703547,300.0,50.0,True,BS05,-84.15747709331019,15.69400701460847,False,False
527.0,UAM01,sf_sj_real,26350.0,L300,lane_0,558110.2894679144,4159299.5235639815,300.0,50.0,True,BS05,-84.55546450075998,15.271907720803668,False,False
528.0,UAM01,sf_sj_real,26400.0,L300,lane_0,558154.5989474604,4159276.357424416,300.0,50.0,True,BS05,-84.95772232521858,14.845176616302565,False,False
529.0,UAM01,sf_sj_real,26450.0,L300,lane_0,558198.9084270064,4159253.1912848507,300.0,50.0,True,BS05,-85.36078281729301,14.417283728569409,False,False
530.0,UAM01,sf_sj_real,26500.0,L300,lane_0,558243.0960048264,4159229.7940634647,300.0,50.0,True,BS05,-85.76033364494833,13.992454139143753,False,True
531.0,UAM01,sf_sj_real,26550.0,L300,lane_0,558287.2335820382,4159206.302058913,300.0,50.0,True,BS05,-86.15555449088382,13.571559183399822,False,False
532.0,UAM01,sf_sj_real,26600.0,L300,lane_0,558331.3711592501,4159182.810054361,300.0,50.0,True,BS05,-86.5455614097297,13.155520908054012,False,False
533.0,UAM01,sf_sj_real,26650.0,L300,lane_0,558375.508736462,4159159.3180498094,300.0,50.0,True,BS05,-86.92918331709406,12.745512392270257,False,False
534.0,UAM01,sf_sj_real,26700.0,L300,lane_0,558419.7389859111,4159136.001815893,300.0,50.0,True,BS05,-87.30647045762116,12.341558289071514,False,False
535.0,UAM01,sf_sj_real,26750.0,L300,lane_0,558464.0590586031,4159112.855948949,300.0,50.0,True,BS05,-87.67664021768759,11.944444457176427,False,True
536.0,UAM01,sf_sj_real,26800.0,L300,lane_0,558508.3791312951,4159089.7100820057,300.0,50.0,True,BS05,-88.03845502083914,11.55534068756726,False,False
537.0,UAM01,sf_sj_real,26850.0,L300,lane_0,558552.6992039871,4159066.564215062,300.0,50.0,True,BS05,-88.3917573678125,11.174406154446089,False,False
538.0,UAM01,sf_sj_real,26900.0,L300,lane_0,558597.0192766793,4159043.418348118,300.0,50.0,True,BS05,-88.73650883496157,10.801680869132337,False,False
539.0,UAM01,sf_sj_real,26950.0,L300,lane_0,558641.3393493713,4159020.2724811747,300.0,50.0,True,BS05,-89.07276031486533,10.437115436451812,False,False
540.0,UAM01,sf_sj_real,27000.0,L300,lane_0,558685.6594220633,4158997.126614231,300.0,50.0,True,BS05,-89.40062870880328,10.080594359146453,False,True
541.0,UAM01,sf_sj_real,27050.0,L300,lane_0,558729.9794947553,4158973.980747287,300.0,50.0,True,BS05,-89.72027877470373,9.731954186705833,False,False
542.0,UAM01,sf_sj_real,27100.0,L300,lane_0,558774.7976558752,4158951.842711364,300.0,50.0,True,BS05,-90.03455310589237,9.388839295818945,False,False
543.0,UAM01,sf_sj_real,27150.0,L300,lane_0,558820.1044402976,4158930.6933547473,300.0,50.0,True,BS05,-90.34313359993509,9.051580898297862,False,False
544.0,UAM01,sf_sj_real,27200.0,L300,lane_0,558864.9414871973,4158908.6700152424,300.0,50.0,True,BS05,-90.64130898520243,8.724000827620788,False,False
545.0,UAM01,sf_sj_real,27250.0,L300,lane_0,558907.5781179584,4158882.55263181,300.0,50.0,True,BS05,-90.9219429707531,8.41164476319059,False,True
546.0,UAM01,sf_sj_real,27300.0,L300,lane_0,558950.2147487195,4158856.4352483777,300.0,50.0,True,BS05,-91.196429899781,8.105062173239386,False,False
547.0,UAM01,sf_sj_real,27350.0,L300,lane_0,558992.5650419875,4158829.8587080864,300.0,50.0,True,BS05,-91.46370306824663,7.805103165409408,False,False
548.0,UAM01,sf_sj_real,27400.0,L300,lane_0,559034.7782692941,4158803.062375495,300.0,50.0,True,BS05,-91.72470351465911,7.5109327178998875,False,False
549.0,UAM01,sf_sj_real,27450.0,L300,lane_0,559076.9914966008,4158776.2660429035,300.0,50.0,True,BS05,-91.98018019613474,7.221904715934203,False,False
550.0,UAM01,sf_sj_real,27500.0,L300,lane_0,559114.1839545747,4158742.9814305906,300.0,50.0,True,BS05,-92.21075022746584,6.954547022904957,False,True
551.0,UAM01,sf_sj_real,27550.0,L300,lane_0,559153.9787124189,4158712.709707017,300.0,50.0,True,BS05,-92.44791511069761,6.681379795074987,False,False
552.0,UAM01,sf_sj_real,27600.0,L300,lane_0,559193.7508021925,4158682.4114724803,300.0,50.0,True,BS05,-92.68068601861701,6.412168729137062,False,False
553.0,UAM01,sf_sj_real,27650.0,L300,lane_0,559229.836540844,4158647.8019439373,300.0,50.0,True,BS05,-92.89636895844167,6.15776967892992,False,False
554.0,UAM01,sf_sj_real,27700.0,L300,lane_0,559265.9222794954,4158613.1924153944,300.0,50.0,True,BS05,-93.10904874030442,5.905895748557589,False,False
555.0,UAM01,sf_sj_real,27750.0,L300,lane_0,559301.0210290203,4158577.593748822,300.0,50.0,True,BS05,-93.31538178595126,5.659507536930915,False,True
556.0,UAM01,sf_sj_real,27800.0,L300,lane_0,559335.7089571543,4158541.583366405,300.0,50.0,True,BS05,-93.5176398719304,5.416543556421351,False,False
557.0,UAM01,sf_sj_real,27850.0,L300,lane_0,559370.3968852883,4158505.572983989,300.0,50.0,True,BS05,-93.71724141069339,5.175741607058672,False,False
558.0,UAM01,sf_sj_real,27900.0,L300,lane_0,559405.0848134222,4158469.5626015724,300.0,50.0,True,BS05,-93.91417191785621,4.937115199634151,False,False
559.0,UAM01,sf_sj_real,27950.0,L300,lane_0,559438.5851693412,4158432.449646087,300.0,50.0,True,BS05,-94.10493854036228,4.703742014922541,False,False
560.0,UAM01,sf_sj_real,28000.0,L300,lane_0,559471.925122019,4158395.187768042,300.0,50.0,True,BS05,-94.29285382025665,4.4726555008065905,False,True
561.0,UAM01,sf_sj_real,28050.0,L300,lane_0,559505.265074697,4158357.9258899973,300.0,50.0,True,BS05,-94.47839689278202,4.243430423282158,False,False
562.0,UAM01,sf_sj_real,28100.0,L300,lane_0,559538.6050273749,4158320.6640119525,300.0,50.0,True,BS05,-94.661564503317,4.016068570811164,False,False
563.0,UAM01,sf_sj_real,28150.0,L300,lane_0,559570.9335470184,4158282.522376198,300.0,50.0,True,BS05,-94.83974145342384,3.7928635175769965,False,False
564.0,UAM01,sf_sj_real,28200.0,L300,lane_0,559603.2156651411,4158244.3403797923,300.0,50.0,True,BS05,-95.01563142014437,3.5714077649591633,False,False
565.0,UAM01,sf_sj_real,28250.0,L300,lane_0,559635.4977832638,4158206.1583833867,300.0,50.0,True,BS05,-95.18935955213391,3.3515888626955483,False,True
566.0,UAM01,sf_sj_real,28300.0,L300,lane_0,559667.7799013865,4158167.976386981,300.0,50.0,True,BS05,-95.3609316524905,3.1333990511519745,False,False
567.0,UAM01,sf_sj_real,28350.0,L300,lane_0,559701.3016561877,4158133.013859785,300.0,50.0,True,BS05,-95.5300276223482,2.919442270974533,False,False
568.0,UAM01,sf_sj_real,28400.0,L300,lane_0,559734.6452278264,4158095.7555536022,300.0,50.0,True,BS05,-95.69950809292794,2.702663540821697,False,False
569.0,UAM01,sf_sj_real,28450.0,L300,lane_0,559768.0988111735,4158058.5956590753,300.0,50.0,True,BS05,-95.86695206155822,2.487434399911105,False,False
570.0,UAM01,sf_sj_real,28500.0,L300,lane_0,559801.5523945206,4158021.435764549,300.0,50.0,True,BS05,-96.03214920346753,2.273923686280214,False,True
571.0,UAM01,sf_sj_real,28550.0,L300,lane_0,559835.0059778678,4157984.275870022,300.0,50.0,True,BS05,-96.19513330352838,2.0620946657883725,False,False
572.0,UAM01,sf_sj_real,28600.0,L300,lane_0,559867.8088771497,4157946.542111357,300.0,50.0,True,BS05,-96.3547200852404,1.852895065117473,False,False
573.0,UAM01,sf_sj_real,28650.0,L300,lane_0,559900.4965827814,4157908.7067588344,300.0,50.0,True,BS05,-96.51203523479342,1.6453831612875793,False,False
574.0,UAM01,sf_sj_real,28700.0,L300,lane_0,559933.1842884131,4157870.8714063116,300.0,50.0,True,BS05,-96.66733223128925,1.4393429478237583,False,False
575.0,UAM01,sf_sj_real,28750.0,L300,lane_0,559965.8719940449,4157833.036053789,300.0,50.0,True,BS05,-96.8206422516879,1.2347395705086424,False,True
576.0,UAM01,sf_sj_real,28800.0,L300,lane_0,559998.6268246204,4157795.259054904,300.0,50.0,True,BS05,-96.97210868829856,1.0314498469394546,False,False
577.0,UAM01,sf_sj_real,28850.0,L300,lane_0,560031.5465144885,4157757.625372929,300.0,50.0,True,BS05,-97.12191096003987,0.8293261899358739,False,False
578.0,UAM01,sf_sj_real,28900.0,L300,lane_0,560064.4662043568,4157719.991690954,300.0,50.0,True,BS05,-97.26980054802053,0.6285538905620545,False,False
579.0,UAM01,sf_sj_real,28950.0,L300,lane_0,560097.3858942249,4157682.3580089794,300.0,50.0,True,BS05,-97.41581175203457,0.4290938942109313,False,False
580.0,UAM01,sf_sj_real,29000.0,L300,lane_0,560130.3055840931,4157644.7243270045,300.0,50.0,True,BS05,-97.55997882514728,0.23090690152451826,False,True
581.0,UAM01,sf_sj_real,29050.0,L300,lane_0,560163.2252739612,4157607.0906450297,300.0,50.0,True,BS05,-97.7023358736961,0.03395345364867654,False,False
582.0,UAM01,sf_sj_real,29100.0,L300,lane_0,560196.2289745803,4157569.5307027064,300.0,50.0,True,BS05,-97.84303219934235,-0.16188916762319833,False,False
583.0,UAM01,sf_sj_real,29150.0,L300,lane_0,560229.2762298367,4157532.0089900587,300.0,50.0,True,BS05,-97.98203745573225,-0.35661166200508365,False,False
584.0,UAM01,sf_sj_real,29200.0,L300,lane_0,560262.3234850933,4157494.487277411,300.0,50.0,True,BS05,-98.11932383146588,-0.550209250861909,False,False
585.0,UAM01,sf_sj_real,29250.0,L300,lane_0,560295.3572925209,4157456.953747245,300.0,50.0,True,BS05,-98.25490775296868,-0.7427104235579879,False,True
586.0,UAM01,sf_sj_real,29300.0,L300,lane_0,560328.3206031396,4157419.358266758,300.0,50.0,True,BS05,-98.38875363107324,-0.934109322003706,False,False
587.0,UAM01,sf_sj_real,29350.0,L300,lane_0,560361.2839137581,4157381.762786271,300.0,50.0,True,BS05,-98.52098478996783,-1.1245093691857297,False,False
588.0,UAM01,sf_sj_real,29400.0,L300,lane_0,560394.2472243768,4157344.167305784,300.0,50.0,True,BS05,-98.65163268774288,-1.3139500255928194,False,False
589.0,UAM01,sf_sj_real,29450.0,L300,lane_0,560427.2105349954,4157306.5718252966,300.0,50.0,True,BS05,-98.78072823036801,-1.5024706554504004,False,False
590.0,UAM01,sf_sj_real,29500.0,L300,lane_0,560460.173845614,4157268.9763448094,300.0,50.0,True,BS05,-98.90830175516756,-1.6901105329403765,False,True
591.0,UAM01,sf_sj_real,29550.0,L300,lane_0,560492.875298133,4157231.1538321218,300.0,50.0,True,BS05,-99.03409884677752,-1.8767262369020603,False,False
592.0,UAM01,sf_sj_real,29600.0,L300,lane_0,560525.4186129626,4157193.1942133154,300.0,50.0,True,BS05,-99.15828025085783,-2.0624487558019644,False,False
593.0,UAM01,sf_sj_real,29650.0,L300,lane_0,560557.961927792,4157155.2345945095,300.0,50.0,True,BS05,-99.28104943581371,-2.2474306263532395,False,False
594.0,UAM01,sf_sj_real,29700.0,L300,lane_0,560590.5052426216,4157117.2749757036,300.0,50.0,True,BS05,-99.40243315919436,-2.4317094170003766,False,False
595.0,UAM01,sf_sj_real,29750.0,L300,lane_0,560623.0757562574,4157079.338714775,300.0,50.0,True,BS05,-99.52248457076013,-2.6153393468424446,False,True
596.0,UAM01,sf_sj_real,29800.0,L300,lane_0,560655.683264624,4157041.434224301,300.0,50.0,True,BS05,-99.64123685392516,-2.7983619239895,False,False
597.0,UAM01,sf_sj_real,29850.0,L300,lane_0,560688.2907729906,4157003.5297338264,300.0,50.0,True,BS05,-99.75867781804386,-2.9807917267890898,False,False
598.0,UAM01,sf_sj_real,29900.0,L300,lane_0,560720.8982813571,4156965.6252433523,300.0,50.0,True,BS05,-99.87483227659853,-3.1626669660924795,False,False
599.0,UAM01,sf_sj_real,29950.0,L300,lane_0,560753.5057897237,4156927.7207528776,300.0,50.0,True,BS05,-99.9897245104421,-3.344026034099645,False,False
600.0,UAM01,sf_sj_real,30000.0,L300,lane_0,560785.922092043,4156889.6761939484,300.0,50.0,True,BS05,-100.10317977448857,-3.524751607761391,False,True
601.0,UAM01,sf_sj_real,30050.0,L300,lane_0,560812.2294864836,4156847.156539696,300.0,50.0,True,BS05,-100.20923028126205,-3.7001867281303076,False,False
602.0,UAM01,sf_sj_real,30100.0,L300,lane_0,560838.5368809242,4156804.6368854437,300.0,50.0,True,BS05,-100.3143744189964,-3.8754610528251767,False,False
603.0,UAM01,sf_sj_real,30150.0,L300,lane_0,560859.7495257292,4156759.427973807,300.0,50.0,True,BS05,-100.4123914859659,-4.04413984712114,False,False
604.0,UAM01,sf_sj_real,30200.0,L300,lane_0,560880.0137898007,4156713.7184605557,300.0,50.0,True,BS05,-100.50864162764306,-4.211698357720327,False,False
605.0,UAM01,sf_sj_real,30250.0,L300,lane_0,560900.2780538722,4156668.008947305,300.0,50.0,True,BS05,-100.60430535158723,-4.379356543365703,False,True
606.0,UAM01,sf_sj_real,30300.0,L300,lane_0,560919.7977852684,4156621.991274251,300.0,50.0,True,BS05,-100.69841989539793,-4.545998248635402,False,False
607.0,UAM01,sf_sj_real,30350.0,L300,lane_0,560937.7650737605,4156575.331049817,300.0,50.0,True,BS07,-100.76354814599341,-4.675007317510065,True,False
608.0,UAM01,sf_sj_real,30400.0,L300,lane_0,560955.7323622527,4156528.670825383,300.0,50.0,True,BS07,-100.6692824020897,-4.592005423157037,False,False
609.0,UAM01,sf_sj_real,30450.0,L300,lane_0,560973.6996507449,4156482.010600949,300.0,50.0,True,BS07,-100.57444187891717,-4.510211611895122,False,False
610.0,UAM01,sf_sj_real,30500.0,L300,lane_0,560983.6730363287,4156439.8663550876,300.0,50.0,True,BS07,-100.49964901192094,-4.4510612554799875,False,True
611.0,UAM01,sf_sj_real,30550.0,L300,lane_0,561006.8484945475,4156395.632096923,300.0,50.0,True,BS07,-100.39757290437346,-4.362211325704076,False,False
612.0,UAM01,sf_sj_real,30600.0,L300,lane_0,561025.8542308828,4156349.3851296026,300.0,50.0,True,BS07,-100.29973465630664,-4.281897367951252,False,False
613.0,UAM01,sf_sj_real,30650.0,L300,lane_0,561045.0152806067,4156303.2064314066,300.0,50.0,True,BS07,-100.20107880786081,-4.202455612016607,False,False
614.0,UAM01,sf_sj_real,30700.0,L300,lane_0,561066.2376466317,4156257.9337997143,300.0,50.0,True,BS07,-100.09906235295006,-4.120317966974593,False,False
615.0,UAM01,sf_sj_real,30750.0,L300,lane_0,561088.5699734627,4156213.244269615,300.0,50.0,True,BS07,-99.9949361642908,-4.037230054234783,False,True
616.0,UAM01,sf_sj_real,30800.0,L300,lane_0,561113.8064324477,4156170.0803826507,300.0,50.0,True,BS07,-99.8863326905246,-3.949817799539186,False,False
617.0,UAM01,sf_sj_real,30850.0,L300,lane_0,561139.0428914328,4156126.916495686,300.0,50.0,True,BS07,-99.77676595794182,-3.8632771447716907,False,False
618.0,UAM01,sf_sj_real,30900.0,L300,lane_0,561164.2793504179,4156083.752608721,300.0,50.0,True,BS07,-99.66622701649138,-3.777583724809542,False,False
619.0,UAM01,sf_sj_real,30950.0,L300,lane_0,561189.5345652974,4156040.6005599163,300.0,50.0,True,BS07,-99.55468462773582,-3.692680375410799,False,False
620.0,UAM01,sf_sj_real,31000.0,L300,lane_0,561217.6419212171,4155999.2486972837,300.0,50.0,True,BS07,-99.43862661094231,-3.6032920858950317,False,True
621.0,UAM01,sf_sj_real,31050.0,L300,lane_0,561245.7492771368,4155957.896834651,300.0,50.0,True,BS07,-99.32139833076305,-3.514541116822863,False,False
622.0,UAM01,sf_sj_real,31100.0,L300,lane_0,561273.8566330565,4155916.5449720183,300.0,50.0,True,BS07,-99.20298363505664,-3.4264019543690356,False,False
623.0,UAM01,sf_sj_real,31150.0,L300,lane_0,561301.9765479725,4155875.2016743175,300.0,50.0,True,BS07,-99.0833507008019,-3.33882736801387,False,False
624.0,UAM01,sf_sj_real,31200.0,L300,lane_0,561330.2116989102,4155833.9369648006,300.0,50.0,True,BS07,-98.96235023764915,-3.251597122426709,False,False
625.0,UAM01,sf_sj_real,31250.0,L300,lane_0,561358.4468498478,4155792.672255283,300.0,50.0,True,BS07,-98.84010709367452,-3.164908190492382,False,True
626.0,UAM01,sf_sj_real,31300.0,L300,lane_0,561386.6820007855,4155751.4075457663,300.0,50.0,True,BS07,-98.71660530599127,-3.0787442689362274,False,False
627.0,UAM01,sf_sj_real,31350.0,L300,lane_0,561414.917151723,4155710.142836249,300.0,50.0,True,BS07,-98.5918291938575,-2.993091857048211,False,False
628.0,UAM01,sf_sj_real,31400.0,L300,lane_0,561443.1369198624,4155668.8676315383,300.0,50.0,True,BS07,-98.46578538473153,-2.9079720089527648,False,False
629.0,UAM01,sf_sj_real,31450.0,L300,lane_0,561471.2607733035,4155627.5269872807,300.0,50.0,True,BS07,-98.33857880527883,-2.8235468448359575,False,False
630.0,UAM01,sf_sj_real,31500.0,L300,lane_0,561499.3846267445,4155586.186343023,300.0,50.0,True,BS07,-98.21006222657573,-2.73961902163693,False,True
631.0,UAM01,sf_sj_real,31550.0,L300,lane_0,561527.670969918,4155544.9571137344,300.0,50.0,True,BS07,-98.0799717597382,-2.655838720899572,False,False
632.0,UAM01,sf_sj_real,31600.0,L300,lane_0,561556.0973062624,4155503.82387411,300.0,50.0,True,BS07,-97.94830961139597,-2.5722414982901256,False,False
633.0,UAM01,sf_sj_real,31650.0,L300,lane_0,561584.5926965767,4155462.7385859867,300.0,50.0,True,BS07,-97.81516113381849,-2.488977420215879,False,False
634.0,UAM01,sf_sj_real,31700.0,L300,lane_0,561613.2036751732,4155421.7335630776,300.0,50.0,True,BS07,-97.68042716503999,-2.405944775444027,False,False
635.0,UAM01,sf_sj_real,31750.0,L300,lane_0,561641.2709727098,4155380.361264786,300.0,50.0,True,BS07,-97.54522274432497,-2.324665403110189,False,True
636.0,UAM01,sf_sj_real,31800.0,L300,lane_0,561668.6313349799,4155338.511407242,300.0,50.0,True,BS07,-97.40991119752444,-2.2456087569593506,False,False
637.0,UAM01,sf_sj_real,31850.0,L300,lane_0,561689.7677748346,4155293.6394035853,300.0,50.0,True,BS07,-97.28647386095906,-2.18232936942586,False,False
638.0,UAM01,sf_sj_real,31900.0,L300,lane_0,561722.7827506969,4155256.9809355186,300.0,50.0,True,BS07,-97.14012369445392,-2.0913271583644146,False,False
639.0,UAM01,sf_sj_real,31950.0,L300,lane_0,561751.8111757059,4155216.2703651288,300.0,50.0,True,BS07,-96.99768558557048,-2.0101529377715948,False,False
640.0,UAM01,sf_sj_real,32000.0,L300,lane_0,561780.8396007149,4155175.5597947384,300.0,50.0,True,BS07,-96.85375245636662,-1.929601438808933,False,True
641.0,UAM01,sf_sj_real,32050.0,L300,lane_0,561809.6526887793,4155134.6994213797,300.0,50.0,True,BS07,-96.70875891522974,-1.8502731208229506,False,False
642.0,UAM01,sf_sj_real,32100.0,L300,lane_0,561837.7277228987,4155093.32560769,300.0,50.0,True,BS07,-96.56384299539012,-1.7736201190689926,False,False
643.0,UAM01,sf_sj_real,32150.0,L300,lane_0,561865.8027570181,4155051.951794001,300.0,50.0,True,BS07,-96.41755168733262,-1.697853814394274,False,False
644.0,UAM01,sf_sj_real,32200.0,L300,lane_0,561895.1886512588,4155011.5058146943,300.0,50.0,True,BS07,-96.26698413160456,-1.6194928110408964,False,False
645.0,UAM01,sf_sj_real,32250.0,L300,lane_0,561924.875410318,4154971.2727892483,300.0,50.0,True,BS07,-96.11419102161732,-1.5412067600537438,False,True
646.0,UAM01,sf_sj_real,32300.0,L300,lane_0,561955.022167937,4154931.38475201,300.0,50.0,True,BS07,-95.95876438055524,-1.4625827451843838,False,False
647.0,UAM01,sf_sj_real,32350.0,L300,lane_0,561985.3323945481,4154891.619312709,300.0,50.0,True,BS07,-95.80131395193445,-1.3844914213414639,False,False
648.0,UAM01,sf_sj_real,32400.0,L300,lane_0,562015.6527740607,4154851.8616261804,300.0,50.0,True,BS07,-95.64218726037305,-1.307458242645587,False,False
649.0,UAM01,sf_sj_real,32450.0,L300,lane_0,562046.0321397876,4154812.148981619,300.0,50.0,True,BS07,-95.48127036322451,-1.2314477703799511,False,False
650.0,UAM01,sf_sj_real,32500.0,L300,lane_0,562076.4115055145,4154772.436337058,300.0,50.0,True,BS07,-95.31871927449971,-1.1567552851439697,False,True
651.0,UAM01,sf_sj_real,32550.0,L300,lane_0,562106.3752909501,4154732.4133457877,300.0,50.0,True,BS07,-95.15569052002493,-1.0848244975761285,False,False
652.0,UAM01,sf_sj_real,32600.0,L300,lane_0,562135.8266227086,4154692.0076647806,300.0,50.0,True,BS07,-94.99260598764158,-1.0162072007836966,False,False
653.0,UAM01,sf_sj_real,32650.0,L300,lane_0,562165.3361298438,4154651.644669292,300.0,50.0,True,BS07,-94.82799139389705,-0.9493114709084631,False,False
654.0,UAM01,sf_sj_real,32700.0,L300,lane_0,562195.0421143299,4154611.4258368164,300.0,50.0,True,BS07,-94.66146473802536,-0.8838502761929872,False,False
655.0,UAM01,sf_sj_real,32750.0,L300,lane_0,562224.7480988158,4154571.2070043404,300.0,50.0,True,BS07,-94.49364844731946,-0.820660315685306,False,True
656.0,UAM01,sf_sj_real,32800.0,L300,lane_0,562255.501140685,4154531.824242813,300.0,50.0,True,BS07,-94.32127632059618,-0.7562315308291984,False,False
657.0,UAM01,sf_sj_real,32850.0,L300,lane_0,562288.1487370598,4154493.954275148,300.0,50.0,True,BS07,-94.14125599187008,-0.6874213870714275,False,False
658.0,UAM01,sf_sj_real,32900.0,L300,lane_0,562320.7963334345,4154456.084307483,300.0,50.0,True,BS07,-93.95947032787862,-0.6210544627284298,False,False
659.0,UAM01,sf_sj_real,32950.0,L300,lane_0,562355.0122587923,4154419.6530512124,300.0,50.0,True,BS07,-93.77060113457719,-0.5511511769565685,False,False
660.0,UAM01,sf_sj_real,33000.0,L300,lane_0,562389.9324511759,4154383.867856454,300.0,50.0,True,BS07,-93.57716080914004,-0.4809678303926284,False,True
661.0,UAM01,sf_sj_real,33050.0,L300,lane_0,562424.9208950332,4154348.152032846,300.0,50.0,True,BS07,-93.38127419280131,-0.41318662813742296,False,False
662.0,UAM01,sf_sj_real,33100.0,L300,lane_0,562461.269525797,4154313.8187102336,300.0,50.0,True,BS07,-93.17810119110666,-0.3422710849987016,False,False
663.0,UAM01,sf_sj_real,33150.0,L300,lane_0,562497.6181565607,4154279.4853876214,300.0,50.0,True,BS07,-92.97240075433832,-0.2742086399080141,False,False
664.0,UAM01,sf_sj_real,33200.0,L300,lane_0,562533.9667873245,4154245.1520650093,300.0,50.0,True,BS07,-92.76423141205676,-0.20930011061249298,False,False
665.0,UAM01,sf_sj_real,33250.0,L300,lane_0,562570.5579664374,4154211.0851744222,300.0,50.0,True,BS07,-92.55264779107718,-0.14663668209426947,False,True
666.0,UAM01,sf_sj_real,33300.0,L300,lane_0,562608.1442148102,4154178.11133732,300.0,50.0,True,BS07,-92.33428768172706,-0.08244022874057821,False,False
667.0,UAM01,sf_sj_real,33350.0,L300,lane_0,562645.730463183,4154145.137500217,300.0,50.0,True,BS07,-92.11324676986654,-0.021971371830168625,False,False
668.0,UAM01,sf_sj_real,33400.0,L300,lane_0,562683.3167115558,4154112.163663115,300.0,50.0,True,BS07,-91.88963341073588,0.03437411481506982,False,False
669.0,UAM01,sf_sj_real,33450.0,L300,lane_0,562720.9029599287,4154079.1898260126,300.0,50.0,True,BS07,-91.66358566977709,0.08615578397726167,False,False
670.0,UAM01,sf_sj_real,33500.0,L300,lane_0,562758.4892083015,4154046.21598891,300.0,50.0,True,BS07,-91.43527591996839,0.13288272361656256,False,True
671.0,UAM01,sf_sj_real,33550.0,L300,lane_0,562796.7592217404,4154014.0454135654,300.0,50.0,True,BS07,-91.20113056208514,0.17862873214162464,False,False
672.0,UAM01,sf_sj_real,33600.0,L300,lane_0,562835.3119876585,4153982.2070053127,300.0,50.0,True,BS07,-90.96316593301177,0.22059679015471434,False,False
673.0,UAM01,sf_sj_real,33650.0,L300,lane_0,562873.8647535766,4153950.3685970604,300.0,50.0,True,BS07,-90.72313425464048,0.2563394061756181,False,False
674.0,UAM01,sf_sj_real,33700.0,L300,lane_0,562912.4175194948,4153918.5301888078,300.0,50.0,True,BS07,-90.48135305491117,0.28515989650270734,False,False
675.0,UAM01,sf_sj_real,33750.0,L300,lane_0,562950.9702854129,4153886.691780555,300.0,50.0,True,BS07,-90.23820402770622,0.30627570855011066,False,True
676.0,UAM01,sf_sj_real,33800.0,L300,lane_0,562989.5230513309,4153854.8533723024,300.0,50.0,True,BS07,-89.99414174982324,0.3188079389628613,False,False
677.0,UAM01,sf_sj_real,33850.0,L300,lane_0,563027.8954148687,4153822.797948734,300.0,50.0,True,BS07,-89.7510526417453,0.32011482140492886,False,False
678.0,UAM01,sf_sj_real,33900.0,L300,lane_0,563066.2416461391,4153790.7110893154,300.0,50.0,True,BS07,-89.50856264257366,0.3103180498822167,False,False
679.0,UAM01,sf_sj_real,33950.0,L300,lane_0,563104.5878774095,4153758.6242298963,300.0,50.0,True,BS07,-89.26722826636981,0.2883894144806324,False,False
680.0,UAM01,sf_sj_real,34000.0,L300,lane_0,563142.9341086799,4153726.537370478,300.0,50.0,True,BS07,-89.02790294511927,0.25292909038221517,False,True
681.0,UAM01,sf_sj_real,34050.0,L300,lane_0,563181.2803399502,4153694.450511059,300.0,50.0,True,BS07,-88.7915597663333,0.20238278400220214,False,False
682.0,UAM01,sf_sj_real,34100.0,L300,lane_0,563219.6265712206,4153662.3636516402,300.0,50.0,True,BS07,-88.55929841566758,0.13503276017988866,False,False
683.0,UAM01,sf_sj_real,34150.0,L300,lane_0,563257.5101290822,4153629.756474172,300.0,50.0,True,BS07,-88.33693677795962,0.04345473210992559,False,False
684.0,UAM01,sf_sj_real,34200.0,L300,lane_0,563293.8590490397,4153595.4234577315,300.0,50.0,True,BS07,-88.13756050933347,-0.08872538987474554,False,False
685.0,UAM01,sf_sj_real,34250.0,L300,lane_0,563330.2079689971,4153561.0904412908,300.0,50.0,True,BS07,-87.94812596462516,-0.24639035834414408,False,True
686.0,UAM01,sf_sj_real,34300.0,L300,lane_0,563366.5568889546,4153526.7574248496,300.0,50.0,True,BS08,-87.74547272547787,-0.3847947707285865,True,False
687.0,UAM01,sf_sj_real,34350.0,L300,lane_0,563402.905808912,4153492.424408409,300.0,50.0,True,BS08,-87.32850829051213,-0.11783773628187913,False,False
688.0,UAM01,sf_sj_real,34400.0,L300,lane_0,563439.2547288694,4153458.091391968,300.0,50.0,True,BS08,-86.89487205483304,0.17875243438097846,False,False
689.0,UAM01,sf_sj_real,34450.0,L300,lane_0,563475.6036488268,4153423.7583755273,300.0,50.0,True,BS08,-86.44344912628257,0.5077060123620807,False,False
690.0,UAM01,sf_sj_real,34500.0,L300,lane_0,563511.9525687844,4153389.425359086,300.0,50.0,True,BS08,-85.97306615659397,0.8717401989260418,False,True
691.0,UAM01,sf_sj_real,34550.0,L300,lane_0,563548.3014887418,4153355.0923426454,300.0,50.0,True,BS08,-85.48250808066115,1.273491305454593,False,False
692.0,UAM01,sf_sj_real,34600.0,L300,lane_0,563584.6504086992,4153320.7593262047,300.0,50.0,True,BS08,-84.97054814923375,1.7154323677347234,False,False
693.0,UAM01,sf_sj_real,34650.0,L300,lane_0,563620.9993286566,4153286.426309764,300.0,50.0,True,BS08,-84.43599856285431,2.199772391999876,False,False
694.0,UAM01,sf_sj_real,34700.0,L300,lane_0,563655.8957915731,4153250.6268974817,300.0,50.0,True,BS08,-83.8712942697365,2.7518229791450888,False,False
695.0,UAM01,sf_sj_real,34750.0,L300,lane_0,563690.5743982269,4153214.607538235,300.0,50.0,True,BS08,-83.27931687621222,3.354691559647858,False,True
696.0,UAM01,sf_sj_real,34800.0,L300,lane_0,563725.2530048807,4153178.588178988,300.0,50.0,True,BS08,-82.66003849618355,4.005685892319364,False,False
697.0,UAM01,sf_sj_real,34850.0,L300,lane_0,563759.9316115347,4153142.5688197413,300.0,50.0,True,BS08,-82.01318381283511,4.704578890899819,False,False
698.0,UAM01,sf_sj_real,34900.0,L300,lane_0,563794.6102181885,4153106.5494604944,300.0,50.0,True,BS08,-81.33954172209289,5.449782992776997,False,False
699.0,UAM01,sf_sj_real,34950.0,L300,lane_0,563829.2888248423,4153070.5301012476,300.0,50.0,True,BS08,-80.64165043689538,6.237700055904369,False,False
700.0,UAM01,sf_sj_real,35000.0,L300,lane_0,563863.9674314961,4153034.510742001,300.0,50.0,True,BS08,-79.9248228207017,7.061740227763245,False,True
701.0,UAM01,sf_sj_real,35050.0,L300,lane_0,563898.64603815,4152998.4913827544,300.0,50.0,True,BS08,-79.19861256039286,7.9109054637838625,False,False
702.0,UAM01,sf_sj_real,35100.0,L300,lane_0,563933.3246448038,4152962.4720235076,300.0,50.0,True,BS08,-78.47874903029566,8.767906088308852,False,False
703.0,UAM01,sf_sj_real,35150.0,L300,lane_0,563968.0032514576,4152926.4526642608,300.0,50.0,True,BS08,-77.78931822070183,9.607029659576197,False,False
704.0,UAM01,sf_sj_real,35200.0,L300,lane_0,564001.3430108387,4152901.672492023,300.0,50.0,True,BS08,-77.34930030699424,10.13334240035057,False,False
705.0,UAM01,sf_sj_real,35250.0,L300,lane_0,564036.0864125186,4152865.7156284265,300.0,50.0,True,BS08,-76.81985109985598,10.832520281250499,False,True
706.0,UAM01,sf_sj_real,35300.0,L300,lane_0,564070.8298141985,4152829.75876483,300.0,50.0,True,BS08,-76.4358837452485,11.39427496502546,False,False
707.0,UAM01,sf_sj_real,35350.0,L300,lane_0,564105.5732158783,4152793.801901233,300.0,50.0,True,BS08,-76.23900473781242,11.775460184313026,False,False
708.0,UAM01,sf_sj_real,35400.0,L300,lane_0,564140.3166175582,4152757.8450376363,300.0,50.0,True,BS08,-76.25363923967116,11.950204305265892,False,False
709.0,UAM01,sf_sj_real,35450.0,L300,lane_0,564175.0600192382,4152721.88817404,300.0,50.0,True,BS08,-76.4778940202378,11.919059986877667,False,False
710.0,UAM01,sf_sj_real,35500.0,L300,lane_0,564209.8034209181,4152685.931310443,300.0,50.0,True,BS08,-76.88430896401613,11.708259510143485,False,True
711.0,UAM01,sf_sj_real,35550.0,L300,lane_0,564244.546822598,4152649.9744468466,300.0,50.0,True,BS08,-77.42993741043877,11.359636566996299,False,False
712.0,UAM01,sf_sj_real,35600.0,L300,lane_0,564279.2902242778,4152614.0175832496,300.0,50.0,True,BS08,-78.0689215298969,10.918049350544525,False,False
713.0,UAM01,sf_sj_real,35650.0,L300,lane_0,564314.0336259577,4152578.060719653,300.0,50.0,True,BS08,-78.76134459483568,10.422524049667803,False,False
714.0,UAM01,sf_sj_real,35700.0,L300,lane_0,564348.7770276376,4152542.1038560565,300.0,50.0,True,BS08,-79.4767666727285,9.902713057083446,False,False
715.0,UAM01,sf_sj_real,35750.0,L300,lane_0,564384.7889076599,4152507.460166311,300.0,50.0,True,BS08,-80.20495411765282,9.361402130792897,False,True
716.0,UAM01,sf_sj_real,35800.0,L300,lane_0,564421.9268703543,4152473.982237359,300.0,50.0,True,BS08,-80.9266781981075,8.819135490858955,False,False
717.0,UAM01,sf_sj_real,35850.0,L300,lane_0,564459.0648330488,4152440.504308407,300.0,50.0,True,BS08,-81.62391481084146,8.299684341110407,False,False
718.0,UAM01,sf_sj_real,35900.0,L300,lane_0,564496.2027957434,4152407.0263794553,300.0,50.0,True,BS08,-82.29334261323693,7.8058199146615355,False,False
719.0,UAM01,sf_sj_real,35950.0,L300,lane_0,564533.3407584378,4152373.5484505035,300.0,50.0,True,BS08,-82.93379194781522,7.338228732746881,False,False
720.0,UAM01,sf_sj_real,36000.0,L300,lane_0,564570.2886209303,4152339.861278132,300.0,50.0,True,BS08,-83.54461046337192,6.897932162443897,False,True
721.0,UAM01,sf_sj_real,36050.0,L300,lane_0,564607.1654229425,4152306.0958894426,300.0,50.0,True,BS08,-84.12739116437818,6.482356060872557,False,False
722.0,UAM01,sf_sj_real,36100.0,L300,lane_0,564644.0422249547,4152272.330500753,300.0,50.0,True,BS08,-84.68370478150639,6.089306985834975,False,False
723.0,UAM01,sf_sj_real,36150.0,L300,lane_0,564680.9190269669,4152238.5651120637,300.0,50.0,True,BS08,-85.21499575597494,5.717077328652255,False,False
724.0,UAM01,sf_sj_real,36200.0,L300,lane_0,564717.6429366914,4152204.645486294,300.0,50.0,True,BS08,-85.72230841488378,5.36483349085972,False,False
725.0,UAM01,sf_sj_real,36250.0,L300,lane_0,564751.7299610993,4152168.065781989,300.0,50.0,True,BS08,-86.20033829886009,5.044154951373178,False,True
726.0,UAM01,sf_sj_real,36300.0,L300,lane_0,564785.8169855073,4152131.4860776844,300.0,50.0,True,BS08,-86.65926521732158,4.736731424176964,False,False
727.0,UAM01,sf_sj_real,36350.0,L300,lane_0,564819.9040099153,4152094.90637338,300.0,50.0,True,BS08,-87.1001959066231,4.441400729156968,False,False
728.0,UAM01,sf_sj_real,36400.0,L300,lane_0,564853.9910343232,4152058.3266690755,300.0,50.0,True,BS08,-87.52420466294224,4.157050328853107,False,False
729.0,UAM01,sf_sj_real,36450.0,L300,lane_0,564888.0780587312,4152021.746964771,300.0,50.0,True,BS08,-87.93231707934255,3.8826311110807494,False,False
730.0,UAM01,sf_sj_real,36500.0,L300,lane_0,564922.1650831391,4151985.167260466,300.0,50.0,True,BS08,-88.32550154448165,3.6171637828938934,False,True
731.0,UAM01,sf_sj_real,36550.0,L300,lane_0,564956.2521075471,4151948.5875561615,300.0,50.0,True,BS08,-88.70466572900263,3.3597406035412645,False,False
732.0,UAM01,sf_sj_real,36600.0,L300,lane_0,564990.339131955,4151912.007851857,300.0,50.0,True,BS08,-89.07065622144145,3.109524253128514,False,False
733.0,UAM01,sf_sj_real,36650.0,L300,lane_0,565024.426156363,4151875.4281475525,300.0,50.0,True,BS08,-89.42426009850335,2.865745015304389,False,False
734.0,UAM01,sf_sj_real,36700.0,L300,lane_0,565058.513180771,4151838.848443248,300.0,50.0,True,BS08,-89.76620762946337,2.6276970416798866,False,False
735.0,UAM01,sf_sj_real,36750.0,L300,lane_0,565092.600205179,4151802.268738943,300.0,50.0,True,BS08,-90.09717559116336,2.394734192970551,False,True
736.0,UAM01,sf_sj_real,36800.0,L300,lane_0,565126.6872295869,4151765.689034639,300.0,50.0,True,BS08,-90.41779085450254,2.1662657709651527,False,False
737.0,UAM01,sf_sj_real,36850.0,L300,lane_0,565160.7742539948,4151729.1093303342,300.0,50.0,True,BS08,-90.72863402639031,1.9417523355787623,False,False
738.0,UAM01,sf_sj_real,36900.0,L300,lane_0,565194.8612784029,4151692.5296260295,300.0,50.0,True,BS08,-91.03024301301403,1.720701722185086,False,False
739.0,UAM01,sf_sj_real,36950.0,L300,lane_0,565228.9483028108,4151655.949921725,300.0,50.0,True,BS08,-91.32311642467994,1.5026653225514015,False,False
740.0,UAM01,sf_sj_real,37000.0,L300,lane_0,565263.0353272187,4151619.37021742,300.0,50.0,True,BS08,-91.60771677828266,1.2872346590793873,False,True
741.0,UAM01,sf_sj_real,37050.0,L300,lane_0,565297.1223516266,4151582.790513116,300.0,50.0,True,BS08,-91.8844734768813,1.074038260575003,False,False
742.0,UAM01,sf_sj_real,37100.0,L300,lane_0,565331.2093760347,4151546.2108088112,300.0,50.0,True,BS08,-92.15378556092126,0.8627388343942408,False,False
743.0,UAM01,sf_sj_real,37150.0,L300,lane_0,565365.2964004426,4151509.6311045066,300.0,50.0,True,BS08,-92.41602423502377,0.6530307218840865,False,False
744.0,UAM01,sf_sj_real,37200.0,L300,lane_0,565395.4836664619,4151475.010651191,300.0,50.0,True,BS08,-92.64995887232791,0.46250409695408085,False,False
745.0,UAM01,sf_sj_real,37250.0,L300,lane_0,565430.077438456,4151438.9259276995,300.0,50.0,True,BS08,-92.8999436599815,0.254685218744822,False,True
746.0,UAM01,sf_sj_real,37300.0,L300,lane_0,565463.7708637614,4151401.983362938,300.0,50.0,True,BS08,-93.14315517118298,0.04826078398528156,False,False
747.0,UAM01,sf_sj_real,37350.0,L300,lane_0,565497.464289067,4151365.0407981756,300.0,50.0,True,BS08,-93.38054838639142,-0.15760989300782904,False,False
748.0,UAM01,sf_sj_real,37400.0,L300,lane_0,565531.117303196,4151328.0618806737,300.0,50.0,True,BS08,-93.61235385252496,-0.363090304018134,False,False
749.0,UAM01,sf_sj_real,37450.0,L300,lane_0,565564.3011755404,4151290.660936618,300.0,50.0,True,BS08,-93.83850885428501,-0.5682745601169843,False,False
750.0,UAM01,sf_sj_real,37500.0,L300,lane_0,565597.4850478849,4151253.259992563,300.0,50.0,True,BS08,-94.05961504182025,-0.7735036156378003,False,True
751.0,UAM01,sf_sj_real,37550.0,L300,lane_0,565630.8683430149,4151216.0409580786,300.0,50.0,True,BS08,-94.27600956018067,-0.9788687694597404,False,False
752.0,UAM01,sf_sj_real,37600.0,L300,lane_0,565665.0702298443,4151179.568626959,300.0,50.0,True,BS08,-94.48824646319325,-1.1842408218856322,False,False
753.0,UAM01,sf_sj_real,37650.0,L300,lane_0,565699.2721166736,4151143.096295839,300.0,50.0,True,BS08,-94.69598356264851,-1.3896954480506385,False,False
754.0,UAM01,sf_sj_real,37700.0,L300,lane_0,565733.474003503,4151106.6239647195,300.0,50.0,True,BS08,-94.89940301096787,-1.5952986724952465,False,False
755.0,UAM01,sf_sj_real,37750.0,L300,lane_0,565767.7082160257,4151070.1819854607,300.0,50.0,True,BS08,-95.09869135866926,-1.8010769950182182,False,True
756.0,UAM01,sf_sj_real,37800.0,L300,lane_0,565801.9562496307,4151033.752983358,300.0,50.0,True,BS08,-95.29400043432703,-2.0070664802625244,False,False
757.0,UAM01,sf_sj_real,37850.0,L300,lane_0,565836.2042832356,4150997.3239812553,300.0,50.0,True,BS08,-95.48547649880302,-2.213292032869993,False,False
758.0,UAM01,sf_sj_real,37900.0,L300,lane_0,565870.459994339,4150960.902212579,300.0,50.0,True,BS08,-95.67326712678334,-2.4197465609716198,False,False
759.0,UAM01,sf_sj_real,37950.0,L300,lane_0,565904.7863110785,4150924.546965652,300.0,50.0,True,BS08,-95.85753295836834,-2.6263363795427273,False,False
760.0,UAM01,sf_sj_real,38000.0,L300,lane_0,565939.1126278179,4150888.191718725,300.0,50.0,True,BS09,-95.85838751524038,-2.5563327307310595,True,True
761.0,UAM01,sf_sj_real,38050.0,L300,lane_0,565973.4389445574,4150851.8364717984,300.0,50.0,True,BS09,-95.73275359134036,-2.2953279220867584,False,False
762.0,UAM01,sf_sj_real,38100.0,L300,lane_0,566007.7652612969,4150815.4812248717,300.0,50.0,True,BS09,-95.60746863343843,-2.0377506365166425,False,False
763.0,UAM01,sf_sj_real,38150.0,L300,lane_0,566042.0915780363,4150779.125977945,300.0,50.0,True,BS09,-95.48265082900008,-1.7836252011966751,False,False
764.0,UAM01,sf_sj_real,38200.0,L300,lane_0,566076.4178947759,4150742.7707310184,300.0,50.0,True,BS09,-95.35842687623644,-1.5329894045312518,False,False
765.0,UAM01,sf_sj_real,38250.0,L300,lane_0,566110.6555609918,4150706.3328542183,300.0,50.0,True,BS09,-95.2345669372689,-1.285524005396199,False,True
766.0,UAM01,sf_sj_real,38300.0,L300,lane_0,566144.5108592322,4150669.538577747,300.0,50.0,True,BS09,-95.10994466319084,-1.0400049236168678,False,False
767.0,UAM01,sf_sj_real,38350.0,L300,lane_0,566178.3661574726,4150632.7443012754,300.0,50.0,True,BS09,-94.98624645710042,-0.7980642011923267,False,False
768.0,UAM01,sf_sj_real,38400.0,L300,lane_0,566212.2214557129,4150595.950024804,300.0,50.0,True,BS09,-94.86363316179042,-0.5597906154213989,False,False
769.0,UAM01,sf_sj_real,38450.0,L300,lane_0,566246.0767539532,4150559.1557483324,300.0,50.0,True,BS09,-94.74227553073844,-0.32528634565200554,False,False
770.0,UAM01,sf_sj_real,38500.0,L300,lane_0,566279.9320521937,4150522.361471861,300.0,50.0,True,BS09,-94.62235432472885,-0.0946668540043295,False,True
771.0,UAM01,sf_sj_real,38550.0,L300,lane_0,566313.7773764705,4150485.5580291497,300.0,50.0,True,BS09,-94.50401301058511,0.1319870727996041,False,False
772.0,UAM01,sf_sj_real,38600.0,L300,lane_0,566347.588502823,4150448.7231579707,300.0,50.0,True,BS09,-94.38733104600517,0.35465651390338554,False,False
773.0,UAM01,sf_sj_real,38650.0,L300,lane_0,566381.3996291755,4150411.8882867917,300.0,50.0,True,BS09,-94.27267702003252,0.5730279827644491,False,False
774.0,UAM01,sf_sj_real,38700.0,L300,lane_0,566415.2107555281,4150375.0534156123,300.0,50.0,True,BS09,-94.16027073003335,0.7869357336218747,False,False
775.0,UAM01,sf_sj_real,38750.0,L300,lane_0,566449.0218818806,4150338.2185444334,300.0,50.0,True,BS09,-94.05034097299267,0.9962026118440704,False,True
776.0,UAM01,sf_sj_real,38800.0,L300,lane_0,566482.8411765579,4150301.3911814475,300.0,50.0,True,BS09,-93.94316850374534,1.200596786610629,False,False
777.0,UAM01,sf_sj_real,38850.0,L300,lane_0,566516.7031401519,4150264.603039043,300.0,50.0,True,BS09,-93.83918908506308,1.3997277355315716,False,False
778.0,UAM01,sf_sj_real,38900.0,L300,lane_0,566550.5651037458,4150227.8148966385,300.0,50.0,True,BS09,-93.73843135744336,1.593614280630507,False,False
779.0,UAM01,sf_sj_real,38950.0,L300,lane_0,566584.4270673398,4150191.0267542345,300.0,50.0,True,BS09,-93.64115191138168,1.7820431183437326,False,False
780.0,UAM01,sf_sj_real,39000.0,L300,lane_0,566618.2890309336,4150154.23861183,300.0,50.0,True,BS09,-93.54761133093638,1.9647951426887427,False,True
781.0,UAM01,sf_sj_real,39050.0,L300,lane_0,566652.1509945276,4150117.4504694254,300.0,50.0,True,BS09,-93.45807263012746,2.1416471068102876,False,False
782.0,UAM01,sf_sj_real,39100.0,L300,lane_0,566686.9723838692,4150081.5700916573,300.0,50.0,True,BS09,-93.37867537275321,2.3064022543671205,False,False
783.0,UAM01,sf_sj_real,39150.0,L300,lane_0,566721.8319050319,4150045.7257924685,300.0,50.0,True,BS09,-93.3042358850824,2.4643706747304566,False,False
784.0,UAM01,sf_sj_real,39200.0,L300,lane_0,566756.6914261946,4150009.88149328,300.0,50.0,True,BS09,-93.23476925884438,2.6155758918445535,False,False
785.0,UAM01,sf_sj_real,39250.0,L300,lane_0,566791.5509473573,4149974.037194092,300.0,50.0,True,BS09,-93.17051210475402,2.7598147635087553,False,True
786.0,UAM01,sf_sj_real,39300.0,L300,lane_0,566826.4104685199,4149938.1928949035,300.0,50.0,True,BS09,-93.1116906621228,2.896893203437692,False,False
787.0,UAM01,sf_sj_real,39350.0,L300,lane_0,566861.2699896826,4149902.348595715,300.0,50.0,True,BS09,-93.05851842545903,3.0266286230267876,False,False
788.0,UAM01,sf_sj_real,39400.0,L300,lane_0,566899.1450093711,4149869.762794817,300.0,50.0,True,BS09,-93.03277569597165,3.126502026135589,False,False
789.0,UAM01,sf_sj_real,39450.0,L300,lane_0,566937.5781901042,4149837.7801335966,300.0,50.0,True,BS09,-93.01733701459399,3.21431335955761,False,False
790.0,UAM01,sf_sj_real,39500.0,L300,lane_0,566976.0113708373,4149805.797472376,300.0,50.0,True,BS09,-93.0082982768114,3.2941354886525653,False,True
791.0,UAM01,sf_sj_real,39550.0,L300,lane_0,567014.4445515706,4149773.8148111557,300.0,50.0,True,BS09,-93.00569592068426,3.3659557441629637,False,False
792.0,UAM01,sf_sj_real,39600.0,L300,lane_0,567053.0956663331,4149742.1025093514,300.0,50.0,True,BS09,-93.01124300185077,3.4279958177936383,False,False
793.0,UAM01,sf_sj_real,39650.0,L300,lane_0,567092.5080660963,4149711.334624392,300.0,50.0,True,BS09,-93.02914118670634,3.475864495209426,False,False
794.0,UAM01,sf_sj_real,39700.0,L300,lane_0,567131.9204658596,4149680.566739432,300.0,50.0,True,BS09,-93.0533619668237,3.5159236758647032,False,False
795.0,UAM01,sf_sj_real,39750.0,L300,lane_0,567171.332865623,4149649.798854472,300.0,50.0,True,BS09,-93.08380934758758,3.548288686758542,False,True
796.0,UAM01,sf_sj_real,39800.0,L300,lane_0,567210.7452653862,4149619.0309695126,300.0,50.0,True,BS09,-93.12036425752146,3.5730972363303346,False,False
797.0,UAM01,sf_sj_real,39850.0,L300,lane_0,567250.1656015635,4149588.273263713,300.0,50.0,True,BS09,-93.16294730670104,3.5904434229534736,False,False
798.0,UAM01,sf_sj_real,39900.0,L300,lane_0,567289.6159308008,4149557.554026693,300.0,50.0,True,BS09,-93.21156467612343,3.600329610812632,False,False
799.0,UAM01,sf_sj_real,39950.0,L300,lane_0,567329.0662600382,4149526.834789674,300.0,50.0,True,BS09,-93.26580356806092,3.603197831151259,False,False
800.0,UAM01,sf_sj_real,40000.0,L300,lane_0,567368.5165892754,4149496.115552654,300.0,50.0,True,BS09,-93.32546897416371,3.5992592170156295,False,True
801.0,UAM01,sf_sj_real,40050.0,L300,lane_0,567407.9669185127,4149465.3963156343,300.0,50.0,True,BS09,-93.39035231740597,3.5887379238362573,False,False
802.0,UAM01,sf_sj_real,40100.0,L300,lane_0,567447.3990740177,4149434.653796518,300.0,50.0,True,BS09,-93.4601019405754,3.5720076351990615,False,False
803.0,UAM01,sf_sj_real,40150.0,L300,lane_0,567486.7764250962,4149403.8410682706,300.0,50.0,True,BS09,-93.53423346727409,3.5495809472876876,False,False
804.0,UAM01,sf_sj_real,40200.0,L300,lane_0,567526.1537761748,4149373.0283400235,300.0,50.0,True,BS09,-93.61291496671441,3.5212826835320854,False,False
805.0,UAM01,sf_sj_real,40250.0,L300,lane_0,567565.5311272534,4149342.2156117763,300.0,50.0,True,BS09,-93.69590638234706,3.4873666060633384,False,True
806.0,UAM01,sf_sj_real,40300.0,L300,lane_0,567604.908478332,4149311.402883529,300.0,50.0,True,BS09,-93.78296455954602,3.4480891417732447,False,False
807.0,UAM01,sf_sj_real,40350.0,L300,lane_0,567644.2636719317,4149280.561953459,300.0,50.0,True,BS09,-93.87369824628095,3.403862366498503,False,False
808.0,UAM01,sf_sj_real,40400.0,L300,lane_0,567683.5194878277,4149249.5945364158,300.0,50.0,True,BS09,-93.9673702807653,3.3554633127362754,False,False
809.0,UAM01,sf_sj_real,40450.0,L300,lane_0,567722.7753037236,4149218.627119372,300.0,50.0,True,BS09,-94.06441086990102,3.302437975736619,False,False
810.0,UAM01,sf_sj_real,40500.0,L300,lane_0,567762.0311196196,4149187.6597023285,300.0,50.0,True,BS09,-94.16458211597836,3.2450360912582576,False,True
811.0,UAM01,sf_sj_real,40550.0,L300,lane_0,567801.2869355156,4149156.6922852853,300.0,50.0,True,BS09,-94.26765055361543,3.1835026187746833,False,False
812.0,UAM01,sf_sj_real,40600.0,L300,lane_0,567840.5427514114,4149125.7248682417,300.0,50.0,True,BS09,-94.37338822967273,3.1180766777273132,False,False
813.0,UAM01,sf_sj_real,40650.0,L300,lane_0,567880.2715739458,4149095.3674100037,300.0,50.0,True,BS09,-94.48434484615147,3.0460491156938376,False,False
814.0,UAM01,sf_sj_real,40700.0,L300,lane_0,567920.1447988995,4149065.221921683,300.0,50.0,True,BS09,-94.59826868366984,2.9697854766846414,False,False
815.0,UAM01,sf_sj_real,40750.0,L300,lane_0,567959.8061473967,4149034.7756175497,300.0,50.0,True,BS09,-94.71282913193318,2.891788080625009,False,True
816.0,UAM01,sf_sj_real,40800.0,L300,lane_0,567999.1784230652,4149003.957394711,300.0,50.0,True,BS09,-94.82753600736999,2.8125655330845065,False,False
817.0,UAM01,sf_sj_real,40850.0,L300,lane_0,568038.4711633802,4148973.0368423467,300.0,50.0,True,BS09,-94.94343029400221,2.7310116494924292,False,False
818.0,UAM01,sf_sj_real,40900.0,L300,lane_0,568077.7639036952,4148942.1162899816,300.0,50.0,True,BS09,-95.06077580382812,2.6468437774397655,False,False
819.0,UAM01,sf_sj_real,40950.0,L300,lane_0,568117.0566440101,4148911.195737617,300.0,50.0,True,BS09,-95.17940122833336,2.560242472579652,False,False
820.0,UAM01,sf_sj_real,41000.0,L300,lane_0,568156.3493843251,4148880.2751852525,300.0,50.0,True,BS09,-95.29914423936496,2.471379090195152,False,True
821.0,UAM01,sf_sj_real,41050.0,L300,lane_0,568195.835255314,4148849.6035233294,300.0,50.0,True,BS09,-95.42078092819985,2.379417006764897,False,False
822.0,UAM01,sf_sj_real,41100.0,L300,lane_0,568235.5452004287,4148819.2206291454,300.0,50.0,True,BS09,-95.54424128815037,2.2844230403724284,False,False
823.0,UAM01,sf_sj_real,41150.0,L300,lane_0,568275.2551455435,4148788.8377349614,300.0,50.0,True,BS09,-95.66828624617884,2.187724633576102,False,False
824.0,UAM01,sf_sj_real,41200.0,L300,lane_0,568314.9650906582,4148758.4548407774,300.0,50.0,True,BS09,-95.7927915569307,2.0894539618358667,False,False
825.0,UAM01,sf_sj_real,41250.0,L300,lane_0,568354.6750357728,4148728.071946594,300.0,50.0,True,BS09,-95.91764127291798,1.9897347375985168,False,True
826.0,UAM01,sf_sj_real,41300.0,L300,lane_0,568394.3849808875,4148697.68905241,300.0,50.0,True,BS09,-96.04272742750643,1.888682536299041,False,False
827.0,UAM01,sf_sj_real,41350.0,L300,lane_0,568434.164189594,4148667.3969741273,300.0,50.0,True,BS09,-96.16823581756825,1.7860927323841416,False,False
828.0,UAM01,sf_sj_real,41400.0,L300,lane_0,568473.96754636,4148637.1365579013,300.0,50.0,True,BS09,-96.29386964098926,1.682286193162085,False,False
829.0,UAM01,sf_sj_real,41450.0,L300,lane_0,568513.770903126,4148606.8761416757,300.0,50.0,True,BS09,-96.41944120950366,1.577466840516803,False,False
830.0,UAM01,sf_sj_real,41500.0,L300,lane_0,568553.574259892,4148576.6157254498,300.0,50.0,True,BS09,-96.54487182895411,1.4717203640633985,False,True
831.0,UAM01,sf_sj_real,41550.0,L300,lane_0,568593.2358018373,4148546.1725714696,300.0,50.0,True,BS09,-96.66956244864801,1.3657067593645913,False,False
832.0,UAM01,sf_sj_real,41600.0,L300,lane_0,568632.4296164236,4148515.1267199246,300.0,50.0,True,BS09,-96.792307699104,1.2607652073374673,False,False
833.0,UAM01,sf_sj_real,41650.0,L300,lane_0,568671.6234310099,4148484.080868379,300.0,50.0,True,BS09,-96.91482415002426,1.1550095733742012,False,False
834.0,UAM01,sf_sj_real,41700.0,L300,lane_0,568710.8172455962,4148453.035016834,300.0,50.0,True,BS09,-97.03705119508834,1.0485074974311055,False,False
835.0,UAM01,sf_sj_real,41750.0,L300,lane_0,568750.0110601825,4148421.9891652884,300.0,50.0,True,BS09,-97.15893320793076,0.941321551725962,False,True
836.0,UAM01,sf_sj_real,41800.0,L300,lane_0,568789.3169430072,4148391.08617573,300.0,50.0,True,BS09,-97.2807848251228,0.8330993793880224,False,False
837.0,UAM01,sf_sj_real,41850.0,L300,lane_0,568828.8023443617,4148360.4120322233,300.0,50.0,True,BS09,-97.40274646039876,0.7236784507934959,False,False
838.0,UAM01,sf_sj_real,41900.0,L300,lane_0,568868.2877457163,4148329.7378887166,300.0,50.0,True,BS09,-97.52417702316241,0.6137769076549954,False,False
839.0,UAM01,sf_sj_real,41950.0,L300,lane_0,568907.7731470708,4148299.06374521,300.0,50.0,True,BS09,-97.6450399710592,0.5034377398540696,False,False
840.0,UAM01,sf_sj_real,42000.0,L300,lane_0,568946.8455497089,4148267.8692736826,300.0,50.0,True,BS09,-97.76408415930331,0.39408988710289977,False,True
841.0,UAM01,sf_sj_real,42050.0,L300,lane_0,568985.6818393329,4148236.37732855,300.0,50.0,True,BS09,-97.88187848668758,0.2851040694464306,False,False
842.0,UAM01,sf_sj_real,42100.0,L300,lane_0,569024.5181289569,4148204.8853834174,300.0,50.0,True,BS09,-97.99910615618002,0.17570728982154918,False,False
843.0,UAM01,sf_sj_real,42150.0,L300,lane_0,569063.3544185809,4148173.3934382848,300.0,50.0,True,BS09,-98.11573933583323,0.06593411128610027,False,False
844.0,UAM01,sf_sj_real,42200.0,L300,lane_0,569102.7002863501,4148142.547023361,300.0,50.0,True,BS09,-98.23311385057394,-0.04577078655045226,False,False
845.0,UAM01,sf_sj_real,42250.0,L300,lane_0,569142.3485471865,4148112.083677966,300.0,50.0,True,BS09,-98.3505689806335,-0.15865753250583425,False,True
846.0,UAM01,sf_sj_real,42300.0,L300,lane_0,569181.9334882232,4148081.53837514,300.0,50.0,True,BS09,-98.46710099310174,-0.27155472885305576,False,False
847.0,UAM01,sf_sj_real,42350.0,L300,lane_0,569221.4185572423,4148050.863803838,300.0,50.0,True,BS09,-98.582617562087,-0.38434532132888233,False,False
848.0,UAM01,sf_sj_real,42400.0,L300,lane_0,569260.9036262614,4148020.189232536,300.0,50.0,True,BS09,-98.69736629173957,-0.4973165431595245,False,False
849.0,UAM01,sf_sj_real,42450.0,L300,lane_0,569300.3886952804,4147989.5146612343,300.0,50.0,True,BS09,-98.811336693254,-0.6104517590761361,False,False
850.0,UAM01,sf_sj_real,42500.0,L300,lane_0,569339.8737642994,4147958.840089932,300.0,50.0,True,BS09,-98.9245199287237,-0.723735985863324,False,True
851.0,UAM01,sf_sj_real,42550.0,L300,lane_0,569379.3588333186,4147928.1655186303,300.0,50.0,True,BS09,-99.03690868138426,-0.8371557576241162,False,False
852.0,UAM01,sf_sj_real,42600.0,L300,lane_0,569418.9274994254,4147897.599598306,300.0,50.0,True,BS09,-99.14868089806505,-0.9509259153012724,False,False
853.0,UAM01,sf_sj_real,42650.0,L300,lane_0,569458.6971225808,4147867.2948614806,300.0,50.0,True,BS09,-99.26007145987525,-1.0653388814118572,False,False
854.0,UAM01,sf_sj_real,42700.0,L300,lane_0,569498.4667457363,4147836.990124655,300.0,50.0,True,BS09,-99.37062577086444,-1.1798323382446614,False,False
855.0,UAM01,sf_sj_real,42750.0,L300,lane_0,569538.2363688918,4147806.6853878293,300.0,50.0,True,BS09,-99.48034272284525,-1.294399192130395,False,True
856.0,UAM01,sf_sj_real,42800.0,L300,lane_0,569577.581230259,4147775.831748094,300.0,50.0,True,BS09,-99.58836876214936,-1.4079459824718465,False,False
857.0,UAM01,sf_sj_real,42850.0,L300,lane_0,569616.8954069614,4147744.938455777,300.0,50.0,True,BS09,-99.695535699234,-1.5215066523324676,False,False
858.0,UAM01,sf_sj_real,42900.0,L300,lane_0,569656.2095836638,4147714.045163459,300.0,50.0,True,BS09,-99.80190625382465,-1.6351540723519085,False,False
859.0,UAM01,sf_sj_real,42950.0,L300,lane_0,569695.5237603663,4147683.151871142,300.0,50.0,True,BS09,-99.90748087363481,-1.7488822006592453,False,False
860.0,UAM01,sf_sj_real,43000.0,L300,lane_0,569734.8379370687,4147652.2585788243,300.0,50.0,True,BS09,-100.01226072943213,-1.862685670312449,False,True
861.0,UAM01,sf_sj_real,43050.0,L300,lane_0,569774.5098509748,4147621.827832232,300.0,50.0,True,BS09,-100.11689044892793,-1.9774185145637428,False,False
862.0,UAM01,sf_sj_real,43100.0,L300,lane_0,569814.2957103779,4147591.5444144662,300.0,50.0,True,BS09,-100.22090243537392,-2.092468723962898,False,False
863.0,UAM01,sf_sj_real,43150.0,L300,lane_0,569854.0815697808,4147561.2609967007,300.0,50.0,True,BS09,-100.32409198557595,-2.20755774259898,False,False
864.0,UAM01,sf_sj_real,43200.0,L300,lane_0,569893.8674291838,4147530.977578935,300.0,50.0,True,BS09,-100.42646408735385,-2.3226841755172805,False,False
865.0,UAM01,sf_sj_real,43250.0,L300,lane_0,569933.4757531352,4147500.464098055,300.0,50.0,True,BS09,-100.52773138426522,-2.437438601072117,False,True
866.0,UAM01,sf_sj_real,43300.0,L300,lane_0,569972.8566949344,4147469.6559591466,300.0,50.0,True,BS09,-100.62783737620101,-2.5517182641571354,False,False
867.0,UAM01,sf_sj_real,43350.0,L300,lane_0,570012.2376367337,4147438.847820238,300.0,50.0,True,BS09,-100.72716982870271,-2.6660492824995723,False,False
868.0,UAM01,sf_sj_real,43400.0,L300,lane_0,570051.6185785331,4147408.03968133,300.0,50.0,True,BS09,-100.82573388779689,-2.7804297672417584,False,False
869.0,UAM01,sf_sj_real,43450.0,L300,lane_0,570090.9995203323,4147377.2315424215,300.0,50.0,True,BS09,-100.9235349888377,-2.8948580281569813,False,False
870.0,UAM01,sf_sj_real,43500.0,L300,lane_0,570130.3804621316,4147346.4234035127,300.0,50.0,True,BS09,-101.02057882528011,-3.0093325375946445,False,True
871.0,UAM01,sf_sj_real,43550.0,L300,lane_0,570169.7614039308,4147315.6152646043,300.0,50.0,True,BS09,-101.11687131985491,-3.123851896818139,False,False
872.0,UAM01,sf_sj_real,43600.0,L300,lane_0,570209.1546124619,4147284.8229043013,300.0,50.0,True,BS09,-101.21243615671675,-3.2384414850889502,False,False
873.0,UAM01,sf_sj_real,43650.0,L300,lane_0,570248.7219034742,4147254.2544649895,300.0,50.0,True,BS09,-101.30750567012221,-3.353449316236194,False,False
874.0,UAM01,sf_sj_real,43700.0,L300,lane_0,570288.2891944863,4147223.6860256777,300.0,50.0,True,BS09,-101.40183252756779,-3.4684935978639135,False,False
875.0,UAM01,sf_sj_real,43750.0,L300,lane_0,570327.8564854986,4147193.117586366,300.0,50.0,True,BS09,-101.49542373712357,-3.5835737307841526,False,True
876.0,UAM01,sf_sj_real,43800.0,L300,lane_0,570367.4237765109,4147162.5491470546,300.0,50.0,True,BS09,-101.58828640432473,-3.698689089637517,False,False
877.0,UAM01,sf_sj_real,43850.0,L300,lane_0,570406.8383673764,4147131.7851536777,300.0,50.0,True,BS09,-101.68022903643381,-3.813515325916128,False,False
878.0,UAM01,sf_sj_real,43900.0,L300,lane_0,570446.087409529,4147100.809151836,300.0,50.0,True,BS09,-101.77125375767757,-3.9280285073869283,False,False
879.0,UAM01,sf_sj_real,43950.0,L300,lane_0,570485.3364516817,4147069.8331499943,300.0,50.0,True,BS09,-101.8615868290285,-4.042579391781512,False,False
880.0,UAM01,sf_sj_real,44000.0,L300,lane_0,570524.5854938343,4147038.857148153,300.0,50.0,True,BS09,-101.9512349949636,-4.157166166219786,False,True
881.0,UAM01,sf_sj_real,44050.0,L300,lane_0,570563.8345359871,4147007.881146311,300.0,50.0,True,BS09,-102.0402050518658,-4.271786921083706,False,False
882.0,UAM01,sf_sj_real,44100.0,L300,lane_0,570603.619298967,4146977.59690938,300.0,50.0,True,BS09,-102.12913516886803,-4.387554623910953,False,False
883.0,UAM01,sf_sj_real,44150.0,L300,lane_0,570643.4303940836,4146947.346674578,300.0,50.0,True,BS09,-102.21740830974738,-4.503402546780594,False,False
884.0,UAM01,sf_sj_real,44200.0,L300,lane_0,570683.2414892004,4146917.096439775,300.0,50.0,True,BS09,-102.30500067581401,-4.6192749029427675,False,False
885.0,UAM01,sf_sj_real,44250.0,L300,lane_0,570723.0525843172,4146886.846204973,300.0,50.0,True,BS09,-102.39192005143686,-4.735170643425906,False,True
886.0,UAM01,sf_sj_real,44300.0,L300,lane_0,570762.7909315565,4146856.500764852,300.0,50.0,True,BS09,-102.47809506082474,-4.850938351961611,False,False
887.0,UAM01,sf_sj_real,44350.0,L300,lane_0,570802.4379529118,4146826.0358063313,300.0,50.0,True,BS09,-102.56351777272495,-4.966538341454828,False,False
888.0,UAM01,sf_sj_real,44400.0,L300,lane_0,570842.0849742673,4146795.570847811,300.0,50.0,True,BS10,-102.62136617528806,-5.046835919479148,True,False
889.0,UAM01,sf_sj_real,44450.0,L300,lane_0,570881.7319956226,4146765.1058892906,300.0,50.0,True,BS10,-102.55916312505089,-4.970771407434254,False,False
890.0,UAM01,sf_sj_real,44500.0,L300,lane_0,570921.379016978,4146734.6409307704,300.0,50.0,True,BS10,-102.49702394480123,-4.896041846909393,False,True
891.0,UAM01,sf_sj_real,44550.0,L300,lane_0,570960.2122989639,4146703.1503755446,300.0,50.0,True,BS10,-102.4367797249348,-4.824420906683527,False,False
892.0,UAM01,sf_sj_real,44600.0,L300,lane_0,570998.8931173556,4146671.4676627736,300.0,50.0,True,BS10,-102.3770179595993,-4.754498940522928,False,False
893.0,UAM01,sf_sj_real,44650.0,L300,lane_0,571038.0199026001,4146640.3435810083,300.0,50.0,True,BS10,-102.31639688097688,-4.684983690768573,False,False
894.0,UAM01,sf_sj_real,44700.0,L300,lane_0,571077.4837765666,4146609.6417463473,300.0,50.0,True,BS10,-102.25514551524007,-4.616113503251632,False,False
895.0,UAM01,sf_sj_real,44750.0,L300,lane_0,571116.947650533,4146578.939911686,300.0,50.0,True,BS10,-102.19404101825424,-4.548632791292897,False,True
896.0,UAM01,sf_sj_real,44800.0,L300,lane_0,571156.4115244994,4146548.238077025,300.0,50.0,True,BS10,-102.13309932556727,-4.482553249004747,False,False
897.0,UAM01,sf_sj_real,44850.0,L300,lane_0,571195.8753984659,4146517.536242364,300.0,50.0,True,BS10,-102.07233689698914,-4.417887087860998,False,False
898.0,UAM01,sf_sj_real,44900.0,L300,lane_0,571235.3392724324,4146486.8344077026,300.0,50.0,True,BS10,-102.0117707239221,-4.354647039599314,False,False
899.0,UAM01,sf_sj_real,44950.0,L300,lane_0,571274.8031463989,4146456.1325730416,300.0,50.0,True,BS10,-101.9514183360742,-4.292846358190825,False,False
900.0,UAM01,sf_sj_real,45000.0,L300,lane_0,571314.4114319304,4146425.6178844515,300.0,50.0,True,BS10,-101.89093394597332,-4.232171246328105,False,True
901.0,UAM01,sf_sj_real,45050.0,L300,lane_0,571354.1166256919,4146395.2287813327,300.0,50.0,True,BS10,-101.83044354671755,-4.17273921448008,False,False
902.0,UAM01,sf_sj_real,45100.0,L300,lane_0,571393.8218194534,4146364.839678214,300.0,50.0,True,BS10,-101.7702072269883,-4.114783662295912,False,False
903.0,UAM01,sf_sj_real,45150.0,L300,lane_0,571433.527013215,4146334.450575095,300.0,50.0,True,BS10,-101.71024454101155,-4.058319836521188,False,False
904.0,UAM01,sf_sj_real,45200.0,L300,lane_0,571472.8972488118,4146303.633382804,300.0,50.0,True,BS10,-101.65145959081163,-4.004136703592571,False,False
905.0,UAM01,sf_sj_real,45250.0,L300,lane_0,571511.9441454458,4146272.4029511185,300.0,50.0,True,BS10,-101.5938746921255,-3.9522354082639803,False,True
906.0,UAM01,sf_sj_real,45300.0,L300,lane_0,571550.99104208,4146241.1725194333,300.0,50.0,True,BS10,-101.53666864352799,-3.9018903075240976,False,False
907.0,UAM01,sf_sj_real,45350.0,L300,lane_0,571590.037938714,4146209.942087748,300.0,50.0,True,BS10,-101.47986365283707,-3.8531187967145946,False,False
908.0,UAM01,sf_sj_real,45400.0,L300,lane_0,571629.0848353481,4146178.711656063,300.0,50.0,True,BS10,-101.42348245993013,-3.8059387067142474,False,False
909.0,UAM01,sf_sj_real,45450.0,L300,lane_0,571668.1317319821,4146147.4812243776,300.0,50.0,True,BS10,-101.36754833084566,-3.7603682903587714,False,False
910.0,UAM01,sf_sj_real,45500.0,L300,lane_0,571707.34166292,4146116.4578806553,300.0,50.0,True,BS10,-101.31162360710202,-3.7160394216600445,False,True
911.0,UAM01,sf_sj_real,45550.0,L300,lane_0,571746.8648219267,4146085.8324026647,300.0,50.0,True,BS10,-101.25528628052422,-3.6726076756980404,False,False
912.0,UAM01,sf_sj_real,45600.0,L300,lane_0,571786.3879809333,4146055.2069246746,300.0,50.0,True,BS10,-101.19943720627258,-3.6308322497553327,False,False
913.0,UAM01,sf_sj_real,45650.0,L300,lane_0,571825.91113994,4146024.5814466844,300.0,50.0,True,BS10,-101.14410157853919,-3.590733190572078,False,False
914.0,UAM01,sf_sj_real,45700.0,L300,lane_0,571865.4342989466,4145993.955968694,300.0,50.0,True,BS10,-101.08930510576015,-3.552330937503892,False,False
915.0,UAM01,sf_sj_real,45750.0,L300,lane_0,571904.9574579534,4145963.3304907037,300.0,50.0,True,BS10,-101.03507399643047,-3.5156462982129097,False,True
916.0,UAM01,sf_sj_real,45800.0,L300,lane_0,571944.48061696,4145932.7050127136,300.0,50.0,True,BS10,-100.98143494282037,-3.480700421831517,False,False
917.0,UAM01,sf_sj_real,45850.0,L300,lane_0,571983.9989673842,4145902.0733307744,300.0,50.0,True,BS10,-100.92842992035047,-3.447526615370327,False,False
918.0,UAM01,sf_sj_real,45900.0,L300,lane_0,572023.5140922387,4145871.437487262,300.0,50.0,True,BS10,-100.87608208914632,-3.4161428493663077,False,False
919.0,UAM01,sf_sj_real,45950.0,L300,lane_0,572063.0292170934,4145840.8016437492,300.0,50.0,True,BS10,-100.82440964106733,-3.386563187067236,False,False
920.0,UAM01,sf_sj_real,46000.0,L300,lane_0,572102.5443419479,4145810.1658002366,300.0,50.0,True,BS10,-100.77344099298871,-3.358809809502061,False,True
921.0,UAM01,sf_sj_real,46050.0,L300,lane_0,572142.0594668024,4145779.529956724,300.0,50.0,True,BS10,-100.72320492868461,-3.3329050619770766,False,False
922.0,UAM01,sf_sj_real,46100.0,L300,lane_0,572181.574591657,4145748.8941132114,300.0,50.0,True,BS10,-100.6737305682308,-3.308871409936778,False,False
923.0,UAM01,sf_sj_real,46150.0,L300,lane_0,572221.0956187042,4145718.265904074,300.0,50.0,True,BS10,-100.62502793482248,-3.286716518523451,False,False
924.0,UAM01,sf_sj_real,46200.0,L300,lane_0,572260.6943639345,4145687.7382219443,300.0,50.0,True,BS10,-100.57688769440875,-3.266281347654649,False,False
925.0,UAM01,sf_sj_real,46250.0,L300,lane_0,572300.2931091647,4145657.210539815,300.0,50.0,True,BS10,-100.52959268481177,-3.2477838451333065,False,True
926.0,UAM01,sf_sj_real,46300.0,L300,lane_0,572339.6898028478,4145626.431219215,300.0,50.0,True,BS10,-100.48384670857301,-3.2317495345817004,False,False
927.0,UAM01,sf_sj_real,46350.0,L300,lane_0,572379.1410334208,4145595.713139746,300.0,50.0,True,BS10,-100.43884287088278,-3.217570615461263,False,False
928.0,UAM01,sf_sj_real,46400.0,L300,lane_0,572418.5922639937,4145564.9950602767,300.0,50.0,True,BS10,-100.39478454557577,-3.2053977522304464,False,False
929.0,UAM01,sf_sj_real,46450.0,L300,lane_0,572458.0434945667,4145534.276980807,300.0,50.0,True,BS10,-100.3517020541788,-3.1952525758497963,False,False
930.0,UAM01,sf_sj_real,46500.0,L300,lane_0,572497.4187404632,4145503.4616529904,300.0,50.0,True,BS10,-100.30989133070632,-3.187349093575235,False,True
931.0,UAM01,sf_sj_real,46550.0,L300,lane_0,572536.7661380039,4145472.61068369,300.0,50.0,True,BS10,-100.26921974444912,-3.181586135048131,False,False
932.0,UAM01,sf_sj_real,46600.0,L300,lane_0,572576.1135355447,4145441.7597143897,300.0,50.0,True,BS10,-100.22962074910042,-3.177913094691779,False,False
933.0,UAM01,sf_sj_real,46650.0,L300,lane_0,572615.4609330854,4145410.908745089,300.0,50.0,True,BS10,-100.19112410262419,-3.176349348120002,False,False
934.0,UAM01,sf_sj_real,46700.0,L300,lane_0,572654.8083306262,4145380.057775789,300.0,50.0,True,BS10,-100.15375930556841,-3.1769135743304258,False,False
935.0,UAM01,sf_sj_real,46750.0,L300,lane_0,572694.155728167,4145349.206806489,300.0,50.0,True,BS10,-100.1175555389276,-3.179623670918121,False,True
936.0,UAM01,sf_sj_real,46800.0,L300,lane_0,572733.5259877312,4145318.3850258407,300.0,50.0,True,BS10,-100.08245787068267,-3.1844390923444585,False,False
937.0,UAM01,sf_sj_real,46850.0,L300,lane_0,572772.9045552266,4145287.5738521856,300.0,50.0,True,BS10,-100.04854654591249,-3.1914129273444503,False,False
938.0,UAM01,sf_sj_real,46900.0,L300,lane_0,572812.283122722,4145256.7626785305,300.0,50.0,True,BS10,-100.01587967708592,-3.200581294385044,False,False
939.0,UAM01,sf_sj_real,46950.0,L300,lane_0,572851.6616902174,4145225.951504875,300.0,50.0,True,BS10,-99.98448459607881,-3.2119582092727565,False,False
940.0,UAM01,sf_sj_real,47000.0,L300,lane_0,572891.0402577128,4145195.14033122,300.0,50.0,True,BS10,-99.95438799105453,-3.225556458293179,False,True
941.0,UAM01,sf_sj_real,47050.0,L300,lane_0,572930.3239793747,4145164.208373582,300.0,50.0,True,BS10,-99.92597431833455,-3.2416213634667166,False,False
942.0,UAM01,sf_sj_real,47100.0,L300,lane_0,572969.5947956517,4145133.2599812336,300.0,50.0,True,BS10,-99.89896344800962,-3.259958027861831,False,False
943.0,UAM01,sf_sj_real,47150.0,L300,lane_0,573008.8656119287,4145102.3115888857,300.0,50.0,True,BS10,-99.87333092908369,-3.2805424633099274,False,False
944.0,UAM01,sf_sj_real,47200.0,L300,lane_0,573048.1364282058,4145071.3631965374,300.0,50.0,True,BS10,-99.84909986833638,-3.3033810330900164,False,False
945.0,UAM01,sf_sj_real,47250.0,L300,lane_0,573087.4072444828,4145040.4148041895,300.0,50.0,True,BS10,-99.82629237899522,-3.328478372064038,False,True
946.0,UAM01,sf_sj_real,47300.0,L300,lane_0,573126.6780607598,4145009.466411841,300.0,50.0,True,BS10,-99.80492951733896,-3.3558372926064517,False,False
947.0,UAM01,sf_sj_real,47350.0,L300,lane_0,573166.2160429874,4144978.860100666,300.0,50.0,True,BS10,-99.78398796789178,-3.384826917331184,False,False
948.0,UAM01,sf_sj_real,47400.0,L300,lane_0,573205.7564042496,4144948.2568356236,300.0,50.0,True,BS10,-99.76451212611552,-3.416085441380578,False,False
949.0,UAM01,sf_sj_real,47450.0,L300,lane_0,573245.2967655117,4144917.653570581,300.0,50.0,True,BS10,-99.7465297150677,-3.449616862155389,False,False
950.0,UAM01,sf_sj_real,47500.0,L300,lane_0,573284.8371267739,4144887.050305539,300.0,50.0,True,BS10,-99.73005794845315,-3.485417352108758,False,True
951.0,UAM01,sf_sj_real,47550.0,L300,lane_0,573324.377488036,4144856.4470404964,300.0,50.0,True,BS10,-99.71511272759557,-3.5234808516273315,False,False
952.0,UAM01,sf_sj_real,47600.0,L300,lane_0,573364.4918440199,4144826.6019592797,300.0,50.0,True,BS10,-99.69938720703729,-3.56248504890706,False,False
953.0,UAM01,sf_sj_real,47650.0,L300,lane_0,573404.675748154,4144796.8487435114,300.0,50.0,True,BS10,-99.68492105017773,-3.603614218819197,False,False
954.0,UAM01,sf_sj_real,47700.0,L300,lane_0,573444.8596522883,4144767.0955277435,300.0,50.0,True,BS10,-99.67200884601603,-3.6470204885270707,False,False
955.0,UAM01,sf_sj_real,47750.0,L300,lane_0,573483.2688989264,4144735.1486235703,300.0,50.0,True,BS10,-99.66761597426407,-3.6963239319904027,False,True
956.0,UAM01,sf_sj_real,47800.0,L300,lane_0,573520.7586640813,4144702.065130577,300.0,50.0,True,BS11,-99.59339526282109,-3.6425176069102196,True,False
957.0,UAM01,sf_sj_real,47850.0,L300,lane_0,573558.2484292362,4144668.9816375836,300.0,50.0,True,BS11,-99.51772698348047,-3.586353538224172,False,False
958.0,UAM01,sf_sj_real,47900.0,L300,lane_0,573595.7492467553,4144635.911104246,300.0,50.0,True,BS11,-99.44248324602238,-3.5305345067447296,False,False
959.0,UAM01,sf_sj_real,47950.0,L300,lane_0,573634.3362302904,4144604.114175123,300.0,50.0,True,BS11,-99.36432852179146,-3.474179155030252,False,False
960.0,UAM01,sf_sj_real,48000.0,L300,lane_0,573672.9232138254,4144572.317246,300.0,50.0,True,BS11,-99.28660607353494,-3.4181998714704607,False,True
961.0,UAM01,sf_sj_real,48050.0,L300,lane_0,573711.5101973605,4144540.520316877,300.0,50.0,True,BS11,-99.2093586014004,-3.362650346539358,False,False
962.0,UAM01,sf_sj_real,48100.0,L300,lane_0,573750.0971808956,4144508.7233877536,300.0,50.0,True,BS11,-99.13263040501127,-3.3075867690392946,False,False
963.0,UAM01,sf_sj_real,48150.0,L300,lane_0,573788.6841644308,4144476.9264586307,300.0,50.0,True,BS11,-99.05646738997713,-3.2530677315435397,False,False
964.0,UAM01,sf_sj_real,48200.0,L300,lane_0,573827.4050334676,4144445.295830905,300.0,50.0,True,BS11,-98.98045548503761,-3.1990136716748,False,False
965.0,UAM01,sf_sj_real,48250.0,L300,lane_0,573866.7065751418,4144414.3864662717,300.0,50.0,True,BS11,-98.90305646443579,-3.144983057871582,False,True
966.0,UAM01,sf_sj_real,48300.0,L300,lane_0,573905.0078175627,4144382.6707271384,300.0,50.0,True,BS11,-98.82950302750882,-3.0928051518011355,False,False
967.0,UAM01,sf_sj_real,48350.0,L300,lane_0,573944.0760692524,4144351.46701406,300.0,50.0,True,BS11,-98.75430855928599,-3.040489535462749,False,False
968.0,UAM01,sf_sj_real,48400.0,L300,lane_0,573983.1443209422,4144320.263300981,300.0,50.0,True,BS11,-98.6798783542779,-2.9890013763429613,False,False
969.0,UAM01,sf_sj_real,48450.0,L300,lane_0,574022.2125726321,4144289.059587902,300.0,50.0,True,BS11,-98.60626747141946,-2.9384109065543074,False,False
970.0,UAM01,sf_sj_real,48500.0,L300,lane_0,574061.7135658237,4144258.4104620963,300.0,50.0,True,BS11,-98.53187840251276,-2.8882242137135683,False,True
971.0,UAM01,sf_sj_real,48550.0,L300,lane_0,574101.4792104306,4144228.100504838,300.0,50.0,True,BS11,-98.4573451801766,-2.8386840508511995,False,False
972.0,UAM01,sf_sj_real,48600.0,L300,lane_0,574141.2448550375,4144197.79054758,300.0,50.0,True,BS11,-98.383723257385,-2.790199354204427,False,False
973.0,UAM01,sf_sj_real,48650.0,L300,lane_0,574182.8851195852,4144170.1654158905,300.0,50.0,True,BS11,-98.30326898761777,-2.7401110378453075,False,False
974.0,UAM01,sf_sj_real,48700.0,L300,lane_0,574225.0394680791,4144143.276553827,300.0,50.0,True,BS11,-98.22142191023853,-2.6902722518496,False,False
975.0,UAM01,sf_sj_real,48750.0,L300,lane_0,574267.193816573,4144116.3876917637,300.0,50.0,True,BS11,-98.14035008618562,-2.641487666662641,False,True
976.0,UAM01,sf_sj_real,48800.0,L300,lane_0,574308.6723051997,4144088.468184231,300.0,50.0,True,BS11,-98.06314755877773,-2.5949393398454044,False,False
977.0,UAM01,sf_sj_real,48850.0,L300,lane_0,574350.1347404976,4144060.5241963416,300.0,50.0,True,BS11,-97.98702383961546,-2.549707865846747,False,False
978.0,UAM01,sf_sj_real,48900.0,L300,lane_0,574391.5900825048,4144032.570149419,300.0,50.0,True,BS11,-97.91200914325142,-2.5058641425464034,False,False
979.0,UAM01,sf_sj_real,48950.0,L300,lane_0,574431.833716908,4144002.897773545,300.0,50.0,True,BS11,-97.84366666919054,-2.4655934011021867,False,False
980.0,UAM01,sf_sj_real,49000.0,L300,lane_0,574472.0773513111,4143973.2253976706,300.0,50.0,True,BS11,-97.77670848883135,-2.426977463992403,False,True
981.0,UAM01,sf_sj_real,49050.0,L300,lane_0,574512.0783119012,4143943.2329770653,300.0,50.0,True,BS11,-97.71231086688536,-2.3905304664171774,False,False
982.0,UAM01,sf_sj_real,49100.0,L300,lane_0,574551.5108574134,4143912.4909154163,300.0,50.0,True,BS11,-97.65209131973533,-2.3569525333061576,False,False
983.0,UAM01,sf_sj_real,49150.0,L300,lane_0,574590.9434029255,4143881.7488537673,300.0,50.0,True,BS11,-97.5935720556785,-2.3253238392638615,False,False
984.0,UAM01,sf_sj_real,49200.0,L300,lane_0,574630.3759484376,4143851.0067921183,300.0,50.0,True,BS11,-97.53682564927593,-2.2957155513583523,False,False
985.0,UAM01,sf_sj_real,49250.0,L300,lane_0,574669.7770138137,4143820.224441821,300.0,50.0,True,BS11,-97.48207289766941,-2.26825569854788,False,True
986.0,UAM01,sf_sj_real,49300.0,L300,lane_0,574709.1424658671,4143789.3965131748,300.0,50.0,True,BS11,-97.42941053337437,-2.243019787140472,False,False
987.0,UAM01,sf_sj_real,49350.0,L300,lane_0,574748.5079179205,4143758.568584528,300.0,50.0,True,BS11,-97.37874384369955,-2.220002254617956,False,False
988.0,UAM01,sf_sj_real,49400.0,L300,lane_0,574787.8733699739,4143727.7406558814,300.0,50.0,True,BS11,-97.33014312135477,-2.199259963072027,False,False
989.0,UAM01,sf_sj_real,49450.0,L300,lane_0,574827.2388220272,4143696.912727235,300.0,50.0,True,BS11,-97.28367748302374,-2.1808452846106006,False,False
990.0,UAM01,sf_sj_real,49500.0,L300,lane_0,574866.5771549558,4143666.050201965,300.0,50.0,True,BS11,-97.23954884880231,-2.1648598087339956,False,True
991.0,UAM01,sf_sj_real,49550.0,L300,lane_0,574905.9141354591,4143635.1859513684,300.0,50.0,True,BS11,-97.19769800512124,-2.1512949778791284,False,False
992.0,UAM01,sf_sj_real,49600.0,L300,lane_0,574945.2511159623,4143604.321700772,300.0,50.0,True,BS11,-97.15818203671337,-2.1401844108357033,False,False
993.0,UAM01,sf_sj_real,49650.0,L300,lane_0,574984.5880964654,4143573.457450175,300.0,50.0,True,BS11,-97.12106233018494,-2.1315583990999367,False,False
994.0,UAM01,sf_sj_real,49700.0,L300,lane_0,575023.9250769686,4143542.5931995786,300.0,50.0,True,BS11,-97.08639765107036,-2.1254408986161257,False,False
995.0,UAM01,sf_sj_real,49750.0,L300,lane_0,575063.2693923231,4143511.7383029284,300.0,50.0,True,BS11,-97.05420611499542,-2.12183442638018,False,True
996.0,UAM01,sf_sj_real,49800.0,L300,lane_0,575102.6241927838,4143480.896777663,300.0,50.0,True,BS11,-97.02452337786893,-2.1207431752400647,False,False
997.0,UAM01,sf_sj_real,49850.0,L300,lane_0,575141.9789932446,4143450.0552523974,300.0,50.0,True,BS11,-96.99745238447193,-2.1221917663140055,False,False
998.0,UAM01,sf_sj_real,49900.0,L300,lane_0,575181.3337937053,4143419.213727132,300.0,50.0,True,BS11,-96.97303877770977,-2.126176287626068,False,False
999.0,UAM01,sf_sj_real,49950.0,L300,lane_0,575220.6885941661,4143388.372201867,300.0,50.0,True,BS11,-96.95132424296156,-2.1326853113517994,False,False
1000.0,UAM01,sf_sj_real,50000.0,L300,lane_0,575260.0433946267,4143357.5306766015,300.0,50.0,True,BS11,-96.93234627836446,-2.1416997770795474,False,True
1001.0,UAM01,sf_sj_real,50050.0,L300,lane_0,575299.4984498876,4143326.8176347087,300.0,50.0,True,BS11,-96.91560546860018,-2.152998867682943,False,False
1002.0,UAM01,sf_sj_real,50100.0,L300,lane_0,575338.9824656646,4143296.1417076956,300.0,50.0,True,BS11,-96.90150550160597,-2.1666923491988936,False,False
1003.0,UAM01,sf_sj_real,50150.0,L300,lane_0,575378.4664814416,4143265.4657806824,300.0,50.0,True,BS11,-96.89022463914517,-2.1827961566288607,False,False
1004.0,UAM01,sf_sj_real,50200.0,L300,lane_0,575417.8147298287,4143234.6159441834,300.0,50.0,True,BS11,-96.8825089468459,-2.20151208238009,False,False
1005.0,UAM01,sf_sj_real,50250.0,L300,lane_0,575457.1547869665,4143203.755615209,300.0,50.0,True,BS11,-96.87769300022605,-2.2225386000379843,False,True
1006.0,UAM01,sf_sj_real,50300.0,L300,lane_0,575496.4948441043,4143172.895286235,300.0,50.0,True,BS11,-96.87574172622946,-2.2457957432726006,False,False
1007.0,UAM01,sf_sj_real,50350.0,L300,lane_0,575535.834901242,4143142.034957261,300.0,50.0,True,BS12,-96.87633619500862,-2.270698385171912,True,False
1008.0,UAM01,sf_sj_real,50400.0,L300,lane_0,575575.1749583798,4143111.1746282866,300.0,50.0,True,BS12,-96.8177167846235,-2.1986089780645197,False,False
1009.0,UAM01,sf_sj_real,50450.0,L300,lane_0,575614.6091513023,4143080.4356638948,300.0,50.0,True,BS12,-96.76082603043035,-2.1269972540571636,False,False
1010.0,UAM01,sf_sj_real,50500.0,L300,lane_0,575654.284746611,4143050.0079275854,300.0,50.0,True,BS12,-96.70497175931789,-2.0557387760095525,False,True
1011.0,UAM01,sf_sj_real,50550.0,L300,lane_0,575693.9603419197,4143019.580191276,300.0,50.0,True,BS12,-96.65146422555269,-1.9852199994419137,False,False
1012.0,UAM01,sf_sj_real,50600.0,L300,lane_0,575733.6359372283,4142989.152454967,300.0,50.0,True,BS12,-96.60039042549491,-1.9155401218156576,False,False
1013.0,UAM01,sf_sj_real,50650.0,L300,lane_0,575773.311532537,4142958.724718658,300.0,50.0,True,BS12,-96.55183559022548,-1.8468008072790056,False,False
1014.0,UAM01,sf_sj_real,50700.0,L300,lane_0,575812.9871278458,4142928.2969823484,300.0,50.0,True,BS12,-96.50588277835296,-1.7791057053164059,False,False
1015.0,UAM01,sf_sj_real,50750.0,L300,lane_0,575852.6267774918,4142897.82243853,300.0,50.0,True,BS12,-96.46280933407381,-1.7126212570036181,False,True
1016.0,UAM01,sf_sj_real,50800.0,L300,lane_0,575892.0175140122,4142867.0301419077,300.0,50.0,True,BS12,-96.42385995993334,-1.6478395161336847,False,False
1017.0,UAM01,sf_sj_real,50850.0,L300,lane_0,575929.4237345596,4142836.4222757346,300.0,50.0,True,BS12,-96.39258736928134,-1.5877847025001068,False,False
1018.0,UAM01,sf_sj_real,50900.0,L300,lane_0,575969.1216319709,4142806.0236418652,300.0,50.0,True,BS12,-96.35764128589328,-1.5253175633076912,False,False
1019.0,UAM01,sf_sj_real,50950.0,L300,lane_0,576008.819529382,4142775.625007996,300.0,50.0,True,BS12,-96.32565752593013,-1.4644155390037534,False,False
1020.0,UAM01,sf_sj_real,51000.0,L300,lane_0,576048.5174267932,4142745.2263741265,300.0,50.0,True,BS12,-96.29669761763624,-1.4051823883991226,False,True
1021.0,UAM01,sf_sj_real,51050.0,L300,lane_0,576088.2153242044,4142714.827740257,300.0,50.0,True,BS12,-96.27081811179904,-1.3477198824955103,False,False
1022.0,UAM01,sf_sj_real,51100.0,L300,lane_0,576127.7737574072,4142684.2478814865,300.0,50.0,True,BS12,-96.2488686582767,-1.292431741139489,False,False
1023.0,UAM01,sf_sj_real,51150.0,L300,lane_0,576167.3252561276,4142653.6590117957,300.0,50.0,True,BS12,-96.23014266044642,-1.2391423604565095,False,False
1024.0,UAM01,sf_sj_real,51200.0,L300,lane_0,576206.8767548479,4142623.0701421043,300.0,50.0,True,BS12,-96.21463854277098,-1.187928411048074,False,False
1025.0,UAM01,sf_sj_real,51250.0,L300,lane_0,576246.4282535684,4142592.4812724134,300.0,50.0,True,BS12,-96.20238798070847,-1.1388769522814508,False,True
1026.0,UAM01,sf_sj_real,51300.0,L300,lane_0,576286.0640021745,4142562.002061344,300.0,50.0,True,BS12,-96.19292764181611,-1.091866557139999,False,False
1027.0,UAM01,sf_sj_real,51350.0,L300,lane_0,576325.8104433651,4142531.66692639,300.0,50.0,True,BS12,-96.18612062958613,-1.0468958782284759,False,False
1028.0,UAM01,sf_sj_real,51400.0,L300,lane_0,576365.5568845557,4142501.3317914363,300.0,50.0,True,BS12,-96.18262164495906,-1.0042997226909782,False,False
1029.0,UAM01,sf_sj_real,51450.0,L300,lane_0,576405.3033257463,4142470.996656482,300.0,50.0,True,BS12,-96.18243796396025,-0.9641455100496987,False,False
1030.0,UAM01,sf_sj_real,51500.0,L300,lane_0,576445.049766937,4142440.661521528,300.0,50.0,True,BS12,-96.1855699688901,-0.926494577505277,False,True
1031.0,UAM01,sf_sj_real,51550.0,L300,lane_0,576484.7962081276,4142410.326386574,300.0,50.0,True,BS12,-96.19201114568011,-0.891401949755529,False,False
1032.0,UAM01,sf_sj_real,51600.0,L300,lane_0,576524.2496158332,4142379.611882199,300.0,50.0,True,BS12,-96.2034374656079,-0.8597007845653781,False,False
1033.0,UAM01,sf_sj_real,51650.0,L300,lane_0,576563.6420150137,4142348.8183944654,300.0,50.0,True,BS12,-96.21848024361105,-0.8308326550352365,False,False
1034.0,UAM01,sf_sj_real,51700.0,L300,lane_0,576603.0344141943,4142318.0249067317,300.0,50.0,True,BS12,-96.23675614710906,-0.8046680265283189,False,False
1035.0,UAM01,sf_sj_real,51750.0,L300,lane_0,576642.4268133749,4142287.231418998,300.0,50.0,True,BS12,-96.25822802866193,-0.781231857569832,False,True
1036.0,UAM01,sf_sj_real,51800.0,L300,lane_0,576681.8192125554,4142256.4379312643,300.0,50.0,True,BS12,-96.28285266692711,-0.7605425046219821,False,False
1037.0,UAM01,sf_sj_real,51850.0,L300,lane_0,576721.1816999038,4142225.6064871387,300.0,50.0,True,BS12,-96.3107473812895,-0.7426948094977595,False,False
1038.0,UAM01,sf_sj_real,51900.0,L300,lane_0,576760.331025786,4142194.504553389,300.0,50.0,True,BS12,-96.34286672303405,-0.728206288869069,False,False
1039.0,UAM01,sf_sj_real,51950.0,L300,lane_0,576799.4803516681,4142163.402619639,300.0,50.0,True,BS12,-96.37795632922509,-0.7164864947833595,False,False
1040.0,UAM01,sf_sj_real,52000.0,L300,lane_0,576838.6902984299,4142132.3783108564,300.0,50.0,True,BS12,-96.41561759570367,-0.7073559370982276,False,True
1041.0,UAM01,sf_sj_real,52050.0,L300,lane_0,576878.3523117804,4142101.932872824,300.0,50.0,True,BS12,-96.45366159764555,-0.699694652492094,False,False
1042.0,UAM01,sf_sj_real,52100.0,L300,lane_0,576918.0143251308,4142071.487434792,300.0,50.0,True,BS12,-96.49451301123754,-0.694758733135452,False,False
1043.0,UAM01,sf_sj_real,52150.0,L300,lane_0,576957.6763384814,4142041.0419967594,300.0,50.0,True,BS12,-96.53809780458941,-0.6925287408435239,False,False
1044.0,UAM01,sf_sj_real,52200.0,L300,lane_0,576997.3383518318,4142010.596558727,300.0,50.0,True,BS12,-96.58433862282111,-0.6929806026553174,False,False
1045.0,UAM01,sf_sj_real,52250.0,L300,lane_0,577037.0003651823,4141980.1511206944,300.0,50.0,True,BS12,-96.63315520166358,-0.696085965526755,False,True
1046.0,UAM01,sf_sj_real,52300.0,L300,lane_0,577076.6623785327,4141949.705682662,300.0,50.0,True,BS12,-96.68446478037748,-0.7018125604782761,False,False
1047.0,UAM01,sf_sj_real,52350.0,L300,lane_0,577116.2336910681,4141919.142600226,300.0,50.0,True,BS12,-96.73865109462928,-0.7103801169109879,False,False
1048.0,UAM01,sf_sj_real,52400.0,L300,lane_0,577155.7671222299,4141888.5303833745,300.0,50.0,True,BS12,-96.79534144100157,-0.7215977819117163,False,False
1049.0,UAM01,sf_sj_real,52450.0,L300,lane_0,577195.3005533917,4141857.918166523,300.0,50.0,True,BS12,-96.85424941381062,-0.735315701532434,False,False
1050.0,UAM01,sf_sj_real,52500.0,L300,lane_0,577234.6194836764,4141827.0334044984,300.0,50.0,True,BS12,-96.9163357597216,-0.7520738686338945,False,True
1051.0,UAM01,sf_sj_real,52550.0,L300,lane_0,577273.6652386598,4141795.8015454793,300.0,50.0,True,BS12,-96.98175200577874,-0.7719702700521004,False,False
1052.0,UAM01,sf_sj_real,52600.0,L300,lane_0,577312.7109936433,4141764.569686461,300.0,50.0,True,BS12,-97.04905184019536,-0.7942030194246059,False,False
1053.0,UAM01,sf_sj_real,52650.0,L300,lane_0,577351.7567486267,4141733.3378274417,300.0,50.0,True,BS12,-97.11814425823877,-0.8187194998134231,False,False
1054.0,UAM01,sf_sj_real,52700.0,L300,lane_0,577390.8025036103,4141702.1059684227,300.0,50.0,True,BS12,-97.18893902178482,-0.8454662801203049,False,False
1055.0,UAM01,sf_sj_real,52750.0,L300,lane_0,577430.1843843732,4141671.30097024,300.0,50.0,True,BS12,-97.2598156440327,-0.8735149048477713,False,True
1056.0,UAM01,sf_sj_real,52800.0,L300,lane_0,577469.7023986647,4141640.6688539814,300.0,50.0,True,BS12,-97.33165303016952,-0.9033549931265674,False,False
1057.0,UAM01,sf_sj_real,52850.0,L300,lane_0,577509.220412956,4141610.0367377233,300.0,50.0,True,BS12,-97.40499467453115,-0.9352919707798804,False,False
1058.0,UAM01,sf_sj_real,52900.0,L300,lane_0,577548.7384272473,4141579.4046214647,300.0,50.0,True,BS12,-97.47975598896943,-0.9692732830907641,False,False
1059.0,UAM01,sf_sj_real,52950.0,L300,lane_0,577588.197978229,4141548.6976514333,300.0,50.0,True,BS12,-97.55610604733133,-1.0053925347685544,False,False
1060.0,UAM01,sf_sj_real,53000.0,L300,lane_0,577627.4901452638,4141517.776370578,300.0,50.0,True,BS12,-97.63441342047054,-1.0438602525448009,False,True
1061.0,UAM01,sf_sj_real,53050.0,L300,lane_0,577666.7823122985,4141486.855089723,300.0,50.0,True,BS12,-97.71386554208713,-1.0842010948284109,False,False
1062.0,UAM01,sf_sj_real,53100.0,L300,lane_0,577706.0744793334,4141455.9338088683,300.0,50.0,True,BS12,-97.79438527261047,-1.1263638295981764,False,False
1063.0,UAM01,sf_sj_real,53150.0,L300,lane_0,577745.366646368,4141425.012528013,300.0,50.0,True,BS12,-97.87589767691702,-1.1702981349833095,False,False
1064.0,UAM01,sf_sj_real,53200.0,L300,lane_0,577784.6588407776,4141394.091281986,300.0,50.0,True,BS12,-97.95832998992678,-1.2159546459429744,False,False
1065.0,UAM01,sf_sj_real,53250.0,L300,lane_0,577823.9874171923,4141363.216323246,300.0,50.0,True,BS12,-98.04147110382685,-1.2632025516015868,False,True
1066.0,UAM01,sf_sj_real,53300.0,L300,lane_0,577863.315993607,4141332.341364506,300.0,50.0,True,BS12,-98.12539887995462,-1.312080230164046,False,False
1067.0,UAM01,sf_sj_real,53350.0,L300,lane_0,577902.6445700218,4141301.466405766,300.0,50.0,True,BS12,-98.21004770708939,-1.362541977642634,False,False
1068.0,UAM01,sf_sj_real,53400.0,L300,lane_0,577941.9731464365,4141270.5914470265,300.0,50.0,True,BS12,-98.29535438203183,-1.4145433869203012,False,False
1069.0,UAM01,sf_sj_real,53450.0,L300,lane_0,577981.3017228512,4141239.7164882864,300.0,50.0,True,BS12,-98.38125811260342,-1.4680413866988316,False,False
1070.0,UAM01,sf_sj_real,53500.0,L300,lane_0,578020.8386274914,4141209.1096669324,300.0,50.0,True,BS12,-98.46695397678137,-1.5225545790193176,False,True
1071.0,UAM01,sf_sj_real,53550.0,L300,lane_0,578060.4760986804,4141178.63228388,300.0,50.0,True,BS12,-98.55280534496788,-1.5782897641824642,False,False
1072.0,UAM01,sf_sj_real,53600.0,L300,lane_0,578100.1135698695,4141148.1549008274,300.0,50.0,True,BS12,-98.63912472478366,-1.6354241827156137,False,False
1073.0,UAM01,sf_sj_real,53650.0,L300,lane_0,578139.7510410586,4141117.677517775,300.0,50.0,True,BS12,-98.72585999633762,-1.6939203530034144,False,False
1074.0,UAM01,sf_sj_real,53700.0,L300,lane_0,578179.3898085993,4141087.201821234,300.0,50.0,True,BS12,-98.81295692395284,-1.7537395656758967,False,False
1075.0,UAM01,sf_sj_real,53750.0,L300,lane_0,578219.0366587333,4141056.736639888,300.0,50.0,True,BS12,-98.90034564028517,-1.8148339753275358,False,True
1076.0,UAM01,sf_sj_real,53800.0,L300,lane_0,578258.6835088673,4141026.271458542,300.0,50.0,True,BS12,-98.9880083662502,-1.8771864183202958,False,False
1077.0,UAM01,sf_sj_real,53850.0,L300,lane_0,578298.3303590014,4140995.806277196,300.0,50.0,True,BS12,-99.07590170903812,-1.9407647038651834,False,False
1078.0,UAM01,sf_sj_real,53900.0,L300,lane_0,578337.7379207448,4140965.032607818,300.0,50.0,True,BS12,-99.164726138368,-2.005970639051073,False,False
1079.0,UAM01,sf_sj_real,53950.0,L300,lane_0,578377.1056850615,4140934.2076320243,300.0,50.0,True,BS12,-99.25379437207782,-2.072393998973877,False,False
1080.0,UAM01,sf_sj_real,54000.0,L300,lane_0,578416.4734493783,4140903.38265623,300.0,50.0,True,BS12,-99.34294419726335,-2.139932908296999,False,True
1081.0,UAM01,sf_sj_real,54050.0,L300,lane_0,578455.8412136951,4140872.5576804364,300.0,50.0,True,BS12,-99.43214098158285,-2.208560177987782,False,False
1082.0,UAM01,sf_sj_real,54100.0,L300,lane_0,578495.2089780119,4140841.732704642,300.0,50.0,True,BS12,-99.52135192945714,-2.2782497738573166,False,False
1083.0,UAM01,sf_sj_real,54150.0,L300,lane_0,578534.5767423287,4140810.9077288485,300.0,50.0,True,BS12,-99.61054601720106,-2.3489767752069395,False,False
1084.0,UAM01,sf_sj_real,54200.0,L300,lane_0,578573.9445066454,4140780.0827530543,300.0,50.0,True,BS12,-99.69969392800566,-2.42071733229608,False,False
1085.0,UAM01,sf_sj_real,54250.0,L300,lane_0,578613.3122709623,4140749.2577772606,300.0,50.0,True,BS12,-99.78876798707401,-2.4934486229593706,False,True
1086.0,UAM01,sf_sj_real,54300.0,L300,lane_0,578652.7584868626,4140718.5346892253,300.0,50.0,True,BS12,-99.87753069316162,-2.5670294548346115,False,False
1087.0,UAM01,sf_sj_real,54350.0,L300,lane_0,578692.6217920935,4140688.353289389,300.0,50.0,True,BS12,-99.96507322689592,-2.640945150699108,False,False
1088.0,UAM01,sf_sj_real,54400.0,L300,lane_0,578732.4850973242,4140658.171889553,300.0,50.0,True,BS12,-100.05251591320737,-2.715825683519972,False,False
1089.0,UAM01,sf_sj_real,54450.0,L300,lane_0,578772.3484025551,4140627.9904897166,300.0,50.0,True,BS12,-100.13983558219027,-2.7916517202925784,False,False
1090.0,UAM01,sf_sj_real,54500.0,L300,lane_0,578812.2117077858,4140597.80908988,300.0,50.0,True,BS12,-100.22701041188965,-2.8684047411102225,False,True
1091.0,UAM01,sf_sj_real,54550.0,L300,lane_0,578852.0750130167,4140567.6276900438,300.0,50.0,True,BS12,-100.31401987191056,-2.9460669987879404,False,False
1092.0,UAM01,sf_sj_real,54600.0,L300,lane_0,578891.9383182474,4140537.4462902076,300.0,50.0,True,BS12,-100.40084466821492,-3.02462147883584,False,False
1093.0,UAM01,sf_sj_real,54650.0,L300,lane_0,578931.2814529876,4140506.5998705514,300.0,50.0,True,BS12,-100.48867583672035,-3.104691872384407,False,False
1094.0,UAM01,sf_sj_real,54700.0,L300,lane_0,578970.1749712633,4140475.1786319357,300.0,50.0,True,BS12,-100.57726953376887,-3.18612153260166,False,False
1095.0,UAM01,sf_sj_real,54750.0,L300,lane_0,579009.068489539,4140443.75739332,300.0,50.0,True,BS12,-100.6655479462032,-3.2683261047608134,False,True
1096.0,UAM01,sf_sj_real,54800.0,L300,lane_0,579048.3944843587,4140413.7818061835,300.0,50.0,True,BS12,-100.7506388496136,-3.349409030114758,False,False
1097.0,UAM01,sf_sj_real,54850.0,L300,lane_0,579088.775535918,4140384.2967137643,300.0,50.0,True,BS12,-100.8349999800396,-3.431475096862378,False,False
1098.0,UAM01,sf_sj_real,54900.0,L300,lane_0,579129.1565874772,4140354.8116213446,300.0,50.0,True,BS12,-100.91912790463742,-3.514382755746798,False,False
1099.0,UAM01,sf_sj_real,54950.0,L300,lane_0,579170.0293316905,4140326.022643857,300.0,50.0,True,BS12,-101.00184472676084,-3.5975164613749184,False,False
1100.0,UAM01,sf_sj_real,55000.0,L300,lane_0,579211.3174210445,4140297.8216921445,300.0,50.0,True,BS12,-101.08337549408542,-3.6810092045971414,False,True
1101.0,UAM01,sf_sj_real,55050.0,L300,lane_0,579252.6055103983,4140269.6207404314,300.0,50.0,True,BS12,-101.16470716893079,-3.7653732174310424,False,False
1102.0,UAM01,sf_sj_real,55100.0,L300,lane_0,579296.4664554857,4140245.7817145837,300.0,50.0,True,BS12,-101.23859891557464,-3.8466383516311313,False,False
1103.0,UAM01,sf_sj_real,55150.0,L300,lane_0,579341.1217843437,4140223.289458037,300.0,50.0,True,BS12,-101.31029902307206,-3.9277631148650602,False,False
1104.0,UAM01,sf_sj_real,55200.0,L300,lane_0,579385.7771132019,4140200.79720149,300.0,50.0,True,BS12,-101.38205593335226,-4.009991064028935,False,False
1105.0,UAM01,sf_sj_real,55250.0,L300,lane_0,579430.43244206,4140178.304944943,300.0,50.0,True,BS12,-101.45385131436626,-4.093312850519059,False,True
1106.0,UAM01,sf_sj_real,55300.0,L300,lane_0,579475.0877709182,4140155.8126883963,300.0,50.0,True,BS12,-101.5256676155673,-4.177719540556243,False,False
1107.0,UAM01,sf_sj_real,55350.0,L300,lane_0,579520.0099530998,4140133.8584340634,300.0,50.0,True,BS12,-101.59663293302306,-4.262717442029066,False,False
1108.0,UAM01,sf_sj_real,55400.0,L300,lane_0,579564.938250421,4140111.9165084455,300.0,50.0,True,BS12,-101.66759238667197,-4.348795279134891,False,False
1109.0,UAM01,sf_sj_real,55450.0,L300,lane_0,579609.866547742,4140089.974582827,300.0,50.0,True,BS12,-101.73854994443865,-4.435956854672114,False,False
1110.0,UAM01,sf_sj_real,55500.0,L300,lane_0,579654.7948450631,4140068.0326572093,300.0,50.0,True,BS12,-101.80949037882002,-4.524194963361497,False,True
1111.0,UAM01,sf_sj_real,55550.0,L300,lane_0,579699.7231423842,4140046.0907315915,300.0,50.0,True,BS12,-101.88039913673155,-4.613502753584219,False,False
1112.0,UAM01,sf_sj_real,55600.0,L300,lane_0,579744.6514397053,4140024.148805973,300.0,50.0,True,BS12,-101.95126231887477,-4.7038737139821105,False,False
1113.0,UAM01,sf_sj_real,55650.0,L300,lane_0,579789.5797370265,4140002.2068803553,300.0,50.0,True,BS12,-102.02206665923347,-4.795301659887443,False,False
1114.0,UAM01,sf_sj_real,55700.0,L300,lane_0,579834.5080343476,4139980.2649547374,300.0,50.0,True,BS12,-102.09279950475775,-4.88778071961649,False,False
1115.0,UAM01,sf_sj_real,55750.0,L300,lane_0,579879.4416936783,4139958.334067098,300.0,50.0,True,BS12,-102.16343314536158,-4.981297099031588,False,True
1116.0,UAM01,sf_sj_real,55800.0,L300,lane_0,579924.4617536385,4139936.581039695,300.0,50.0,True,BS12,-102.23372371750591,-5.075725605911248,False,False
1117.0,UAM01,sf_sj_real,55850.0,L300,lane_0,579969.4818135985,4139914.8280122923,300.0,50.0,True,BS12,-102.30391602257944,-5.1711976382981195,False,False
1118.0,UAM01,sf_sj_real,55900.0,L300,lane_0,580014.5018735586,4139893.0749848895,300.0,50.0,True,BS12,-102.37399947413581,-5.2677085342323196,False,False
1119.0,UAM01,sf_sj_real,55950.0,L300,lane_0,580059.5219335187,4139871.3219574867,300.0,50.0,True,BS12,-102.44396400344998,-5.365253880260017,False,False
1120.0,UAM01,sf_sj_real,56000.0,L300,lane_0,580104.5419934788,4139849.568930084,300.0,50.0,True,BS12,-102.51380004124196,-5.463829497521368,False,True
1121.0,UAM01,sf_sj_real,56050.0,L300,lane_0,580149.562053439,4139827.815902681,300.0,50.0,True,BS13,-102.52954345288806,-5.494370552347448,True,False
1122.0,UAM01,sf_sj_real,56100.0,L300,lane_0,580194.582113399,4139806.062875278,300.0,50.0,True,BS13,-102.44461653527924,-5.397285197273943,False,False
1123.0,UAM01,sf_sj_real,56150.0,L300,lane_0,580239.6021733591,4139784.309847875,300.0,50.0,True,BS13,-102.35906288255893,-5.300649660402707,False,False
1124.0,UAM01,sf_sj_real,56200.0,L300,lane_0,580284.6222333192,4139762.5568204722,300.0,50.0,True,BS13,-102.27287609015242,-5.20447161305145,False,False
1125.0,UAM01,sf_sj_real,56250.0,L300,lane_0,580329.6422932793,4139740.8037930694,300.0,50.0,True,BS13,-102.1860497705367,-5.10875834661618,False,True
1126.0,UAM01,sf_sj_real,56300.0,L300,lane_0,580374.6623532395,4139719.0507656666,300.0,50.0,True,BS13,-102.09857756215868,-5.013516781270009,False,False
1127.0,UAM01,sf_sj_real,56350.0,L300,lane_0,580419.581043314,4139697.0895591355,300.0,50.0,True,BS13,-102.01063382990803,-4.9187691298884175,False,False
1128.0,UAM01,sf_sj_real,56400.0,L300,lane_0,580464.468177863,4139675.0635483307,300.0,50.0,True,BS13,-101.9220956739148,-4.824520808814186,False,False
1129.0,UAM01,sf_sj_real,56450.0,L300,lane_0,580509.3553124121,4139653.037537526,300.0,50.0,True,BS13,-101.8329020020881,-4.73077403709042,False,False
1130.0,UAM01,sf_sj_real,56500.0,L300,lane_0,580554.2424469613,4139631.011526721,300.0,50.0,True,BS13,-101.74304702837618,-4.637534222630228,False,True
1131.0,UAM01,sf_sj_real,56550.0,L300,lane_0,580599.1531073466,4139609.0336293834,300.0,50.0,True,BS13,-101.65247984422874,-4.544798704107148,False,False
1132.0,UAM01,sf_sj_real,56600.0,L300,lane_0,580644.1015975494,4139587.133099059,300.0,50.0,True,BS13,-101.56116423589644,-4.45256403463762,False,False
1133.0,UAM01,sf_sj_real,56650.0,L300,lane_0,580689.0500877522,4139565.232568735,300.0,50.0,True,BS13,-101.4691659325185,-4.360845624205172,False,False
1134.0,UAM01,sf_sj_real,56700.0,L300,lane_0,580733.9985779551,4139543.3320384105,300.0,50.0,True,BS13,-101.37647945306766,-4.269647701493992,False,False
1135.0,UAM01,sf_sj_real,56750.0,L300,lane_0,580778.9470681578,4139521.431508086,300.0,50.0,True,BS13,-101.28309947728113,-4.1789742107518935,False,True
1136.0,UAM01,sf_sj_real,56800.0,L300,lane_0,580823.8955583607,4139499.530977762,300.0,50.0,True,BS13,-101.18902086632792,-4.088828822424891,False,False
1137.0,UAM01,sf_sj_real,56850.0,L300,lane_0,580868.8440485635,4139477.6304474375,300.0,50.0,True,BS13,-101.09423868514801,-3.9992149443581453,False,False
1138.0,UAM01,sf_sj_real,56900.0,L300,lane_0,580913.7925387664,4139455.729917113,300.0,50.0,True,BS13,-100.99874822657877,-3.9101357336502405,False,False
1139.0,UAM01,sf_sj_real,56950.0,L300,lane_0,580958.8358122194,4139434.0254232604,300.0,50.0,True,BS13,-100.90233185565533,-3.8215331816121028,False,False
1140.0,UAM01,sf_sj_real,57000.0,L300,lane_0,581003.9159945553,4139412.3972665993,300.0,50.0,True,BS13,-100.80510511295871,-3.7334380266164424,False,True
1141.0,UAM01,sf_sj_real,57050.0,L300,lane_0,581048.9961768913,4139390.769109938,300.0,50.0,True,BS13,-100.70714498210832,-3.645875010195935,False,False
1142.0,UAM01,sf_sj_real,57100.0,L300,lane_0,581094.0763592273,4139369.140953277,300.0,50.0,True,BS13,-100.60844741286806,-3.5588464365905526,False,False
1143.0,UAM01,sf_sj_real,57150.0,L300,lane_0,581139.1565415632,4139347.5127966157,300.0,50.0,True,BS13,-100.50900871156139,-3.472354418373142,False,False
1144.0,UAM01,sf_sj_real,57200.0,L300,lane_0,581184.2367238991,4139325.8846399547,300.0,50.0,True,BS13,-100.40882557807495,-3.386400893940698,False,False
1145.0,UAM01,sf_sj_real,57250.0,L300,lane_0,581229.3169062351,4139304.2564832936,300.0,50.0,True,BS13,-100.30789514576816,-3.3009876465000847,False,True
1146.0,UAM01,sf_sj_real,57300.0,L300,lane_0,581274.3288334825,4139282.486757411,300.0,50.0,True,BS13,-100.20639257789621,-3.2161792989903546,False,False
1147.0,UAM01,sf_sj_real,57350.0,L300,lane_0,581319.3257270778,4139260.6858499353,300.0,50.0,True,BS13,-100.1041860954747,-3.1319344385222707,False,False
1148.0,UAM01,sf_sj_real,57400.0,L300,lane_0,581364.3226206731,4139238.8849424594,300.0,50.0,True,BS13,-100.00123652940175,-3.048241284328632,False,False
1149.0,UAM01,sf_sj_real,57450.0,L300,lane_0,581409.3195142684,4139217.0840349835,300.0,50.0,True,BS13,-99.89754363986376,-2.965101267066011,False,False
1150.0,UAM01,sf_sj_real,57500.0,L300,lane_0,581454.3164078637,4139195.2831275077,300.0,50.0,True,BS13,-99.79310789018913,-2.882515796961231,False,True
1151.0,UAM01,sf_sj_real,57550.0,L300,lane_0,581499.3133014591,4139173.482220032,300.0,50.0,True,BS13,-99.68793050970947,-2.800486296057139,False,False
1152.0,UAM01,sf_sj_real,57600.0,L300,lane_0,581544.3101950544,4139151.681312556,300.0,50.0,True,BS13,-99.58201356127232,-2.719014233337571,False,False
1153.0,UAM01,sf_sj_real,57650.0,L300,lane_0,581589.3070886497,4139129.88040508,300.0,50.0,True,BS13,-99.47536001370861,-2.638101162978087,False,False
1154.0,UAM01,sf_sj_real,57700.0,L300,lane_0,581634.3200769521,4139108.1127681164,300.0,50.0,True,BS13,-99.36792393067678,-2.5577285685431006,False,False
1155.0,UAM01,sf_sj_real,57750.0,L300,lane_0,581679.3432586566,4139086.366202659,300.0,50.0,True,BS13,-99.25972561589097,-2.477903906652195,False,True
1156.0,UAM01,sf_sj_real,57800.0,L300,lane_0,581724.3664403609,4139064.619637201,300.0,50.0,True,BS13,-99.15080197304347,-2.3986415808899246,False,False
1157.0,UAM01,sf_sj_real,57850.0,L300,lane_0,581769.3896220654,4139042.873071743,300.0,50.0,True,BS13,-99.04116025682643,-2.31994390286617,False,False
1158.0,UAM01,sf_sj_real,57900.0,L300,lane_0,581813.2026567541,4139020.5767294136,300.0,50.0,True,BS13,-98.93420110064356,-2.243771701450819,False,False
1159.0,UAM01,sf_sj_real,57950.0,L300,lane_0,581858.2035771816,4138998.784135243,300.0,50.0,True,BS13,-98.82327515766161,-2.166254451312905,False,False
1160.0,UAM01,sf_sj_real,58000.0,L300,lane_0,581903.204497609,4138976.9915410727,300.0,50.0,True,BS13,-98.71166594089462,-2.089313223983036,False,True
1161.0,UAM01,sf_sj_real,58050.0,L300,lane_0,581948.2054180366,4138955.198946902,300.0,50.0,True,BS13,-98.5993869433393,-2.012952097765753,False,False
1162.0,UAM01,sf_sj_real,58100.0,L300,lane_0,581993.206338464,4138933.406352732,300.0,50.0,True,BS13,-98.48645349180136,-1.9371757668144052,False,False
1163.0,UAM01,sf_sj_real,58150.0,L300,lane_0,582038.2072588915,4138911.613758561,300.0,50.0,True,BS13,-98.37288288775187,-1.8619896270179432,False,False
1164.0,UAM01,sf_sj_real,58200.0,L300,lane_0,582083.208179319,4138889.821164391,300.0,50.0,True,BS13,-98.25869455702379,-1.787399868541817,False,False
1165.0,UAM01,sf_sj_real,58250.0,L300,lane_0,582128.2090997467,4138868.0285702203,300.0,50.0,True,BS13,-98.14391020868095,-1.7134135753776094,False,True
1166.0,UAM01,sf_sj_real,58300.0,L300,lane_0,582173.2100201742,4138846.23597605,300.0,50.0,True,BS13,-98.02855400334849,-1.6400388322467185,False,False
1167.0,UAM01,sf_sj_real,58350.0,L300,lane_0,582218.2111001163,4138824.4437114745,300.0,50.0,True,BS13,-97.91265206045922,-1.5672845434692602,False,False
1168.0,UAM01,sf_sj_real,58400.0,L300,lane_0,582263.2225396651,4138802.6728522875,300.0,50.0,True,BS13,-97.7961899857183,-1.495141685180278,False,False
1169.0,UAM01,sf_sj_real,58450.0,L300,lane_0,582308.2339792139,4138780.9019931,300.0,50.0,True,BS13,-97.67924282879672,-1.4236407102040627,False,False
1170.0,UAM01,sf_sj_real,58500.0,L300,lane_0,582353.2454187627,4138759.131133913,300.0,50.0,True,BS13,-97.56184633989497,-1.3527948976454187,False,True
1171.0,UAM01,sf_sj_real,58550.0,L300,lane_0,582398.2568583114,4138737.360274726,300.0,50.0,True,BS13,-97.4440397085703,-1.2826191802515363,False,False
1172.0,UAM01,sf_sj_real,58600.0,L300,lane_0,582443.2682978602,4138715.5894155386,300.0,50.0,True,BS13,-97.32586579196204,-1.2131303010301588,False,False
1173.0,UAM01,sf_sj_real,58650.0,L300,lane_0,582488.1171139902,4138693.4868519753,300.0,50.0,True,BS13,-97.20816021595323,-1.144700608090749,False,False
1174.0,UAM01,sf_sj_real,58700.0,L300,lane_0,582532.8939861271,4138671.2375436346,300.0,50.0,True,BS13,-97.0905822763348,-1.0771769166858038,False,False
1175.0,UAM01,sf_sj_real,58750.0,L300,lane_0,582577.670858264,4138648.988235294,300.0,50.0,True,BS13,-96.97284909245523,-1.0104310122176854,False,True
1176.0,UAM01,sf_sj_real,58800.0,L300,lane_0,582622.447730401,4138626.7389269536,300.0,50.0,True,BS13,-96.85502295785997,-0.9444895823646007,False,False
1177.0,UAM01,sf_sj_real,58850.0,L300,lane_0,582667.2246025378,4138604.489618613,300.0,50.0,True,BS13,-96.73717111754944,-0.879382061151537,False,False
1178.0,UAM01,sf_sj_real,58900.0,L300,lane_0,582712.0269886506,4138582.2923551616,300.0,50.0,True,BS13,-96.61922593085266,-0.8150775530040434,False,False
1179.0,UAM01,sf_sj_real,58950.0,L300,lane_0,582757.0396896093,4138560.524104143,300.0,50.0,True,BS13,-96.50021458897629,-0.7511362615779215,False,False
1180.0,UAM01,sf_sj_real,59000.0,L300,lane_0,582802.0523905681,4138538.755853125,300.0,50.0,True,BS13,-96.38134502047647,-0.6881041897356232,False,True
1181.0,UAM01,sf_sj_real,59050.0,L300,lane_0,582847.0650915267,4138516.9876021063,300.0,50.0,True,BS13,-96.2627046115308,-0.6260227250521881,False,False
1182.0,UAM01,sf_sj_real,59100.0,L300,lane_0,582892.0777924855,4138495.2193510877,300.0,50.0,True,BS13,-96.1443870373198,-0.5649370109353367,False,False
1183.0,UAM01,sf_sj_real,59150.0,L300,lane_0,582937.0904934442,4138473.4511000696,300.0,50.0,True,BS13,-96.0264925201916,-0.504896155313068,False,False
1184.0,UAM01,sf_sj_real,59200.0,L300,lane_0,582983.2470889583,4138454.284146774,300.0,50.0,True,BS13,-95.90144593714123,-0.44247612080464005,False,False
1185.0,UAM01,sf_sj_real,59250.0,L300,lane_0,583029.7148415532,4138435.8247868507,300.0,50.0,True,BS13,-95.77450296182153,-0.3800511269734037,False,True
1186.0,UAM01,sf_sj_real,59300.0,L300,lane_0,583076.1825941482,4138417.3654269273,300.0,50.0,True,BS13,-95.647805410245,-0.31859640469427053,False,False
1187.0,UAM01,sf_sj_real,59350.0,L300,lane_0,583122.6503467431,4138398.9060670044,300.0,50.0,True,BS13,-95.52146634004181,-0.2581714726265811,False,False
1188.0,UAM01,sf_sj_real,59400.0,L300,lane_0,583169.118099338,4138380.446707081,300.0,50.0,True,BS13,-95.39560728592578,-0.1988411367946833,False,False
1189.0,UAM01,sf_sj_real,59450.0,L300,lane_0,583215.585851933,4138361.9873471577,300.0,50.0,True,BS13,-95.2703586000198,-0.14067576247226743,False,False
1190.0,UAM01,sf_sj_real,59500.0,L300,lane_0,583262.053604528,4138343.5279872348,300.0,50.0,True,BS13,-95.14585976507719,-0.08375152965485491,False,True
1191.0,UAM01,sf_sj_real,59550.0,L300,lane_0,583308.4460139376,4138324.8803790556,300.0,50.0,True,BS13,-95.02289793043839,-0.028441744070484238,False,False
1192.0,UAM01,sf_sj_real,59600.0,L300,lane_0,583354.8181584182,4138306.1821380616,300.0,50.0,True,BS13,-94.90120253614104,0.025359908032120036,False,False
1193.0,UAM01,sf_sj_real,59650.0,L300,lane_0,583401.1903028988,4138287.483897067,300.0,50.0,True,BS13,-94.78077559468508,0.07763428684793418,False,False
1194.0,UAM01,sf_sj_real,59700.0,L300,lane_0,583447.5624473793,4138268.785656073,300.0,50.0,True,BS13,-94.66179619898317,0.12827961784934389,False,False
1195.0,UAM01,sf_sj_real,59750.0,L300,lane_0,583493.9345918598,4138250.087415079,300.0,50.0,True,BS13,-94.54445321952812,0.17718764715470536,False,True
1196.0,UAM01,sf_sj_real,59800.0,L300,lane_0,583540.3067363404,4138231.389174085,300.0,50.0,True,BS13,-94.42894520527423,0.22424367547559237,False,False
1197.0,UAM01,sf_sj_real,59850.0,L300,lane_0,583586.678880821,4138212.6909330906,300.0,50.0,True,BS13,-94.31548017336262,0.26932667402032806,False,False
1198.0,UAM01,sf_sj_real,59900.0,L300,lane_0,583633.0510253016,4138193.9926920966,300.0,50.0,True,BS13,-94.20427527334769,0.3123094936592805,False,False
1199.0,UAM01,sf_sj_real,59950.0,L300,lane_0,583679.423169782,4138175.2944511026,300.0,50.0,True,BS13,-94.09555631177334,0.35305917847882773,False,False
1200.0,UAM01,sf_sj_real,60000.0,L300,lane_0,583725.7953142626,4138156.5962101086,300.0,50.0,True,BS13,-93.98955712350279,0.39143739431187075,False,True
1201.0,UAM01,sf_sj_real,60050.0,L300,lane_0,583772.1674587432,4138137.897969114,300.0,50.0,True,BS13,-93.88651877741658,0.4273009817603743,False,False
1202.0,UAM01,sf_sj_real,60100.0,L300,lane_0,583818.5396032238,4138119.19972812,300.0,50.0,True,BS13,-93.78668860583008,0.4605026416470863,False,False
1203.0,UAM01,sf_sj_real,60150.0,L300,lane_0,583864.9117477043,4138100.501487126,300.0,50.0,True,BS13,-93.69031904951828,0.490891758594723,False,False
1204.0,UAM01,sf_sj_real,60200.0,L300,lane_0,583911.1934747449,4138081.58118111,300.0,50.0,True,BS13,-93.59868684784378,0.5178464158205386,False,False
1205.0,UAM01,sf_sj_real,60250.0,L300,lane_0,583957.4378282882,4138062.5690858713,300.0,50.0,True,BS13,-93.51149748636799,0.5414673239481955,False,True
1206.0,UAM01,sf_sj_real,60300.0,L300,lane_0,584003.6821818314,4138043.5569906323,300.0,50.0,True,BS13,-93.42859364956644,0.5617922893260047,False,False
1207.0,UAM01,sf_sj_real,60350.0,L300,lane_0,584049.9265353747,4138024.544895394,300.0,50.0,True,BS13,-93.35022985349708,0.5786706179774834,False,False
1208.0,UAM01,sf_sj_real,60400.0,L300,lane_0,584096.1708889181,4138005.532800155,300.0,50.0,True,BS13,-93.2766565814516,0.5919548259235007,False,False
1209.0,UAM01,sf_sj_real,60450.0,L300,lane_0,584142.4152424614,4137986.5207049167,300.0,50.0,True,BS13,-93.20811808086292,0.6015022035449784,False,False
1210.0,UAM01,sf_sj_real,60500.0,L300,lane_0,584188.6595960046,4137967.508609678,300.0,50.0,True,BS13,-93.14485005977753,0.6071764353541457,False,True
1211.0,UAM01,sf_sj_real,60550.0,L300,lane_0,584234.9039495479,4137948.496514439,300.0,50.0,True,BS13,-93.08707731878853,0.6088492430276368,False,False
1212.0,UAM01,sf_sj_real,60600.0,L300,lane_0,584281.1483030912,4137929.4844192006,300.0,50.0,True,BS13,-93.03501136002623,0.6064020149770692,False,False
1213.0,UAM01,sf_sj_real,60650.0,L300,lane_0,584327.3926566346,4137910.472323962,300.0,50.0,True,BS13,-92.98884801968217,0.5997273820393502,False,False
1214.0,UAM01,sf_sj_real,60700.0,L300,lane_0,584374.006555683,4137892.3969960865,300.0,50.0,True,BS13,-92.94385743479685,0.5909391787028154,False,False
1215.0,UAM01,sf_sj_real,60750.0,L300,lane_0,584420.7760344355,4137874.716049924,300.0,50.0,True,BS13,-92.90294559388278,0.5786946504579743,False,True
1216.0,UAM01,sf_sj_real,60800.0,L300,lane_0,584467.5455131881,4137857.035103761,300.0,50.0,True,BS13,-92.86832227616671,0.561985761309848,False,False
1217.0,UAM01,sf_sj_real,60850.0,L300,lane_0,584514.3149919406,4137839.354157598,300.0,50.0,True,BS13,-92.8401274513613,0.5407452044981862,False,False
1218.0,UAM01,sf_sj_real,60900.0,L300,lane_0,584561.0844706933,4137821.6732114353,300.0,50.0,True,BS13,-92.81847686506518,0.5149221184836714,False,False
1219.0,UAM01,sf_sj_real,60950.0,L300,lane_0,584607.819877811,4137803.9053626666,300.0,50.0,True,BS13,-92.80392813361179,0.48427825143377745,False,False
1220.0,UAM01,sf_sj_real,61000.0,L300,lane_0,584654.1436238164,4137785.0875371806,300.0,50.0,True,BS13,-92.80173404485492,0.44654933073912023,False,True
1221.0,UAM01,sf_sj_real,61050.0,L300,lane_0,584700.4673698219,4137766.2697116947,300.0,50.0,True,BS13,-92.80626776493783,0.4042344253347541,False,False
1222.0,UAM01,sf_sj_real,61100.0,L300,lane_0,584746.7911158274,4137747.4518862087,300.0,50.0,True,BS13,-92.81751017587527,0.3573674429760326,False,False
1223.0,UAM01,sf_sj_real,61150.0,L300,lane_0,584793.1148618328,4137728.634060723,300.0,50.0,True,BS13,-92.83541405215132,0.3059983333640187,False,False
1224.0,UAM01,sf_sj_real,61200.0,L300,lane_0,584839.4386078382,4137709.816235237,300.0,50.0,True,BS13,-92.85990471840988,0.2501919329533398,False,False
1225.0,UAM01,sf_sj_real,61250.0,L300,lane_0,584885.7623538438,4137690.998409751,300.0,50.0,True,BS13,-92.89088107787532,0.190026537013981,False,True
1226.0,UAM01,sf_sj_real,61300.0,L300,lane_0,584932.1650631889,4137672.376791063,300.0,50.0,True,BS13,-92.92718364649184,0.12601369418277367,False,False
1227.0,UAM01,sf_sj_real,61350.0,L300,lane_0,584978.6099315983,4137653.8599285204,300.0,50.0,True,BS13,-92.96916786221077,0.058034816665200425,False,False
1228.0,UAM01,sf_sj_real,61400.0,L300,lane_0,585025.0548000078,4137635.3430659776,300.0,50.0,True,BS13,-93.01722426715021,-0.014034186651478424,False,False
1229.0,UAM01,sf_sj_real,61450.0,L300,lane_0,585071.4996684173,4137616.8262034347,300.0,50.0,True,BS13,-93.07116767708854,-0.09008179232904526,False,False
1230.0,UAM01,sf_sj_real,61500.0,L300,lane_0,585117.9445368267,4137598.309340892,300.0,50.0,True,BS13,-93.13079537035827,-0.16999229698308477,False,True
1231.0,UAM01,sf_sj_real,61550.0,L300,lane_0,585164.3894052361,4137579.792478349,300.0,50.0,True,BS13,-93.19588944826569,-0.25364788687788403,False,False
1232.0,UAM01,sf_sj_real,61600.0,L300,lane_0,585210.8342736455,4137561.275615806,300.0,50.0,True,BS13,-93.26621925522336,-0.3409306379404345,False,False
1233.0,UAM01,sf_sj_real,61650.0,L300,lane_0,585257.1651834105,4137542.476888938,300.0,50.0,True,BS13,-93.3429042048794,-0.4322265634867629,False,False
1234.0,UAM01,sf_sj_real,61700.0,L300,lane_0,585303.4286943836,4137523.5114584803,300.0,50.0,True,BS13,-93.42508020554106,-0.5271742957950991,False,False
1235.0,UAM01,sf_sj_real,61750.0,L300,lane_0,585349.6922053567,4137504.546028022,300.0,50.0,True,BS13,-93.51167107912468,-0.6253580791184105,False,True
1236.0,UAM01,sf_sj_real,61800.0,L300,lane_0,585395.9557163296,4137485.5805975646,300.0,50.0,True,BS13,-93.60241560743933,-0.7266755824188578,False,False
1237.0,UAM01,sf_sj_real,61850.0,L300,lane_0,585442.2192273027,4137466.615167107,300.0,50.0,True,BS13,-93.69705200672881,-0.8310321672889731,False,False
1238.0,UAM01,sf_sj_real,61900.0,L300,lane_0,585488.4827382758,4137447.6497366494,300.0,50.0,True,BS13,-93.79531978455317,-0.9383416260397113,False,False
1239.0,UAM01,sf_sj_real,61950.0,L300,lane_0,585534.7462492487,4137428.6843061913,300.0,50.0,True,BS13,-93.89696141089632,-1.0485266603187924,False,False
1240.0,UAM01,sf_sj_real,62000.0,L300,lane_0,585581.0586002928,4137409.8393697613,300.0,50.0,True,BS13,-94.00121677923116,-1.1613567957631061,False,True
1241.0,UAM01,sf_sj_real,62050.0,L300,lane_0,585627.4706637545,4137391.240435243,300.0,50.0,True,BS13,-94.10735574961087,-1.276634946481965,False,False
1242.0,UAM01,sf_sj_real,62100.0,L300,lane_0,585673.8827272162,4137372.6415007245,300.0,50.0,True,BS13,-94.21619596713508,-1.3946582529349418,False,False
1243.0,UAM01,sf_sj_real,62150.0,L300,lane_0,585720.294790678,4137354.042566206,300.0,50.0,True,BS13,-94.32750444652935,-1.5153853284825018,False,False
1244.0,UAM01,sf_sj_real,62200.0,L300,lane_0,585761.1977289193,4137333.464157527,300.0,50.0,True,BS13,-94.4449075593908,-1.631858163428437,False,False
1245.0,UAM01,sf_sj_real,62250.0,L300,lane_0,585807.5270354907,4137314.6600262625,300.0,50.0,True,BS13,-94.56075632693693,-1.7576461059978712,False,True
1246.0,UAM01,sf_sj_real,62300.0,L300,lane_0,585853.8563420621,4137295.8558949977,300.0,50.0,True,BS13,-94.67840829285018,-1.8860294364977601,False,False
1247.0,UAM01,sf_sj_real,62350.0,L300,lane_0,585900.2143533211,4137277.12476282,300.0,50.0,True,BS13,-94.79740498891525,-2.0169239431017125,False,False
1248.0,UAM01,sf_sj_real,62400.0,L300,lane_0,585946.9431589548,4137259.3366003507,300.0,50.0,True,BS13,-94.91454055516395,-2.149586017941989,False,False
1249.0,UAM01,sf_sj_real,62450.0,L300,lane_0,585993.6719645886,4137241.5484378813,300.0,50.0,True,BS13,-95.03309333335432,-2.2849414930816883,False,False
1250.0,UAM01,sf_sj_real,62500.0,L300,lane_0,586040.4007702223,4137223.7602754114,300.0,50.0,True,BS13,-95.15289133140236,-2.422984911346014,False,True
1251.0,UAM01,sf_sj_real,62550.0,L300,lane_0,586087.129575856,4137205.972112942,300.0,50.0,True,BS13,-95.27377177648745,-2.563711284494769,False,False
1252.0,UAM01,sf_sj_real,62600.0,L300,lane_0,586133.8583814898,4137188.183950472,300.0,50.0,True,BS13,-95.39558104578171,-2.707114693090479,False,False
1253.0,UAM01,sf_sj_real,62650.0,L300,lane_0,586180.5871871235,4137170.3957880028,300.0,50.0,True,BS13,-95.51817453139864,-2.8531868528431192,False,False
1254.0,UAM01,sf_sj_real,62700.0,L300,lane_0,586227.3159927572,4137152.6076255334,300.0,50.0,True,BS13,-95.64141645045187,-3.001915663278151,False,False
1255.0,UAM01,sf_sj_real,62750.0,L300,lane_0,586273.9793342837,4137134.6500891186,300.0,50.0,True,BS13,-95.76567511315771,-3.153345215245056,False,True
1256.0,UAM01,sf_sj_real,62800.0,L300,lane_0,586320.524657868,4137116.3872072967,300.0,50.0,True,BS15,-95.76732771548967,-3.1245319916332575,True,False
1257.0,UAM01,sf_sj_real,62850.0,L300,lane_0,586367.0699814521,4137098.1243254747,300.0,50.0,True,BS15,-95.62921981957204,-2.8897704681922147,False,False
1258.0,UAM01,sf_sj_real,62900.0,L300,lane_0,586413.6153050363,4137079.861443653,300.0,50.0,True,BS15,-95.49083503353958,-2.6545131029567273,False,False
1259.0,UAM01,sf_sj_real,62950.0,L300,lane_0,586459.8403677964,4137060.802981764,300.0,50.0,True,BS15,-95.35459192253087,-2.41931558011483,False,False
1260.0,UAM01,sf_sj_real,63000.0,L300,lane_0,586506.0573302382,4137041.7243973655,300.0,50.0,True,BS15,-95.21846939046134,-2.184261098332806,False,True
1261.0,UAM01,sf_sj_real,63050.0,L300,lane_0,586552.2742926799,4137022.645812967,300.0,50.0,True,BS15,-95.08253138268694,-1.949548423640791,False,False
1262.0,UAM01,sf_sj_real,63100.0,L300,lane_0,586598.4912551217,4137003.5672285683,300.0,50.0,True,BS15,-94.94690921803722,-1.7153881188143647,False,False
1263.0,UAM01,sf_sj_real,63150.0,L300,lane_0,586644.7082175635,4136984.4886441696,300.0,50.0,True,BS15,-94.81174503539566,-1.4819970513875296,False,False
1264.0,UAM01,sf_sj_real,63200.0,L300,lane_0,586690.9251800053,4136965.4100597715,300.0,50.0,True,BS15,-94.67719229365441,-1.2495990869161686,False,False
1265.0,UAM01,sf_sj_real,63250.0,L300,lane_0,586737.3549724786,4136946.872456111,300.0,50.0,True,BS15,-94.54156013439616,-1.0177112221331375,False,True
1266.0,UAM01,sf_sj_real,63300.0,L300,lane_0,586784.1825318098,4136929.3459137515,300.0,50.0,True,BS15,-94.40320642967627,-0.7856289902046367,False,False
1267.0,UAM01,sf_sj_real,63350.0,L300,lane_0,586831.0100911409,4136911.8193713916,300.0,50.0,True,BS15,-94.26568265396249,-0.5547770526675968,False,False
1268.0,UAM01,sf_sj_real,63400.0,L300,lane_0,586877.837650472,4136894.2928290316,300.0,50.0,True,BS15,-94.12918264477591,-0.3254099705886504,False,False
1269.0,UAM01,sf_sj_real,63450.0,L300,lane_0,586924.665209803,4136876.7662866716,300.0,50.0,True,BS15,-93.99391432280892,-0.09779295012620828,False,False
1270.0,UAM01,sf_sj_real,63500.0,L300,lane_0,586971.4927691341,4136859.2397443117,300.0,50.0,True,BS15,-93.86010000619997,0.12779768517513526,False,True
1271.0,UAM01,sf_sj_real,63550.0,L300,lane_0,587018.3203284653,4136841.713201952,300.0,50.0,True,BS15,-93.7279766079651,0.3510741410974312,False,False
1272.0,UAM01,sf_sj_real,63600.0,L300,lane_0,587066.6273873628,4136828.818093135,300.0,50.0,True,BS15,-93.57978223750025,0.581284377646236,False,False
1273.0,UAM01,sf_sj_real,63650.0,L300,lane_0,587114.9434731345,4136815.951242095,300.0,50.0,True,BS15,-93.43263092046928,0.8101210841672669,False,False
1274.0,UAM01,sf_sj_real,63700.0,L300,lane_0,587163.2595589063,4136803.084391054,300.0,50.0,True,BS15,-93.28688690095254,1.0372172371350785,False,False
1275.0,UAM01,sf_sj_real,63750.0,L300,lane_0,587211.5756446781,4136790.217540014,300.0,50.0,True,BS15,-93.1428270068122,1.2622428595341786,False,True
1276.0,UAM01,sf_sj_real,63800.0,L300,lane_0,587259.8917304499,4136777.3506889734,300.0,50.0,True,BS15,-93.00074769184518,1.4848508965603857,False,False
1277.0,UAM01,sf_sj_real,63850.0,L300,lane_0,587308.2078162216,4136764.4838379333,300.0,50.0,True,BS15,-92.8609651083584,1.7046770484708227,False,False
1278.0,UAM01,sf_sj_real,63900.0,L300,lane_0,587356.9651077776,4136753.4087893,300.0,50.0,True,BS15,-92.71603708097628,1.9261739236088462,False,False
1279.0,UAM01,sf_sj_real,63950.0,L300,lane_0,587405.7314454659,4136742.3704783567,300.0,50.0,True,BS15,-92.57347482043455,2.144820898658732,False,False
1280.0,UAM01,sf_sj_real,64000.0,L300,lane_0,587454.4977831541,4136731.3321674136,300.0,50.0,True,BS15,-92.43380186186096,2.3601108522379093,False,True
1281.0,UAM01,sf_sj_real,64050.0,L300,lane_0,587503.2641208424,4136720.293856471,300.0,50.0,True,BS15,-92.29740766535008,2.571610926880024,False,False
1282.0,UAM01,sf_sj_real,64100.0,L300,lane_0,587552.0304585306,4136709.2555455277,300.0,50.0,True,BS15,-92.16470130389848,2.7788706766665157,False,False
1283.0,UAM01,sf_sj_real,64150.0,L300,lane_0,587600.796796219,4136698.2172345845,300.0,50.0,True,BS15,-92.03610982592184,2.981423626381308,False,False
1284.0,UAM01,sf_sj_real,64200.0,L300,lane_0,587649.3356089005,4136686.2370036407,300.0,50.0,True,BS15,-91.91688122960592,3.175312302454481,False,False
1285.0,UAM01,sf_sj_real,64250.0,L300,lane_0,587697.7635087651,4136673.7976099774,300.0,50.0,True,BS15,-91.80530059495358,3.3614478785802597,False,True
1286.0,UAM01,sf_sj_real,64300.0,L300,lane_0,587746.1914086296,4136661.358216314,300.0,50.0,True,BS15,-91.69953593130128,3.5409664279931388,False,False
1287.0,UAM01,sf_sj_real,64350.0,L300,lane_0,587794.6193084941,4136648.918822651,300.0,50.0,True,BS15,-91.60003990424933,3.713385794177533,False,False
1288.0,UAM01,sf_sj_real,64400.0,L300,lane_0,587843.0472083587,4136636.4794289875,300.0,50.0,True,BS15,-91.50726086697033,3.878229633554353,False,False
1289.0,UAM01,sf_sj_real,64450.0,L300,lane_0,587891.4751082232,4136624.040035324,300.0,50.0,True,BS15,-91.42163747436113,4.035032724260143,False,False
1290.0,UAM01,sf_sj_real,64500.0,L300,lane_0,587940.0220326898,4136612.082535547,300.0,50.0,True,BS15,-91.34080600045169,4.185559655186935,False,True
1291.0,UAM01,sf_sj_real,64550.0,L300,lane_0,587988.6724920657,4136600.5442166696,300.0,50.0,True,BS15,-91.2654081205814,4.32926527591893,False,False
1292.0,UAM01,sf_sj_real,64600.0,L300,lane_0,588037.3229514416,4136589.0058977925,300.0,50.0,True,BS15,-91.19822539961919,4.463856936514973,False,False
1293.0,UAM01,sf_sj_real,64650.0,L300,lane_0,588085.9734108176,4136577.4675789154,300.0,50.0,True,BS15,-91.13962507282517,4.588944132513559,False,False
1294.0,UAM01,sf_sj_real,64700.0,L300,lane_0,588134.6238701934,4136565.929260038,300.0,50.0,True,BS15,-91.08993751797836,4.704174349000504,False,False
1295.0,UAM01,sf_sj_real,64750.0,L300,lane_0,588183.2743295693,4136554.3909411607,300.0,50.0,True,BS15,-91.04945039921768,4.80923885679899,False,True
1296.0,UAM01,sf_sj_real,64800.0,L300,lane_0,588231.9247889452,4136542.852622283,300.0,50.0,True,BS15,-91.01840334238825,4.903877979552936,False,False
1297.0,UAM01,sf_sj_real,64850.0,L300,lane_0,588280.575248321,4136531.314303406,300.0,50.0,True,BS15,-90.99698333937555,4.987885634210535,False,False
1298.0,UAM01,sf_sj_real,64900.0,L300,lane_0,588329.4151622154,4136520.6389303505,300.0,50.0,True,BS15,-90.9799918519068,5.0656053391719,False,False
1299.0,UAM01,sf_sj_real,64950.0,L300,lane_0,588378.4247864726,4136510.7365705227,300.0,50.0,True,BS15,-90.9680337030443,5.136574274586492,False,False
1300.0,UAM01,sf_sj_real,65000.0,L300,lane_0,588427.4344107299,4136500.834210695,300.0,50.0,True,BS15,-90.96593984657603,5.196714860387647,False,True
1301.0,UAM01,sf_sj_real,65050.0,L300,lane_0,588476.4440349871,4136490.931850867,300.0,50.0,True,BS15,-90.97372324853836,5.245996035344099,False,False
1302.0,UAM01,sf_sj_real,65100.0,L300,lane_0,588525.4536592443,4136481.0294910385,300.0,50.0,True,BS15,-90.99133577757519,5.284448650103703,False,False
1303.0,UAM01,sf_sj_real,65150.0,L300,lane_0,588575.09496729,4136475.446251611,300.0,50.0,True,BS15,-90.99241707871366,5.334544415017948,False,False
1304.0,UAM01,sf_sj_real,65200.0,L300,lane_0,588624.8877155022,4136470.898480127,300.0,50.0,True,BS15,-90.99701445809532,5.379430936315922,False,False
1305.0,UAM01,sf_sj_real,65250.0,L300,lane_0,588674.6804637145,4136466.3507086434,300.0,50.0,True,BS15,-91.01140789811959,5.413764472045715,False,True
1306.0,UAM01,sf_sj_real,65300.0,L300,lane_0,588724.4732119268,4136461.8029371593,300.0,50.0,True,BS15,-91.03550921320658,5.437613074280972,False,False
1307.0,UAM01,sf_sj_real,65350.0,L300,lane_0,588774.265960139,4136457.2551656757,300.0,50.0,True,BS15,-91.06917211834721,5.451103759897519,False,False
1308.0,UAM01,sf_sj_real,65400.0,L300,lane_0,588816.6972055903,4136452.502590777,300.0,50.0,True,BS15,-91.11047153588015,5.450124772158535,False,False
1309.0,UAM01,sf_sj_real,65450.0,L300,lane_0,588866.6762583345,4136451.055425691,300.0,50.0,True,BS15,-91.14302693564045,5.460657510888808,False,False
1310.0,UAM01,sf_sj_real,65500.0,L300,lane_0,588916.6553110789,4136449.6082606046,300.0,50.0,True,BS15,-91.1848127559494,5.461278622802031,False,True
1311.0,UAM01,sf_sj_real,65550.0,L300,lane_0,588966.6343638231,4136448.161095518,300.0,50.0,True,BS15,-91.2355870110957,5.4522115437751335,False,False
1312.0,UAM01,sf_sj_real,65600.0,L300,lane_0,589016.6203174773,4136448.7342530526,300.0,50.0,True,BS15,-91.28346177397597,5.443753803134131,False,False
1313.0,UAM01,sf_sj_real,65650.0,L300,lane_0,589066.6080901743,4136449.8399568065,300.0,50.0,True,BS15,-91.33698344235012,5.4286209177652935,False,False
1314.0,UAM01,sf_sj_real,65700.0,L300,lane_0,589116.5958628713,4136450.945660561,300.0,50.0,True,BS15,-91.39894823368957,5.40442777482864,False,False
1315.0,UAM01,sf_sj_real,65750.0,L300,lane_0,589166.5836355683,4136452.0513643147,300.0,50.0,True,BS15,-91.46902398162655,5.371489773973687,False,True
1316.0,UAM01,sf_sj_real,65800.0,L300,lane_0,589216.5714082653,4136453.157068069,300.0,50.0,True,BS15,-91.54684705192423,5.330154613048828,False,False
1317.0,UAM01,sf_sj_real,65850.0,L300,lane_0,589266.5591809623,4136454.2627718234,300.0,50.0,True,BS15,-91.63202808860024,5.280796532057577,False,False
1318.0,UAM01,sf_sj_real,65900.0,L300,lane_0,589316.5469536593,4136455.3684755773,300.0,50.0,True,BS15,-91.7241577926277,5.223810524820868,False,False
1319.0,UAM01,sf_sj_real,65950.0,L300,lane_0,589366.5347263563,4136456.4741793317,300.0,50.0,True,BS15,-91.82281257887291,5.159606672731989,False,False
1320.0,UAM01,sf_sj_real,66000.0,L300,lane_0,589416.5253952214,4136457.4294716925,300.0,50.0,True,BS15,-91.92831784765247,5.087935543523974,False,True
1321.0,UAM01,sf_sj_real,66050.0,L300,lane_0,589466.5186801259,4136458.248901038,300.0,50.0,True,BS15,-92.04011340240925,5.009325845303085,False,False
1322.0,UAM01,sf_sj_real,66100.0,L300,lane_0,589516.5119650306,4136459.0683303834,300.0,50.0,True,BS15,-92.15706153307389,4.92482072505702,False,False
1323.0,UAM01,sf_sj_real,66150.0,L300,lane_0,589566.5052499351,4136459.887759729,300.0,50.0,True,BS15,-92.27873007822802,4.834842083255277,False,False
1324.0,UAM01,sf_sj_real,66200.0,L300,lane_0,589616.4985348396,4136460.7071890743,300.0,50.0,True,BS15,-92.40469606871567,4.739803382745405,False,False
1325.0,UAM01,sf_sj_real,66250.0,L300,lane_0,589666.4918197442,4136461.5266184197,300.0,50.0,True,BS15,-92.53454867178175,4.640106697713818,False,True
1326.0,UAM01,sf_sj_real,66300.0,L300,lane_0,589716.4851046487,4136462.346047765,300.0,50.0,True,BS15,-92.66789160034124,4.536140298035783,False,False
1327.0,UAM01,sf_sj_real,66350.0,L300,lane_0,589766.4725847383,4136463.4584259065,300.0,50.0,True,BS15,-92.80311499709025,4.429384711273908,False,False
1328.0,UAM01,sf_sj_real,66400.0,L300,lane_0,589816.4590878665,4136464.620107883,300.0,50.0,True,BS15,-92.94095612237105,4.319213025923698,False,False
1329.0,UAM01,sf_sj_real,66450.0,L300,lane_0,589866.4455909947,4136465.78178986,300.0,50.0,True,BS15,-93.08128344622381,4.2057725752487825,False,False
1330.0,UAM01,sf_sj_real,66500.0,L300,lane_0,589916.4320941229,4136466.9434718373,300.0,50.0,True,BS15,-93.22377148500397,4.089383633838009,False,True
1331.0,UAM01,sf_sj_real,66550.0,L300,lane_0,589966.4185972511,4136468.105153814,300.0,50.0,True,BS15,-93.36811415685652,3.970347799665012,False,False
1332.0,UAM01,sf_sj_real,66600.0,L300,lane_0,590016.4051003793,4136469.266835791,300.0,50.0,True,BS15,-93.51402486640913,3.8489479059991725,False,False
1333.0,UAM01,sf_sj_real,66650.0,L300,lane_0,590066.3916035075,4136470.4285177677,300.0,50.0,True,BS15,-93.66123634482675,3.7254481783833233,False,False
1334.0,UAM01,sf_sj_real,66700.0,L300,lane_0,590116.3806125355,4136471.0913085463,300.0,50.0,True,BS15,-93.81117331395522,3.5985425439171377,False,False
1335.0,UAM01,sf_sj_real,66750.0,L300,lane_0,590166.3762632373,4136470.4318308,300.0,50.0,True,BS15,-93.96612341624316,3.4660870058747912,False,True
1336.0,UAM01,sf_sj_real,66800.0,L300,lane_0,590216.3719139392,4136469.772353054,300.0,50.0,True,BS15,-94.12131395119681,3.3325019989465137,False,False
1337.0,UAM01,sf_sj_real,66850.0,L300,lane_0,590266.367564641,4136469.112875308,300.0,50.0,True,BS15,-94.27656659349525,3.1979659879013713,False,False
1338.0,UAM01,sf_sj_real,66900.0,L300,lane_0,590316.363215343,4136468.453397562,300.0,50.0,True,BS15,-94.43171938443481,3.0626417380434034,False,False
1339.0,UAM01,sf_sj_real,66950.0,L300,lane_0,590366.3588660448,4136467.7939198157,300.0,50.0,True,BS15,-94.58662569608158,2.926677351689006,False,False
1340.0,UAM01,sf_sj_real,67000.0,L300,lane_0,590416.3545167467,4136467.1344420696,300.0,50.0,True,BS15,-94.74115320430768,2.7902072961835933,False,True
1341.0,UAM01,sf_sj_real,67050.0,L300,lane_0,590466.0186462284,4136461.43230102,300.0,50.0,True,BS15,-94.9076371956671,2.641174884419873,False,False
1342.0,UAM01,sf_sj_real,67100.0,L300,lane_0,590515.6703158609,4136455.5406371886,300.0,50.0,True,BS15,-95.07315159627967,2.4920151953740244,False,False
1343.0,UAM01,sf_sj_real,67150.0,L300,lane_0,590565.3219854934,4136449.6489733574,300.0,50.0,True,BS15,-95.23716715549958,2.3432470244145533,False,False
1344.0,UAM01,sf_sj_real,67200.0,L300,lane_0,590614.6572343669,4136442.019587863,300.0,50.0,True,BS15,-95.40294323155359,2.191537421198514,False,False
1345.0,UAM01,sf_sj_real,67250.0,L300,lane_0,590663.1987741608,4136430.0313054826,300.0,50.0,True,BS15,-95.57491348527121,2.032179944674935,False,True
1346.0,UAM01,sf_sj_real,67300.0,L300,lane_0,590711.7403139549,4136418.043023103,300.0,50.0,True,BS15,-95.74454417283216,1.8738202113820912,False,False
1347.0,UAM01,sf_sj_real,67350.0,L300,lane_0,590760.2818537488,4136406.0547407228,300.0,50.0,True,BS15,-95.91186884510921,1.7164292297643025,False,False
1348.0,UAM01,sf_sj_real,67400.0,L300,lane_0,590808.4204549216,4136392.7987359655,300.0,50.0,True,BS15,-96.07854599211225,1.5581597498773767,False,False
1349.0,UAM01,sf_sj_real,67450.0,L300,lane_0,590854.9756529685,4136374.56104053,300.0,50.0,True,BS15,-96.24903776974548,1.3938537349181468,False,False
1350.0,UAM01,sf_sj_real,67500.0,L300,lane_0,590901.5308510155,4136356.323345094,300.0,50.0,True,BS15,-96.41681302883173,1.230717425492044,False,True
1351.0,UAM01,sf_sj_real,67550.0,L300,lane_0,590948.0860490624,4136338.085649658,300.0,50.0,True,BS15,-96.58194703852439,1.0686775677315243,False,False
1352.0,UAM01,sf_sj_real,67600.0,L300,lane_0,590992.8452434223,4136315.8932497217,300.0,50.0,True,BS15,-96.74754597219945,0.9036945230731303,False,False
1353.0,UAM01,sf_sj_real,67650.0,L300,lane_0,591037.2129788359,4136292.838878026,300.0,50.0,True,BS15,-96.91108386807717,0.7388967795512487,False,False
1354.0,UAM01,sf_sj_real,67700.0,L300,lane_0,591081.5807142494,4136269.7845063307,300.0,50.0,True,BS15,-97.07196224959256,0.5750720295838717,False,False
1355.0,UAM01,sf_sj_real,67750.0,L300,lane_0,591125.9484496629,4136246.730134635,300.0,50.0,True,BS15,-97.2302631641825,0.4121360413775894,False,True
1356.0,UAM01,sf_sj_real,67800.0,L300,lane_0,591170.3161850765,4136223.6757629397,300.0,50.0,True,BS15,-97.38606507556545,0.2500080409947918,False,False
1357.0,UAM01,sf_sj_real,67850.0,L300,lane_0,591214.68392049,4136200.6213912438,300.0,50.0,True,BS15,-97.5394430587418,0.0886105333422909,False,False
1358.0,UAM01,sf_sj_real,67900.0,L300,lane_0,591259.0516559035,4136177.5670195483,300.0,50.0,True,BS15,-97.69046898285484,-0.07213086418480497,False,False
1359.0,UAM01,sf_sj_real,67950.0,L300,lane_0,591303.2972895342,4136154.282497887,300.0,50.0,True,BS15,-97.83931438346185,-0.23246835207218353,False,False
1360.0,UAM01,sf_sj_real,68000.0,L300,lane_0,591347.264181937,4136130.472576164,300.0,50.0,True,BS15,-97.98616367194845,-0.3927040799177917,False,True
1361.0,UAM01,sf_sj_real,68050.0,L300,lane_0,591391.2310743397,4136106.6626544413,300.0,50.0,True,BS15,-98.13083958786903,-0.5524939399726729,False,False
1362.0,UAM01,sf_sj_real,68100.0,L300,lane_0,591435.1979667424,4136082.8527327185,300.0,50.0,True,BS15,-98.27340405904812,-0.7119035762120423,False,False
1363.0,UAM01,sf_sj_real,68150.0,L300,lane_0,591479.1648591452,4136059.0428109956,300.0,50.0,True,BS15,-98.41391646930663,-0.8709961426639978,False,False
1364.0,UAM01,sf_sj_real,68200.0,L300,lane_0,591523.1317515479,4136035.2328892727,300.0,50.0,True,BS15,-98.55243379196662,-1.0298324178475415,False,False
1365.0,UAM01,sf_sj_real,68250.0,L300,lane_0,591567.0986439507,4136011.42296755,300.0,50.0,True,BS15,-98.68901071501321,-1.1884709098325477,False,True
1366.0,UAM01,sf_sj_real,68300.0,L300,lane_0,591611.082391871,4135987.6442054976,300.0,50.0,True,BS15,-98.8236890762934,-1.3469431952027298,False,False
1367.0,UAM01,sf_sj_real,68350.0,L300,lane_0,591655.071432989,4135963.8752286257,300.0,50.0,True,BS15,-98.95652734368996,-1.5053198698927492,False,False
1368.0,UAM01,sf_sj_real,68400.0,L300,lane_0,591699.0604741069,4135940.1062517543,300.0,50.0,True,BS15,-99.08757742899488,-1.6636607563297185,False,False
1369.0,UAM01,sf_sj_real,68450.0,L300,lane_0,591743.0495152249,4135916.3372748825,300.0,50.0,True,BS15,-99.2168859398295,-1.8220160435673314,False,False
1370.0,UAM01,sf_sj_real,68500.0,L300,lane_0,591787.0385563428,4135892.568298011,300.0,50.0,True,BS15,-99.3444977213112,-1.9804340488374086,False,True
1371.0,UAM01,sf_sj_real,68550.0,L300,lane_0,591831.0275974608,4135868.799321139,300.0,50.0,True,BS15,-99.47045594185218,-2.1389612740600583,False,False
1372.0,UAM01,sf_sj_real,68600.0,L300,lane_0,591875.0166385787,4135845.030344268,300.0,50.0,True,BS15,-99.59480217392435,-2.2976424552317116,False,False
1373.0,UAM01,sf_sj_real,68650.0,L300,lane_0,591919.6798336218,4135822.5593186766,300.0,50.0,True,BS15,-99.71715158043617,-2.455316354025599,False,False
1374.0,UAM01,sf_sj_real,68700.0,L300,lane_0,591964.4224516383,4135800.2412064574,300.0,50.0,True,BS15,-99.8379401066965,-2.6130453725361096,False,False
1375.0,UAM01,sf_sj_real,68750.0,L300,lane_0,592009.1650696548,4135777.923094238,300.0,50.0,True,BS15,-99.9572550191677,-2.771004449562535,False,True
1376.0,UAM01,sf_sj_real,68800.0,L300,lane_0,592053.9076876712,4135755.604982019,300.0,50.0,True,BS16,-100.05162999719846,-2.893705098428581,True,False
1377.0,UAM01,sf_sj_real,68850.0,L300,lane_0,592098.6503056878,4135733.2868697997,300.0,50.0,True,BS16,-99.94797715707158,-2.7192638601229757,False,False
1378.0,UAM01,sf_sj_real,68900.0,L300,lane_0,592143.2720436791,4135710.73819236,300.0,50.0,True,BS16,-99.84326255463388,-2.5453084329022877,False,False
1379.0,UAM01,sf_sj_real,68950.0,L300,lane_0,592187.0775180665,4135686.63258277,300.0,50.0,True,BS16,-99.73567572819961,-2.3698703400034677,False,False
1380.0,UAM01,sf_sj_real,69000.0,L300,lane_0,592230.8829924539,4135662.5269731805,300.0,50.0,True,BS16,-99.62722298125652,-2.1951126448258766,False,True
1381.0,UAM01,sf_sj_real,69050.0,L300,lane_0,592274.6884668412,4135638.4213635908,300.0,50.0,True,BS16,-99.5179011240134,-2.0210076350152133,False,False
1382.0,UAM01,sf_sj_real,69100.0,L300,lane_0,592318.4939412286,4135614.315754001,300.0,50.0,True,BS16,-99.40770765196439,-1.847529369146159,False,False
1383.0,UAM01,sf_sj_real,69150.0,L300,lane_0,592362.299415616,4135590.2101444113,300.0,50.0,True,BS16,-99.29664081695365,-1.6746536980973172,False,False
1384.0,UAM01,sf_sj_real,69200.0,L300,lane_0,592406.1048900035,4135566.104534821,300.0,50.0,True,BS16,-99.18469970412137,-1.5023582949097192,False,False
1385.0,UAM01,sf_sj_real,69250.0,L300,lane_0,592449.9103643908,4135541.9989252314,300.0,50.0,True,BS16,-99.07188431517903,-1.330622693415042,False,True
1386.0,UAM01,sf_sj_real,69300.0,L300,lane_0,592493.8810068187,4135518.1964871096,300.0,50.0,True,BS16,-98.95866684491484,-1.159911575779533,False,False
1387.0,UAM01,sf_sj_real,69350.0,L300,lane_0,592537.8884315479,4135494.461564133,300.0,50.0,True,BS16,-98.84470850137328,-0.9898543352990177,False,False
1388.0,UAM01,sf_sj_real,69400.0,L300,lane_0,592581.895856277,4135470.7266411562,300.0,50.0,True,BS16,-98.72991146986192,-0.8203322652826206,False,False
1389.0,UAM01,sf_sj_real,69450.0,L300,lane_0,592625.903281006,4135446.9917181795,300.0,50.0,True,BS16,-98.61428178967653,-0.6513343534166254,False,False
1390.0,UAM01,sf_sj_real,69500.0,L300,lane_0,592669.9309264267,4135423.294514714,300.0,50.0,True,BS16,-98.49789204185728,-0.48291782828737073,False,True
1391.0,UAM01,sf_sj_real,69550.0,L300,lane_0,592714.0577812634,4135399.7823756738,300.0,50.0,True,BS16,-98.38101660088932,-0.3153437241931393,False,False
1392.0,UAM01,sf_sj_real,69600.0,L300,lane_0,592758.1846361,4135376.270236634,300.0,50.0,True,BS16,-98.26335594174536,-0.14829187711193928,False,False
1393.0,UAM01,sf_sj_real,69650.0,L300,lane_0,592802.3114909367,4135352.7580975946,300.0,50.0,True,BS16,-98.14492392173672,0.018238106143004265,False,False
1394.0,UAM01,sf_sj_real,69700.0,L300,lane_0,592846.4383457733,4135329.2459585546,300.0,50.0,True,BS16,-98.0257365432314,0.1842438558858835,False,False
1395.0,UAM01,sf_sj_real,69750.0,L300,lane_0,592890.56520061,4135305.733819515,300.0,50.0,True,BS16,-97.90581213135411,0.3497200884974833,False,True
1396.0,UAM01,sf_sj_real,69800.0,L300,lane_0,592934.6920554467,4135282.2216804754,300.0,50.0,True,BS16,-97.78517152381698,0.5146584420480981,False,False
1397.0,UAM01,sf_sj_real,69850.0,L300,lane_0,592978.8189102833,4135258.7095414354,300.0,50.0,True,BS16,-97.66383827342692,0.6790472981239541,False,False
1398.0,UAM01,sf_sj_real,69900.0,L300,lane_0,593022.94576512,4135235.197402396,300.0,50.0,True,BS16,-97.54183886375256,0.8428715894379525,False,False
1399.0,UAM01,sf_sj_real,69950.0,L300,lane_0,593067.1588700765,4135211.8488770146,300.0,50.0,True,BS16,-97.41955856734795,1.0057600653348897,False,False
1400.0,UAM01,sf_sj_real,70000.0,L300,lane_0,593111.4922731634,4135188.7285532556,300.0,50.0,True,BS16,-97.2972022537932,1.167522764227142,False,True
1401.0,UAM01,sf_sj_real,70050.0,L300,lane_0,593155.8256762504,4135165.6082294965,300.0,50.0,True,BS16,-97.17432517187024,1.328611444538669,False,False
1402.0,UAM01,sf_sj_real,70100.0,L300,lane_0,593200.1590793374,4135142.487905737,300.0,50.0,True,BS16,-97.05097005145151,1.488992953276579,False,False
1403.0,UAM01,sf_sj_real,70150.0,L300,lane_0,593244.428381261,4135119.245579132,300.0,50.0,True,BS16,-96.9268895254216,1.6489187739018394,False,False
1404.0,UAM01,sf_sj_real,70200.0,L300,lane_0,593288.6195171357,4135095.854480182,300.0,50.0,True,BS16,-96.80204555538127,1.8084322796396826,False,False
1405.0,UAM01,sf_sj_real,70250.0,L300,lane_0,593332.8106530103,4135072.4633812313,300.0,50.0,True,BS16,-96.67684284321139,1.9671424293664015,False,True
1406.0,UAM01,sf_sj_real,70300.0,L300,lane_0,593377.001788885,4135049.0722822812,300.0,50.0,True,BS16,-96.55134150330024,2.1249971279415654,False,False
1407.0,UAM01,sf_sj_real,70350.0,L300,lane_0,593421.1929247597,4135025.6811833307,300.0,50.0,True,BS16,-96.42560715595492,2.2819384284358977,False,False
1408.0,UAM01,sf_sj_real,70400.0,L300,lane_0,593465.3840606344,4135002.29008438,300.0,50.0,True,BS16,-96.29971127397606,2.4379022009101483,False,False
1409.0,UAM01,sf_sj_real,70450.0,L300,lane_0,593509.5751965091,4134978.89898543,300.0,50.0,True,BS16,-96.17373153770885,2.592817792138743,False,False
1410.0,UAM01,sf_sj_real,70500.0,L300,lane_0,593553.7663323838,4134955.5078864796,300.0,50.0,True,BS16,-96.04775219628091,2.7466076785947475,False,True
1411.0,UAM01,sf_sj_real,70550.0,L300,lane_0,593597.9574682586,4134932.1167875296,300.0,50.0,True,BS16,-95.92186443218125,2.8991871155670985,False,False
1412.0,UAM01,sf_sj_real,70600.0,L300,lane_0,593642.1486041333,4134908.725688579,300.0,50.0,True,BS16,-95.79616672564738,3.0504637859697654,False,False
1413.0,UAM01,sf_sj_real,70650.0,L300,lane_0,593686.3502985007,4134885.35463638,300.0,50.0,True,BS16,-95.67082805592314,3.2002766747696927,False,False
1414.0,UAM01,sf_sj_real,70700.0,L300,lane_0,593730.6370226083,4134862.1450248403,300.0,50.0,True,BS16,-95.5464225092354,3.3480731814108005,False,False
1415.0,UAM01,sf_sj_real,70750.0,L300,lane_0,593774.9237467159,4134838.9354133005,300.0,50.0,True,BS16,-95.4225805810875,3.4942126637944515,False,True
1416.0,UAM01,sf_sj_real,70800.0,L300,lane_0,593819.2104708235,4134815.7258017613,300.0,50.0,True,BS16,-95.2994343701274,3.6385682480235007,False,False
1417.0,UAM01,sf_sj_real,70850.0,L300,lane_0,593863.497194931,4134792.5161902215,300.0,50.0,True,BS16,-95.17712485723327,3.7810039649583755,False,False
1418.0,UAM01,sf_sj_real,70900.0,L300,lane_0,593907.7839190385,4134769.306578682,300.0,50.0,True,BS16,-95.0558021352483,3.9213745310645587,False,False
1419.0,UAM01,sf_sj_real,70950.0,L300,lane_0,593952.070643146,4134746.096967142,300.0,50.0,True,BS16,-94.93562558904289,4.059525178567439,False,False
1420.0,UAM01,sf_sj_real,71000.0,L300,lane_0,593996.3573672536,4134722.8873556023,300.0,50.0,True,BS16,-94.81676401524142,4.19529154558972,False,True
1421.0,UAM01,sf_sj_real,71050.0,L300,lane_0,594040.4099764507,4134699.260531238,300.0,50.0,True,BS16,-94.69779910246169,4.3300263301034105,False,False
1422.0,UAM01,sf_sj_real,71100.0,L300,lane_0,594083.2956815059,4134673.5541837355,300.0,50.0,True,BS16,-94.57227219032652,4.469895656264902,False,False
1423.0,UAM01,sf_sj_real,71150.0,L300,lane_0,594126.1813865612,4134647.847836233,300.0,50.0,True,BS16,-94.4481284997165,4.607292974555622,False,False
1424.0,UAM01,sf_sj_real,71200.0,L300,lane_0,594169.0670916165,4134622.141488731,300.0,50.0,True,BS16,-94.32556730867715,4.742022028712637,False,False
1425.0,UAM01,sf_sj_real,71250.0,L300,lane_0,594211.9592509926,4134596.4461423135,300.0,50.0,True,BS16,-94.20484548951639,4.873830995043954,False,True
1426.0,UAM01,sf_sj_real,71300.0,L300,lane_0,594247.2412456647,4134569.4738773704,300.0,50.0,True,BS16,-94.08142288836835,5.005250256651359,False,False
1427.0,UAM01,sf_sj_real,71350.0,L300,lane_0,594290.7483811638,4134544.833886286,300.0,50.0,True,BS16,-93.9689034348371,5.127020752988447,False,False
1428.0,UAM01,sf_sj_real,71400.0,L300,lane_0,594334.2555166631,4134520.193895201,300.0,50.0,True,BS16,-93.85906693424147,5.245046054830562,False,False
1429.0,UAM01,sf_sj_real,71450.0,L300,lane_0,594377.7626521623,4134495.553904116,300.0,50.0,True,BS16,-93.75216498268556,5.359077229846556,False,False
1430.0,UAM01,sf_sj_real,71500.0,L300,lane_0,594420.2956746556,4134469.296153909,300.0,50.0,True,BS16,-93.64077913871063,5.476158241877574,False,True
1431.0,UAM01,sf_sj_real,71550.0,L300,lane_0,594462.4264494434,4134442.370370433,300.0,50.0,True,BS16,-93.52926668582566,5.592130390413432,False,False
1432.0,UAM01,sf_sj_real,71600.0,L300,lane_0,594504.5572242313,4134415.444586958,300.0,50.0,True,BS16,-93.42100476298495,5.703769421184796,False,False
1433.0,UAM01,sf_sj_real,71650.0,L300,lane_0,594546.6879990192,4134388.518803482,300.0,50.0,True,BS16,-93.3162794468122,5.810790556817254,False,False
1434.0,UAM01,sf_sj_real,71700.0,L300,lane_0,594588.8413984991,4134361.628554301,300.0,50.0,True,BS16,-93.21556771394643,5.912727364089826,False,False
1435.0,UAM01,sf_sj_real,71750.0,L300,lane_0,594631.0637884418,4134334.846661397,300.0,50.0,True,BS16,-93.11956384091098,6.008906955779331,False,True
1436.0,UAM01,sf_sj_real,71800.0,L300,lane_0,594673.2861783846,4134308.0647684927,300.0,50.0,True,BS16,-93.02801444495122,6.099555869683915,False,False
1437.0,UAM01,sf_sj_real,71850.0,L300,lane_0,594715.5085683273,4134281.2828755886,300.0,50.0,True,BS16,-92.94121756176798,6.1843769993066475,False,False
1438.0,UAM01,sf_sj_real,71900.0,L300,lane_0,594757.73095827,4134254.5009826845,300.0,50.0,True,BS16,-92.85946869829728,6.263075671375194,False,False
1439.0,UAM01,sf_sj_real,71950.0,L300,lane_0,594799.9657983644,4134227.739045273,300.0,50.0,True,BS16,-92.78317139309719,6.33525499444522,False,False
1440.0,UAM01,sf_sj_real,72000.0,L300,lane_0,594842.5829501845,4134201.5898890584,300.0,50.0,True,BS16,-92.7160257439491,6.397395728315221,False,True
1441.0,UAM01,sf_sj_real,72050.0,L300,lane_0,594885.2001020046,4134175.4407328437,300.0,50.0,True,BS16,-92.65486850874471,6.452485067046643,False,False
1442.0,UAM01,sf_sj_real,72100.0,L300,lane_0,594927.8172538247,4134149.291576629,300.0,50.0,True,BS16,-92.59994419967349,6.500279296904008,False,False
1443.0,UAM01,sf_sj_real,72150.0,L300,lane_0,594970.4344056448,4134123.1424204144,300.0,50.0,True,BS16,-92.55147877745692,6.540553185864053,False,False
1444.0,UAM01,sf_sj_real,72200.0,L300,lane_0,595013.0515574649,4134096.9932641992,300.0,50.0,True,BS16,-92.50967676031273,6.573102877819462,False,False
1445.0,UAM01,sf_sj_real,72250.0,L300,lane_0,595055.668709285,4134070.8441079846,300.0,50.0,True,BS16,-92.47471849513144,6.597748624330409,False,True
1446.0,UAM01,sf_sj_real,72300.0,L300,lane_0,595098.2222934983,4134044.59165882,300.0,50.0,True,BS16,-92.44612983219676,6.61492881717468,False,False
1447.0,UAM01,sf_sj_real,72350.0,L300,lane_0,595140.7698993625,4134018.329495253,300.0,50.0,True,BS16,-92.42459853735245,6.623987177288862,False,False
1448.0,UAM01,sf_sj_real,72400.0,L300,lane_0,595183.3175052266,4133992.0673316857,300.0,50.0,True,BS16,-92.41028054501894,6.62477146339346,False,False
1449.0,UAM01,sf_sj_real,72450.0,L300,lane_0,595225.8369247966,4133965.7595960298,300.0,50.0,True,BS16,-92.40296123272668,6.617479395888369,False,False
1450.0,UAM01,sf_sj_real,72500.0,L300,lane_0,595268.3366710908,4133939.42005228,300.0,50.0,True,BS16,-92.40275736610243,6.601998533294924,False,True
1451.0,UAM01,sf_sj_real,72550.0,L300,lane_0,595310.8364173851,4133913.080508531,300.0,50.0,True,BS16,-92.4098649121861,6.578144790165292,False,False
1452.0,UAM01,sf_sj_real,72600.0,L300,lane_0,595353.3361636794,4133886.7409647815,300.0,50.0,True,BS16,-92.42425131919302,6.545950821631509,False,False
1453.0,UAM01,sf_sj_real,72650.0,L300,lane_0,595395.8359099737,4133860.4014210324,300.0,50.0,True,BS16,-92.44585104326804,6.505482223321092,False,False
1454.0,UAM01,sf_sj_real,72700.0,L300,lane_0,595438.3800542762,4133834.1337221754,300.0,50.0,True,BS16,-92.47500098037898,6.456432659906995,False,False
1455.0,UAM01,sf_sj_real,72750.0,L300,lane_0,595480.9477413733,4133807.9041202874,300.0,50.0,True,BS16,-92.51136069811177,6.399130002990936,False,True
1456.0,UAM01,sf_sj_real,72800.0,L300,lane_0,595523.5154284704,4133781.6745183994,300.0,50.0,True,BS16,-92.55453892922795,6.333949661883048,False,False
1457.0,UAM01,sf_sj_real,72850.0,L300,lane_0,595566.0831155677,4133755.4449165114,300.0,50.0,True,BS16,-92.60434992564548,6.261077304357827,False,False
1458.0,UAM01,sf_sj_real,72900.0,L300,lane_0,595608.6508026648,4133729.215314624,300.0,50.0,True,BS16,-92.66058423771705,6.18072225097253,False,False
1459.0,UAM01,sf_sj_real,72950.0,L300,lane_0,595651.218489762,4133702.985712736,300.0,50.0,True,BS16,-92.72301149028752,6.093114698546262,False,False
1460.0,UAM01,sf_sj_real,73000.0,L300,lane_0,595693.818844335,4133676.809202944,300.0,50.0,True,BS16,-92.79168330406235,5.998228817340317,False,True
1461.0,UAM01,sf_sj_real,73050.0,L300,lane_0,595736.4202527301,4133650.6344058528,300.0,50.0,True,BS16,-92.86603658654296,5.896603480473787,False,False
1462.0,UAM01,sf_sj_real,73100.0,L300,lane_0,595779.0216611254,4133624.459608762,300.0,50.0,True,BS16,-92.94578535597735,5.788523556522734,False,False
1463.0,UAM01,sf_sj_real,73150.0,L300,lane_0,595821.6230695205,4133598.284811671,300.0,50.0,True,BS16,-93.03064454823962,5.674273764070438,False,False
1464.0,UAM01,sf_sj_real,73200.0,L300,lane_0,595864.2722048963,4133572.18869213,300.0,50.0,True,BS16,-93.12073540016131,5.553774950335939,False,False
1465.0,UAM01,sf_sj_real,73250.0,L300,lane_0,595907.168184238,4133546.4994929153,300.0,50.0,True,BS16,-93.21742527169681,5.425843646476064,False,True
1466.0,UAM01,sf_sj_real,73300.0,L300,lane_0,595950.0641635797,4133520.8102937,300.0,50.0,True,BS16,-93.31824148759291,5.292737676290864,False,False
1467.0,UAM01,sf_sj_real,73350.0,L300,lane_0,595992.9601429214,4133495.121094485,300.0,50.0,True,BS16,-93.42288754060348,5.154753347657318,False,False
1468.0,UAM01,sf_sj_real,73400.0,L300,lane_0,596035.8561222631,4133469.43189527,300.0,50.0,True,BS16,-93.53107137783383,5.0121824624365185,False,False
1469.0,UAM01,sf_sj_real,73450.0,L300,lane_0,596078.4395606589,4133443.236918952,300.0,50.0,True,BS16,-93.6401056310929,4.867407769748114,False,False
1470.0,UAM01,sf_sj_real,73500.0,L300,lane_0,596120.6039197558,4133416.363757211,300.0,50.0,True,BS16,-93.7490788557847,4.721213440511559,False,True
1471.0,UAM01,sf_sj_real,73550.0,L300,lane_0,596162.7682788526,4133389.49059547,300.0,50.0,True,BS16,-93.86101664338845,4.570971401594019,False,False
1472.0,UAM01,sf_sj_real,73600.0,L300,lane_0,596204.9326379495,4133362.617433729,300.0,50.0,True,BS16,-93.97565851030672,4.416940631358092,False,False
1473.0,UAM01,sf_sj_real,73650.0,L300,lane_0,596247.0969970463,4133335.7442719885,300.0,50.0,True,BS16,-94.09275301750336,4.259370967453889,False,False
1474.0,UAM01,sf_sj_real,73700.0,L300,lane_0,596290.0528094624,4133310.4666252965,300.0,50.0,True,BS16,-94.21799431563214,4.093719411875149,False,False
1475.0,UAM01,sf_sj_real,73750.0,L300,lane_0,596336.9605051707,4133293.1557014813,300.0,50.0,True,BS16,-94.37366778685255,3.9024903396119877,False,True
1476.0,UAM01,sf_sj_real,73800.0,L300,lane_0,596384.0831001753,4133276.4677891964,300.0,50.0,True,BS16,-94.53093760626916,3.7094133848540114,False,False
1477.0,UAM01,sf_sj_real,73850.0,L300,lane_0,596431.6879282814,4133261.1779121207,300.0,50.0,True,BS16,-94.69167947544621,3.513306274818497,False,False
1478.0,UAM01,sf_sj_real,73900.0,L300,lane_0,596475.7994373792,4133238.1707127914,300.0,50.0,True,BS16,-94.82730966734292,3.335371968983844,False,False
1479.0,UAM01,sf_sj_real,73950.0,L300,lane_0,596518.5256231263,4133212.2247435306,300.0,50.0,True,BS16,-94.95426315344038,3.162749478309635,False,False
1480.0,UAM01,sf_sj_real,74000.0,L300,lane_0,596558.2000794935,4133181.8606501943,300.0,50.0,True,BS16,-95.06507021418557,3.001955225250801,False,True
1481.0,UAM01,sf_sj_real,74050.0,L300,lane_0,596594.5170345026,4133147.712855064,300.0,50.0,True,BS16,-95.1604184680007,2.8529267219736587,False,False
1482.0,UAM01,sf_sj_real,74100.0,L300,lane_0,596625.8929373357,4133108.7827546094,300.0,50.0,True,BS16,-95.23418130535758,2.721321374492454,False,False
1483.0,UAM01,sf_sj_real,74150.0,L300,lane_0,596657.2688401688,4133069.8526541544,300.0,50.0,True,BS16,-95.31080475801002,2.5854505616580226,False,False
1484.0,UAM01,sf_sj_real,74200.0,L300,lane_0,596685.0762746155,4133028.4065864305,300.0,50.0,True,BS16,-95.37447377535808,2.4600808894469033,False,False
1485.0,UAM01,sf_sj_real,74250.0,L300,lane_0,596707.3174254947,4132983.8496640394,300.0,50.0,True,BS16,-95.41774133473714,2.3530207438956205,False,True
1486.0,UAM01,sf_sj_real,74300.0,L300,lane_0,596725.4260582898,4132937.244112672,300.0,50.0,True,BS16,-95.44741061005374,2.258000292491553,False,False
1487.0,UAM01,sf_sj_real,74350.0,L300,lane_0,596743.6198197341,4132890.6767983753,300.0,50.0,True,BS16,-95.48108512056919,2.157595629782408,False,False
1488.0,UAM01,sf_sj_real,74400.0,L300,lane_0,596766.4300767973,4132846.1830665395,300.0,50.0,True,BS16,-95.53688182123763,2.0334911605693113,False,False
1489.0,UAM01,sf_sj_real,74450.0,L300,lane_0,596794.0679995896,4132804.833338589,300.0,50.0,True,BS16,-95.61546664038958,1.886126561527188,False,False
1490.0,UAM01,sf_sj_real,74500.0,L300,lane_0,596825.5378490639,4132765.9791422384,300.0,50.0,True,BS16,-95.71175567174565,1.72034215684522,False,True
1491.0,UAM01,sf_sj_real,74550.0,L300,lane_0,596859.4268187113,4132729.272239237,300.0,50.0,True,BS16,-95.81947076246823,1.5428595358580117,False,False
1492.0,UAM01,sf_sj_real,74600.0,L300,lane_0,596894.2732179733,4132693.415183328,300.0,50.0,True,BS16,-95.93207304221896,1.3594755177559619,False,False
1493.0,UAM01,sf_sj_real,74650.0,L300,lane_0,596929.1196172354,4132657.558127419,300.0,50.0,True,BS16,-96.04549661188831,1.1737407488120497,False,False
1494.0,UAM01,sf_sj_real,74700.0,L300,lane_0,596963.9660164973,4132621.7010715096,300.0,50.0,True,BS16,-96.15962331691088,0.9857539141564333,False,False
1495.0,UAM01,sf_sj_real,74750.0,L300,lane_0,596998.8124157593,4132585.8440156006,300.0,50.0,True,BS16,-96.27434169344042,0.7956061058356385,False,True
1496.0,UAM01,sf_sj_real,74800.0,L300,lane_0,597032.6141925087,4132549.0456690504,300.0,50.0,True,BS16,-96.3857921077743,0.6065131212994267,False,False
1497.0,UAM01,sf_sj_real,74850.0,L300,lane_0,597064.6611218804,4132510.6660609515,300.0,50.0,True,BS16,-96.491639754298,0.42032470740742095,False,False
1498.0,UAM01,sf_sj_real,74900.0,L300,lane_0,597096.7080512522,4132472.286452852,300.0,50.0,True,BS16,-96.59823413073215,0.2316937860898748,False,False
1499.0,UAM01,sf_sj_real,74950.0,L300,lane_0,597120.312150993,4132428.375783691,300.0,50.0,True,BS16,-96.67714244094869,0.06700386823146257,False,False
1500.0,UAM01,sf_sj_real,75000.0,L300,lane_0,597136.0570842995,4132381.3934871815,300.0,50.0,True,BS16,-96.73163307815958,-0.0735666063513336,False,True
1501.0,UAM01,sf_sj_real,75050.0,L300,lane_0,597143.8751628841,4132332.050264476,300.0,50.0,True,BS16,-96.76228320108362,-0.18911078359600095,False,False
1502.0,UAM01,sf_sj_real,75100.0,L300,lane_0,597149.5673658594,4132282.375332918,300.0,50.0,True,BS16,-96.78865401848353,-0.3004293892072586,False,False
1503.0,UAM01,sf_sj_real,75150.0,L300,lane_0,597155.2595688348,4132232.70040136,300.0,50.0,True,BS16,-96.8177846333484,-0.41575047507498103,False,False
1504.0,UAM01,sf_sj_real,75200.0,L300,lane_0,597160.1127709401,4132182.9578150064,300.0,50.0,True,BS16,-96.84688174815629,-0.5316341717443336,False,False
1505.0,UAM01,sf_sj_real,75250.0,L300,lane_0,597162.4536677722,4132133.0126430476,300.0,50.0,True,BS16,-96.87050434257941,-0.641234520092336,False,True
1506.0,UAM01,sf_sj_real,75300.0,L300,lane_0,597164.7945646045,4132083.0674710884,300.0,50.0,True,BS16,-96.89686756913434,-0.754644948899784,False,False
1507.0,UAM01,sf_sj_real,75350.0,L300,lane_0,597167.1354614367,4132033.122299129,300.0,50.0,True,BS16,-96.92592564564457,-0.8718144356936851,False,False
1508.0,UAM01,sf_sj_real,75400.0,L300,lane_0,597169.4763582689,4131983.1771271704,300.0,50.0,True,BS16,-96.95762879165946,-0.992686828139342,False,False
1508.46232340905,UAM01,sf_sj_real,75423.1161704525,L300,lane_0,597170.5586096726,4131960.0863050045,300.0,50.0,True,BS16,-96.97316530564682,-1.0498039031682755,False,False
