corridor_distance_km,time_at_50_mps_s,serving_site_id,serving_site_index_zero_based,serving_rx_full_carrier_dbm,serving_rsrp_centerline_dbm_per_re,serving_rsrp_cross_section_p05_dbm_per_re,serving_rsrp_cross_section_median_dbm_per_re,serving_rsrp_cross_section_p95_dbm_per_re,aggregate_interference_full_carrier_dbm,sinr_centerline_db,sinr_cross_section_p05_db,sinr_cross_section_median_db,sinr_cross_section_p95_db,noise_fraction_centerline
0.0,0.0,BS01,0,-64.5788269300449,-89.35003947724152,-91.67925698207203,-89.35003947724152,-87.03352551589542,-73.2712269607479,8.680803527475614,7.04157079550978,8.680803527475614,10.22599777103602,0.002666631750370691
0.03771155808522625,0.754231161704525,BS01,0,-64.39737691604708,-89.1685894632437,-91.56864362281866,-89.1685894632437,-86.73524869085534,-73.23124208329536,8.822374800924099,7.118283446471776,8.822374800924099,10.475576369041026,0.0026422576970336
0.0754231161704525,1.50846232340905,BS01,0,-64.21727533259732,-88.98848787979395,-91.46048070153651,-88.98848787979395,-86.43164882578881,-73.1914724855371,8.96281138973545,7.192759402992829,8.96281138973545,10.730580811363794,0.002618235290072552
0.11313467425567876,2.262693485113575,BS01,0,-64.03895444317101,-88.81016699036763,-91.35499773284027,-88.81016699036763,-86.12295820737458,-73.15192798954145,9.10169085123661,7.264776599193364,9.10169085123661,10.990784286959189,0.002594564845673543
0.150846232340905,3.0169246468181,BS01,0,-63.86288789717513,-88.63410044437175,-91.2524313271454,-88.63410044437175,-85.80950955516685,-73.1126185277125,9.238549467350326,7.334105924665696,9.238549467350326,11.255859610593255,0.0025712466356642284
0.18855779042613124,3.771155808522625,BS01,0,-63.689591830099076,-88.4608043772957,-91.15302425476105,-88.4608043772957,-85.49175846699885,-73.07355413659428,9.372881138251866,7.400512155892639,9.372881138251866,11.525356991815425,0.002548280886748804
0.22626934851135752,4.52538697022715,BS01,0,-63.524185859687535,-88.29539840688416,-91.10890522864098,-88.29539840688416,-85.00490055450108,-73.03590819237434,9.500736683347252,7.4296257462634,9.500736683347252,11.949876522176865,0.0025263426520922244
0.26398090659658374,5.279618131931675,BS01,0,-63.36977390177094,-88.14098644896757,-91.02383646276073,-88.14098644896757,-84.69232354985796,-73.00022687294982,9.619557096713262,7.484681577033969,9.619557096713262,12.220330102828523,0.0025057232334459263
0.30169246468181,6.0338492936362,BS01,0,-63.22069408365513,-87.99190663085176,-90.94287861649268,-87.99190663085176,-84.38022300174049,-72.96486911443549,9.733367394292934,7.535919126885526,9.733367394292934,12.490733649603493,0.002485456392379325
0.3394040227670363,6.788080455340726,BS01,0,-63.07762135227135,-87.84883389946798,-90.86626982394077,-87.84883389946798,-84.07017168513532,-72.92984504322716,9.841502756062674,7.583107646661757,9.841502756062674,12.759527239484614,0.0024655420328490055
0.3771155808522625,7.54231161704525,BS01,0,-62.94125407509648,-87.7124666222931,-90.79424448735793,-87.7124666222931,-83.7640493494692,-72.89516480348611,9.943274959428226,7.626020110100346,9.943274959428226,13.02484105895809,0.0024459800102810507
0.4148271389374888,8.296542778749775,BS01,0,-62.81230713417614,-87.58351968137276,-90.72703130295045,-87.58351968137276,-83.46407136604165,-72.86083854767296,10.037979275737158,7.664435182198831,10.037979275737158,13.284465851404986,0.0024267701312177103
0.45253869702271504,9.0507739404543,BS01,0,-62.6915035397374,-87.46271608693402,-90.66485119856749,-87.46271608693402,-83.1728086068873,-72.82687642680115,10.12490284692079,7.698139275586722,10.12490284692079,13.535832068182089,0.002407912153009192
0.49025025510794124,9.805005102158825,BS01,0,-62.57956460132877,-87.3507771485254,-90.6079152140371,-87.3507771485254,-82.89319265886347,-72.79328858044968,10.203334504368158,7.726928664172137,10.203334504368158,13.776003712885611,0.002389405783566037
0.5279618131931675,10.55923626386335,BS01,0,-62.47719877906253,-87.24841132625916,-90.55642235963887,-87.24841132625916,-82.62849926736389,-72.76008512654836,10.27257590746956,7.7506116185775475,10.27257590746956,14.001694132968037,0.0023712506811711465
0.5656733712783938,11.313467425567875,BS01,0,-62.327375430544606,-87.09858797774123,-90.31556263690591,-87.09858797774123,-83.10100507724782,-72.71516031998436,10.377580429609992,7.868994818950321,10.377580429609992,13.583946061601264,0.0023469054096160896
0.60338492936362,12.0676985872724,BS01,0,-62.17794159571416,-86.94915414291079,-90.23993914457886,-86.94915414291079,-82.74862025398252,-72.66883446275213,10.480796553149201,7.905368276905952,10.480796553149201,13.879368814825872,0.0023220620186581967
0.6410964874488463,12.821929748976924,BS01,0,-61.98611514016116,-86.75732768735779,-89.72270951343035,-86.75732768735779,-84.06890098410825,-72.61326159853292,10.617178367894232,8.173275175917611,10.617178367894232,12.809710829613259,0.0022926056100776642
0.6788080455340726,13.576160910681452,BS01,0,-61.74907716357018,-86.5202897107668,-89.59675230168455,-86.5202897107668,-83.64463403846572,-72.54849413665956,10.789596269635847,8.242223013392966,10.789596269635847,13.15939766817167,0.0022587457235197276
0.7165196036192988,14.330392072385976,BS01,0,-61.48178317915972,-86.25299572635635,-88.89638785655012,-86.25299572635635,-84.7853234217723,-72.47882393422316,10.987376166155116,8.64373342097917,10.987376166155116,12.232191363760112,0.002222879570886123
0.754231161704525,15.0846232340905,BS01,0,-61.17180035534531,-85.94301290254194,-88.72060174455729,-85.94301290254194,-84.3587499096661,-72.40297236436493,11.22167456835087,8.749412312591984,11.22167456835087,12.577131251933366,0.002184477080053165
0.7919427197897513,15.838854395795027,BS01,0,-60.830539991275145,-85.60175253847177,-88.00428240929402,-85.61856956480007,-84.87176607215962,-72.32438584788538,11.484518545837402,9.196742034462009,11.467326862163214,12.190446101864431,0.0021453880325944365
0.8296542778749776,16.59308555749955,BS01,0,-60.453584323267435,-85.22479687046406,-87.13494526318681,-85.56374321906065,-84.98379382642945,-72.2496268816839,11.786874264991326,10.38491579530059,11.361445566861509,11.91829839927667,0.0021088508198515007
0.8673658359602038,17.347316719204073,BS01,0,-60.0543597212709,-84.82557226846752,-86.87101412964438,-85.19295245906534,-84.56297393992425,-72.17799138445454,12.114613201828178,10.585623617328146,11.675325712135256,12.25938649619414,0.0020744228725448253
0.9050773940454301,18.1015478809086,BS01,0,-59.64092570693745,-84.41213825413408,-86.60567141198521,-84.81137742638457,-84.12507200040868,-72.10581557198411,12.456019892117762,10.78740894949439,11.975030382428358,12.620954597850346,0.002040302491518436
0.9427889521306563,18.855779042613126,BS01,0,-59.21260311197431,-83.98381565917094,-86.33955140584409,-84.41884741010796,-83.66891259899684,-72.03309361049601,12.811767667532585,10.989637421251553,12.277049605808209,13.003981688085233,0.002006490361866814
0.9805005102158825,19.61001020431765,BS01,0,-58.76874482566899,-83.53995737286562,-86.07341092539237,-84.01530368849454,-83.19325127220928,-71.95981962202373,13.182497758022722,11.191551685138432,12.604486169948078,13.40384843377845,0.0019729871575111385
1.0182120683011087,20.364241366022174,BS01,0,-58.30877236783306,-83.07998491502968,-85.80814450385691,-83.60084497775023,-82.69678945317811,-71.88598768807826,13.568782722537858,11.39225602529934,12.959026624818033,13.823806240890992,0.0019397935415599644
1.055923626386335,21.1184725277267,BS01,0,-57.83222923200105,-82.60344177919768,-85.54479955251733,-83.17578730950649,-82.17820265897399,-71.8115918538705,13.971073110048948,11.590700971919905,13.315280318144797,14.265156233780417,0.0019069101667359945
1.0936351844715615,21.872703689431226,BS01,0,-57.34141795222605,-82.11263049942268,-85.64628072553349,-82.52570800752925,-81.34665864328153,-71.73736763006525,14.387800504570372,11.518893621746495,13.771907961946745,14.9119166781404,0.001874657120089908
1.1313467425567876,22.62693485113575,BS01,0,-56.85191203532762,-81.62312458252424,-85.4188949220431,-82.07871082066771,-80.76662159050144,-71.6672352128828,14.807304424609606,11.68622202068993,14.156498913160876,15.413239540893171,0.0018446825774888047
1.1690583006420139,23.381166012840275,BS01,0,-56.350807903624535,-81.12202045082117,-85.19898220820167,-81.62542331490309,-80.16057981303942,-71.59669715901396,15.237999573672415,11.845870465363808,14.51475504503474,15.939089526399462,0.0018150172114883552
1.20676985872724,24.1353971745448,BS01,0,-55.84028814727102,-80.61150069446765,-84.98814689652568,-81.16848869216807,-79.52834094236121,-71.52575362198004,15.67770351261351,11.996239516518772,14.924718957211219,16.489447650909504,0.0017856616271700078
1.2444814168124663,24.889628336249324,BS01,0,-55.32365664229554,-80.09486918949216,-84.7881106219265,-80.71152742978771,-78.87070821043342,-71.4544050074868,16.123112768584523,12.135612758441857,15.282736075930814,17.059953300512895,0.0017566164324510868
1.2821929748976926,25.643859497953848,BS01,0,-54.805692915149024,-79.57690546234565,-84.60068966611018,-80.25935989832078,-78.19009788792857,-71.38265199445198,16.569448491506787,12.262179492708874,15.676546710129692,17.650590402765076,0.0017278822395858796
1.3199045329829187,26.398090659658372,BS01,0,-54.293057001868966,-79.06426954906559,-84.42776260199342,-79.81822466328862,-77.49145325728718,-71.31049555762314,17.01005161751808,12.374067112755588,16.078155438463302,18.267127479254942,0.001699459666756041
1.3576160910681452,27.152321821362904,BS01,0,-53.76815668230551,-78.53936922950214,-83.98760473040024,-79.57425732416803,-77.22085336143736,-71.23414527202489,17.458730273714032,12.64565068461929,16.248456115180144,18.59416849568989,0.0016698931976346202
1.3953276491533713,27.906552983067428,BS01,0,-53.242567676917965,-78.01378022411458,-83.82578640793228,-79.15567418761465,-76.51527847499341,-71.15455920041897,17.904864899413298,12.738672852748294,16.558900162789698,19.219195566648647,0.0016396201904849456
1.4330392072385976,28.660784144771952,BS01,0,-52.74671907451296,-77.51793162170958,-83.68418256332663,-78.7696400043838,-75.82287234556242,-71.0743481226264,18.32063273462557,12.811110117647482,16.836361326250557,19.82399754657836,0.0016096638136096674
1.4707507653238239,29.415015306476477,BS01,0,-52.291885315812635,-77.06309786300926,-83.31338553935772,-78.6761876169719,-75.57724459207698,-70.99290778865407,18.69415603136505,12.959372014661053,16.958864183903444,20.02194249562987,0.0015798073670352172
1.50846232340905,30.169246468181,BS01,0,-51.83639579143999,-76.60760833863662,-83.19449931893291,-78.35572349273987,-74.9440120994586,-70.90438811027575,19.061264308060114,12.999324271304758,17.1774503951048,20.566791787986613,0.0015479823691548944
1.5461738814942763,30.923477629885525,BS01,0,-51.457407387183856,-76.22861993438048,-83.10183375488691,-78.09610176116759,-74.39768947348881,-70.81496501794317,19.35096663212753,13.012413420137374,17.33655100870266,21.02365752780509,0.0015164824963485185
1.5838854395795026,31.677708791590053,BS01,0,-51.17790321476649,-75.94911576196311,-83.03699113626301,-77.90883585872999,-73.9816904641118,-70.72462182266867,19.54026320009407,12.997030633561247,17.425715686750788,21.348652337472767,0.00148530841478415
1.6215969976647289,32.431939953294574,BS01,0,-51.009616335561645,-75.78082888275827,-82.93249263662716,-77.86199068506308,-73.87211184143906,-70.63280397790334,19.616867182914813,12.846856565089473,17.440996271090487,21.408345660700594,0.0014542810726455913
1.6593085557499552,33.1861711149991,BS01,0,-50.90424135167713,-75.67545389887376,-82.9091109931974,-77.79409494273675,-73.71410522304849,-70.53544143508415,19.625019643385244,12.780381694174592,17.41076543164704,21.466974085458208,0.0014220867811531217
1.6970201138351813,33.94040227670362,BS01,0,-50.935627073277146,-75.70683962047377,-82.91603323927754,-77.81426182638444,-73.7613498278146,-70.43690712711557,19.495238162721474,12.682652995208393,17.29448461013982,21.319064533814405,0.0013902295762150592
1.7347316719204076,34.69463343840815,BS01,0,-51.034677075638385,-75.80588962283501,-82.97106482726555,-77.80928558276324,-73.83844360630498,-70.33466730945547,19.29408882177923,12.339512404310018,17.260574187785515,21.22390018299416,0.0013579275195137316
1.7724432300056336,35.44886460011267,BS01,0,-51.25498532358856,-76.02619787078518,-83.02111833367742,-77.95526910358326,-74.16728376524826,-70.23085086720619,18.970103437385003,12.189469336377574,17.010958728671802,20.790963935023022,0.0013258942160691307
1.8101547880908602,36.2030957618172,BS01,0,-51.55961483398288,-76.3308273811795,-83.26665501481196,-78.08168708390161,-74.26435441973497,-70.12567855424282,18.560439388636073,11.588493446425051,16.869225342364235,20.665841413698605,0.0012942119998698963
1.8478663461760865,36.95732692352173,BS01,0,-51.9036855028048,-76.67489805000142,-83.35458643369181,-78.3106743550617,-74.77612412638746,-70.01915025516334,18.109976615901935,11.385743906963306,16.55231727432605,20.05079050108996,0.0012628919991960657
1.8855779042613126,37.71155808522625,BS01,0,-52.32652118896906,-77.09773373616568,-83.46257613512368,-78.61471587211975,-75.39282188546038,-69.91129087744297,17.579416091279484,11.167245498747755,16.154290887712715,19.3278820425139,0.0012319518328924013
1.9232894623465389,38.465789246930775,BS01,0,-52.80852176113672,-77.57973430833334,-83.59455873051795,-78.97032198831965,-76.06779706344923,-69.80202668511407,16.988284257846292,10.923191771741875,15.704253171162549,18.545359204069065,0.0012013805647464568
1.961001020431765,39.2200204086353,BS01,0,-53.317350978366456,-78.08856352556307,-83.85692821673528,-79.21706888213717,-76.60532031982116,-69.69188551035505,16.369444525486042,10.458964743585753,15.32596198000904,17.913406551028213,0.0011713307655553944
1.9987125785169912,39.974251570339824,BS01,0,-53.84457697133002,-78.61578951852664,-84.0207345394999,-79.63809823121157,-77.3109455292017,-69.58069918985974,15.73116079690081,10.180225103372447,14.817341784852813,17.104666287024948,0.001141757246912596
2.0364241366022173,40.72848273204435,BS01,0,-54.389934448023396,-79.16114699522002,-84.06646124544912,-80.23637274973433,-78.16082392471536,-69.46785997672796,15.073091284621423,10.098272902323675,14.127894000637527,16.12728185733032,0.0011125065414166614
2.074135694687444,41.48271389374888,BS01,0,-54.94980351093036,-79.72101605812699,-84.27460244458243,-80.68856137407897,-78.84229815720936,-69.35277297473486,14.39826157503937,9.771243569050398,13.578680645096096,15.332667869147203,0.0010834440991700344
2.11184725277267,42.2369450554534,BS01,0,-55.50388411454536,-80.27509666174198,-84.49588596447505,-81.14575072542225,-79.50095143211287,-69.23611060868691,13.727643321747031,9.42927099298381,13.00591714492483,14.559420165423226,0.0010547577949691267
2.1495588108578962,42.99117621715793,BS01,0,-56.03917988068353,-80.81039242788015,-84.8933709634919,-81.4913977512101,-79.99358453320531,-69.11862905714514,13.074988259366583,8.827951721765599,12.556428929760681,14.02417688329021,0.0010266367679199503
2.187270368943123,43.74540737886245,BS01,0,-56.55951407245885,-81.33072661965548,-85.121698401611,-81.94578021091152,-80.60497285186983,-68.99992156097463,12.436066792082554,8.475637012339947,12.006122375526774,13.298433022757104,0.0009989829739787935
2.224981927028349,44.49963854056698,BS01,0,-57.06697918180009,-81.83819172899672,-85.33249260085809,-82.38986858282951,-81.20449370174798,-68.87958979811175,11.808388480808471,8.149598609263355,11.41182313187642,12.566093696278267,0.0009717102105980435
2.262693485113575,45.2538697022715,BS01,0,-57.561238392878955,-82.33245094007557,-85.57672832549851,-82.83264131937557,-81.76490003965904,-68.7574291483393,11.192085672334278,7.777676124404989,10.854876432448544,11.889496787624267,0.0009447837316996707
2.300405043198801,46.008100863976026,BS01,0,-58.03797817749071,-82.80919072468734,-85.96987584598295,-83.16426995890102,-82.17496198312405,-68.63398985667024,10.592021579211035,7.191354107836714,10.431032801398922,11.408716632877246,0.0009183325450372171
2.3381166012840278,46.76233202568055,BS01,0,-58.495286176208175,-83.2664987234048,-86.21131864127865,-83.59023644220676,-82.69379985605697,-68.50977506599193,10.010611245903789,6.816645544756924,9.895590618692298,10.777512412046399,0.0008924620180635118
2.3758281593692536,47.516563187385074,BS01,0,-58.93836713308261,-83.70957968027923,-86.45561892193774,-84.00551091598108,-83.19048191957613,-68.38388397892116,9.441749943589153,6.436898289645584,9.344586010717276,10.166957014220213,0.0008669852475447168
2.41353971745448,48.2707943490896,BS01,0,-59.37042351556212,-84.14163606275875,-86.57238365251958,-84.48769149083722,-83.76396980811089,-68.25542619232857,8.881345515936044,6.24213229567463,8.738811699556333,9.409310567838343,0.0008417379407735867
2.4512512755397067,49.02502551079413,BS01,0,-59.789705832937166,-84.56091838013378,-86.82884489057055,-84.87884187587456,-84.2161608702259,-68.12467437897774,8.331419805073658,5.846882098269793,8.223085742534602,8.839188652493386,0.0008167940469207649
2.4889628336249325,49.77925667249865,BS01,0,-60.18981435774833,-84.96102690494496,-87.29986578932171,-85.12749305859334,-84.49296199699553,-67.99383627442735,7.800578451036878,5.124323233511175,7.7668109883447745,8.574066269668066,0.000792573013538058
2.526674391710159,50.53348783420318,BS01,0,-60.572465410301504,-85.34367795749813,-87.7040284878301,-85.3946828538977,-84.75064342194004,-67.86284170869298,7.287035106553136,4.474145872322245,7.287035106553136,8.321587118895561,0.0007690419874932281
2.564385949795385,51.287718995907696,BS01,0,-60.939554273877704,-85.71076682107433,-87.93133852105977,-85.75801782917716,-85.16420750090059,-67.7319961980747,6.789199858450563,4.098612117404616,6.789199858450563,7.807759775651924,0.0007462346541475701
2.6020975078806114,52.04195015761223,BS01,0,-61.29614035248585,-86.06735289968248,-88.15845258104936,-86.11122093438348,-85.5622618794265,-67.5995454987664,6.300260428937347,3.7207686141069516,6.300260428937347,7.30539499562255,0.0007238358319756154
2.6398090659658373,52.796181319316744,BS01,0,-61.64255166012215,-86.41376420731878,-88.38491856404951,-86.45457690717042,-85.94579345102885,-67.4654732273307,5.819872414555411,3.340995557126034,5.819872414555411,6.810805500981422,0.0007018469346785065
2.6775206240510636,53.550412481021276,BS01,0,-61.97914120160017,-86.7503537487968,-88.6103481833616,-86.78840090099446,-86.31571534000567,-67.32976448622256,5.347667906985939,2.9596070289638847,5.347667906985939,6.325003657544255,0.0006802693607948972
2.7152321821362904,54.30464364272581,BS01,0,-62.306274849157234,-87.07748739635386,-88.83441034578163,-87.1130257182947,-86.67287074298063,-67.19240611462156,4.883267867281655,2.5768576259340117,4.883267867281655,5.8609033973996665,0.0006591044922170994
2.7529437402215162,55.058874804430324,BS01,0,-62.624322535514764,-87.39553508271139,-89.05682489324289,-87.42879240640455,-87.01803746786872,-67.05338696877816,4.426291213159965,2.1929487391707223,4.426291213159965,5.416885977471852,0.000638353692505952
2.7906552983067425,55.813105966134856,BS01,0,-62.93365193631196,-87.70486448350859,-89.27735678081655,-87.73604340023317,-87.35193273317697,-66.91269823485156,3.976361449415488,1.8080344242656579,3.976361449415488,4.972028655498627,0.0006180183049776857
2.828366856391969,56.56733712783937,BS01,0,-63.234624015950146,-88.00583656314677,-89.49581072738204,-88.03511758863716,-87.67521795860095,-66.77033377736343,3.533111470538876,1.4222268288852382,3.533111470538876,4.538088840966322,0.0005980996505234692
2.866078414477195,57.321568289543904,BS01,0,-63.52758996388404,-88.29880251108067,-89.71202634949157,-88.32634682974505,-87.98850338671618,-66.62629052667893,3.0961870119172,1.035601174753023,3.0961870119172,4.1176480328472795,0.0005785990251322463
2.9037899725624214,58.07579945124843,BS01,0,-63.812889164862256,-88.58410171205888,-89.92587377099431,-88.61005355450777,-88.29235244630819,-66.48056890899528,2.6652491095944466,0.6482003095788631,2.6652491095944466,3.7036563062552896,0.0005595176970675565
2.9415015306476477,58.83003061295295,BS01,0,-64.08912458471792,-88.86033713191455,-90.20951652252026,-88.86669339230636,-88.51891282657175,-66.33514751616136,2.2436723163153474,0.12424162903663606,2.2436723163153474,3.4454154373839647,0.0005411026864418839
2.979213088732874,59.58426177465748,BS01,0,-64.35825372992296,-89.12946627711959,-90.4138223502348,-89.13547457165691,-88.8073905567331,-66.18854423594038,1.8280178950438344,-0.25964189181164504,1.8280178950438344,3.0470041522095985,0.0005231511236994174
3.0169246468181,60.338492936362,BS01,0,-64.6208495938688,-89.39206214106542,-90.6158019683333,-89.3977492751063,-89.08777390662482,-66.04047119925018,1.4174251539521523,-0.6444668061737084,1.4174251539521523,2.6575173226956474,0.0005056237610424041
3.054636204903326,61.092724098066526,BS01,0,-64.87717415987429,-89.64838670707091,-90.74382960940649,-89.65377690522202,-89.36048444204307,-65.89095990895868,1.0116636083053763,-1.0089290610102357,1.0116636083053763,2.277881818102875,0.0004885216067408621
3.0923477629885525,61.84695525977105,BS01,0,-65.1274784360539,-89.89869098325053,-90.73500755777889,-89.90380617948146,-89.62591337178267,-65.74004882972262,0.6105207106357606,-0.9457980582257481,0.6105207106357606,1.9041034566125208,0.00047184560553899593
3.130059321073779,62.601186421475575,BS01,0,-65.37200241567731,-90.14321496287394,-90.718546797648,-90.14807505435378,-89.88442419074875,-65.58778412093548,0.2138026233644056,-1.0753470833896763,0.2138026233644056,1.532450029515807,0.0004555966309604007
3.167770879159005,63.355417583180106,BS01,0,-65.61097519705058,-90.3821877442472,-90.77279057592044,-90.29542026831699,-90.12102853836453,-65.43422042012702,-0.1786651176425019,-1.0403168275024202,-0.010794064671966318,1.1708870736924208,0.0004397754766016472
3.2054824372442314,64.10964874488462,BS01,0,-65.84461521746275,-90.61582776465937,-90.82470476195287,-90.48367882823612,-89.94913327932173,-65.27942167482382,-0.5670370051170673,-1.165301256622919,-0.15542132546503118,0.8091469232871447,0.0004243828462826101
3.2431939953294577,64.86387990658915,BS01,0,-66.07313056669756,-90.84434311389418,-90.93071794832791,-90.6781116995123,-89.71767402105057,-65.12346201899379,-0.9514469974085239,-1.1696507417770972,-0.23359050755929947,0.5482135860948333,0.00040941934289893646
3.2809055534146836,65.61811106829367,BS01,0,-66.2967193538797,-91.06793190107632,-91.04572955749987,-90.86687117860791,-89.48210384104476,-64.96642668793056,-1.3320079703902268,-1.289223955747246,-0.30596692099344636,0.7768135504092308,0.00039488545580820226
3.3186171114999103,66.3723422299982,BS02,1,-66.23714080917637,-91.008353356373,-91.2161315771038,-91.008353356373,-89.22253031442223,-65.00706074382168,-1.2318114908631488,-1.3266099823367745,-0.4742107815524002,1.127323054990575,0.00039859599604173836
3.356328669585136,67.12657339170272,BS02,1,-66.07102906252648,-90.8422416097231,-91.4074422508252,-90.8422416097231,-88.97917898101868,-65.11496745322894,-0.9578365845603818,-1.4534287976404523,-0.5857289910163381,1.4472259951443145,0.00040861965030855975
3.3940402276703625,67.88080455340724,BS02,1,-65.90491073975122,-90.67612328694784,-91.61415905326952,-90.67612328694784,-88.73174672362461,-65.21309363273134,-0.6936326347849773,-1.5113931133487377,-0.6936326347849773,1.7635853604082417,0.00041795334993971744
3.431751785755589,68.63503571511178,BS02,1,-65.73899676267003,-90.51020930986665,-91.81755463044577,-90.51020930986665,-88.48026547371022,-65.30144998922378,-0.439399608101792,-1.651554101561184,-0.439399608101792,2.0762765327072086,0.0004265399517226254
3.469463343840815,69.3892668768163,BS02,1,-65.57352041117633,-90.34473295837296,-92.01874011346078,-90.34473295837296,-88.22479729138635,-65.38004261740659,-0.19536445635298627,-1.7249823526784476,-0.19536445635298627,2.3851506676232694,0.00043432576721184673
3.5071749019260414,70.14349803852083,BS02,1,-65.40873874245224,-90.17995128964887,-92.20257529106351,-90.17995128964887,-87.96544062624565,-65.44887374039675,0.03821820217573832,-1.8755931122288367,0.03821820217573832,2.690028160479085,0.0004412611519969328
3.5448864600112673,70.89772920022534,BS02,1,-65.2449339428962,-90.01614649009282,-92.2459745495748,-90.01614649009282,-87.70233765442228,-65.50794239071807,0.26106540937159023,-1.898324087825747,0.26106540937159023,2.9906910491723804,0.0004473010681113426
3.582598018096494,71.65196036192988,BS02,1,-65.08241456758199,-89.85362711477862,-92.1447181553525,-89.85362711477862,-87.43568283474673,-65.55724502022298,0.4728652354760814,-1.7359353243846833,0.4728652354760814,3.286874187412964,0.00045240560854558536
3.6203095761817203,72.4061915236344,BS02,1,-64.92151661341538,-89.692729160612,-92.04575629256074,-89.692729160612,-87.16573282747957,-65.59677602857901,0.673276232345049,-1.5851434507315463,0.673276232345049,3.5782550210736974,0.00045654047314678636
3.658021134266946,73.16042268533893,BS02,1,-64.76260436301364,-89.53381691021026,-91.9492798307658,-89.53381691021026,-86.89281790908625,-65.62652820106592,0.8619270255510338,-1.44610208162581,0.8619270255510338,3.864441809865166,0.00045967738585100124
3.695732692352173,73.91465384704345,BS02,1,-64.60433598915095,-89.37554853634758,-91.84230744219182,-89.37554853634758,-86.65165055868577,-65.64658394444555,1.040241902311598,-1.3024779038980365,1.040241902311598,4.112024539838461,0.000461804105087585
3.733444250437399,74.66888500874798,BS02,1,-64.44818976578273,-89.21940231297935,-91.74975162596851,-89.21940231297935,-86.37192423664874,-65.65684720546753,1.2066466414835484,-1.1872098605839627,1.2066466414835484,4.390122462438914,0.0004628962267875905
3.771155808522625,75.4231161704525,BS02,1,-64.29514245046494,-89.06635499766156,-91.66023172773893,-89.06635499766156,-86.0904217811861,-65.65727700899593,1.3601235613654818,-1.084147403408018,1.3601235613654818,4.661673181039809,0.00046294201879649294
3.808867366607851,76.17734733215703,BS02,1,-64.14567126529558,-88.9168838124922,-91.57395555647379,-88.9168838124922,-85.80786826520752,-65.64786332706082,1.500185417871103,-0.9934627152099706,1.500185417871103,4.925908899882033,0.00046194010456175757
3.8465789246930777,76.93157849386155,BS02,1,-64.00028124242235,-88.77149378961897,-91.4911325326642,-88.77149378961897,-85.52514036444914,-65.62859491497498,1.6263159098037518,-0.915328178997799,1.6263159098037518,5.181911231338004,0.0004598960878503734
3.884290482778304,77.68580965556608,BS02,1,-63.85950319221358,-88.6307157394102,-91.41197247306052,-88.6307157394102,-85.2432867922467,-65.59945908122916,1.7379714808965776,-0.8499149656309338,1.7379714808965776,5.428589549742608,0.0004568224801457931
3.92200204086353,78.4400408172706,BS02,1,-63.723890832231916,-88.49510337942854,-91.33668425900389,-88.49510337942854,-84.96354882980636,-65.56044133210872,1.8345838361504765,-0.7973915804224715,1.8345838361504765,5.6646590298138175,0.0004527385408814316
3.9597135989487566,79.19427197897512,BS02,1,-63.594016996216595,-88.36522954341322,-91.26547439756919,-88.36522954341322,-84.68737968179357,-65.51152489109371,1.9155632533097653,-0.7579223715635957,1.9155632533097653,5.888619645797177,0.0004476700342758944
3.9974251570339825,79.94850314067965,BS02,1,-63.47046886323713,-88.24168141043376,-91.19854548837353,-88.24168141043376,-84.41646085441211,-65.45269009394472,1.9803027501904604,-0.7316660053673527,1.9803027501904604,6.098737966104154,0.00044164890839081135
4.035136715119209,80.70273430238417,BS02,1,-63.35398192112439,-88.12519446832101,-91.13670790097783,-88.12519446832101,-84.15063159218744,-65.38391292225148,2.0280426568218193,-0.7189138222796242,2.0280426568218193,6.294392331167311,0.0004347128297614168
4.072848273204435,81.4569654640887,BS02,1,-63.2450804060434,-88.01629295324003,-91.07903931944385,-88.01629295324003,-83.8965845743473,-65.30516721719972,2.0582323902760806,-0.7195398023046712,2.0582323902760806,6.470156289414061,0.0004269050376002302
4.110559831289661,82.21119662579324,BS02,1,-63.14429794730752,-87.91551049450415,-91.02622150561075,-87.91551049450415,-83.65431594399325,-65.21642029384162,2.070305427847412,-0.7338040120412084,2.070305427847412,6.62534144628043,0.00041827348755989744
4.148271389374888,82.96542778749776,BS02,1,-63.05221073681588,-87.8234232840125,-90.97842452248379,-87.8234232840125,-83.42642894391817,-65.1176324531649,2.063645651780774,-0.7618260757587498,2.063645651780774,6.757253319324849,0.0004088703696219448
4.185982947460114,83.71965894920227,BS02,1,-62.96937108895574,-87.74058363615237,-90.93580612694122,-87.74058363615237,-83.2156876465668,-65.00875630082774,2.037653110389411,-0.8037120863569889,2.037653110389411,6.863023960517205,0.00039875158278372685
4.22369450554534,84.4738901109068,BS02,1,-62.896297819628074,-87.6675103668247,-90.89851014342403,-87.6675103668247,-83.0249496244401,-64.88973544076978,1.9917523352374547,-0.8595530976002546,1.9917523352374547,6.939679696914825,0.00038797613784305734
4.261406063630567,85.22812127261133,BS02,1,-62.83346650058863,-87.60467904778525,-90.86666492593052,-87.60467904778525,-82.85707562538278,-64.76050305880942,1.925400673031975,-0.92942366526153,1.925400673031975,6.984233123809477,0.0003766055512816525
4.2991176217157925,85.98235243431586,BS02,1,-62.78129992490081,-87.55251247209743,-90.84038194091767,-87.55251247209743,-82.71481828890754,-64.62098039675004,1.8380962969059425,-1.0133804480066686,1.8380962969059425,6.993797427135191,0.00036470324050861137
4.336829179801018,86.73658359602037,BS02,1,-62.74015914869862,-87.51137169589525,-90.81975450262725,-87.51137169589525,-82.60069555337583,-64.47107511662652,1.7293855314839843,-1.1114608752609725,1.7293855314839843,6.965717276156551,0.000352333929972039
4.374540737886246,87.4908147577249,BS02,1,-62.71033548263692,-87.48154802983355,-90.80126866804582,-87.48154802983355,-82.51685823004382,-64.31067955367028,1.5988691168945603,-1.1396526217345304,1.5988691168945603,6.897706417925655,0.00033956307668967385
4.412252295971472,88.24504591942943,BS02,1,-62.69205007686243,-87.46326262405906,-90.58930744636643,-87.46326262405906,-82.46492837360474,-64.13966901586457,1.446200925682424,-1.0161936840463404,1.446200925682424,6.787802965032059,0.0003264563346956111
4.449963854056698,88.99927708113395,BS02,1,-62.68545760880595,-87.45667015600257,-90.36742480203867,-87.45667015600257,-82.44613531794863,-63.95790016122685,1.2710826544344114,-0.8965353315184745,1.2710826544344114,6.635064875864196,0.0003130790636879642
4.487675412141924,89.75350824283846,BS02,1,-62.690578958015536,-87.46179150521216,-90.14141913401744,-87.46179150521216,-82.4607388335404,-63.76520710581499,1.0733272595949344,-0.7808892937062777,1.0733272595949344,6.4389389774861066,0.00029949572093681935
4.52538697022715,90.507739404543,BS02,1,-62.70737655234319,-87.47858909953982,-89.91120509189592,-87.47858909953982,-82.50843496827787,-63.56140109549778,0.8527832843090029,-0.669073557204319,0.8527832843090029,6.199644486900888,0.0002857695715356154
4.563098528312376,91.26197056624753,BS02,1,-62.735727814023775,-87.5069403612204,-89.67670317286243,-87.5069403612204,-82.58824584387042,-63.3462675381334,0.6093584464248568,-0.5608537317599783,0.6093584464248568,5.918089376977189,0.00027196225032548413
4.600810086397602,92.01620172795205,BS02,1,-62.77542811699833,-87.54664066419495,-89.43784171954566,-87.54664066419495,-82.69858497213592,-63.119563519690296,0.34301419878647316,-0.4559563937529071,0.41520273008465053,5.595801555694375,0.00025813341773314567
4.63852164448283,92.77043288965659,BS02,1,-62.82619563921591,-87.59740818641254,-89.19455933769257,-87.59740818641254,-82.83735820620443,-62.88101519065316,0.05375826463158203,-0.3545780566018533,0.6189110658066331,5.234822984173555,0.0002443404618183089
4.6762332025680555,93.5246640513611,BS02,1,-62.88767787234909,-87.65889041954571,-88.9468078140225,-87.65889041954571,-83.00208745658433,-62.630315029786715,-0.2583646072647825,-0.28112331404654783,0.8283871012637188,4.8375805634304765,0.00023063824595644447
4.713944760653281,94.27889521306562,BS03,2,-62.88145702347899,-87.65266957067561,-88.73274240840239,-87.61032938686387,-83.21987050577643,-62.43683121163865,-0.44558393100158644,-0.22659769617065423,1.008620082451586,4.34300178566721,0.00022059075607961613
4.751656318738507,95.03312637477015,BS03,2,-62.560270546989486,-87.33148309418611,-88.47831436366373,-87.33148309418611,-83.43565520229525,-62.52395042702954,-0.03729765081965543,-0.1827696291849844,1.2178539377679884,3.8711751570403146,0.00022505946886814424
4.789367876823734,95.78735753647469,BS03,2,-62.22883751862348,-87.0000500658201,-88.21957142187236,-87.02389712956526,-83.66808844155322,-62.61901262386803,0.38917594392090893,-0.1469753128202099,1.404979495957873,3.372039199054108,0.000230038933917329
4.82707943490896,96.5415886981792,BS03,2,-61.88655964112647,-86.6577721883231,-87.95657626046781,-86.71194603828734,-83.91440243548689,-62.72152737488467,0.8339447095832893,-0.11935388145390587,1.5709071101381875,2.8482573704309004,0.00023553227941059071
4.864790992994186,97.29581985988372,BS03,2,-61.53279552006522,-86.30400806726185,-87.68943170971433,-86.390877031008,-84.17200558899233,-62.830977061371144,1.2971324106924786,-0.09999691892307465,1.7856227712011885,2.5687974440810053,0.0002415420751276715
4.902502551079413,98.05005102158826,BS03,2,-61.16685883151996,-85.93807137871659,-87.41828915724324,-86.05089412921765,-84.43852367155837,-62.9468264503273,1.7788901292229085,-0.06861992754048839,2.029450589892058,2.869244319385137,0.0002480703709532983
4.940214109164639,98.80428218329278,BS03,2,-60.78801726034658,-85.5592298075432,-87.14335840189563,-85.73616051513112,-84.71182179264068,-63.068531543351426,2.279406175084509,-0.02747854797447315,2.279406175084509,3.2493260988737513,0.00025511872956120825
4.977925667249865,99.5585133449973,BS03,2,-60.39549270250167,-85.1667052496983,-86.86491913507852,-85.41836864392387,-84.92140228573712,-63.19554753334863,2.798913840385296,0.03702465768009099,2.798913840385296,3.6394370640174745,0.00026268825422511873
5.015637225335091,100.31274450670182,BS03,2,-59.98846345980981,-84.75967600700643,-86.58333421618674,-85.14818042135599,-84.58996917193434,-63.327335765985296,3.3376961660152293,0.09793414927498939,3.3376961660152293,4.056081523465449,0.0002707796126101886
5.053348783420318,101.06697566840636,BS03,2,-59.565820583546866,-84.33703313074349,-86.26554029791093,-84.83414456542555,-84.16496048396047,-63.46229746832306,3.895263626133283,0.08986781521975795,3.895263626133283,4.535953112914747,0.000279324108266068
5.0910603415055435,101.82120683011088,BS03,2,-59.12666846292325,-83.89788101011987,-85.97677330428078,-84.44023508570497,-83.70890850786778,-63.600270955405314,4.472350075970811,0.6847848126822034,4.444896405372372,5.022034844814136,0.0002883379815147292
5.12877189959077,102.57543799181539,BS03,2,-58.6702632981465,-83.44147584534312,-85.68643074943225,-84.03495360888684,-83.23313968603647,-63.741610989025816,5.070053850453177,1.2859213034313537,4.947619597327668,5.542449549787566,0.00029787339469999506
5.166483457675997,103.32966915351993,BS03,2,-58.19569880470228,-82.96691135189891,-85.39537312518735,-83.61832388450699,-82.73628278482639,-63.88585120843544,5.68881487674423,1.8917932377021922,5.445966692780838,6.076149693190899,0.0003079295505809791
5.204195015761223,104.08390031522445,BS03,2,-57.702121298315774,-82.4733338455124,-85.10464141302413,-83.1905718837921,-82.21691683893033,-64.03255002485781,6.329045255292305,2.5008211178398234,5.9222603664938465,6.663739983793583,0.00031850529403846893
5.241906573846449,104.83813147692898,BS03,2,-57.18879310295681,-81.96000565015343,-84.81548088682065,-82.75220167305918,-81.67361183070133,-64.18129215644855,6.9910673867321265,3.111262820072663,6.450631481170958,7.295972386831035,0.00032959912415094134
5.279618131931675,105.59236263863349,BS03,2,-56.655188371670505,-81.42640091886713,-84.52936436661814,-82.30409423780605,-81.10499884450525,-64.33168949943526,7.675019022145516,3.7211390710917844,6.9853810267703125,7.935898279230965,0.00034120920540241397
5.317329690016901,106.34659380033803,BS03,2,-56.10113602274913,-80.87234856994576,-84.24801305707683,-81.84763430755851,-80.50988658299742,-64.48338143536954,8.380710634095983,4.328152974412854,7.540810424829234,8.654761829613646,0.00035333337819365527
5.355041248102127,107.10082496204255,BS03,2,-55.52703034248494,-80.29824288968157,-83.97341237936176,-81.38486977944268,-79.8874502498514,-64.6360346710353,9.107414653741147,4.929606449625005,8.08469152488793,9.373797196560044,0.00036596916878054483
5.392752806187354,107.85505612374708,BS03,2,-54.93413691124941,-79.70534945844604,-83.70781941672438,-80.91870621706971,-79.23753224063886,-64.78934270120432,9.853559007468188,5.522318774217604,8.667234300088206,10.154209741482743,0.0003791137987283581
5.430464364272581,108.60928728545161,BS03,2,-54.32502858950882,-79.09624113670544,-83.45375785402027,-80.4531337389985,-78.56111278239526,-64.9430249761169,10.616290298319772,6.102555709721496,9.282642929766137,10.969959318356919,0.0003927641939414821
5.468175922357807,109.36351844715612,BS03,2,-53.70418945644939,-78.47540200364602,-83.21399578788619,-79.99347348272119,-77.86103170567803,-65.09682584623728,11.390868812086927,6.675944356008061,9.854264992877946,11.793301594461271,0.00040691699330719394
5.5058874804430324,110.11774960886065,BS03,2,-53.07881452535917,-77.8500270725558,-82.9915017847859,-79.54661357963084,-77.14306284682365,-65.25051334716056,12.169867586798325,7.251251491103043,10.418641833357185,12.630430229122359,0.0004215685569764747
5.543599038528258,110.87198077056517,BS03,2,-52.459791026068515,-77.23100357326514,-82.78937538952259,-79.12117899601989,-76.41743706771011,-65.40387787806456,12.942189808697277,7.7981426013337645,10.993204876637678,13.539901328863639,0.0004367149742949502
5.581310596613485,111.62621193226971,BS03,2,-51.86274222034329,-76.63395476753992,-82.61075023735266,-78.72754808639257,-75.70082123343154,-65.5567308181382,13.692023613244151,8.310145083656517,11.575899118678375,14.4238942215062,0.00045235207138996463
5.619022154698711,112.38044309397422,BS03,2,-51.308813124292456,-76.08002567148908,-82.4586711498929,-78.37760151102233,-75.01847751187181,-65.7089031172004,14.398054953296466,8.780481887834856,12.009542929094444,15.264679672484007,0.000468475418413831
5.656733712783938,113.13467425567875,BS03,2,-50.824269539342254,-75.59548208653888,-82.3335698082333,-78.08852540906025,-74.40881861761677,-65.86011650294402,15.033739837140448,9.157587455682812,12.417362984616299,16.023331789096265,0.00048506611526382543
5.694445270869164,113.88890541738328,BS03,2,-50.439495718052875,-75.21070826524951,-82.24249158287986,-77.86395070743981,-73.90968980237417,-66.01034193885744,15.568664950750499,9.42195214220905,12.836125311267281,16.67746830758373,0.0005021298816016483
5.73215682895439,114.64313657908781,BS03,2,-50.184240598433554,-74.95545314563017,-82.18510930625521,-77.71914515912783,-73.57163556524787,-66.15949452230059,15.972996459596093,9.638804565608009,13.193668561321019,17.1697191025184,0.0005196652850217916
5.769868387039616,115.39736774079232,BS03,2,-50.081432940126696,-74.85264548732331,-82.16266321528374,-77.66177033328793,-73.43377891407646,-66.30746907395648,16.223700447982715,9.840368223000416,13.375717301404901,17.46121130837519,0.0005376669466353502
5.807579945124843,116.15159890249686,BS03,2,-50.141116112543536,-74.91232865974015,-82.17564790940973,-77.69501184422056,-73.51393221690508,-66.4541733835059,16.31064136042241,9.983341781461386,13.475725267522492,17.534220703882927,0.0005561292622960974
5.845291503210069,116.90583006420138,BS03,2,-50.357400770291065,-75.12861331748769,-82.2237766161069,-77.81701340845258,-73.80160099546084,-66.59952706176652,16.23962817832354,10.101311979596757,13.495099547616789,17.399070909251197,0.0005750464078244877
5.8830030612952955,117.6600612259059,BS03,2,-50.71027786210353,-75.48149040930016,-82.30600198311924,-78.0212094670861,-74.2621832465559,-66.74346046414179,16.030600334486987,10.147317646652228,13.439090842521539,17.08999095084277,0.0005944123439139344
5.920714619380521,118.41429238761042,BS03,2,-51.171221271970694,-75.94243381916732,-82.4205903009144,-78.2974377582104,-74.84922167158699,-66.88591368648679,15.712024067824004,10.148404823957517,13.315971837675862,16.65301872265932,0.0006142208207280445
5.958426177465748,119.16852354931495,BS03,2,-51.7096432092352,-76.48085575643182,-82.56523843349564,-78.63346280410798,-75.51682334829616,-67.02683563295835,15.314436101090536,10.115394331063973,13.13588635007622,16.133709977842713,0.000634465382198928
5.996137735550974,119.92275471101948,BS03,2,-52.29864287109274,-77.06985541828936,-82.70964613622681,-79.06260565053512,-76.25942139252913,-67.16654532742074,14.865056052491648,10.055118494119675,12.879476450770689,15.561558552315796,0.0006551939708530493
6.0338492936362,120.676985872724,BS03,2,-52.91596312716736,-77.68717567436398,-82.90785572280393,-79.47821495829875,-76.98262561047862,-67.3052822835796,14.38638038644533,9.95659757763139,12.571530239803419,14.98650080104837,0.0006764478976472387
6.071560851721427,121.43121703442854,BS03,2,-53.54268868374073,-78.31390123093735,-83.1272667703928,-79.91768138493165,-77.70178826168862,-67.44230602816029,13.896584408332846,9.82265159441697,12.239281484471942,14.403841706438232,0.0006981155459966646
6.109272409806652,122.18544819613305,BS03,2,-54.16688634498022,-78.93809889217684,-83.36472512685869,-80.37203036316521,-78.40531321927504,-67.57759738349249,13.40758216795383,9.664228657940994,11.926852002813712,13.835958235806018,0.0007201896094587322
6.146983967891879,122.93967935783758,BS03,2,-54.78058627445841,-79.55179882165504,-83.61719173420218,-80.83401160836559,-79.08648257170408,-67.71114205336775,12.927329237972513,9.5106070124552,11.626992250594611,13.289352033929102,0.000742662595829607
6.184695525977105,123.6939105195421,BS03,2,-55.378758466969686,-80.14997101416631,-83.88181921178631,-81.29796594881115,-79.74183058862823,-67.84293007679766,12.460845695847642,9.33495632198842,11.323455587496458,12.764038539565387,0.0007655268298806482
6.222407084062332,124.44814168124664,BS03,2,-55.95995590927971,-80.73116845647633,-83.75843405168997,-81.78882156961366,-80.46061242498551,-67.97442952958407,12.011045501636598,8.923463825380534,11.013043847823687,12.25571469134692,0.0007890420366275408
6.260118642147558,125.20237284295115,BS03,2,-56.52685090868303,-81.29806345587966,-84.06760363631612,-82.24835768662555,-81.05856038159222,-68.11046944514769,11.58008137906447,8.7436436523189,10.68751295897173,11.798768203870084,0.000814129007124059
6.2978302002327835,125.95660400465567,BS03,2,-57.071664944384146,-81.84287749158077,-84.38034406223026,-82.69937720458447,-81.62977804860091,-68.24417001893875,11.168857376214854,8.558375097503058,10.3577691796822,11.366572523334996,0.0008395609534046049
6.33554175831801,126.71083516636021,BS03,2,-57.59480152783143,-82.36601407502806,-84.69480380057017,-83.14048309287043,-82.17546872105777,-68.3755727949162,10.777011563624834,8.369677079048829,10.037370162575186,10.96018304245745,0.0008653291007418514
6.373253316403237,127.46506632806474,BS03,2,-58.09698909746211,-82.86820164465874,-85.00943991949447,-83.57079171330813,-82.6970175109061,-68.50471894836869,10.403856716796225,8.179200647273717,9.751618077289061,10.573679535237247,0.0008914245314429178
6.410964874488463,128.21929748976925,BS03,2,-58.57913895628006,-83.35035150347669,-85.32298358262094,-83.98980257593041,-83.1958720410531,-68.63164917157778,10.048522264277898,7.988279122117944,9.446392167495377,10.204703189281807,0.000917838185599679
6.448676432573689,128.97352865147377,BS03,2,-59.042362554885806,-83.81357510208244,-85.60608568200239,-84.42027283324526,-83.67227093204649,-68.75714893932519,9.710681566041693,7.752007569132066,9.193992485410027,9.864592548147053,0.0009447228333245361
6.4863879906589155,129.7277598131783,BS03,2,-59.48756606822213,-84.25877861541875,-85.91641212582066,-84.814507603272,-84.13022624514517,-68.88049570678116,9.38870662268341,7.5680228299901176,8.920990919838301,9.530306420605292,0.0009719127268426618
6.524099548744141,130.48199097488282,BS03,2,-59.915769300245614,-84.68698184744224,-86.22300237228876,-85.1975195643036,-84.56959337571017,-69.00169057180575,9.081578807555594,7.385720327951968,8.645599497260672,9.212316964870787,0.0009993895656463896
6.561811106829367,131.23622213658734,BS03,2,-60.327966401277095,-85.09917894847372,-86.52536263539115,-85.56952088759111,-84.99160941733538,-69.12077526202897,8.788345739740034,7.20562431364018,8.381615063870882,8.908809358110322,0.0010271437174024596
6.599522664914594,131.9904532982919,BS03,2,-60.72510601679677,-85.4963185639934,-86.82312172071649,-85.93079486034694,-85.39742320224082,-69.23779042386401,8.50809946253222,7.028132046554835,8.136785785014064,8.618499982165734,0.0010551654149198277
6.637234222999821,132.7446844599964,BS03,2,-61.1080843475911,-85.87929689478773,-87.11600968115548,-86.28167130277257,-85.78809662389538,-69.35277561351535,8.23998337430014,6.85353686711409,7.907963214559026,8.341930680683175,0.0010834447567594344
6.6749457810850465,133.49891562170092,BS03,2,-61.477742335652366,-86.24895488284899,-87.40383963024067,-86.62250841604805,-86.16460840368616,-69.46576929426057,7.983195039863852,6.6820475809840225,7.686366004486082,8.079715623752623,0.0011119717078977658
6.712657339170272,134.25314678340544,BS03,2,-61.83486547906659,-86.60607802626322,-87.68649238656062,-86.95367948166933,-86.5278591473347,-69.57680883902073,7.736986378174883,6.513804618045908,7.4670466236819,7.829273172338223,0.0011407361004601847
6.750368897255499,135.00737794511,BS03,2,-62.180185276819756,-86.95139782401638,-87.96390360212695,-87.2755632069153,-86.87867697123089,-69.68593053735898,7.50066222450537,6.348893419549633,7.2477060228498535,7.59000666007754,0.0011697276345366818
6.788080455340725,135.7616091068145,BS03,2,-62.51438175142803,-87.28559429862466,-88.23653790014582,-87.58923516434355,-87.21780766645989,-69.79317658616259,7.273584790127371,6.186670623656766,7.03588374745471,7.360259702184023,0.001198937803717206
6.825792013425951,136.515840268519,BS03,2,-62.83808606559779,-87.60929861279442,-88.50341444555077,-87.89362647712045,-87.5459838951409,-69.89857570628678,7.055151685092477,6.028571313823074,6.839313130982902,7.138248912836003,0.0012283546524111193
6.863503571511178,137.27007143022357,BS03,2,-63.15188396847016,-87.92309651566678,-88.76508887494761,-88.18984328195273,-87.86383322541266,-70.00215888523269,6.844808196701827,5.87382607000043,6.640948197385344,6.92454805461686,0.0012579669073673175
6.901215129596404,138.0243025919281,BS03,2,-63.45631227702145,-88.22752482421808,-89.03237591810147,-88.47311676206493,-88.17234846413807,-70.10386799198635,6.6419595401620235,5.741246045933816,6.449148893986269,6.713046894061997,0.0012877370220779581
6.93892668768163,138.7785337536326,BS03,2,-63.75187272035123,-88.52308526754786,-89.28329097819613,-88.75429397994779,-88.47123738887,-70.20368868713214,6.446089762486414,5.591572919448426,6.268969961767738,6.514620150497963,0.0013176384159963852
6.976638245766856,139.5327649153371,BS03,2,-64.03904507536684,-88.81025762256347,-89.52928369458476,-89.0282803051798,-88.76145033155207,-70.30180176154367,6.256899734956972,5.445202712176523,6.0910748922704006,6.323001625001409,0.0013477038872663173
7.014349803852083,140.28699607704166,BS03,2,-64.31826434655375,-89.08947689375037,-89.77045441367414,-89.29538472115406,-89.0434540788392,-70.39823544459111,6.073982731112202,5.302044650716252,5.920608028776837,6.1380082170801735,0.001377922233508173
7.052061361937309,141.0412272387462,BS03,2,-64.5899350675045,-89.36114761470112,-90.00691058437995,-89.55590146843902,-89.3176807439027,-70.49301708517285,5.896961615451698,5.162002229108934,5.753851761716337,5.958569420441888,0.001408282129459348
7.089772920022535,141.79545840045068,BS03,2,-64.85443377036437,-89.62564631756099,-90.23876455338515,-89.81011028264201,-89.58453087527269,-70.5861731705635,5.72548639283027,5.024975215444413,5.594505311967239,5.784845975949234,0.0014387721289153587
7.127484478107762,142.54968956215524,BS03,2,-65.1121112608185,-89.88332380801512,-90.46613178263203,-90.05827678676488,-89.84437626238432,-70.67772934585317,5.5592319529011505,4.890861247429572,5.439251248438826,5.6164613875953995,0.0014693806668121966
7.165196036192988,143.30392072385976,BS03,2,-65.36329470593849,-90.13450725313511,-90.68912941470859,-90.30065298678666,-90.0975624654424,-70.7677104338311,5.397896002143429,4.759557094029723,5.284930671053473,5.453104782080091,0.0015000960614659127
7.202907594278214,144.05815188556429,BS03,2,-65.60829051198617,-90.3795030591828,-90.9075570654479,-90.53806731224145,-90.34439657042229,-70.85644325764962,5.24149854513354,4.604552320011066,5.144970186989864,5.302454339498408,0.001531013096436987
7.240619152363441,144.8123830472688,BS03,2,-65.84738308602378,-90.61859563322041,-91.12218295192608,-90.76954031342363,-90.58520900717495,-70.94363314700547,5.08946102469457,4.48032457530164,4.997534979375296,5.149105363773647,0.0015620121621883482
7.2783307104486665,145.56661420897333,BS03,2,-66.0808394938749,-90.85205204107153,-91.33278947098782,-90.99590490571849,-90.82026312874605,-71.02929991412648,4.941536245054611,4.3584720985665095,4.853897070560268,4.999753249631573,0.00159307995780092
7.316042268533892,146.32084537067786,BS03,2,-66.3089098759745,-91.08012242317113,-91.53949122179857,-91.21736435232556,-91.04982026589829,-71.1134663691264,4.797496928462786,4.238906328668771,4.714450999788201,4.854128313761731,0.0016242043916830456
7.353753826619118,147.07507653238238,BS03,2,-66.53182875934012,-91.30304130653674,-91.74240069970004,-91.43411131157677,-91.27412489527588,-71.19615453619087,4.657130625104619,4.121540052758749,4.580545361368988,4.7122278303695015,0.0016553732709852136
7.391465384704346,147.8293076940869,BS03,2,-66.74981626492392,-91.52102881212055,-91.9416279692101,-91.64632842627255,-91.4934060066775,-71.27738567779761,4.520238529956418,4.006353509074967,4.446826800124818,4.573851945504517,0.0016865743047413588
7.429176942789572,148.58353885579143,BS03,2,-66.9630792085704,-91.73429175576703,-92.1372804230126,-91.85418889221368,-91.7078783406259,-71.3571803183328,4.386634405429769,3.893338410997752,4.3193722993468056,4.438971561347939,0.0017177951071804078
7.466888500874798,149.33777001749596,BS03,2,-67.17181210539862,-91.94302465259524,-92.3294626108372,-92.05785700272787,-91.91774350981748,-71.4355582670816,4.256143599964746,3.78225058465993,4.1915880841205855,4.306963360952214,0.0017490232012081592
7.504600058960024,150.09200117920048,BS03,2,-67.37619808662129,-92.14741063381791,-92.51827612497281,-92.25748866732174,-92.12319101656567,-71.51253864058032,4.128602153547054,3.6730129333301593,4.068909063034217,4.1779850204081175,0.001780246022060485
7.54231161704525,150.846232340905,BS03,2,-67.5764097370222,-92.34762228421883,-92.70381953149803,-92.4532319035618,-92.32439917702268,-71.58813988432135,4.003855981919127,3.5655504603786086,3.9487944001760322,4.051885515967125,0.0018114509211279808
7.580023175130476,151.60046350260953,BS03,2,-67.77260986056245,-92.54382240775908,-92.88618833824447,-92.64522730199738,-92.52153596177781,-71.66237979380784,3.881760132011066,3.459790335741508,3.83096638757268,3.928487170277451,0.001842625169952212
7.617734733215702,152.35469466431405,BS03,2,-67.96463999752523,-92.73585254472185,-93.16126527522437,-92.82014032873188,-92.6987139692455,-71.7343396786386,3.7615561822406143,3.4405651642920825,3.68697275074645,3.7823071478773214,0.0018733529906474512
7.65544629130093,153.10892582601858,BS03,2,-68.15297265624328,-92.9241852034399,-93.3338382106225,-93.00524224722793,-92.88848767687392,-71.8049958370322,3.6437462374513285,3.3335930186981506,3.5719774516523577,3.6640086911078624,0.0019040216810141406
7.693157849386155,153.8631569877231,BS03,2,-68.337753029417,-93.10896557661363,-93.50370051592628,-93.18697221884295,-93.0746273641787,-71.8743905582172,3.5282273971792733,3.22840444622476,3.460889072778631,3.5480379257146257,0.0019346305552034586
7.730869407471381,154.61738814942763,BS03,2,-68.51910933531667,-93.2903218825133,-93.67092277741648,-93.36544542298807,-93.25726727667877,-71.94253648402518,3.4148841421582308,3.1249153246830965,3.3518436755967365,3.4342404032412226,0.001965166480076194
7.768580965556608,155.37161931113215,BS03,2,-68.69716316021675,-93.46837570741337,-93.8355736929871,-93.54077155237907,-93.43653448587915,-72.00944585059386,3.3036071797000455,3.0230453201301786,3.2445466105660694,3.3228120897998212,0.0019956162606428298
7.806292523641834,156.12585047283667,BS03,2,-68.87202989382172,-93.64324244101834,-93.99772005731954,-93.71305513110289,-93.61254938178585,-72.07513049662487,3.194293016503739,2.922717689811809,3.1384327932815124,3.213324733490376,0.0020259666452958135
7.84400408172706,156.8800816345412,BS03,2,-69.04381913091217,-93.8150316781088,-94.15742676111589,-93.88239581254388,-93.78542612479242,-72.13960187164994,3.0868435652522095,2.823859093731512,3.0328769714580925,3.1056832497913733,0.0020562043312080574
7.8817156398122865,157.63431279624572,BS03,2,-69.21099724831244,-93.98220979550906,-94.571368456853,-93.98220979550906,-93.79274968928321,-72.20137356282987,2.981309218101152,2.699661798717355,2.938300872314081,3.0111957956414592,0.0020855982158660825
7.919427197897513,158.38854395795025,BS03,2,-69.37423120582184,-94.14544375301847,-94.71594686874302,-94.14544375301847,-93.96247150089731,-72.26094503965501,2.8775216410384195,2.6069966469133927,2.8362685643201018,2.90571476811207,0.0021143422328865577
7.957138755982739,159.14277511965477,BS03,2,-69.52532902678318,-94.29654157397981,-94.94611294279301,-94.29654157397981,-94.01485776708282,-72.31634126405947,2.7817021693169375,2.4579505781513347,2.7680644003747594,2.837791742444886,0.002141426238046713
7.994850314067965,159.8970062813593,BS03,2,-69.6816819001312,-94.45289444732782,-95.08286990534931,-94.45289444732782,-94.18054418915052,-72.37258291658458,2.6814697296190815,2.3693229820328185,2.6667935135380483,2.7346207008316354,0.002169277755997484
8.032561872153192,160.65123744306385,BS03,2,-69.83570391983119,-94.60691646702782,-95.218129993921,-94.60691646702782,-94.34344976998631,-72.42785326542241,2.5825973975170156,2.2813952436675855,2.5671221444288173,2.6330682625956072,0.002197000378469127
8.070273430238418,161.40546860476834,BS03,2,-69.9870723009285,-94.75828484812513,-95.40638994216602,-94.75828484812513,-94.43751166816999,-72.48191116702228,2.485167412204419,2.1584222735530862,2.4821242482449515,2.558092207491367,0.002224456776187621
8.107984988323643,162.15969976647287,BS03,2,-70.13534065088568,-94.9065531980823,-95.53610118089328,-94.9065531980823,-94.59590865085588,-72.53443425580433,2.389304607925734,2.0731947926461984,2.3864279153870447,2.4590750866966777,0.0022514615049557952
8.14569654640887,162.9139309281774,BS03,2,-70.28153616765914,-95.05274871485577,-95.66448669790715,-95.05274871485577,-94.75176804606666,-72.5860342201685,2.2945921888551926,1.9885276539779069,2.2918572515930915,2.361458619447712,0.002278310101119364
8.183408104494097,163.66816208988195,BS03,2,-70.42573538321743,-95.19694793041405,-95.79032412671759,-95.19694793041405,-94.90665975434051,-72.63672724912708,2.2009698326844687,1.9052273470102374,2.19845614868306,2.2644761787882173,0.0023049978338388504
8.221119662579323,164.42239325158647,BS03,2,-70.56796630533049,-95.33917885252711,-95.91615861426487,-95.33917885252711,-95.05766193212582,-72.68650055911456,2.1083968347716593,1.8215966623524875,2.1059773091660188,2.1695264370048704,0.00233150480060298
8.25883122066455,165.176624413291,BS03,2,-70.70834001398089,-95.47955256117751,-96.01543868977039,-95.47955256117751,-95.23672879547507,-72.73539470038398,2.0168026278583424,1.7553683972117666,2.010015362012354,2.0650142615402194,0.0023578396367469915
8.296542778749776,165.93085557499552,BS03,2,-70.84732028293976,-95.61853283013639,-96.13986181691594,-95.61853283013639,-95.38284621970344,-72.78367522565787,1.92598841282732,1.6721521335716758,1.9193694353181154,1.9726245460511727,0.0023841351437566753
8.334254336835002,166.68508673670004,BS03,2,-70.98443488086161,-95.75564742805824,-96.26298201225373,-95.75564742805824,-95.52679160255249,-72.83101495024069,1.8361000592970942,1.5894342620864488,1.829776069039398,1.8812961968789415,0.0024102022859217205
8.371965894920228,167.43931789840454,BS03,2,-71.1197295127175,-95.89094205991412,-96.38481752710402,-95.89094205991412,-95.66862772952523,-72.87741515040777,1.7470931956430142,1.5071935901104128,1.7411817879674818,1.7909761505527104,0.002436027972028824
8.409677453005454,168.19354906010906,BS03,2,-71.25312191226172,-96.02433445945834,-96.51207393526182,-96.02433445945834,-95.80004956466063,-72.9227958207122,1.6589703396488595,1.4208314777189854,1.6535910206156503,1.7040975981619584,0.002461553193468059
8.44738901109068,168.9477802218136,BS03,2,-71.38477433123285,-96.15598687842947,-96.6311063281749,-96.15598687842947,-95.93793980285078,-72.96723516138775,1.5716473113627492,1.3396239935118226,1.5665150352501345,1.6156168332782885,0.002486807475757074
8.485100569175907,169.70201138351814,BS03,2,-71.51474240496054,-96.28595495215717,-96.7489208830472,-96.28595495215717,-96.07389189444169,-73.01074375669137,1.4850790930121254,1.2588235187106687,1.480179717489467,1.5279981273845213,0.002511783191052987
8.522812127261133,170.45624254522266,BS03,2,-71.64306577710373,-96.41427832430035,-96.86553538522232,-96.41427832430035,-96.20795891723176,-73.05332274890718,1.3992272392257337,1.1784095652620041,1.3945644135867539,1.4411965827480342,0.0025364674976666975
8.560523685346359,171.2104737069272,BS03,2,-71.76978283484006,-96.54099538203668,-96.98096757554248,-96.54099538203668,-96.34019182504149,-73.09497327592787,1.3140545563867279,1.0983617664720935,1.3096316975466569,1.3551690439947832,0.0025608476319671065
8.598235243431585,171.9647048686317,BS03,2,-71.89493075359309,-96.66614330078971,-97.09523511933158,-96.66614330078971,-96.4706395580534,-73.13569646693476,1.2295250535482476,1.0186599013264253,1.225345375542748,1.2698854931152128,0.0025849109169114883
8.63594680151681,172.71893603033624,BS03,2,-72.01854554045428,-96.78975808765091,-97.20835557918316,-96.78975808765091,-96.59934914619633,-73.1754934384494,1.145603895025336,0.9392839153486079,1.1416704361669667,1.1854581748902362,0.0026086447706367625
8.673658359602037,173.47316719204073,BS03,2,-72.14066207624575,-96.91187462344237,-97.32034639114671,-96.91187462344237,-96.72636580606233,-73.21436529072245,1.0622573546833527,0.860213938380567,1.0585730025846687,1.1016790279368343,0.002632036715098363
8.711369917687263,174.22739835374526,BS03,2,-72.26134975586582,-97.03256230306245,-97.42670461578075,-97.03256230306245,-96.8571331162314,-73.25233541703795,0.9794394256166457,0.7846613153864859,0.9756301541587817,1.0163840184654862,0.0026550879894517592
8.749081475772492,174.9816295154498,BS03,2,-72.38064954598343,-97.15186209318006,-97.53666465329609,-97.15186209318006,-96.98083796158572,-73.28940958325904,0.8971149463207301,0.7060613159653268,0.8935679295942158,0.9338375351535191,0.002677789592083051
8.786793033857718,175.73586067715434,BS03,2,-72.49854548823379,-97.26975803543041,-97.64553974918392,-97.26975803543041,-97.10297653785906,-73.32555870099894,0.8152709191835632,0.6277124852198238,0.8121237193150431,0.8518240598169665,0.0027001111406403486
8.824504591942944,176.49009183885886,BS03,2,-72.61506855910174,-97.38628110629837,-97.75334694593484,-97.38628110629837,-97.22358764086505,-73.36078384777086,0.7338774975605831,0.5495955933909311,0.732309329117879,0.7703548598696038,0.0027220406446666315
8.86221615002817,177.24432300056338,BS03,2,-72.7301740343397,-97.50138658153632,-97.86812724108869,-97.50138658153632,-97.33319373229669,-73.39504076672202,0.6529353248176496,0.46579020788701025,0.6508695209384786,0.6940983052850445,0.0027435377223389117
8.899927708113395,177.9985541622679,BS03,2,-72.84390620153447,-97.61511874873109,-97.97354714159187,-97.61511874873109,-97.45095158162532,-73.42834085301621,0.5724115336881298,0.3882200410247989,0.5706040035794786,0.613461197556565,0.002764596625135292
8.937639266198621,178.75278532397243,BS03,2,-72.95635914533078,-97.7275716925274,-98.07795984652466,-97.7275716925274,-97.56728858665431,-73.4607254165912,0.4922532895045794,0.31082017244939625,0.49070675704151734,0.5332502954649506,0.002785231148763992
8.975350824283847,179.50701648567693,BS03,2,-73.06755992889302,-97.83877247608964,-98.18138100270784,-97.83877247608964,-97.68223832161242,-73.4921952758499,0.41243439692338724,0.23357274476490614,0.4111515630634959,0.45343989777926436,0.002805429972573546
9.013062382369075,180.2612476473815,BS03,2,-73.17753481689313,-97.94874736408975,-98.28382603335804,-97.94874736408975,-97.79583319539091,-73.5227512156084,0.33292942471416476,0.15646014218423143,0.3319129809898755,0.37419445229144527,0.0028251819582403807
9.0507739404543,181.015478809086,BS03,2,-73.2863093039909,-98.05752185118753,-98.3853101333392,-98.05752185118753,-97.90810450434329,-73.55239398572219,0.2537136758675645,0.07946499161750546,0.2529663169842652,0.29535311057444874,0.0028444761584074194
9.088485498539526,181.76970997079053,BS03,2,-73.3939081422386,-98.16512068943523,-98.48584826546859,-98.16512068943523,-98.0190824821646,-73.58112429986843,0.17476315893532032,0.0025701628823240445,0.17428759455443563,0.2171506080152145,0.002863301825269931
9.126197056624752,182.52394113249505,BS03,2,-73.50035252288785,-98.27156507008448,-98.58950196754223,-98.27156507008448,-98.12443389325666,-73.60894127642933,0.09605585155896923,-0.07737677391510749,0.09605585155896923,0.14185048348769164,0.002881647388278221
9.163908614709978,183.27817229419958,BS03,2,-73.60560811333961,-98.37682066053624,-98.68804997444236,-98.37682066053624,-98.23294451283574,-73.63581457700215,0.01759588291344377,-0.15405693653719205,0.01759588291344377,0.06379087478828868,0.002899481884067347
9.201620172795204,184.0324034559041,BS03,2,-73.70976084854394,-98.48097339574056,-98.78570031471699,-98.48097339574056,-98.34024623256684,-73.66178003193387,-0.060666908577894814,-0.23068884668535103,-0.060666908577894814,-0.013963337089371811,0.002916818420429573
9.23933173088043,184.78663461760863,BS03,2,-73.81283263393762,-98.58404518113424,-98.88246680831962,-98.58404518113424,-98.44636548130528,-73.6868381589291,-0.13875386762934583,-0.30728852550518093,-0.13875386762934583,-0.09112943294181633,0.0029336471471538145
9.27704328896566,185.54086577931318,BS03,2,-73.91484476144196,-98.68605730863858,-98.97836304592505,-98.68605730863858,-98.5513278375007,-73.71098943867088,-0.2166857635128333,-0.3838717664265023,-0.2166857635128333,-0.16782817485936474,0.00294995845533343
9.314754847050885,186.2950969410177,BS03,2,-74.01581793063603,-98.78703047783266,-99.07340238901453,-98.78703047783266,-98.65515806499407,-73.73423431424784,-0.29448281183924024,-0.4604541379147085,-0.29448281183924024,-0.244177310314589,0.0029657429854104654
9.352466405136111,187.0493281027222,BS03,2,-74.11577226911606,-98.88698481631269,-99.16759797044195,-98.88698481631269,-98.75788014696614,-73.75657319067479,-0.37216469543209557,-0.5370509865888592,-0.37216469543209557,-0.32084527834001525,0.0029809916350929215
9.390177963221337,187.80355926442672,BS03,2,-74.21472735207776,-98.98593989927438,-99.26096269542964,-98.98593989927438,-98.85951731815652,-73.77800643450053,-0.4497505843362501,-0.6136774406619798,-0.4497505843362501,-0.397423349882172,0.0029956955671357507
9.427889521306563,188.55779042613125,BS03,2,-74.31247385678456,-99.08368640398119,-99.3733996475826,-99.08368640398119,-98.93867665580665,-73.79843363656147,-0.5271312243668937,-0.7070038595269831,-0.5271312243668937,-0.45765038254500434,0.003009776612912197
9.465601079391789,189.31202158783577,BS03,2,-74.40918334846336,-99.18039589565998,-99.46447243411606,-99.18039589565998,-99.03833582661272,-73.81792999016129,-0.6044031736264922,-0.7834262029034532,-0.6044031736264922,-0.5336098952216473,0.003023277538565082
9.503312637477014,190.0662527495403,BS03,2,-74.50496130175102,-99.27617384894765,-99.5547729501536,-99.27617384894765,-99.13697504120722,-73.83653559234685,-0.6816318949242457,-0.8599296666463674,-0.6816318949242457,-0.6094115968192546,0.0030362179305125038
9.541024195562242,190.82048391124485,BS03,2,-74.59982473191455,-99.37103727911118,-99.64431240510427,-99.37103727911118,-99.23461478730114,-73.8542505307483,-0.7588342826126111,-0.9365278959117913,-0.7588342826126111,-0.6851082213155981,0.003048590169937196
9.578735753647468,191.57471507294937,BS03,2,-74.69379021597723,-99.46500276317386,-99.73310182576846,-99.46500276317386,-99.33127494682911,-73.87107486995075,-0.836026817160695,-1.0132343592109982,-0.836026817160695,-0.7605329368103719,0.0030603869393581525
9.616447311732694,192.3289462346539,BS03,2,-74.78686555588281,-99.55807810307944,-99.90800647112265,-99.55807810307944,-99.3268280093103,-73.88700599526983,-0.9132198764139974,-1.166814246867344,-0.9132198764139974,-0.7579450981100893,0.0030715993566034416
9.65415886981792,193.0831773963584,BS03,2,-74.87741673506179,-99.64862928225841,-99.99221799300258,-99.64862928225841,-99.42182592591422,-73.90154512456762,-0.9892766592812288,-1.2421640967013898,-0.9892766592812288,-0.8328361019199998,0.0030818678164648717
9.691870427903146,193.83740855806292,BS03,2,-74.96717979696706,-99.73839234416369,-100.07580598351673,-99.73839234416369,-99.51591064432635,-73.91526551732392,-1.0653616795242518,-1.3176864242136184,-1.0653616795242518,-0.9076491399733124,0.003091589415395667
9.729581985988371,194.59163971976744,BS03,2,-75.0550535469143,-99.82626609411092,-100.22287321490198,-99.82626609411092,-99.53093873395315,-73.92790390342893,-1.1406361727987497,-1.4526963789178662,-1.1406361727987497,-0.9203950424925579,0.003100571404813677
9.767293544073599,195.34587088147197,BS03,2,-75.1412803266778,-99.91249287387443,-100.3187725705269,-99.91249287387443,-99.60353520803017,-73.93956553109982,-1.2152375310383552,-1.5422127543260047,-1.2152375310383552,-0.9788817971532551,0.0031088822948427326
9.805005102158827,196.10010204317652,BS03,2,-75.22664293827523,-99.99785548547186,-100.397232489825,-99.99785548547186,-99.6945469033748,-73.95044997351673,-1.2897495809760469,-1.6162429862781178,-1.2897495809760469,-1.052745376881183,0.003116659343722096
9.842716660244053,196.85433320488104,BS03,2,-75.3113410408556,-100.08255358805222,-100.47519284987477,-100.08255358805222,-99.78474480856099,-73.96059958163397,-1.3643297451870116,-1.6904981886902566,-1.3643297451870116,-1.1265462414567637,0.0031239288187543904
9.880428218329278,197.60856436658557,BS03,2,-75.39538312801017,-100.16659567520679,-100.55265725734644,-100.16659567520679,-99.8741424782784,-73.97001404280141,-1.4389868130809733,-1.764984546514529,-1.4389868130809733,-1.2002958405884934,0.0031306868675307752
9.918139776414504,198.3627955282901,BS03,2,-75.47683119150805,-100.24804373870468,-100.6886525585861,-100.24804373870468,-99.88977918069972,-73.9784189356929,-1.5120563221735814,-1.8978046755516156,-1.5120563221735814,-1.2132772923931054,0.0031367325232145387
9.95585133449973,199.1170266899946,BS03,2,-75.5575841031949,-100.32879665039152,-100.76234528892596,-100.32879665039152,-99.9767640293393,-73.98614493378356,-1.5851074916604948,-1.9707596272988133,-1.5851074916604948,-1.2857378529336383,0.003142300113867533
9.993562892584956,199.8712578516991,BS03,2,-75.6367743889591,-100.40798693615572,-100.9127277429154,-100.40798693615572,-99.96858962990022,-73.99310813562109,-1.657356473552146,-2.1219109286935303,-1.657356473552146,-1.2788994856021483,0.0031473264498848206
10.031274450670182,200.62548901340364,BS03,2,-75.71318768433785,-100.48440023153448,-100.98153433637319,-100.48440023153448,-100.05230043561225,-73.99924784990309,-1.7276493919566054,-2.192122475603198,-1.7276493919566054,-1.349108009078178,0.0031517650059258244
10.06898600875541,201.3797201751082,BS03,2,-75.78915261698744,-100.56036516418406,-101.05004510610325,-100.56036516418406,-100.1353945034249,-74.00484064787702,-1.7980391651363106,-2.2625887550811936,-1.7980391651363106,-1.419261687738964,0.0031558136127241817
10.106697566840635,202.13395133681271,BS03,2,-75.86467131679358,-100.6358838639902,-101.11825871817351,-100.6358838639902,-100.2178786961295,-74.00988700623661,-1.868527441175976,-2.333309248447569,-1.868527441175976,-1.4893655742559386,0.0031594711027564887
10.144409124925861,202.88818249851724,BS03,2,-75.93974602122603,-100.71095856842265,-101.18617401911652,-100.71095856842265,-100.29975983667413,-74.01438762222774,-1.939115756530609,-2.404283396960999,-1.939115756530609,-1.5594244811231655,0.003162736615250116
10.182120683011087,203.64241366022176,BS03,2,-76.01116872125901,-100.78238126845564,-101.31806143311388,-100.78238126845564,-100.29562449553465,-74.01825937992625,-2.006678949657671,-2.543858712166696,-2.006678949657671,-1.555834285191312,0.003165548538917752
10.219832241096313,204.3966448219263,BS03,2,-76.082046292674,-100.85325883987062,-101.38147043605734,-100.85325883987062,-100.37404250548786,-74.02168968866161,-2.0741370754220987,-2.611695290538824,-2.0741370754220987,-1.6232133951287482,0.0031680419354705117
10.25754379918154,205.15087598363078,BS03,2,-76.15258702808327,-100.9237995752799,-101.44467594909817,-100.9237995752799,-100.45196604398087,-74.02468860870574,-2.1416883947623084,-2.6797656339238207,-2.1416883947623084,-1.6905452522518882,0.00317022337136248
10.295255357266766,205.9051071453353,BS03,2,-76.22279047860833,-100.99400302580496,-101.50767504380731,-100.99400302580496,-100.52939849217191,-74.02725771748226,-2.2093308835613943,-2.748065713894909,-2.2093308835613943,-1.7578311512562284,0.0031720933502114032
10.332966915351994,206.65933830703986,BS03,2,-76.2926563596754,-101.06386890687203,-101.57046498522514,-101.06386890687203,-100.60634330259637,-74.02939883753496,-2.277062438077629,-2.8165914343523597,-2.277062438077629,-1.8250722362663014,0.003173652648620884
10.37067847343722,207.41356946874438,BS03,2,-76.35998853432882,-101.13120108152545,-101.71136706198189,-101.13120108152545,-100.58054357664628,-74.03121280907938,-2.342586399300858,-2.971813490565484,-2.342586399300858,-1.8025473668495247,0.003174974294740601
10.408390031522446,208.1678006304489,BS03,2,-76.42438465183008,-101.19559719902671,-101.76844270210762,-101.19559719902671,-100.65274798283016,-74.03283093083134,-2.405369533499289,-3.035143154974027,-2.405369533499289,-1.8655598085934961,0.0031761537091395254
10.446101589607672,208.92203179215343,BS03,2,-76.4879453274138,-101.25915787461042,-101.83926165250533,-101.25915787461042,-100.70570869292729,-74.03421713908489,-2.4675484043404263,-3.1140654140720554,-2.4675484043404263,-1.9119047274041072,0.0031771644340546617
10.483813147692898,209.67626295385796,BS03,2,-76.55094961610875,-101.32216216330538,-101.89510348489685,-101.32216216330538,-100.7763947407741,-74.03537906417503,-2.5293944600646294,-3.1765562200198403,-2.5293944600646294,-1.9739397086982948,0.0031780118745585928
10.521524705778123,210.43049411556248,BS03,2,-76.61376880188975,-101.38498134908637,-101.9508641885672,-101.38498134908637,-100.8467608751903,-74.0362997119392,-2.591295924220147,-3.2392000736238247,-2.591295924220147,-2.0359222660093534,0.0031786835014194523
10.55923626386335,211.18472527726698,BS03,2,-76.67593690678696,-101.44714945398358,-102.01536299134959,-101.44714945398358,-100.90466191278865,-74.03703270875044,-2.6527333624669773,-3.3119079891389474,-2.6527333624669773,-2.0870560955075064,0.0031792183351579623
10.596947821948577,211.93895643897156,BS03,2,-76.73774447488238,-101.508957022079,-102.07027910291015,-101.508957022079,-100.97384859965953,-74.03756596155878,-2.7140093731849193,-3.3740300219745545,-2.7140093731849193,-2.1483352589733364,0.0031796074813377406
10.634659380033803,212.69318760067605,BS03,2,-76.79937597983421,-101.57058852703084,-102.12064564786554,-101.57058852703084,-101.04375816205682,-74.03788493093619,-2.775322922993893,-3.432459718338538,-2.775322922993893,-2.210468469951304,0.003179840274891791
10.672370938119029,213.44741876238058,BS03,2,-76.86087851961271,-101.63209106680934,-102.1182028985456,-101.63209106680934,-101.11238000698445,-74.03798520569754,-2.8367255068724333,-3.4201346988887127,-2.8367255068724333,-2.2716727687354417,0.0031799134619727647
10.710082496204254,214.2016499240851,BS03,2,-76.922194639926,-101.69340718712263,-102.12833451638602,-101.69340718712263,-101.1806928538623,-74.03787727748514,-2.8981492122000074,-3.4075135183468306,-2.8981492122000074,-2.332807710034154,0.0031798346889714826
10.747794054289482,214.95588108578963,BS03,2,-76.98332147347145,-101.75453402066807,-102.1613454339593,-101.75453402066807,-101.24869600508178,-74.03756511245756,-2.959587218175413,-3.4563321967100964,-2.959587218175413,-2.3938695632984412,0.0031796068616605088
10.785505612374708,215.71011224749415,BS03,2,-77.04425633050616,-101.81546887770278,-102.16708705150918,-101.81546887770278,-101.316388918435,-74.0370528814917,-3.021032677578626,-3.4544193733336437,-3.021032677578626,-2.454854570617803,0.003179233055538833
10.823217170459934,216.46434340919868,BS03,2,-77.10499669193403,-101.87620923913066,-102.16985758145553,-101.87620923913066,-101.38377119894733,-74.03634495653377,-3.0824787134888383,-3.4416955273711003,-3.0576419333113636,-2.5157589429979965,0.0031787165117020265
10.860928728545161,217.21857457090323,BS03,2,-77.16532693149966,-101.93653947869629,-102.21036123621212,-101.88317600820665,-101.44438889248802,-74.03549694542347,-3.1436542688401663,-3.4773488808689836,-3.0751900081903023,-2.5706812841266604,0.003178097862865292
10.898640286630387,217.97280573260775,BS03,2,-77.22534939251895,-101.99656193971558,-102.22586172559961,-101.9203901818081,-101.51087947140923,-74.03449817914877,-3.2046723223210023,-3.4936220922280636,-3.0687972638264718,-2.6310819083668404,0.0031773693876577785
10.936351844715613,218.72703689431225,BS03,2,-77.28517881938131,-102.05639136657794,-102.22740826657167,-101.94819680184837,-101.57706730222891,-74.03332760780494,-3.26566860168925,-3.4814759234251924,-3.0827994216783647,-2.6913899218528825,0.003176515813972874
10.974063402800839,219.48126805601677,BS03,2,-77.34481312030098,-102.11602566749761,-102.26539599213427,-101.95634607127118,-101.6429522660389,-74.03199030339891,-3.32663595969823,-3.509430080645262,-3.1240726399091443,-2.7516012503224,0.0031755409392538805
11.011774960886065,220.2354992177213,BS03,2,-77.40425034685514,-102.17546289405176,-102.28846104643083,-101.97461388365264,-101.708534362401,-74.03049151426482,-3.3875672167387845,-3.5313918315008364,-3.119611261194668,-2.754591492835211,0.003174448699033279
11.04948651897129,220.98973037942582,BS03,2,-77.4636423888279,-102.23485493602453,-102.2928114191678,-102.0251289739942,-101.73417777609556,-74.02878556198377,-3.4486597965947197,-3.520350273996135,-3.124742429516989,-2.7502706281158185,0.0031732059446923015
11.087198077056517,221.74396154113035,BS03,2,-77.52305411574487,-102.2942666629415,-102.32817452211981,-102.04404064179249,-101.72831148471214,-74.02684554063686,-3.5100053901417363,-3.5451495440810756,-3.1772604534085747,-2.6793524247059683,0.0031717932647542186
11.124909635141744,222.4981927028349,BS03,2,-77.5822545280345,-102.35346707523112,-102.35945203878062,-102.05832938524816,-101.69049969371953,-74.02474920832236,-3.5712954872125655,-3.5733211445219144,-3.1795330339770507,-2.6089576641617622,0.003170267467387455
11.16262119322697,223.25242386453942,BS03,2,-77.64124241326222,-102.41245496045885,-102.36880526659516,-102.08769521808047,-101.65298660768599,-74.02250256357532,-3.6325228965586804,-3.5657926294975213,-3.179149769236253,-2.5390982911509217,0.003168633078633528
11.200332751312196,224.00665502624395,BS04,3,-77.61838058002387,-102.3895931272205,-102.39569539420118,-102.13447108836525,-101.61578168700208,-74.05557282325634,-3.5766959898620487,-3.5789418020002355,-3.214218079931058,-2.469786279926914,0.003192776064741065
11.238044309397422,224.76088618794844,BS04,3,-77.58702767500033,-102.35824022219695,-102.43710604602276,-102.1546878135194,-101.578894499073,-74.09216221494943,-3.508871006792554,-3.6198448173765487,-3.2396493600198935,-2.4010336333245355,0.003219701921827522
11.27575586748265,225.51511734965297,BS04,3,-77.55598898756948,-102.3272015347661,-102.45175853471504,-102.17364494799166,-101.5423347143448,-74.1284509290142,-3.4416609320570775,-3.61392228504337,-3.2410065518576214,-2.332852381380027,0.0032466300611741195
11.313467425567875,226.2693485113575,BS04,3,-77.52527202521367,-102.2964845724103,-102.47039285419727,-102.2116766568249,-101.50611210204809,-74.16443752785679,-3.3750746898484674,-3.6158078831137317,-3.2547859606795617,-2.265254579596997,0.003273555689713813
11.351178983653103,227.02357967306205,BS04,3,-77.49488433605634,-102.26609688325297,-102.51849214695706,-102.25762869679619,-101.47023652564323,-74.2001206377796,-3.3091211810269527,-3.6662201302771753,-3.302570354384625,-2.198252306836052,0.0033004739971467
11.388890541738329,227.77781083476657,BS04,3,-77.4648335048992,-102.23604605209583,-102.5412938766575,-102.23604605209583,-101.43471793796559,-74.23549894627209,-3.243809281869869,-3.6646050733076163,-3.243809281869869,-2.1318576628312376,0.003327380156667757
11.426602099823555,228.5320419964711,BS04,3,-77.43512714908962,-102.20633969628625,-102.55814739724966,-102.20633969628625,-101.3995663760663,-74.27057119941037,-3.179147842542615,-3.661191488791329,-3.179147842542615,-2.0660827653299463,0.003354269325719959
11.46431365790878,229.28627315817562,BS04,3,-77.40577291421799,-102.17698546141462,-102.60751628648728,-102.17698546141462,-101.36479195574387,-74.30533619936291,-3.1151456852937005,-3.708358897021473,-3.1151456852937005,-2.0009397468527026,0.0033811366467729176
11.502025215994006,230.04050431988014,BS04,3,-77.37677846965093,-102.14799101684756,-102.63702111319269,-102.14799101684756,-101.33040486576878,-74.33979280199506,-3.051811602387049,-3.7177055536515224,-3.051811602387049,-1.936440751079792,0.0034079772481242386
11.539736774079232,230.79473548158464,BS04,3,-77.3482636366203,-102.11947618381693,-102.64450752965145,-102.11947618381693,-101.28790811319209,-74.37389781523567,-2.9893084412262265,-3.7092476559231873,-2.9893084412262265,-1.8564323787767056,0.0034347530633580922
11.577448332164458,231.54896664328916,BS04,3,-77.32147922822355,-102.09269177542018,-102.69725777108648,-102.09269177542018,-101.25601395172204,-74.40719535773843,-2.9293412972033477,-3.7597872703139767,-2.9293412972033477,-1.79555992994771,0.0034610971768312703
11.615159890249686,232.30319780499372,BS04,3,-77.29509441266012,-102.06630695985675,-102.72134206152828,-102.06630695985675,-101.22456213195032,-74.44019690152105,-2.8700695929734614,-3.7559419135284617,-2.8700695929734614,-1.7353775719936508,0.0034874057716241026
11.652871448334912,233.05742896669824,BS04,3,-77.2691166771541,-102.04032922435073,-102.74361362689552,-102.04032922435073,-101.19356285370417,-74.47290120762969,-2.81150203355137,-3.763551966189101,-2.81150203355137,-1.6758974633384462,0.0035136739946426657
11.690583006420137,233.81166012840276,BS04,3,-77.23852916885595,-102.00974171605257,-102.76636858190453,-102.00974171605257,-101.20651436528787,-74.50696298948047,-2.7469728943007468,-3.726950793284713,-2.7469728943007468,-1.7004725123684528,0.003541242171545341
11.728294564505363,234.5658912901073,BS04,3,-77.20548360681937,-101.976696154016,-102.73817771312228,-101.976696154016,-101.16739339408996,-74.54158657315641,-2.6794268473880836,-3.660879455203494,-2.6794268473880836,-1.6303529085375619,0.003569485942516291
11.766006122590591,235.3201224518118,BS04,3,-77.17232935404306,-101.94354190123968,-102.70011906003201,-101.94354190123968,-101.14171227969945,-74.57596366264477,-2.612018698854677,-3.572450611837959,-2.612018698854677,-1.584416747767948,0.0035977506930602874
11.803717680675817,236.07435361351634,BS04,3,-77.13807509592891,-101.90928764312554,-102.67089730216509,-101.90928764312554,-101.10117136323939,-74.61036946749326,-2.5434829092402644,-3.5058655605698705,-2.5434829092402644,-1.5128461504765573,0.0036262623314160655
11.841429238761043,236.82858477522083,BS04,3,-77.10280790859088,-101.8740204557875,-102.58357578822086,-101.8740204557875,-101.13799001652002,-74.64471132045583,-2.4739988933791,-3.316554620110055,-2.4739988933791,-1.5743901787675072,0.0036549454669733755
11.87914079684627,237.58281593692539,BS04,3,-77.05996278270835,-101.83117532990498,-102.54666724238614,-101.83117532990498,-101.08797057156158,-74.68053261234333,-2.3954639399197215,-3.2421029347095387,-2.3954639399197215,-1.4909035671799515,0.003685105148654154
11.916852354931496,238.3370470986299,BS04,3,-77.01531623488894,-101.78652878208557,-102.45005016656826,-101.78652878208557,-101.1138638951685,-74.7162527357979,-2.315229441861711,-3.0545035299165564,-2.315229441861711,-1.5326265846669964,0.003715426542408996
11.954563913016722,239.09127826033443,BS04,3,-76.96566937000131,-101.73688191719793,-102.40687060562087,-101.73688191719793,-101.05666524032627,-74.75240107063706,-2.2295691070250356,-2.9745616440947686,-2.2295691070250356,-1.440633167745819,0.003746364472523929
11.992275471101948,239.84550942203896,BS04,3,-76.91683225877762,-101.68804480597424,-102.37891612035855,-101.68804480597424,-100.98099888322838,-74.78796396050654,-2.1453028824044145,-2.922687524110281,-2.1453028824044145,-1.3192151947407678,0.0037770517711313983
12.029987029187174,240.59974058374348,BS04,3,-76.8690076289813,-101.64022017617792,-102.33755887246181,-101.64022017617792,-100.92550096577096,-74.82292324276118,-2.0626515442292956,-2.845543093516992,-2.0626515442292956,-1.2302813117177696,0.003807462270715051
12.0676985872724,241.353971745448,BS04,3,-76.81017950644994,-101.58139205364657,-102.16497685292745,-101.58139205364657,-101.01661535559728,-74.85844840390865,-1.9684340738634278,-2.5478961627837458,-1.9684340738634278,-1.3748148336636137,0.0038386148869808006
12.105410145357625,242.10820290715253,BS04,3,-76.75079819639154,-101.52201074358817,-102.11246163911434,-101.52201074358817,-100.94972962427083,-74.89353913563353,-1.8740972754312728,-2.461308684276197,-1.8740972754312728,-1.2725763692229284,0.0038696357983464083
12.143121703442853,242.86243406885708,BS04,3,-76.69129427142016,-101.46250681861679,-102.05991406238849,-101.46250681861679,-100.88259956087404,-74.92815850701015,-1.7801084767230626,-2.3751541667533504,-1.7801084767230626,-1.1705601208090335,0.0039004847070764933
12.180833261528079,243.61666523056158,BS04,3,-76.63156686374576,-101.40277941094239,-101.9719783795426,-101.40277941094239,-100.85999505540927,-74.96231073332723,-1.6863625760566736,-2.232701516720353,-1.6863625760566736,-1.1360252522632366,0.003931157362353227
12.218544819613305,244.3708963922661,BS04,3,-76.56917218971577,-101.3403847369124,-101.91663286681334,-101.3403847369124,-100.79003751425857,-74.99602634493718,-1.5903853455669181,-2.145071681420789,-1.5903853455669181,-1.0316351917359343,0.003961673536236524
12.256256377698532,245.12512755397063,BS04,3,-76.50660122113419,-101.27781376833082,-101.86121340561299,-101.27781376833082,-100.71977017981752,-75.02928759340068,-1.4946854025992182,-2.0578115611622785,-1.4946854025992182,-0.927390780624378,0.003992009644524587
12.293967935783758,245.87935871567515,BS04,3,-76.4365318572487,-101.20774440444532,-101.669216461516,-101.20774440444532,-100.80169131302331,-75.06155719722172,-1.3924757333161906,-1.7700439273845194,-1.3924757333161906,-1.0485896098412246,0.004021662415002126
12.331679493868984,246.63358987737968,BS04,3,-76.3658115618676,-101.13702410906423,-101.60505196554881,-101.13702410906423,-100.72464626280596,-75.09340864150003,-1.290032558391949,-1.676653172586852,-1.290032558391949,-0.9376474306544018,0.004051146049091716
12.36939105195421,247.3878210390842,BS04,3,-76.2928943108441,-101.06410685804073,-101.45644751313941,-101.06410685804073,-100.74276315754159,-75.12447297521771,-1.1861772691201176,-1.465152401261472,-1.1861772691201176,-0.963518390384385,0.004080108424684874
12.407102610039438,248.14205220078875,BS04,3,-76.21788541831782,-100.98909796551445,-101.3873956589791,-100.98909796551445,-100.6624910961852,-75.15482735745081,-1.0809382755761368,-1.3688753491592187,-1.0809382755761368,-0.8502297133196592,0.004108608064617243
12.444814168124664,248.89628336249328,BS04,3,-76.14238085659647,-100.9135934037931,-101.3179750396077,-100.9135934037931,-100.58159846146282,-75.1848356886182,-0.9755491003348022,-1.2725478182542933,-0.9755491003348022,-0.7366930353572532,0.004136977659506423
12.48252572620989,249.65051452419777,BS04,3,-76.06330838439602,-100.83452093159265,-101.09892088061034,-100.83452093159265,-100.66506822991829,-75.2131840214025,-0.8682459537675041,-0.9779534485460123,-0.8688952721544908,-0.8462466396780663,0.0041639570674681554
12.520237284295115,250.4047456859023,BS04,3,-75.98260505576609,-100.75381760296271,-101.022597682912,-100.75381760296271,-100.58142525125561,-75.24083569293583,-0.760006459771755,-0.8776266796104202,-0.7600663072665165,-0.733675370994841,0.004190442247452452
12.557948842380341,251.15897684760682,BS04,3,-75.90125208855963,-100.67246463575626,-100.94573146981176,-100.67246463575626,-100.49705640042403,-75.26823418992032,-0.6513701687944888,-0.77698095272879,-0.6513701687944888,-0.6195907490711577,0.004216850380871328
12.595660400465567,251.91320800931135,BS04,3,-75.81859126356463,-100.58980381076125,-100.71886993058473,-100.59001673850146,-100.56347164664649,-75.29463908592875,-0.5424161310254781,-0.7292020728641816,-0.5424161310254781,-0.47739809352244517,0.004242457626097061
12.633371958550793,252.66743917101587,BS04,3,-75.73395600616047,-100.5051685533571,-100.63651019794239,-100.5053852869279,-100.47836439904596,-75.31941524381276,-0.4331101266562528,-0.616029704603739,-0.4331101266562528,-0.373835020979826,0.004266626121931201
12.67108351663602,253.42167033272042,BS04,3,-75.64857144747775,-100.41978399467438,-100.55346139930082,-100.42000463670269,-100.39249507366674,-75.34403279211541,-0.32321335051847133,-0.5022945613508015,-0.32321335051847133,-0.26919930563202804,0.004290775673162204
12.708795074721246,254.17590149442495,BS04,3,-75.56242433325056,-100.33363688044719,-100.46971240783132,-100.33386153727103,-100.30584995196868,-75.36849116523116,-0.21271310336134247,-0.38798352877184217,-0.21271310336134247,-0.1633941615275587,0.004314903853121825
12.746506632806474,254.93013265612947,BS04,3,-75.47550105813161,-100.24671360532824,-100.38525183957908,-100.24694238716533,-100.21841494309831,-75.39278984906863,-0.10159628347147022,-0.2730830846493051,-0.10159628347147022,-0.05744253952600322,0.004339008265860958
12.7842181908917,255.68436381783397,BS04,3,-75.38778765332236,-100.15900020051899,-100.30006804607295,-100.15923322164483,-100.13017557034549,-75.41692838005345,0.010150624696814103,-0.15757928753288103,0.010150624696814103,0.05036180982642098,0.004363086546830842
12.821929748976926,256.4385949795385,BS04,3,-75.29926977366557,-100.0704823208622,-100.21414910670394,-100.07071969979778,-100.041116956987,-75.44090634414194,0.12254156243973996,-0.041457764811807137,0.12254156243973996,0.15815164548977836,0.0043871363635453985
12.859641307062152,257.192826141243,BS04,3,-75.20993268417021,-99.98114523136684,-100.1274828208659,-99.98138709107697,-99.95122381148047,-75.46472337584865,0.23559090930380752,0.07529629982723025,0.23559090930380752,0.2680318533391509,0.004411155416227223
12.897352865147377,257.94705730294754,BS04,3,-75.11973472136229,-99.89094726855892,-100.03525777429981,-99.89351221936796,-99.86370005684914,-75.48832301404825,0.3492841265357348,0.18628625864852272,0.3491812699974637,0.38191140978465227,0.0044350843579846685
12.935064423232605,258.7012884646521,BS04,3,-75.0286832365849,-99.79989578378152,-99.94694083316128,-99.8025100764518,-99.77212274805899,-75.51175828603003,0.4636666662000699,0.3042351244634866,0.4627580856942145,0.49222065077157107,0.004458974516085471
12.972775981317831,259.4555196263566,BS04,3,-74.93676468809898,-99.7079772352956,-99.85783461130865,-99.71064230227789,-99.67966304418555,-75.53503444318162,0.5787573066682077,0.4228648498670156,0.575766912563963,0.6045540668397477,0.00448282927558958
13.010487539403057,260.2097507880611,BS04,3,-74.84396258307983,-99.61517513027646,-99.76792556719225,-99.61789245980398,-99.58630385206828,-75.55815127548078,0.6945723401267019,0.5421920711433429,0.6884168413095857,0.7169715333452664,0.004506646487989821
13.048199097488283,260.96398194976564,BS04,3,-74.75033598637246,-99.52154853356909,-99.68955507498882,-99.52263549650046,-99.48364181486345,-75.5812382252188,0.8111815660642483,0.6785344223614099,0.7959791368808228,0.8242891162192685,0.004530558632687714
13.085910655573509,261.71821311147016,BS04,3,-74.65580001897231,-99.42701256616894,-99.59831736994933,-99.42812125053923,-99.38834517180203,-75.60416865652631,0.9285438036145381,0.7995932578830848,0.9112067362740761,0.9404621318988471,0.004554433678313273
13.123622213658734,262.4724442731747,BS04,3,-74.5603315294877,-99.33154407668432,-99.50624419951285,-99.33267513725141,-99.29209294699695,-75.6269330560392,1.0466727427060967,0.9214006115571569,1.026809381836808,1.0562799939728447,0.004578259731589905
13.16133377174396,263.2266754348792,BS04,3,-74.4639121920014,-99.23512473919803,-99.41332104142312,-99.23627885718018,-99.19486587584733,-75.6495314558571,1.1655867502584913,1.043975529001207,1.1432655896191448,1.1740955603539,0.004602034755510116
13.199045329829188,263.9809065965838,BS04,3,-74.36652314317337,-99.13773569037,-99.31953302200654,-99.1389135747899,-99.0966441082276,-75.67196392799103,1.2853047703594778,1.1673376493991892,1.2624900055794075,1.2928108913572096,0.004625756751317363
13.236756887914414,264.7351377582883,BS04,3,-74.268144961382,-99.03935750857863,-99.22486490619957,-99.04055989768945,-98.99740718465054,-75.69423058353193,1.4058463442900688,1.2915072265515537,1.381057889485634,1.412033689653469,0.004649423758984828
13.274468445999641,265.4893689199928,BS04,3,-74.16875764485272,-98.93997019204934,-99.12930108730626,-98.94119785484924,-98.89713401119988,-75.71633157183766,1.527231631580923,1.4167236102136116,1.5008227229654711,1.5331018359222746,0.004673033857681142
13.312180004084867,266.2436000816973,BS04,3,-74.06822660376238,-98.83943915095901,-99.00441170192296,-98.84786181950633,-98.81373427934946,-75.73811192462675,1.6494409906859333,1.5057143236790365,1.6283971221969031,1.6617184967340632,0.004696418168024095
13.349891562170093,266.99783124340183,BS04,3,-73.96656398384083,-98.73777653103745,-98.90623556979206,-98.74638019693418,-98.71151725957621,-75.7596367117732,1.772527058607519,1.6317880432718075,1.7498435322896038,1.7831140730022599,0.00471964251068348
13.387603120255319,267.75206240510636,BS04,3,-73.86382008258289,-98.63503262977952,-98.80708876632012,-98.64382316655565,-98.60820087812812,-75.78100954890004,1.896542677401252,1.7587576609298536,1.87182695174203,1.9063984973977601,0.004742815996710611
13.425314678340545,268.5062935668109,BS04,3,-73.76038732091621,-98.53159986811283,-98.76762403180055,-98.53170242199784,-98.45942466715842,-75.80264070129417,2.0215037441852006,1.8886740093549623,1.996942042602822,2.0315461694205896,0.004766384861481587
13.463026236425772,269.26052472851546,BS04,3,-73.65591293130417,-98.4271254785008,-98.66823861566465,-98.42723029983563,-98.35334208687935,-75.82416111944609,2.1473957240090367,2.006343799853671,2.122544979437642,2.1584632484390025,0.004789948736991768
13.500737794510998,270.01475589022,BS04,3,-73.55030848645329,-98.32152103364992,-98.56788685931816,-98.32162819791337,-98.24607534803951,-75.84550386478027,2.274240433136632,2.1248239331846706,2.2509237530147157,2.287339052972766,0.004813432566368669
13.538449352596224,270.7689870519245,BS04,3,-73.44354985497377,-98.2147624021704,-98.46655160970681,-98.2148719882028,-98.13759787659514,-75.86666948122294,2.4020625543308345,2.2441318968097432,2.380104845750192,2.417826771974618,0.004836834648854941
13.57616091068145,271.523218213629,BS04,3,-73.33538883508398,-98.1066013822806,-98.29169766649873,-98.11926594960923,-98.07970289001953,-75.88747239494222,2.530925627484067,2.399312800474871,2.499862430806225,2.5382917188938885,0.004859946028150251
13.613872468766676,272.2774493753335,BS04,3,-73.22563463890691,-97.99684718610354,-98.1861610228867,-98.00980568347427,-97.96932175732273,-75.90781193439263,2.6609202833435197,2.532474412699708,2.628400572123086,2.6679603058830788,0.004882648854251484
13.651584026851902,273.031680537038,BS04,3,-73.11462055630085,-97.88583310349748,-98.07950870808304,-97.89909583565533,-97.85765863135035,-75.92800580910333,2.792029412595047,2.66671807274319,2.757677398705225,2.798135801875805,0.004905293490005248
13.689295584937128,273.78591169874255,BS04,3,-73.00231770482048,-97.77353025201711,-97.97171841455693,-97.78710800874667,-97.74468358135938,-75.9480543615325,2.924282246244564,2.7989075185464967,2.8880198564481185,2.9301998756586554,0.004927878541151502
13.727007143022355,274.54014286044713,BS04,3,-72.88869621149081,-97.65990875868744,-97.86276721869194,-97.67381284354632,-97.63036562340722,-75.96795796572472,3.0577090372364797,2.9322922689534665,3.0221125532960045,3.064307437275959,0.004950402654231401
13.764718701107583,275.29437402215166,BS04,3,-72.77372516771214,-97.54493771490877,-97.75263156124203,-97.55917997601657,-97.51467267072213,-75.98771702662569,3.1923411048625234,3.0641176090536133,3.1549699339173105,3.199393651981602,0.004972864516793541
13.802430259192809,276.0486051838562,BS04,3,-72.65737258161711,-97.42858512881374,-97.64128722726839,-97.44317799186923,-97.39757148113972,-76.00733197940626,3.328210881727967,3.1967293934756755,3.2897448170538484,3.334968901036304,0.0049952628575817655
13.840141817278035,276.8028363455607,BS04,3,-72.5396467258494,-97.31085927304602,-97.55999951682712,-97.31491560735762,-97.26127775724538,-76.02683365090114,3.4653407750653904,3.2938749470189936,3.431855871655655,3.47862004132445,0.005017631349499269
13.87785337536326,277.5570675072652,BS04,3,-72.42066175062828,-97.19187429782491,-97.44713273893822,-97.19603288594413,-97.14103568886249,-76.04631973046646,3.603713837317373,3.4229245008658125,3.57128588426882,3.618083287101941,0.005040081495222207
13.915564933448486,278.3112986689697,BS04,3,-72.3002040487139,-97.07141659591052,-97.33301787289516,-97.07568132828713,-97.01927268667637,-76.06565184603272,3.7434060032745444,3.5531621997361,3.7098841372017404,3.7590353726304615,0.0050624530112296055
13.953276491533712,279.0655298306742,BS04,3,-72.17823744527652,-96.94944999247315,-97.21762969541207,-96.95382495809683,-96.89595009059143,-76.084830667637,3.8844541228240774,3.6847366107905404,3.8520751461814524,3.9020421109098535,0.005084744752687399
13.99098804961894,279.8197609923788,BS04,3,-72.05473244590382,-96.82594499310045,-97.10424836785107,-96.82655306193811,-96.76859481199878,-76.10386068992442,4.026892170452097,3.8137261055281866,3.9966361107319344,4.048629526865568,0.005106960062979885
14.028699607704166,280.5739921540833,BS04,3,-71.92966425608212,-96.70087680327875,-96.98634605458957,-96.70150100052672,-96.6419959516435,-76.1227481390427,4.170751142968648,3.947563464746967,4.141975480880588,4.19452739729694,0.005129104411012147
14.066411165789392,281.32822331578785,BS04,3,-71.80297208456828,-96.57418463176491,-96.86709524034941,-96.57482560302522,-96.51371131249503,-76.14148334380536,4.316082217919427,4.082616394001779,4.287894935246984,4.34174991715163,0.005151164632345348
14.104122723874617,282.0824544774924,BS04,3,-71.6746141850569,-96.44582673225352,-96.74646821768702,-96.44648515778617,-96.38369579393203,-76.16006708499727,4.462927926666486,4.218913242949123,4.434348331044628,4.490669774525222,0.005173139754030267
14.141834281959843,282.8366856391969,BS04,3,-71.54454722358865,-96.31575977078528,-96.62443657916826,-96.3164363678463,-96.25190247822016,-76.17850016658015,4.611332411210003,4.356483086899759,4.584163750503999,4.64174031732953,0.005195028847309952
14.17954584004507,283.59091680090137,BS04,3,-71.41272619961643,-96.18393874681306,-96.50097120513007,-96.18463427218332,-96.11828253259102,-76.1967834151328,4.761341502562272,4.495355738540165,4.737004641024544,4.795042603962169,0.0052168310276353245
14.217257398130295,284.3451479626059,BS04,3,-71.2791043623039,-96.05031690950052,-96.37604225244617,-96.05103216222236,-95.98278510470577,-76.2149176793005,4.913002803898538,4.635561758655466,4.889122638736108,4.949847457706925,0.005238545454664081
14.254968956215524,285.0993791243105,BS04,3,-71.14363312174882,-95.91484566894545,-96.24961914454592,-95.9155814932885,-95.84535721098977,-76.23290382924979,5.066365778788535,4.777132465601276,5.0427522894824275,5.106377325433736,0.005260171332238607
14.29268051430075,285.853610286015,BS04,3,-71.00626195474923,-95.77747450194586,-96.12167056292894,-95.77823179062335,-95.70594361722216,-76.25074275613323,5.221481844895188,4.920099943286113,5.2001236300096965,5.264418071565621,0.005281707908348773
14.330392072385976,286.6078414477195,BS04,3,-70.86693830475471,-95.63815085195134,-95.99216444050039,-95.6389305496122,-95.56448671075987,-76.26843537156037,5.3784044734945695,5.064497047336012,5.359405104627112,5.4242915529913915,0.005303154475075676
14.368103630471202,287.36207260942405,BS04,3,-70.72560747559181,-95.49682002278844,-95.86106795707906,-95.49762312981264,-95.42092636368763,-76.28598260707594,5.537189295228853,5.210357409090471,5.517991595433218,5.585962922026214,0.005324510368517537
14.405815188556428,288.11630377112857,BS04,3,-70.58221251852244,-95.35342506571907,-95.72834753747819,-95.35425264234753,-95.27519978611622,-76.30338541364515,5.697894212533818,5.357715437029599,5.679298920275033,5.750076982667281,0.00534577496869856
14.443526746641654,288.8705349328331,BS04,3,-70.43669411217692,-95.20790665937355,-95.5939688526372,-95.2087598302064,-95.12724136878784,-76.32064476114563,5.860579519197941,5.506606315153734,5.843538158848646,5.916503470690757,0.005366947699459915
14.481238304726881,289.6247660945376,BS04,3,-70.28949301744777,-95.0607055646444,-95.52706658347401,-95.0620790799503,-94.91992644964687,-76.33782126479807,6.024864750626159,5.580703233899051,6.022308988695174,6.1413608101475035,0.005388101605766644
14.518949862812107,290.37899725624214,BS04,3,-70.14048070977732,-94.91169325697395,-95.3921112321168,-94.91311028388766,-94.7663852132117,-76.35488883986527,6.190852491572796,5.730038436936273,6.1885233296572215,6.313952901958622,0.005409203497065377
14.556661420897333,291.13322841794667,BS04,3,-69.98921192322969,-94.76042447042632,-95.25552365192762,-94.7618870777201,-94.61036751481132,-76.37179791552951,6.358938711832172,5.880864232345671,6.356832419539483,6.488552528978201,0.005430190473573623
14.594372978982559,291.8874595796512,BS04,3,-69.83562088307262,-94.60683343026925,-95.1172742350876,-94.60834381777623,-94.45179324498922,-76.38854971552328,6.5291904118107835,6.033211321333856,6.527303142055833,6.665650824222492,0.00545106209786839
14.632084537067785,292.6416907413557,BS04,3,-69.68763383706717,-94.4588463842638,-94.84821579300888,-94.48522957642524,-94.40063789030036,-76.40388696376435,6.69243095477273,6.328089179623615,6.649539823347075,6.734330986660983,0.005470241238162366
14.66979609515301,293.39592190306024,BS04,3,-69.52768401162129,-94.29889655881792,-94.70108844089238,-94.32604574122088,-94.23864207001313,-76.42023965604312,6.868643851627776,6.488925224131174,6.824353409487493,6.913298317111064,0.005490764110524448
14.707507653238237,294.15015306476477,BS04,3,-69.36495188406208,-94.1361644312587,-94.55170332526761,-94.16425159644682,-94.07380837363345,-76.43645135751437,7.047498500597781,6.651893957430057,7.002735150324206,7.095113328341183,0.005511185618711708
14.745219211323466,294.9043842264693,BS04,3,-69.19947897918918,-93.9706915263858,-94.40023639106977,-93.99976560733487,-93.90612281927596,-76.45254302985164,7.228974230022191,6.816842284574555,7.186220463222916,7.280146524129853,0.005531530621697444
14.782930769408692,295.6586153881738,BS04,3,-69.03203204268397,-93.80324458988059,-94.33612663723707,-93.80658880694659,-93.67813307689558,-76.46857108399293,7.412360398099763,6.886697653915159,7.408963498064526,7.526243347921345,0.005551869434319099
14.820642327493918,296.41284654987834,BS04,3,-68.86190044967594,-93.63311299687257,-94.18424096857876,-93.63657841352143,-93.50340345792355,-76.48447413403404,7.59830658854098,7.05191619017631,7.594525122649982,7.718438325923532,0.005572123118975006
14.858353885579143,297.16707771158286,BS04,3,-68.68882254149322,-93.46003508868985,-94.03032868729389,-93.46362831029894,-93.32547200472962,-76.50024046495845,7.787062816943856,7.219041329778073,7.782891881156258,7.913721014410823,0.005592275208079298
14.89606544366437,297.9213088732874,BS04,3,-68.51280886409127,-93.2840214112879,-93.89687872651594,-93.29057319269339,-93.12568223150977,-76.51587239533308,7.9786208500321765,7.363724746036068,7.971604197210459,8.130418743231974,0.005612327055873398
14.933777001749595,298.6755400349919,BS04,3,-68.33399797907381,-93.10521052627044,-93.80569349334942,-93.10541575863641,-92.87582903997091,-76.53136873686427,8.172840951570599,7.462463464028384,8.172840951570599,8.403863533438738,0.005632275540316725
14.971488559834821,299.42977119669644,BS04,3,-68.15315648820227,-92.9243690353989,-93.64992294334412,-92.92458218554147,-92.68591331461874,-76.54671120187957,8.368938342512823,7.631096291643964,8.368938342512823,8.611033258497539,0.00565209539360459
15.009200117920049,300.18400235840096,BS04,3,-67.96949911906144,-92.74071166625806,-93.53704395070196,-92.74071166625806,-92.44714492236162,-76.56189262230535,8.567691175943295,7.753141024827518,8.567691175943295,8.871113866360396,0.005671775463599393
15.046911676005275,300.9382335201055,BS04,3,-67.7831549153347,-92.55436746253133,-93.37978756514943,-92.55436746253133,-92.24874192364858,-76.5769035002113,8.768960972779414,7.922977004522314,8.768960972779414,9.086479615323498,0.0056913014422270165
15.0846232340905,301.69246468181,BS04,3,-67.5934433594435,-92.36465590664012,-93.22068645704374,-92.36465590664012,-92.046227527423,-76.59175790791566,8.973442251543752,8.094515350430028,8.973442251543752,9.305785596945787,0.005710689679215059
15.122334792175726,302.44669584351453,BS04,3,-67.400256082842,-92.17146863003863,-93.0597323615731,-92.17146863003863,-91.839432162947,-76.60645738618007,9.181244920842389,8.267765772640933,9.181244920842389,9.529202836961646,0.005729940343181426
15.160046350260952,303.20092700521906,BS04,3,-67.20348060471673,-91.97469315191336,-92.8969204341412,-91.97469315191336,-91.62817586952464,-76.62100348356206,9.39248300914414,8.442734572940102,9.39248300914414,9.756912732248875,0.0057490536486476075
15.197757908346178,303.9551581669236,BS04,3,-67.00300026649938,-91.77421281369601,-92.73224976706847,-91.77421281369601,-91.4122674626878,-76.6353977561358,9.60727472999019,8.619424127785246,9.60727472999019,9.98910788147469,0.0057680298556350255
15.235469466431404,304.7093893286281,BS04,3,-66.79869419397168,-91.56990674116831,-92.56572396911453,-91.56990674116831,-91.19150361941915,-76.64964176721409,9.825742519613105,8.797832308464107,9.825742519613105,10.225992996239679,0.005786869269246115
15.273181024516633,305.46362049033263,BS04,3,-66.59043729530994,-91.36164984250657,-92.39735181462486,-91.36164984250657,-90.9656678735462,-76.66373708707215,10.048013038617889,8.977951831628255,10.048013038617889,10.467785901500061,0.005805572239231291
15.31089258260186,306.21785165203715,BS04,3,-66.37648257056833,-91.14769511776495,-92.15829151858482,-91.14923608885877,-90.80848214546155,-76.6777542127461,10.275903380895851,9.23314567024207,10.275903380895851,10.635158516286614,0.00582423104774995
15.348604140687085,306.9720828137417,BS04,3,-66.15784054572643,-90.92905309292306,-91.98211618016573,-90.93066621695021,-90.57334828074211,-76.69164981789203,10.508359950814048,9.420878158311215,10.508359950814048,10.886008462062604,0.00584278693743752
15.38631569877231,307.7263139754462,BS04,3,-65.93465085254218,-90.7058633997388,-91.80391462845868,-90.70755366250813,-90.33246365912836,-76.70541318253058,10.74523246541679,9.610519189781648,10.74523246541679,11.142465717787594,0.005861224169322659
15.424027256857537,308.4805451371507,BS04,3,-65.71064591494395,-90.48185846214058,-91.82022466270824,-90.48185846214058,-89.83416076077579,-76.71886538211875,10.98261063472495,9.593177373548484,10.98261063472495,11.673810237086808,0.005879300456115431
15.461738814942763,309.23477629885525,BS04,3,-65.48531225952567,-90.2565248067223,-91.65093616421784,-90.2565248067223,-89.57520636647469,-76.732023076485,11.221024509858902,9.773396907875094,11.221024509858902,11.947731777247766,0.005897034613482557
15.499450373027988,309.9890074605598,BS04,3,-65.25567055802895,-90.02688310522558,-91.48047880463895,-90.02688310522558,-89.30936638641425,-76.74502066617845,11.463587039681485,9.954636056372024,11.463587039681485,12.22836879770293,0.0059146051864335004
15.537161931113216,310.7432386222643,BS04,3,-65.02162320798672,-89.79283575518335,-91.30894954603006,-89.79283575518335,-89.03628539726066,-76.75785993239653,11.71039760505499,10.136799574716804,11.71039760505499,12.516078448950605,0.0059320128250409795
15.574873489198442,311.4974697839688,BS04,3,-64.7830777004593,-89.55429024765593,-91.13645992672845,-89.55429024765593,-88.75558185206481,-76.77054265991431,11.96155049669114,10.31977765016367,11.96155049669114,12.811243987482314,0.005949258225210561
15.612585047283668,312.25170094567335,BS04,3,-64.54298215692219,-89.31419470411882,-91.04486159421162,-89.31419470411882,-88.33668240674469,-76.78293273208985,12.21396229604542,10.416918425597139,12.21396229604542,13.255772096751931,0.005966153807646456
15.650296605368894,313.0059321073779,BS04,3,-64.30273726781697,-89.07394981501359,-91.03224279047835,-89.07394981501359,-87.75424805472156,-76.7949729813393,12.46617550134965,10.430247563737668,12.46617550134965,13.863814514346297,0.005982618049679488
15.68800816345412,313.7601632690824,BS04,3,-64.06686035418232,-88.83807290137895,-90.87699687867051,-88.83807290137895,-87.4408111762562,-76.80647847033202,12.713488980319882,10.595008917192436,12.713488980319882,14.190288200139202,0.005998393237357151
15.725719721539345,314.5143944307869,BS04,3,-63.82796617245209,-88.59917871964872,-90.7224563441605,-88.59917871964872,-87.11795543409994,-76.81779690783452,12.963633619099262,10.758882474105267,12.963633619099262,14.525972926845533,0.006013952300111053
15.763431279624573,315.26862559249145,BS04,3,-63.58621073667864,-88.35742328387526,-90.56886282509376,-88.35742328387526,-86.78519778410019,-76.82893028906163,13.216455395098025,10.921628542602107,13.216455395098025,14.871351326733128,0.00602929610687483
15.8011428377098,316.022856754196,BS04,3,-63.34389183007485,-88.11510437727148,-90.55327987407166,-88.11510437727148,-86.11440640799304,-76.83979525624389,13.46957367926416,10.938051071947873,13.46957367926416,15.567876308419926,0.006044307503769791
15.838854395795027,316.7770879159005,BS04,3,-63.112398853026306,-87.88361140022293,-90.41567074432655,-87.88361140022293,-85.75791466945681,-76.84996241143139,13.711172286533968,11.084021568236782,13.711172286533968,15.935975460556298,0.006058388423472006
15.876565953880252,317.531319077605,BS04,3,-62.88038026868105,-87.65159281587768,-90.28047452313415,-87.65159281587768,-85.39075576722634,-76.85992794543294,13.953095960902747,11.22737759188723,13.953095960902747,16.314535333052874,0.00607222174840648
15.914277511965478,318.28555023930954,BS04,3,-62.66127566410434,-87.43248821130096,-90.28474101073867,-87.43248821130096,-84.6219337823915,-76.869211123672,14.181427314279587,11.22290024487358,14.181427314279587,17.10638830426349,0.0060851361244402165
15.951989070050704,319.03978140101407,BS04,3,-62.451372381777645,-87.22258492897427,-90.17034556700389,-87.22258492897427,-84.23698716051277,-76.87801449965454,14.400080348847638,11.344515876249973,14.400080348847638,17.50143424740277,0.006097408236245822
15.98970062813593,319.7940125627186,BS04,3,-62.24469210398297,-87.0159046511796,-90.05994516610217,-87.0159046511796,-83.8433190337115,-76.88660030898005,14.615294033317374,11.461913946430991,14.615294033317374,17.904992188387368,0.0061094007477895595
16.027412186221156,320.5482437244231,BS04,3,-62.04209388475971,-86.81330643195633,-89.95388747022038,-86.81330643195633,-83.44151417451528,-76.8949704908768,14.826211248633694,11.574748703844561,14.826211248633694,18.316479271018224,0.006121114640419992
16.065123744306383,321.3024748861277,BS04,3,-61.84451929475409,-86.61573184195072,-89.85252541152894,-86.61573184195072,-83.03246813136371,-76.90312698596061,15.031892360255931,11.682669130840349,15.031892360255931,18.735001862132258,0.006132550956138818
16.10283530239161,322.0567060478322,BS04,3,-61.657109109757315,-86.42832165695394,-89.92417097917499,-86.42832165695394,-81.76371593122751,-76.91093644795774,15.227064072505428,11.605468261384416,15.227064072505428,20.036890583145695,0.00614352059108471
16.140546860476835,322.8109372095367,BS04,3,-61.53051524220352,-86.30172778940015,-89.86369052596159,-86.30172778940015,-81.41995104443662,-76.91681911403448,15.359504441518677,11.670798512112524,15.359504441518677,20.387381052977084,0.006151796609097205
16.178258418562063,323.5651683712412,BS04,3,-61.41578920673997,-86.1870017539366,-89.80960248013885,-86.1870017539366,-81.0941252655261,-76.9224582052331,15.479834855245759,11.729478532774033,15.479834855245759,20.719707451334195,0.006159740355040631
16.215969976647287,324.31939953294574,BS04,3,-61.313884811125845,-86.08509735832247,-89.7621345884413,-86.08509735832247,-80.7919742473103,-76.92785516585215,15.587102947065631,11.78128199442186,15.587102947065631,21.02813553627606,0.006167352560105124
16.253681534732515,325.07363069465026,BS04,3,-61.225695913126785,-85.99690846032341,-89.72149176959128,-85.99690846032341,-80.5197514581091,-76.93301144323142,15.68041630309452,11.826005398281417,15.68041630309452,21.306413253710975,0.006174634023207722
16.29139309281774,325.8278618563548,BS04,3,-61.15203313338115,-85.92324568057778,-89.68785330830318,-85.92324568057778,-80.28397189501756,-76.93792848803903,15.758965749608151,11.863470882094356,15.758965749608151,21.54802702434322,0.0061815856106683656
16.329104650902966,326.58209301805937,BS04,3,-61.09815063127476,-85.86936317847139,-89.67570563026918,-85.86936317847139,-80.0072373570426,-76.94246629822979,15.817357996473959,11.877099345867165,15.817357996473959,21.833566190838457,0.006188007947013255
16.366816208988194,327.3363241797639,BS04,3,-61.07455952650669,-85.84577207370332,-89.6650854881751,-85.84577207370332,-79.92627539404194,-76.94631766046277,15.8447766207099,11.890637907961274,15.8447766207099,21.91916658291538,0.0061934639594276595
16.404527767073418,328.09055534146836,BS04,3,-61.067326154343746,-85.83853870154037,-89.66183497508939,-85.83853870154037,-79.90125498903205,-76.94992615228138,15.855596126397645,11.896547438592641,15.855596126397645,21.9486033461478,0.006198580248547331
16.442239325158646,328.84478650317294,BS04,3,-61.07652487574292,-85.84773742293955,-89.66596913967057,-85.84773742293955,-79.93305752501652,-76.95329302331646,15.849743398171688,11.894814102076076,15.849743398171688,21.920996324940287,0.006203357743948956
16.479950883243873,329.59901766487746,BS04,3,-61.1020611705994,-85.87327371779602,-89.67746884640715,-85.87327371779602,-80.02056453081778,-76.95641952790805,15.827314206140768,11.885458249992974,15.827314206140768,21.837465223369612,0.006207797442737577
16.5176624413291,330.353248826582,BS04,3,-61.1492968113547,-85.92050935855133,-89.69262151925754,-85.92050935855133,-80.22831799854659,-76.95912281000447,15.782765060862733,11.871513260672302,15.782765060862733,21.634418218892595,0.006211638702454262
16.555373999414325,331.1074799882865,BS04,3,-61.21587147795313,-85.98708402514976,-89.72296335298086,-85.98708402514976,-80.44407905856033,-76.96145835678617,15.718511429595825,11.84258610644735,15.718511429595825,21.421799718434162,0.006214959326315573
16.593085557499553,331.86171114999104,BS04,3,-61.296990411592645,-86.06820295878927,-89.76294892153886,-86.06820295878927,-80.67877624975263,-76.96356164694842,15.639482711109565,11.803836800169748,15.639482711109565,21.189824034618272,0.006217951242935772
16.630797115584777,332.61594231169556,BS04,3,-61.390369161713465,-86.16158170891009,-89.80626462615665,-86.16158170891009,-80.96161158727361,-76.96548820608217,15.548018538230837,11.76147014309306,15.548018538230837,20.90978444181219,0.006220693016758456
16.668508673670004,333.3701734734001,BS04,3,-61.49896791301023,-86.27018046020686,-89.848229950262,-86.27018046020686,-81.33510443045074,-76.96710650980611,15.44102802182316,11.720044370533705,15.44102802182316,20.539239600944384,0.006222997026719682
16.70622023175523,334.1244046351046,BS04,3,-61.62277733982391,-86.39398988702054,-89.90717353567135,-86.39398988702054,-81.6751158827185,-76.96837721144837,15.318481387929443,11.661412124365306,15.318481387929443,20.201364563634115,0.006224806743284604
16.743931789840456,334.8786357968091,BS04,3,-61.74849558110381,-86.51970812830044,-89.99817555617103,-86.51970812830044,-81.82858769561443,-76.96976549551931,15.194142787547655,11.570864513873532,15.194142787547655,20.04901033688062,0.006226784517021166
16.78164334792568,335.6328669585136,BS04,3,-61.880387330177655,-86.65159987737428,-90.06230918895096,-86.65159987737428,-82.17290074956361,-76.97110088384038,15.063578110348992,11.506920191597702,15.063578110348992,19.707073330178584,0.006228687523759399
16.819354906010908,336.3870981202181,BS04,3,-62.02536507433864,-86.79657762153526,-90.12301480391773,-86.79657762153526,-82.5916833782911,-76.97207957371472,14.919572959426304,11.446073547010036,14.919572959426304,19.29066038201433,0.00623008258126254
16.857066464096132,337.14132928192265,BS04,3,-62.18004620059442,-86.95125874779104,-90.20073756160575,-86.95125874779104,-82.95649278174774,-76.9727906474789,14.76559847652602,11.367927565143004,14.76559847652602,18.92760388859344,0.006231096364496162
16.89477802218136,337.8955604436272,BS04,3,-62.34654314019035,-87.11775568738697,-90.24604661824556,-87.11775568738697,-83.51179918918436,-76.9730910316571,14.59940004932119,11.32222338295641,14.59940004932119,18.374220001219243,0.0062315246737378255
16.932489580266584,338.6497916053317,BS04,3,-62.526312171596715,-87.29752471879334,-90.34028611188403,-87.29752471879334,-83.88641603139112,-76.97284516283061,14.419386681182896,11.226704228519962,14.419386681182896,18.000324399444693,0.006231174094210108
16.970201138351815,339.4040227670363,BS04,3,-62.71123334202264,-87.48244588921926,-90.43898501653614,-87.48244588921926,-84.25673758627237,-76.97236766368832,14.23399098683242,11.126475131370196,14.23399098683242,17.630514926274245,0.0062304932935603324
17.007912696437042,340.1582539287408,BS04,3,-62.90048080036989,-87.67169334756652,-90.54183463138286,-87.67169334756652,-84.6216711007871,-76.97165967054647,14.044039946132552,11.021845858550938,14.044039946132552,17.265885473083753,0.006229483999120361
17.045624254522266,340.91248509044533,BS04,3,-63.09213357786756,-87.86334612506418,-90.66070664506763,-87.86334612506418,-84.93273852841632,-76.97078553646088,13.851518479409012,10.90074943444771,13.851518479409012,16.95496956493643,0.006228238083115593
17.083335812607494,341.66671625214985,BS04,3,-63.2854620398337,-88.05667458703033,-90.76931495415049,-88.05667458703033,-85.28387351006653,-76.96975724180187,13.6571681264944,10.789967425223088,13.6571681264944,16.603893524682107,0.006226772756786108
17.121047370692718,342.4209474138544,BS04,3,-63.481203098069315,-88.25241564526594,-90.88123560254475,-88.25241564526594,-85.62817499658361,-76.968503799453,13.460181429691392,10.67562911091803,13.460181429691392,16.259447873794073,0.006224987056898618
17.158758928777946,343.1751785755589,BS04,3,-63.678768792043456,-88.44998133924008,-90.99618457650037,-88.44998133924008,-85.96536413680154,-76.96702643394471,13.261147565235818,10.558019657898315,13.261147565235818,15.921912686130932,0.006222883001244724
17.19647048686317,343.9294097372634,BS04,3,-63.877397109137135,-88.64860965633376,-91.1531847277694,-88.64860965633376,-86.17640908318248,-76.96534148523222,13.060844782647267,10.397158749314437,13.060844782647267,15.710486185980292,0.00622048416939475
17.234182044948398,344.68364089896795,BS04,3,-64.07282161060306,-88.84403415779968,-91.19498121020207,-88.84403415779968,-86.71237161526184,-76.96371098896276,12.863799925496263,10.354433156200734,12.863799925496263,15.173606683007778,0.006218163735397393
17.27189360303362,345.4378720606725,BS04,3,-64.27753723449817,-89.0487497816948,-91.32116971368016,-89.0487497816948,-87.02847519490099,-76.96124334970877,12.65663200220076,10.224617528391253,12.65663200220076,14.856165181904228,0.006214653560750824
17.30960516111885,346.192103222377,BS04,3,-64.48619055714015,-89.25740310433677,-91.25015712791229,-89.25740310433677,-87.80000350447276,-76.95819534516326,12.444949610701281,10.298213167136788,12.444949610701281,14.067110631115959,0.006210320544541761
17.347316719204073,346.94633438408147,BS04,3,-64.7091034614554,-89.48031600865203,-91.39820492220689,-89.48031600865203,-88.09998413588687,-76.95358422822437,12.217454210858701,10.144808738204365,12.217454210858701,13.76349731561593,0.006203771127423299
17.3850282772893,347.700565545786,BS04,3,-64.92941040839833,-89.70062295559495,-91.54678382090269,-89.70062295559495,-88.39188245257756,-76.94873150214218,11.992324626326532,9.990608313977708,11.992324626326532,13.46773272505029,0.006196885952580896
17.422739835374525,348.4547967074905,BS04,3,-65.15344793038224,-89.92466047757887,-91.54706050437572,-89.92466047757887,-88.95913126532558,-76.9429343659042,11.762525868479276,9.990252392469618,11.762525868479276,12.884200514173267,0.006188670777609715
17.460451393459753,349.20902786919504,BS04,3,-65.38782241792018,-90.1590349651168,-91.4236049585689,-90.1590349651168,-89.67725878153693,-76.935086941474,11.520352478057823,10.11896368226092,11.520352478057823,12.138931451678484,0.006177567359495134
17.498162951544984,349.9632590308996,BS04,3,-65.62086689548822,-90.39207944268485,-91.60345655449068,-90.39207944268485,-89.93437710788362,-76.92650744588865,11.278781453322328,9.930654288528169,11.278781453322328,11.872593274636865,0.0061654507776693415
17.535874509630208,350.71749019260415,BS04,3,-65.84911813663885,-90.62033068383548,-91.7815246888661,-90.62033068383548,-90.18498669257038,-76.9176701480381,11.041747345189032,9.743848814296337,11.041747345189032,11.612674076983078,0.00615299480175989
17.573586067715436,351.47172135430867,BS04,3,-66.07326139981839,-90.84447394701502,-91.91152279570822,-90.84651392280888,-90.48564723440643,-76.90847251799944,10.808462985423674,9.607204522767987,10.808462985423674,11.293074000604985,0.006140057504411965
17.61129762580066,352.2259525160132,BS04,3,-66.29369676261226,-91.06490930980888,-92.08863985943215,-91.06685731278748,-90.72285753665459,-76.89884920138243,10.578463328714838,9.42061692495842,10.578463328714838,11.04749419386221,0.006126550379567658
17.649009183885887,352.9801836777177,BS04,3,-66.5096745424721,-91.28088708966872,-92.26371140343439,-91.2827490018209,-90.9544839403409,-76.8889649556973,10.352661791061454,9.23579240659644,10.352661791061454,10.807374069076644,0.006112707761103734
17.68672074197111,353.73441483942224,BS04,3,-66.6898235165464,-91.46103606374302,-92.40879061058031,-91.46311110814621,-91.14955862165314,-76.8803472654778,10.163947752279128,9.08231754501606,10.163947752279128,10.604320385001458,0.006100664286877472
17.72443230005634,354.48864600112677,BS04,3,-66.89800033965345,-91.66921288685008,-92.58159250261144,-91.671008187523,-91.3697899034067,-76.8699660946425,9.945453015202943,8.899142624608547,9.945453015202943,10.37553479409422,0.006086187608551328
17.762143858141563,355.2428771628313,BS04,3,-67.10210551306977,-91.8733180602664,-92.75083372188476,-91.87503828659577,-91.58680176589347,-76.85932806401642,9.730774477460463,8.719333850915545,9.730774477460463,10.149237574453723,0.00607138815567546
17.79985541622679,355.9971083245358,BS04,3,-67.30230779376728,-92.07352034096391,-92.91802197715295,-92.07516997873532,-91.79910762899516,-76.84842471819286,9.519734966858316,8.541290482419539,9.519734966858316,9.925973826413264,0.0060562567168749816
17.837566974312015,356.75133948624034,BS04,3,-67.49873793428732,-92.26995048148395,-93.08316751585816,-92.27153367618206,-92.00690242174899,-76.8372549038299,9.312202572846111,8.36500090904197,9.312202572846111,9.706927823249819,0.006040794345160223
17.875278532397243,357.50557064794486,BS04,3,-67.69152130956152,-92.46273385675815,-93.24628412249973,-92.46425444424172,-92.21036951835369,-76.82581746124895,9.108050755879113,8.190449970478667,9.108050755879113,9.492415228356654,0.006025002154449529
17.912990090482467,358.2598018096494,BS04,3,-67.88077809821594,-92.65199064541257,-93.40738860242512,-92.653452179447,-92.40968160704467,-76.81411122422583,8.907158165905816,8.017619472031111,8.907158165905816,9.28180444046361,0.006008881319478054
17.950701648567694,359.01403297135386,BS04,3,-68.06662347257122,-92.83783601976785,-93.56650032610857,-92.83924179676822,-92.60500148165632,-76.80213501978648,8.709408452163848,7.8464886399504055,8.709408452163848,9.074932416380719,0.005992433075700287
17.98841320665292,359.7682641330584,BS04,3,-68.24941633967244,-93.02062888686906,-93.70521857602813,-93.0243750970726,-92.81721467058797,-76.78980816917347,8.514362498170655,7.696891743111696,8.514362498170655,8.84892317641929,0.005975549987699898
18.02612476473815,360.522495294763,BS04,3,-68.42911764090205,-93.20033018809868,-93.8613158863696,-93.2039381500199,-93.00458152177855,-76.7771681350657,8.322096584834599,7.528111269768015,8.322096584834599,8.649360688999996,0.005958287054938435
18.063836322823377,361.2767264564675,BS04,3,-68.6056992368828,-93.37691178407943,-94.01544430388488,-93.38038886679973,-93.1884085484952,-76.76425414427776,8.132677829722454,7.361002286173942,8.132677829722454,8.453081630453763,0.005940701165589306
18.1015478809086,362.030957618172,BS04,3,-68.77926025059115,-93.55047279778778,-94.16763256503673,-93.55382586598448,-93.36882465927343,-76.75106492821621,7.946005834992253,7.195534531163193,7.946005834992253,8.259956619951978,0.005922793738154125
18.13925943899383,362.78518877987653,BS04,3,-68.95018073975632,-93.72139328695295,-94.27580779369134,-93.72639228089335,-93.58457900798281,-76.73748499962541,7.761585723475951,7.07759878248191,7.761585723475951,8.01802944504277,0.005904411892703458
18.176970997079053,363.53941994158106,BS04,3,-69.11864420207588,-93.88985674927251,-94.42609960551053,-93.89468261929565,-93.7578490970998,-76.72346167319466,7.5791816014721425,6.913258136859366,7.5791816014721425,7.832160268366744,0.005885489379631073
18.21468255516428,364.2936511032856,BS04,3,-69.28431463046267,-94.0555271776593,-94.5744496115516,-94.06018863964637,-93.9280795300527,-76.70915813984142,7.399291685361779,6.7505556559936,7.399291685361779,7.649185682557933,0.005866250869370912
18.252394113249505,365.0478822649901,BS04,3,-69.44727879815369,-94.21849134535032,-94.72089395794423,-94.2229965479549,-94.09537351614745,-76.69457293543333,7.221827731059664,6.589453453915452,7.221827731059664,7.468836301203981,0.005846697880928552
18.290105671334732,365.80211342669463,BS04,3,-69.60768494143498,-94.37889748863161,-94.7959983013513,-94.39480914475573,-94.30792390667922,-76.67966864050038,7.046604285270323,6.506670411625745,7.046604285270323,7.212457316989402,0.005826784049127698
18.327817229419956,366.55634458839916,BS04,3,-69.7662803753562,-94.53749292255283,-94.94153397884372,-94.55288584953227,-94.46885359048265,-76.6640588797742,6.872489883014089,6.34560048302533,6.872489883014089,7.037013442214069,0.0058059999243509144
18.365528787505184,367.3105757501037,BS04,3,-69.92235689801447,-94.6935694452111,-95.08514129893277,-94.70846836907882,-94.62715180145888,-76.64816136003782,6.700607973865336,6.186148724772377,6.700607973865336,6.863846991820289,0.005784908407948908
18.403240345590408,368.0648069118082,BS04,3,-70.07599101139371,-94.84720355859034,-95.22686247470894,-94.86163167291016,-94.78290211895477,-76.63197430032004,6.530880268139441,6.028270862278153,6.530880268139441,6.692927197495744,0.005763511020968479
18.440951903675636,368.81903807351273,BS04,3,-70.22766148702581,-94.99887403422244,-95.31186482670975,-95.03613476805995,-94.96222768546534,-76.61513434927885,6.362466711861126,5.930412959955169,6.357932875624277,6.470165030793322,0.005741334097350575
18.47866346176086,369.57326923521725,BS04,3,-70.37701561038125,-95.14822815757788,-95.45188481195363,-95.1843463292145,-95.11271399332009,-76.59801436727447,6.196090705666309,5.773491246885996,6.192206618162319,6.303725196405696,0.005718875362420584
18.516375019846087,370.3275003969218,BS04,3,-70.52411388928455,-95.29532643648118,-95.59005375401937,-95.33035342881205,-95.2608930370989,-76.58059837368589,6.031675834768516,5.618100027486323,6.028416635800674,6.139262203003314,0.005696117933087631
18.55408657793132,371.08173155862636,BS04,3,-70.66902216792919,-95.44023471512581,-95.72641479547157,-95.47421889743954,-95.40683371366023,-76.56288430573628,5.8691541852621505,5.464193969211653,5.866496707652988,5.976635466835532,0.005673063376712756
18.591798136016543,371.8359627203309,BS04,3,-70.8116287561829,-95.58284130337952,-96.04572706493516,-95.58284130337952,-95.41580992817197,-76.54498555495992,5.708750179206992,5.104431845649334,5.708750179206992,6.029683557481288,0.005649862694640518
18.62950969410177,372.5901938820354,BS04,3,-70.95033942193649,-95.72155196913312,-96.17179562442291,-95.72155196913312,-95.55938281386074,-76.52804104840928,5.5531905555729555,4.9608657058361505,5.5531905555729555,5.8699834678819585,0.00562798586165206
18.667221252186994,373.3444250437399,BS04,3,-71.08715552662686,-95.85836807382348,-96.29646528125366,-95.85836807382348,-95.7008537612866,-76.51080175869662,5.3992319924176835,4.818374149356966,5.3992319924176835,5.712033599929865,0.005605814878530681
18.704932810272222,374.0986562054444,BS04,3,-71.22212552842427,-95.9933380756209,-96.41975971767984,-95.9933380756209,-95.84028275277208,-76.49326640118323,5.246824735998584,4.676931785591084,5.246824735998584,5.556110348937634,0.005583352229120897
18.742644368357446,374.8528873671489,BS04,3,-71.35436578982986,-96.12557833702648,-96.60400736036253,-96.12557833702648,-95.90611502759255,-76.47591006692215,5.097324854553346,4.464807757505125,5.097324854553346,5.488183504501368,0.0055612070472835845
18.780355926442674,375.60711852885345,BS04,3,-71.48467931086253,-96.25589185805916,-96.72205465328801,-96.25589185805916,-96.0424680898432,-76.45837881637598,4.949577382463225,4.328323376878573,4.949577382463225,5.335895768217439,0.0055389273559559825
18.818067484527898,376.361349690558,BS04,3,-71.61398136927986,-96.38519391647648,-96.64446058335503,-96.40494825783964,-96.34830477533326,-76.44012099212487,4.802118417453453,4.418261517483908,4.802118417453453,4.937356536907041,0.00551581864670758
18.855779042613126,377.1155808522625,BS04,3,-71.74348395674713,-96.51469650394375,-96.76720937006104,-96.5339235946003,-96.47879765638646,-76.42027087433533,4.652874953381254,4.2754281725246255,4.652874953381254,4.788984554896323,0.005490803363083972
18.89349060069835,377.869812013967,BS04,3,-71.87128225788895,-96.64249480508558,-96.88851084200908,-96.661215354334,-96.60754705774221,-76.40010698025523,4.505023218916778,4.133701276924414,4.505023218916778,4.642178699982485,0.005465508168056843
18.931202158783577,378.62404317567155,BS04,3,-71.99741982821843,-96.76863237541505,-97.0083958564871,-96.78686602820432,-96.73459856828529,-76.37962721574051,4.358517554326566,3.993047465562259,4.358517554326566,4.496570455944363,0.0054399353478159565
18.9689137168688,379.37827433737607,BS04,3,-72.12193860292182,-96.89315115011844,-97.12689441453348,-96.91091655416798,-96.85999602689732,-76.35882946283769,4.213313896148094,3.8534341923178625,4.213313896148094,4.351602897544408,0.005414087245030735
19.00662527495403,380.1325054990806,BS04,3,-72.24491233384481,-97.01612488104143,-97.1945503919356,-97.05052889520778,-97.00053872519868,-76.3376546179085,4.06927968523279,3.769212600018495,4.06927968523279,4.156989087927228,0.00538789597216351
19.044336833039257,380.8867366607851,BS04,3,-72.36652238567922,-97.13773493287584,-97.31175643254808,-97.17127723556122,-97.12254116097469,-76.3158448768378,3.9259771079618497,3.630099293761215,3.9259771079618497,4.015008197033687,0.005361051131462473
19.082048391124484,381.6409678224897,BS04,3,-72.48662009484713,-97.25783264204375,-97.42760970775505,-97.29054506145141,-97.24301666340756,-76.29370743266522,3.78386033424238,3.49198123359179,3.78386033424238,3.874126630205766,0.00533393897796393
19.119759949209712,382.3951989841942,BS04,3,-72.60523241169432,-97.37644495889094,-97.54610294007523,-97.40611219554953,-97.3611844493567,-76.27126446746283,3.6429244544629795,3.3504245172696656,3.6429244544629795,3.7378398744453856,0.005306591861350654
19.157471507294936,383.14943014589875,BS04,3,-72.72240296553747,-97.4936155127341,-97.65923336497792,-97.52256613043328,-97.47872532020301,-76.248494465372,3.503104415103863,3.2143130169313063,3.503104415103863,3.5988066964014997,0.005278988769239496
19.195183065380164,383.9036613076033,BS04,3,-72.83816813803799,-97.60938068523461,-97.77109977040243,-97.63764023065336,-97.59484752847297,-76.22538950071224,3.3643559266213847,3.079099803759546,3.3643559266213847,3.4612748707081185,0.005251125603667474
19.232894623465388,384.6578924693078,BS04,3,-72.95256090933123,-97.72377345652785,-97.88172867454796,-97.75136628134621,-97.70958468020345,-76.20194701808119,3.2266434422151353,2.944755425620621,3.2266434422151353,3.325310089017626,0.005223004922620804
19.270606181550615,385.41212363101226,BS04,3,-73.06559980680989,-97.83681235400651,-98.01888434303015,-97.85599453485811,-97.81433144076884,-76.1781936005312,3.0899748545033763,2.7797749864331367,3.0899748545033763,3.221351091878578,0.00519466405095793
19.30831773963584,386.1663547927168,BS04,3,-73.1772407976043,-97.94845334480092,-98.12639712264486,-97.96719331578055,-97.92649290029195,-76.1542978304151,2.9545618849849005,2.647861660037836,2.9545618849849005,3.08741754482546,0.005166307694246868
19.346029297721067,386.9205859544213,BS04,3,-73.28760635305375,-98.05881890025037,-98.23277197480809,-98.07713171534873,-98.03736110676395,-76.1300593208226,2.820082696541904,2.51671086060671,2.820082696541904,2.954341385442959,0.005137701934953661
19.38374085580629,387.67481711612584,BS04,3,-73.39684888008277,-98.1680614272794,-98.28881347945445,-98.198747373181,-98.15941843904206,-76.10511508989875,2.6860237291563713,2.443108568539965,2.6860237291563713,2.7652240732043936,0.005108427814910251
19.42145241389152,388.42904827783036,BS04,3,-73.50488747919549,-98.27610002639211,-98.39418498101297,-98.30610193954368,-98.26765048127778,-76.07975595536759,2.5527551652590046,2.3120830333401092,2.5527551652590046,2.633475824476854,0.005078836878654188
19.459163971976743,389.1832794395349,BS04,3,-73.61172183418681,-98.38293438138344,-98.5171634948251,-98.40862412464502,-98.37131588147318,-76.05406415781225,2.420359113912886,2.1597262501083914,2.420359113912886,2.5246815091334853,0.005049031669979089
19.49687553006197,389.9375106012394,BS04,3,-73.71735234803853,-98.48856489523516,-98.61989859231021,-98.51369431621019,-98.4772007799031,-76.02815279333213,2.288947675336524,2.0306001583685283,2.288947675336524,2.3949242438656806,0.005019148004531692
19.534587088147198,390.69174176294393,BS04,3,-73.82183694027883,-98.59304948747545,-98.72157980404567,-98.61763665790718,-98.58193151079938,-76.00188179940018,2.158323551151227,1.902133445962713,2.158323551151227,2.2661416224796387,0.004989029238361555
19.572298646232426,391.4459729246485,BS04,3,-73.92521046189448,-98.6964230090911,-98.80837809494169,-98.72286339419693,-98.68832745348642,-75.97520193203542,2.028402862817684,1.7907357608841117,2.028402862817684,2.1219769524601135,0.004958625762784049
19.610010204317653,392.20020408635304,BS04,3,-74.02750306739433,-98.79871561459096,-98.90832594610922,-98.82459737804619,-98.79079170482498,-75.94807653960838,1.8991189524554477,1.663169330594447,1.8991189524554477,1.994588869275459,0.004927903582355469
19.647721762402877,392.95443524805756,BS04,3,-74.12871954015299,-98.89993208734961,-99.0072701297703,-98.92527269275199,-98.89217443241313,-75.92058089910348,1.7705419091420838,1.5362001920206974,1.7705419091420838,1.8679525869139113,0.004896955358472518
19.685433320488105,393.7086664097621,BS04,3,-74.2288821328547,-99.00009468005132,-99.1052299603832,-99.0249108728061,-98.9924981119193,-75.8927118789624,1.6426463348324318,1.409805305025411,1.6426463348324318,1.7423955492205758,0.004865784232800495
19.72314487857333,394.4628975714666,BS04,3,-74.32797704698321,-99.09918959417983,-99.23567889626376,-99.11485031879631,-99.08328711516403,-75.86459929411687,1.5155751859934385,1.2435286348463324,1.5155751859934385,1.6578238713679974,0.004834540728592535
19.760856436658557,395.21712873317114,BS04,3,-74.42601069914991,-99.19722324634654,-99.3309786485982,-99.21256638275935,-99.18164430381537,-75.83630755362356,1.389386128498018,1.1190567409286445,1.389386128498018,1.5334824157005622,0.004803299673971799
19.79856799474378,395.97135989487566,BS04,3,-74.52305670337003,-99.29426925056666,-99.42537149820278,-99.30930433225943,-99.27900409098767,-75.80763825387405,1.2638080804071052,0.9950739653731528,1.2638080804071052,1.4097848548508207,0.0047718466480093725
19.83627955282901,396.7255910565802,BS04,3,-74.6191346022712,-99.39034714946783,-99.5188738613291,-99.4050833333132,-99.37538640665016,-75.77858837909147,1.138818467882137,0.8715600594988816,1.138818467882137,1.2867100244180387,0.004740185167649086
19.873991110914233,397.47982221828465,BS04,3,-74.71426336886636,-99.48547591606298,-99.61150173341099,-99.49992200068051,-99.47081059215762,-75.74915487413732,1.0143952471023492,0.7484951285635159,1.0143952471023492,1.1642613492416982,0.004708318804066009
19.91170266899946,398.2340533799892,BS04,3,-74.80854318895945,-99.57975573615607,-99.66456504904181,-99.60313777026714,-99.57391179502288,-75.71869436369319,0.8897978349333207,0.70578312630475,0.8897978349333207,0.9613690740243449,0.004675565036878164
19.949414227084684,398.9882845416937,BS04,3,-74.90191116657283,-99.67312371376946,-99.75630578525826,-99.69605428266635,-99.66739294857112,-75.68779948971195,0.7656789241345328,0.5820676940753472,0.7656789241345328,0.8396970045663206,0.0046425758621386716
19.987125785169912,399.7425157033982,BS04,3,-74.9943805398504,-99.76559308704702,-99.84719409071786,-99.78808510765002,-99.7599722468492,-75.65649914687663,0.6420540022550794,0.4587726951651631,0.6420540022550794,0.7186976377908788,0.004609389988550931
20.02483734325514,400.49674686510275,BS04,3,-75.0857752076384,-99.85698775483503,-100.00501214456195,-99.8590894384783,-99.82776168868882,-75.62423824907209,0.5185465913050687,0.4258389116992217,0.5082977914469227,0.5290744092036127,0.004575432786330009
20.062548901340364,401.2509780268073,BS04,3,-75.17624469829764,-99.94745724549426,-100.12658888070845,-99.94745724549426,-99.89155545772724,-75.59141311880742,0.39540159597830804,0.3371038202455408,0.3791768893354827,0.39940646127254403,0.004541137264003723
20.100260459425595,402.00520918851186,BS04,3,-75.26565367329667,-100.0368662204933,-100.21273686741065,-100.0368662204933,-99.98200691460474,-75.55789484278799,0.27262597283460305,0.21737254443310736,0.25681014702347005,0.27617925898165746,0.004506381596361691
20.13797201751082,402.7594403502164,BS04,3,-75.35424660604606,-100.12545915324269,-100.29815608017284,-100.12545915324269,-100.0716135297207,-75.52393974619258,0.15023036417415908,0.09734377823439583,0.135241259822213,0.1535291011984882,0.0044714429803818425
20.175683575596047,403.5136715119209,BS04,3,-75.44203802207159,-100.21325056926821,-100.38285799250005,-100.21325056926821,-100.1603908764269,-75.48954272320819,0.028195124717043493,-0.02236331083141199,0.013342826255568901,0.031448973854220144,0.004436324592713138
20.21339513368127,404.26790267362543,BS04,3,-75.52904206901769,-100.30025461621432,-100.4668538307821,-100.30025461621432,-100.24835410311657,-75.45469857350442,-0.0934991077004266,-0.1431748350508359,-0.10795306786553138,-0.09035668104585973,0.0044010296671364
20.2511066917665,405.02213383532995,BS04,3,-75.61527732695609,-100.38648987415272,-100.54048110203144,-100.387403549976,-100.34438896543415,-75.4194073785884,-0.21487086956119558,-0.27829379068816085,-0.22686053890206392,-0.20972257540873793,0.004365566877882525
20.288818249851722,405.7763649970345,BS04,3,-75.70082513768168,-100.4720376848783,-100.62333870472234,-100.4729351463155,-100.43068722597332,-75.38374222255409,-0.33592877249707415,-0.4005801857504264,-0.34702562918200475,-0.3304017442922874,0.0043300173498173914
20.32652980793695,406.530596158739,BS04,3,-75.78562315304647,-100.5568357002431,-100.70551575640089,-100.5577173733698,-100.51621585539922,-75.34761508631492,-0.4566981390223557,-0.5225963051736456,-0.46632759899512544,-0.45027297994654514,0.004294301190607508
20.364241366022174,407.2848273204435,BS04,3,-75.86959448295609,-100.64080703015271,-100.82043364093859,-100.64080703015271,-100.56911875099006,-75.31092981177056,-0.5771978665230424,-0.6404605797333172,-0.5856315624170711,-0.5702101793710446,0.004258333407423357
20.401952924107402,408.03905848214805,BS04,3,-75.95263392900773,-100.72384647620436,-100.9004342503932,-100.72384647620436,-100.65340269087825,-75.27355201543428,-0.6974566218799051,-0.7565752923726019,-0.7063895756911899,-0.691347206026838,0.004221995156172212
20.439664482192626,408.7932896438526,BS04,3,-76.03497140323616,-100.80618395043278,-100.97980842159467,-100.80618395043278,-100.7369526516764,-75.23569052646361,-0.817496425904159,-0.872503495626615,-0.826709744556694,-0.8123313786941958,0.004185501459772235
20.477376040277854,409.54752080555704,BS04,3,-76.11661844290307,-100.8878309900997,-101.0585652397825,-100.8878309900997,-100.81978125488715,-75.19733916574238,-0.9373350103465989,-0.9882592852608492,-0.9463144340434777,-0.9328562429022798,0.0041488558262827956
20.51508759836308,410.30175196726157,BS04,3,-76.19764820792477,-100.9688607551214,-101.12678577300758,-100.9688607551214,-100.91218484175181,-75.1585504070751,-1.0569933186420226,-1.094774854483312,-1.0675843319835978,-1.0546670068118393,0.004112117246204281
20.552799156448305,411.0559831289661,BS04,3,-76.2780430849127,-101.04925563210932,-101.20458759475402,-101.04925563210932,-100.99353105971447,-75.11929443070166,-1.1764834712224663,-1.2138953175155305,-1.1864823303807257,-1.1741516434727284,0.004075266001685961
20.590510714533533,411.8102142906706,BS04,3,-76.35777735824733,-101.12898990544396,-101.28179150610173,-101.12898990544396,-101.07419299293512,-75.07953091333792,-1.2958199515974813,-1.3347084564193485,-1.305548188112117,-1.2932463943048473,0.00403827360800136
20.62822227261876,412.5644454523752,BS04,3,-76.43690589263295,-101.20811843982958,-101.34915587752842,-101.20811843982958,-101.162695805395,-75.03930577949181,-1.4150119266802905,-1.470964703858761,-1.4195344506381067,-1.4076472113562688,0.004001192044143667
20.665933830703988,413.3186766140797,BS04,3,-76.5154284330274,-101.28664098022402,-101.42541223571803,-101.28664098022402,-101.24196231991367,-74.9986035671919,-1.5340745797550954,-1.5912525481858448,-1.536693724054889,-1.5255140153681508,0.003964015877354103
20.703645388789212,414.07290777578424,BS04,3,-76.59331890219771,-101.36453144939433,-101.50109022853871,-101.36453144939433,-101.32057867979063,-74.95737561824676,-1.6530303398506794,-1.7114574355564074,-1.6543307345101834,-1.642720033885069,0.0039267102514124845
20.74135694687444,414.82713893748877,BS04,3,-76.67058726577253,-101.44179981296915,-101.57619815281417,-101.44179981296915,-101.39855543053407,-74.91561507080661,-1.7718960521092084,-1.8315975969559248,-1.772371745800173,-1.7596589055648348,0.0038892792032842287
20.779068504959664,415.5813700991933,BS04,3,-76.74724325867011,-101.51845580586674,-101.65074413839926,-101.51845580586674,-101.47590286394063,-74.87331492410928,-1.8906884701380418,-1.951691191510307,-1.8910885390282965,-1.8762871057383284,0.003851726830861063
20.81678006304489,416.3356012608978,BS04,3,-76.8232800707354,-101.59449261793202,-101.72729686724344,-101.59449261793202,-101.5505810717074,-74.83044472700448,-2.0094311642259695,-2.0675464716851146,-2.009779225908267,-1.9956297504086788,0.0038140369018741893
20.854491621130116,417.08983242260234,BS04,3,-76.89871973563653,-101.66993228283316,-101.80068404549631,-101.66993228283316,-101.62671184004208,-74.78701395848739,-2.1281367734666055,-2.1876208314442573,-2.1281367734666055,-2.111754644922498,0.0037762287659757632
20.892203179215343,417.84406358430687,BS04,3,-76.97357553967984,-101.74478808687647,-101.87353418236827,-101.74478808687647,-101.70224259937164,-74.74302101297968,-2.246820231026571,-2.3077023969002237,-2.246820231026571,-2.227385994435223,0.0037383118798060334
20.929914737300567,418.5982947460114,BS04,3,-77.04785634057288,-101.8190688877695,-101.94585473424408,-101.8190688877695,-101.77718270538301,-74.69845825678341,-2.3654980472401106,-2.4278091941928333,-2.3654980472401106,-2.3426838993077688,0.0037002905734368654
20.967626295385795,419.3525259077159,BS05,4,-77.1001479512308,-101.87136049842742,-102.01765301162791,-101.87136049842742,-101.73951695090906,-74.6655002863778,-2.450626134114443,-2.4715807316116822,-2.450626134114443,-2.3690572442282534,0.0036724186285763257
21.005337853471023,420.10675706942044,BS05,4,-77.02732772372153,-101.79854027091815,-102.0119764274437,-101.79854027091815,-101.66464296936455,-74.70269279891575,-2.340750564905919,-2.4559966099613972,-2.340750564905919,-2.2565122360646326,0.0037038868920159637
21.043049411556247,420.86098823112496,BS05,4,-76.95397164971341,-101.72518419691004,-101.94184924235333,-101.72518419691004,-101.58918521914,-74.73912729725629,-2.231095507358604,-2.3511134968141687,-2.231095507358604,-2.1441491898793665,0.0037349742691468626
21.080760969641474,421.61521939282943,BS05,4,-76.88013490060924,-101.65134744780586,-101.877792795572,-101.65134744780586,-101.50607323375088,-74.77483693140675,-2.1216830464424197,-2.2560533857547402,-2.1216830464424197,-2.021747799766519,0.0037656953789909266
21.1184725277267,422.36945055453396,BS05,4,-76.80580153234398,-101.5770140795406,-101.80692634216108,-101.5770140795406,-101.42942618105106,-74.80982551753553,-2.0124933785611674,-2.1517122154647796,-2.0124933785611674,-1.9097530238662865,0.003796040308626239
21.15618408581193,423.1236817162386,BS05,4,-76.73091287567209,-101.50212542286872,-101.7355828757473,-101.50212542286872,-101.35216870422445,-74.84408176827803,-1.9034790215011568,-2.047592581045159,-1.9034790215011568,-1.7978845114064406,0.0038259860782987537
21.193895643897154,423.8779128779431,BS05,4,-76.65546103477035,-101.42667358196698,-101.66375681201896,-101.42667358196698,-101.27429116069214,-74.87761428662937,-1.7946234518561566,-1.9436813068219683,-1.7946234518561566,-1.686123645192331,0.0038555270841994643
21.23160720198238,424.6321440396476,BS05,4,-76.5794379565422,-101.35065050373882,-101.59144249280565,-101.35065050373882,-101.19578368167119,-74.91043149648809,-1.685910168809409,-1.8399652855128048,-1.685910168809409,-1.5744517737997468,0.003884657898460223
21.269318760067605,425.3863752013521,BS05,4,-76.50283542687926,-101.27404797407588,-101.51863418585256,-101.27404797407588,-101.11663616518591,-74.94254164720465,-1.5773226858442495,-1.7364314750356655,-1.5773226858442495,-1.4628501993722902,0.003913373268530494
21.307030318152833,426.14060636305663,BS05,4,-76.42564506684006,-101.19685761403669,-101.44532608467797,-101.19685761403669,-101.03683826881884,-74.97395281797625,-1.4688445225251587,-1.633066895481277,-1.4688445225251587,-1.3513001653370682,0.003941668116482659
21.344741876238057,426.89483752476116,BS05,4,-76.34776393733028,-101.11897648452691,-101.36345999414685,-101.11897648452691,-100.96516123130687,-75.00464321617228,-1.360394392931009,-1.5187588605928644,-1.360394392931009,-1.2526362185929836,0.00396951049431996
21.382453434323285,427.6490686864657,BS05,4,-76.2692186891297,-101.04043123632633,-101.2888640652826,-101.04043123632633,-100.88402391780339,-75.0346339744315,-1.2519778454584523,-1.4155656516516322,-1.2519778454584523,-1.1411588154233099,0.003996907378712254
21.42016499240851,428.4032998481702,BS05,4,-76.19005433725766,-100.96126688445429,-101.21374302656112,-100.96126688445429,-100.80220212877927,-75.06395018148231,-1.1436148554806052,-1.3124927175646888,-1.1436148554806052,-1.029675012997063,0.004023870062492662
21.457876550493737,429.15753100987473,BS05,4,-76.1102616135607,-100.88147416075732,-101.13809053238286,-100.88147416075732,-100.71968440387398,-75.09259924483074,-1.0352887280745122,-1.2095271437110722,-1.0352887280745122,-0.9181656616607339,0.004050394163267587
21.495588108578964,429.91176217157926,BS05,4,-76.0298310563172,-100.80104360351383,-101.06190015445299,-100.80104360351383,-100.63645899757505,-75.12058842325646,-0.9269827242185219,-1.1066560526509341,-0.9269827242185219,-0.8066114864906653,0.004076475468954698
21.53329966666419,430.6659933332838,BS05,4,-75.9488467725351,-100.72005931973173,-100.99893538126616,-100.72005931973173,-100.53721158328476,-75.14794955548203,-0.8187491958418319,-1.0221912827311936,-0.8187491958418319,-0.6740767888438856,0.004102133195001155
21.571011224749416,431.4202244949883,BS05,4,-75.8673913542128,-100.63860390140943,-100.92213620402103,-100.63860390140943,-100.45254971750865,-75.17471115427465,-0.710642295905239,-0.9197355128186866,-0.710642295905239,-0.5625381868630186,0.004127384280903492
21.60872278283464,432.1744556566928,BS05,4,-75.78527821826931,-100.55649076546594,-100.84479324680672,-100.55649076546594,-100.36714619345916,-75.20083208001829,-0.6025163688396347,-0.8173539796362755,-0.6025163688396347,-0.45089672790470214,0.004152180121566944
21.646434340919868,432.92868681839735,BS05,4,-75.70249745486119,-100.47371000205781,-100.76690021889988,-100.47371000205781,-100.28098818741474,-75.22631907371002,-0.49435474816657343,-0.7150342769818573,-0.49435474816657343,-0.3391327616956144,0.004176517165231624
21.684145899005095,433.68291798010193,BS05,4,-75.61903895252865,-100.39025149972528,-100.68845076705084,-100.39025149972528,-100.19406254841788,-75.25117874221061,-0.3861407006454551,-0.612764049338409,-0.3861407006454551,-0.2272264500537853,0.004200392024471982
21.721857457090323,434.43714914180646,BS05,4,-75.53505885811231,-100.30627140530893,-100.66706329382426,-100.30627140530893,-100.03917278134593,-75.27544369267007,-0.2779978621331269,-0.5852523440215095,-0.2779978621331269,-0.03197728831000554,0.004223826782066519
21.759569015175547,435.191380303511,BS05,4,-75.4529183339808,-100.22413088117743,-100.51414394723633,-100.22413088117743,-100.04195454785838,-75.29811455735899,-0.17328248042791702,-0.388470989871916,-0.17328248042791702,-0.03345950577461094,0.004245839620149547
21.797280573260775,435.9456114652155,BS05,4,-75.3669915410753,-100.13820408827192,-100.43332141227184,-100.13820408827192,-99.95265631250831,-75.32106752875693,-0.06450042764449189,-0.2858537550547202,-0.06450042764449189,0.07919135661640986,0.004268242750307186
21.834992131346,436.69984262692,BS05,4,-75.28033035195786,-100.05154289915448,-100.3518962713322,-100.05154289915448,-99.86253040816781,-75.34342015238434,0.044417733785390365,-0.1832121658806722,0.044417733785390365,0.19206734449627152,0.004290173031963225
21.872703689431226,437.4540737886245,BS05,4,-75.19292299955524,-99.96413554675186,-100.26986117930676,-99.96413554675186,-99.77156164100008,-75.36517836758185,0.15348972166102365,-0.08053353954106991,0.15348972166102365,0.3051898294083799,0.004311627886056037
21.91041524751645,438.208304950329,BS05,4,-75.1047574600435,-99.87597000724013,-100.18720871408692,-99.87597000724013,-99.67973440381586,-75.38634799890106,0.2627333950603332,0.022194787789035428,0.2627333950603332,0.41858047385018987,0.004332604889648371
21.948126805601678,438.96253611203355,BS05,4,-75.01582144662332,-99.78703399381995,-100.10393137876224,-99.78703399381995,-99.58703266131268,-75.40693475859672,0.3721667630634807,0.12498546048159423,0.3721667630634807,0.5322612489083959,0.0043531017743928275
21.985838363686902,439.71676727373807,BS05,4,-74.92610240319027,-99.6973149503869,-100.02002160414649,-99.6973149503869,-99.49343993467055,-75.42694424904585,0.481807993508215,0.22785110261438737,0.481807993508215,0.6462532557779033,0.004373116424965918
22.02354992177213,440.4709984354426,BS05,4,-74.83558749790835,-99.60680004510498,-99.9354717516649,-99.60680004510498,-99.39893928547409,-75.44638196509484,0.5916754217704705,0.3308043167268678,0.5916754217704705,0.7605450416166609,0.004392646877471457
22.061261479857357,441.2252295971471,BS05,4,-74.7442636166823,-99.51547616387893,-99.85027411662423,-99.51547616387893,-99.30351329891386,-75.46525329634096,0.7017875595803877,0.43385768215572873,0.7017875595803877,0.8751960025800604,0.004411691317818455
22.09897303794258,441.97946075885164,BS05,4,-74.6511464138238,-99.42235896102042,-99.7114668690395,-99.42235896102042,-99.26684597618227,-75.48334250441894,0.8129140008203455,0.5995482054728368,0.8129140008203455,0.9194691701318322,0.004430023616571066
22.13668459602781,442.73369192055617,BS05,4,-74.557101659457,-99.32831420665363,-99.62299615812914,-99.32831420665363,-99.16965754697007,-75.50087101725013,0.9244094600738452,0.7041549423288441,0.9244094600738452,1.0349384241616013,0.004447860030058161
22.174396154113033,443.4879230822607,BS05,4,-74.46216463115668,-99.23337717835331,-99.533791677338,-99.23337717835331,-99.07148145826473,-75.51785581508543,1.0362555929467068,0.8089747838812605,1.0362555929467068,1.1508436983646084,0.004465211374864599
22.212107712198264,444.2421542439653,BS05,4,-74.36449877047862,-99.13571131767524,-99.26851557465358,-99.15271707458182,-99.12075070745912,-75.53337174749683,1.1493679807644444,1.042698821884032,1.131461693439539,1.158443073803132,0.0044811210429094635
22.24981927028349,444.9963854056698,BS05,4,-74.26582419847367,-99.03703674567029,-99.17257366360684,-99.05439676760867,-99.02176340754129,-75.54839208471225,1.2629954660304363,1.1580842266487241,1.2443587704885222,1.2715678926889558,0.004496576293036654
22.287530828368716,445.7506165673743,BS05,4,-74.16612845962784,-98.93734100682447,-99.07569515146427,-98.95506644169396,-98.92174505415623,-75.56292497543522,1.3771586383804213,1.2739615463804381,1.3567294160852985,1.385065811025136,0.0045115804888239495
22.32524238645394,446.50484772907885,BS05,4,-74.06539038250149,-98.83660292969812,-98.97786236447118,-98.85470539640002,-98.82067405566865,-75.57697420729494,1.4918824609569352,1.3903559909134533,1.4704269474688247,1.4989563778620263,0.004526132716906285
22.362953944539168,447.25907889078337,BS05,4,-73.96383215129329,-98.73504469848992,-98.95700566756074,-98.73566140863718,-98.67015817012913,-75.58999236763393,1.6063998425848425,1.289848950860227,1.6063998425848425,1.7700152649886312,0.004539658662074338
22.400665502624392,448.0133100524879,BS05,4,-73.8614798165707,-98.63269236376732,-98.85934787795534,-98.63332242860726,-98.56639084557126,-75.60196184274693,1.7206672404822418,1.4024344364284433,1.7206672404822418,1.8825425394267847,0.0045521305191933035
22.43837706070962,448.76754121419236,BS05,4,-73.75804105938919,-98.52925360658581,-98.76075195734383,-98.5298974616879,-98.4614905038372,-75.61352702649936,1.835618465349961,1.5155202065964735,1.835618465349961,1.9956097010073104,0.004564213513452708
22.476088618794844,449.5217723758969,BS05,4,-73.65349306802037,-98.424705615217,-98.6612013072844,-98.42536371516555,-98.35543227386883,-75.62469031063749,1.9512787240040446,1.629126224249128,1.9512787240040446,2.1093545877139537,0.004575906893152099
22.51380017688007,450.2760035376014,BS05,4,-73.54813994026044,-98.31935248745707,-98.60818766748498,-98.31935248745707,-98.20209586869515,-75.63528000308138,2.067173027905633,1.6893488711476654,2.067173027905633,2.2791245072315727,0.004587027003674648
22.5515117349653,451.03023469930594,BS05,4,-73.44188939847906,-98.21310194567569,-98.50823643223242,-98.21310194567569,-98.09317482791586,-75.6453613296271,2.18345859944829,1.802430674797432,2.18345859944829,2.394717617035965,0.004597638276931714
22.589223293050523,451.78446586101046,BS05,4,-73.33448351422729,-98.10569606142391,-98.40733363471956,-98.10569606142391,-97.98300678804989,-75.65506788462392,2.3005263617894163,1.9160570887840074,2.3005263617894163,2.511215683898655,0.0046078781653757055
22.62693485113575,452.538697022715,BS05,4,-73.22589783406377,-97.9971103812604,-98.30546349762551,-97.9971103812604,-97.87156308239645,-75.66440172943503,2.4184028315069783,2.0302468494695254,2.4184028315069783,2.6286484811435447,0.0046177462740039955
22.664646409220975,453.2929281844195,BS05,4,-73.11610715563648,-97.88731970283311,-98.20260994927631,-97.88731970283311,-97.75881405222559,-75.67336493163623,2.5371152797989076,2.1450189738626406,2.5371152797989076,2.7470467862025383,0.004627242322778647
22.702357967306206,454.0471593461241,BS05,4,-73.00508549867708,-97.7762980458737,-98.09875662266094,-97.7762980458737,-97.64472900087145,-75.68195956398569,2.656691760466078,2.260392759949105,2.656691760466078,2.8664424247935814,0.004636366144864315
22.74006952539143,454.8013905078286,BS05,4,-72.892806074708,-97.66401862190463,-97.99388685512335,-97.66401862190463,-97.52927614516396,-75.6901877034419,2.777161139230962,2.3763877863907226,2.777161139230962,2.9870233670382986,0.00464511768484968
22.777781083476658,455.55562166953314,BS05,4,-72.7792412554042,-97.55045380260083,-97.88798368882473,-97.55045380260083,-97.41242256401095,-75.69805143022784,2.898553124447882,2.493023911495822,2.898553124447882,3.1088747525651264,0.004653496996953412
22.81549264156188,456.30985283123766,BS05,4,-72.66436253955894,-97.43557508675556,-97.78102987209081,-97.43557508675556,-97.29413414393836,-75.70555282693883,3.0208982992528717,2.6103212713440325,3.0208982992528717,3.2314304839313257,0.004661504243215659
22.85320419964711,457.0640839929422,BS05,4,-72.54814051857954,-97.31935306577617,-97.6730078617455,-97.31935306577617,-97.17437552135938,-75.71269397769407,3.144228155227429,2.7283002769637728,3.144228155227429,3.3551169494738318,0.0046691396916783475
22.890915757732333,457.8183151546467,BS05,4,-72.43054484046955,-97.20175738766618,-97.5638998265826,-97.20175738766618,-97.05311002135221,-75.71947696732838,3.268575127616047,2.846981610406782,3.268575127616047,3.47997733433034,0.0046764037145536185
22.92862731581756,458.57254631635124,BS05,4,-72.31154417222129,-97.08275671941792,-97.45368765210645,-97.08275671941792,-96.93029959268067,-75.7259038806238,3.3939726321733525,2.966386219589009,3.3939726321733525,3.606134798318953,0.004683296786383505
22.966338873902785,459.32677747805576,BS05,4,-72.19110616056791,-96.96231870776454,-97.34235294671713,-96.96231870776454,-96.80590473879039,-75.73197680157892,3.5204551036893283,3.0865353117191954,3.5204551036893283,3.733896080414615,0.004689819482191092
23.004050431988013,460.0810086397603,BS05,4,-72.06919739101791,-96.84040993821453,-97.22987704950614,-96.84040993821453,-96.67988444446945,-75.73769781271557,3.648058036269636,3.2074503451492973,3.648058036269636,3.8629577561325763,0.004695972475626094
23.04176199007324,460.83523980146475,BS05,4,-71.94578334512781,-96.71699589232443,-97.11624103988504,-96.71699589232443,-96.55219609786081,-75.74306899441972,3.776818025411986,3.3291530194210535,3.776818025411986,3.9933639843343647,0.004701756537104172
23.079473548158465,461.5894709631693,BS05,4,-71.82082835594261,-96.59204090313924,-97.00142574926026,-96.59204090313924,-96.42279540746569,-75.74809242431681,3.9067728119490845,3.4516652632949287,3.9067728119490845,4.125160618374962,0.004707172531942709
23.117185106243692,462.3437021248738,BS05,4,-71.69429556155231,-96.46550810874894,-96.8854117750142,-96.46550810874894,-96.2916363137551,-75.75277017667902,4.037961327907539,3.57500922049964,4.037961327907539,4.258219575065508,0.004712221418493373
23.154896664328916,463.0979332865783,BS05,4,-71.56614685669972,-96.33735940389634,-96.76817949706,-96.33735940389634,-96.15867089496246,-75.75710432186442,4.170423744347403,3.699207232934444,4.170423744347403,4.392883917136955,0.0047169042462736855
23.192608222414144,463.85216444828285,BS05,4,-71.43630103166127,-96.2075135788579,-96.64567469159043,-96.2075135788579,-96.02805422051354,-75.76110260154279,4.304248980918769,3.828534893248131,4.304248980918769,4.52469650830095,0.0047212282950955765
23.23031978049937,464.60639560998743,BS05,4,-71.3047265390484,-96.07593908624503,-96.52577706941638,-96.07593908624503,-95.89137032246973,-75.76476440745337,4.439467983964551,3.954673691245916,4.439467983964551,4.6623026456540675,0.0047251919161439395
23.2680313385846,465.36062677169195,BS05,4,-71.17140965247286,-95.94262219966949,-96.40459402719581,-95.94262219966949,-95.75272500715992,-75.76808755071367,4.576092305329967,4.081740613457787,4.576092305329967,4.8013916721264716,0.004728791827555253
23.305742896669823,466.1148579333965,BS05,4,-71.03630650369169,-95.80751905088832,-96.28210494247664,-95.80751905088832,-95.6120618467824,-75.77107409519091,4.714167871007179,4.209758938101111,4.714167871007179,4.942180479421554,0.004732029435335957
23.34345445475505,466.869089095101,BS05,4,-70.89937168886259,-95.67058423605921,-96.15828908828988,-95.67058423605921,-95.46932197527973,-75.77372609791449,4.85374213539066,4.338752027174573,4.85374213539066,5.0847291763902405,0.004734906227396229
23.381166012840275,467.6233202568055,BS05,4,-70.76055820610314,-95.53177075329977,-96.03312567188625,-95.53177075329977,-95.32444394790575,-75.77604560869085,4.994864143340969,4.468743287623654,4.994864143340969,5.229100437457234,0.004737423771691098
23.418877570925503,468.37755141851005,BS05,4,-70.61981739082736,-95.39102993802399,-95.90659387906575,-95.39102993802399,-95.1773635907045,-75.7780346697416,5.137584594494429,4.599756126930855,5.137584594494429,5.375525511407711,0.004739583714367024
23.456589129010727,469.1317825802146,BS05,4,-70.47709884890575,-95.24831139610238,-95.77867292476718,-95.24831139610238,-95.02801383903937,-75.77969531536365,5.281955909771286,4.731813902461789,5.281955909771286,5.524068092441545,0.004741387777914697
23.494300687095954,469.8860137419191,BS05,4,-70.33235038773645,-95.10356293493308,-95.64934211066685,-95.10356293493308,-94.8763245642343,-75.78102957160965,5.428032299993053,4.864939863817096,5.428032299993053,5.674641185623809,0.004742837759327969
23.532012245181182,470.6402449036236,BS05,4,-70.18551794532027,-94.9567304925169,-95.51858089058211,-94.9567304925169,-94.72222238726677,-75.78203945598895,5.575869836516486,4.999157087394093,5.575869836516486,5.827319667181106,0.0047439355282708155
23.569723803266406,471.39447606532815,BS05,4,-70.03654551751093,-94.80775806470756,-95.38636894460181,-94.80775806470756,-94.56563047837166,-75.78272697718742,5.725526523711094,5.134488402234781,5.725526523711094,5.982181862485277,0.0047446830252521905
23.607435361351634,472.1487072270327,BS05,4,-69.88537508367116,-94.65658763086779,-95.2526862629697,-94.65658763086779,-94.4064683412983,-75.78309413480517,5.8770623730488065,5.2709563061333355,5.8770623730488065,6.139309761186412,0.00474508225980956
23.645146919436858,472.90293838873714,BS05,4,-69.73194653100659,-94.50315907820321,-95.11751324082475,-94.50315907820321,-94.24465158080983,-75.78314291911187,6.030539478533244,5.408582870898469,6.030539478533244,6.298789249098244,0.0047451353087018654
23.682858477522085,473.65716955044167,BS05,4,-69.57619757795916,-94.34741012515579,-94.98083078505816,-94.34741012515579,-94.08009165188518,-75.78287531081831,6.18602209308574,5.547389635510242,6.18602209308574,6.460749473370661,0.0047448443141124615
23.72057003560731,474.4114007121462,BS05,4,-69.41806369716109,-94.18927624435771,-94.84262043469587,-94.18927624435771,-93.91269558893785,-75.78229328086356,6.343576705386408,5.687397485761156,6.343576705386408,6.625274242913781,0.004744211481862272
23.75828159369254,475.16563187385077,BS05,4,-69.25748289492522,-94.02869544212184,-94.70557110332939,-94.02869544212184,-93.73928498555244,-75.78139875758441,6.503267227715802,5.8258946450982565,6.503267227715802,6.795455209421058,0.0047432390441628095
23.795993151777765,475.9198630355553,BS05,4,-69.09444334203675,-93.86565588923338,-94.56439189331687,-93.86565588923338,-93.56587599353882,-75.78019367291931,6.6651074111545805,5.968231320338482,6.6651074111545805,6.965392403199002,0.004741929308309736
23.833704709862992,476.6740941972598,BS05,4,-68.92881577533998,-93.70002832253661,-94.421641534881,-93.70002832253661,-93.38932137395864,-75.7786806676369,6.829229145889363,6.111820058150388,6.829229145889363,7.138180715145324,0.0047402854212167545
23.871416267948216,477.42832535896434,BS05,4,-68.76052630012651,-93.53173884732314,-94.27730601644058,-93.53173884732314,-93.2095072768871,-75.77686166656127,6.995708240814552,6.256677206611993,6.995708240814552,7.313935515905451,0.004738309819125286
23.909127826033444,478.18255652066887,BS05,4,-68.5894984449403,-93.36071099213693,-94.1313728464612,-93.36071099213693,-93.02631370537812,-75.77473858411368,7.164623070928706,6.40281757317053,7.164623070928706,7.492778320808139,0.004736004993116886
23.946839384118668,478.9367876823734,BS05,4,-68.41565310469883,-93.18686565189546,-93.98383129493563,-93.18686565189546,-92.8396140775774,-75.77231332417101,7.336054634079363,6.550254183225774,7.336054634079363,7.674837227501842,0.004733373487398472
23.984550942203896,479.6910188440779,BS05,4,-68.23890849258139,-93.01012103977801,-93.8346726632684,-93.01012103977801,-92.64927475056092,-75.76958777993477,7.510086598951185,6.698998010314517,7.510086598951185,7.860247391878415,0.004730417897600675
24.022262500289123,480.44525000578244,BS05,4,-68.05918010336792,-92.83039265056455,-93.68389058564125,-92.83039265056455,-92.45515450203027,-75.7665638338098,7.686805341613211,6.849057674819725,7.686805341613211,8.049151546152533,0.004727140869089585
24.059974058374348,481.19948116748697,BS05,4,-67.87638069148552,-92.64759323868215,-93.53148136522377,-92.64759323868215,-92.25710396556364,-75.76324335729255,7.866299967368019,7.000439107838849,7.866299967368019,8.241700563397487,0.004723545095292583
24.097685616459575,481.9537123291915,BS05,4,-67.69042026766357,-92.4616328148602,-93.37744434884198,-92.4616328148602,-92.05496501461185,-75.7596282108676,8.048662314000378,7.153145176598447,8.048662314000378,8.43805407334673,0.004719633316037793
24.1353971745448,482.707943490896,BS05,4,-67.50120611900252,-92.27241866619914,-93.22178234411467,-92.27241866619914,-91.84857008994638,-75.7557202439126,8.233986931620661,7.307175267404615,8.233986931620661,8.638381134754372,0.004715408315908319
24.173108732630027,483.46217465260054,BS05,4,-67.30864285819128,-92.0798554053879,-93.06450208330409,-92.0798554053879,-91.63774146463282,-75.7515212946102,8.422371033366495,7.462524821882035,8.422371033366495,8.842860970240025,0.004710872922610376
24.21082029071525,484.21640581430506,BS05,4,-67.11263250886368,-91.88384505606031,-92.90561473850266,-91.88384505606031,-91.4222904399918,-75.74703318986684,8.613914409972226,7.6191848218794425,8.613914409972226,9.051683770155345,0.0047060300053563
24.24853184880048,484.97063697600953,BS05,4,-66.91307463554294,-91.68428718273957,-92.74513649309293,-91.68428718273957,-91.20201646530725,-75.74225774523804,8.808719299756772,7.77714121810423,8.808719299756772,9.26505157271228,0.004700882473262556
24.286243406885706,485.72486813771417,BS05,4,-66.7089717500446,-91.48018429724122,-92.52998739024258,-91.48018429724122,-91.0464284034117,-75.73715876269146,9.007747158426563,7.9884798949688856,9.007747158426563,9.413343508173565,0.004695392380303654
24.323954964970934,486.4790992994187,BS05,4,-66.50230955485388,-91.2735221020505,-92.42789453619882,-91.2735221020505,-90.73370304116574,-75.73182399305317,9.209099617509448,8.08861957181019,9.209099617509448,9.718284557917348,0.004689655245465266
24.361666523056158,487.23333046112316,BS05,4,-66.2918157493943,-91.06302829659093,-92.26337360762552,-91.06302829659093,-90.497395173134,-75.7262091996328,9.414004944059778,8.249776878794103,9.414004944059778,9.94685809637374,0.004683624502370898
24.399378081141386,487.9875616228277,BS05,4,-66.07738398191576,-90.84859652911238,-92.09742309561861,-90.84859652911238,-90.25531612359711,-75.72031608762045,9.62257118201932,8.412079276013266,9.62257118201932,10.180932767247103,0.004677303124680944
24.43708963922661,488.7417927845322,BS05,4,-65.85890899318733,-90.63012154038395,-91.93009701496254,-90.63012154038395,-90.00718950292536,-75.71414640513979,9.834905325349894,8.575474776959414,9.834905325349894,10.420786415306765,0.004670694176256269
24.474801197311837,489.49602394623673,BS05,4,-65.63628587518404,-90.40749842238067,-91.76145937899084,-90.40749842238067,-89.75271971903757,-75.70770188910757,10.051114005466621,8.739901377780422,10.051114005466621,10.666716083254782,0.004663800751457377
24.512512755397065,490.25025510794126,BS05,4,-65.40941099459025,-90.18062354178687,-91.59158531320632,-90.18062354178687,-89.49159030481653,-75.70098426517093,10.271302567678472,8.90528594374082,10.271302567678472,10.919039684176969,0.004656625973647987
24.55022431348229,491.0044862696458,BS05,4,-65.17818313814792,-89.94939568534454,-91.42056226606269,-89.94939568534454,-89.22346208577154,-75.69399524764756,10.495573925786532,9.071542998520785,10.495573925786532,11.178097833751918,0.0046491729937148145
24.587935871567517,491.7587174313503,BS05,4,-64.94250492580461,-89.71371747300124,-91.24849131998974,-89.71371747300124,-88.94797117558385,-75.68673653946757,10.724027148884483,9.238573413270029,10.724027148884483,11.444255854580675,0.004641444988602997
24.62564742965274,492.51294859305483,BS05,4,-64.70281886932526,-89.47403141652188,-91.09151560318674,-89.47403141652188,-88.64091912749178,-75.67923101082646,10.956242483275405,9.3907374222949,10.956242483275405,11.740779114413842,0.004633467650584343
24.66335898773797,493.26717975475935,BS05,4,-64.45883606990218,-89.2300486170988,-90.91889346996248,-89.2300486170988,-88.34900463238652,-75.67147178826374,11.192501980293665,9.557833013602473,11.192501980293665,12.022842883994619,0.004625235017576484
24.701070545823193,494.0214109164639,BS05,4,-64.21024467125615,-88.98145721845277,-90.74569075856839,-88.98145721845277,-88.04845169700278,-75.66345068786262,11.43310934393228,9.725242883327212,11.43310934393228,12.313288642717602,0.004616739833658329
24.73878210390842,494.7756420781684,BS05,4,-63.95699438735703,-88.72820693455365,-90.57208121668697,-88.72820693455365,-87.73877459400951,-75.65516935605308,11.67811649251542,9.892795155712044,11.67811649251542,12.612603417062168,0.0046079853320317365
24.776493661993644,495.5298732398729,BS05,4,-63.69905335408697,-88.4702659012836,-90.39826016235115,-88.4702659012836,-87.41945042517754,-75.64662942818248,11.927556911289939,10.060296367026298,11.927556911289939,12.92131138318128,0.004598974764694127
24.814205220078875,496.2841044015775,BS05,4,-63.43641287160733,-88.20762541880396,-90.22444627371561,-88.20762541880396,-87.08991613485352,-75.63783252843722,12.181440909986181,10.227529675839362,12.181440909986181,13.239976850377536,0.004589711401066904
24.8519167781641,497.03833556328203,BS05,4,-63.16909310185699,-87.94030564905361,-90.05088340818588,-87.94030564905361,-86.74956545985688,-75.628780269763,12.439749925245845,10.394253043933523,12.439749925245845,13.569207307579823,0.0045801985266393066
24.889628336249327,497.79256672498656,BS05,4,-62.897149891566045,-87.66836243876267,-89.87784241841692,-87.66836243876267,-86.39774591946708,-75.61947425378276,12.702429697532047,10.560197420343009,12.702429697532047,13.909656429035632,0.00457043944162706
24.92733989433455,498.5467978866911,BS05,4,-62.619511731581866,-87.39072427877849,-89.63954827934236,-87.39072427877849,-86.16140048399788,-75.60987561440332,12.970513039913547,10.788275218649423,12.970513039913547,14.140661450274049,0.004560395171237856
24.96505145241978,499.30102904839555,BS05,4,-62.333246876109015,-87.10445942330564,-89.46278382445145,-87.10445942330564,-85.78776290922316,-75.59988557179157,13.246833359196321,10.95715887278589,13.246833359196321,14.502942912516628,0.0045499646606922866
25.002763010505006,500.0552602101001,BS05,4,-62.04215820703057,-86.8133707542272,-89.28722350380514,-86.8133707542272,-85.40046382434329,-75.58963527853021,13.527718318740142,11.124576480368228,13.527718318740142,14.878740269951496,0.0045392871082320764
25.04047456859023,500.8094913718046,BS05,4,-61.74646363537846,-86.51767618257509,-89.11325814579388,-86.51767618257509,-84.9986215062286,-75.57912631752396,13.812951575169546,11.290138962778848,13.812951575169546,15.268954642018326,0.004528366001058045
25.078186126675458,501.5637225335091,BS05,4,-61.446467742952564,-86.21768029014919,-88.94131542496966,-86.21768029014919,-84.58129324523172,-75.56836025797278,14.102230100596811,11.453420376009738,14.102230100596811,15.673608936744305,0.0045172048353965275
25.115897684760682,502.31795369521365,BS05,4,-61.14258010858197,-85.9137926557786,-88.77186093108185,-85.9137926557786,-84.14747743237267,-75.55733865534661,14.395145856341028,11.613956841700583,14.395145856341028,16.09446368956037,0.004505807115250804
25.15360924284591,503.07218485691817,BS05,4,-60.835336652204106,-85.60654919940073,-88.60539873090812,-85.60654919940073,-83.69611980081325,-75.5460630513552,14.6911644488241,11.771245985375497,14.6911644488241,16.532581934938616,0.0044941763511682714
25.191320800931134,503.8264160186227,BS05,4,-60.52542417797659,-85.29663672517322,-88.44247128465821,-85.29663672517322,-83.22612616886019,-75.5345349739111,14.989600586427386,11.924747020098533,14.989600586427386,16.989054243302228,0.004482316059022038
25.22903235901636,504.5806471803272,BS05,4,-60.213708130379814,-84.98492067757644,-88.2836585673033,-84.98492067757644,-82.7363852218498,-75.52275593708549,15.289590323350104,12.07388162519555,15.289590323350104,17.464987229216472,0.004470229758806561
25.266743917101586,505.33487834203174,BS05,4,-59.91151200094665,-84.68272454814328,-88.20849656276242,-84.68272454814328,-81.99788579473469,-75.51098901120193,15.580072056884639,12.144022835513153,15.580072056884639,18.17968943175293,0.004458188279511553
25.304455475186813,506.08910950373627,BS05,4,-59.6123603207861,-84.38357286798274,-88.0678195339412,-84.38357286798274,-81.46002470450198,-75.49901407793936,15.867302117082467,12.274932991369727,15.867302117082467,18.703549781275903,0.0044459670915631905
25.34216703327204,506.84334066544085,BS05,4,-59.31700018805607,-84.0882127352527,-87.93349344696128,-84.0882127352527,-80.900293240148,-75.48680684281508,16.150509211787682,12.399258214389352,16.150509211787682,19.249051403006916,0.0044335431534605185
25.37987859135727,507.5975718271454,BS05,4,-59.02744191663037,-83.798654463827,-87.80618750641557,-83.798654463827,-80.31867620598682,-75.4743687426405,16.42768444935026,12.5163308690896,16.42768444935026,19.81621078749553,0.004420919801691321
25.417590149442493,508.3518029888499,BS05,4,-58.746005390333,-83.51721793752964,-87.68657948306165,-83.51721793752964,-79.71591723758105,-75.4617012018371,16.696509355791747,12.625474736834516,16.696509355791747,20.404285586928502,0.004408100370119166
25.45530170752772,509.1060341505544,BS05,4,-58.47532426283671,-83.24653681003333,-87.57534705611238,-83.24653681003333,-79.09393530406592,-75.44880563225679,16.95435167473189,12.726013673478944,16.95435167473189,21.011358112572204,0.00439508818887003
25.493013265612948,509.86026531225895,BS05,4,-58.210658039713174,-82.98187058690979,-87.42714519647171,-82.98187058690979,-78.69458299829559,-75.43552670400163,17.205797242919306,12.858638424252776,17.205797242919306,21.401175221560067,0.004381729144646454
25.530724823698172,510.61449647396347,BS05,4,-57.955589414510115,-82.72680196170674,-87.32817695752091,-82.72680196170674,-78.04269039034263,-75.42188764586713,17.447286479311863,12.946081331025244,17.447286479311863,22.037501195241834,0.004368049883272619
25.5684363817834,511.36872763566794,BS05,4,-57.71939147257033,-82.49060401976695,-87.23939739025396,-82.49060401976695,-77.38506383285637,-75.40801266835312,17.669669954042185,13.023099767964698,17.669669954042185,22.679326784967007,0.004354177634204554
25.606147939868624,512.1229587973725,BS05,4,-57.50569374217915,-82.27690628937577,-87.16142148012071,-82.27690628937577,-76.7341284503428,-75.39390314384958,17.869319496050174,13.089080218081836,17.869319496050174,23.31422812661263,0.004340115866033339
25.64385949795385,512.877189959077,BS05,4,-57.31817390718916,-82.08938645438579,-87.09481203124345,-82.08938645438579,-76.10806656864321,-75.37956042995523,18.042558763953938,13.143461326856414,18.042558763953938,23.924024145133796,0.00432586803902038
25.681571056039076,513.6314211207815,BS05,4,-57.16370534581428,-81.9349178930109,-87.05066785379309,-81.9349178930109,-75.44510771182298,-75.36504550848682,18.182575089137195,13.177440796682856,18.182575089137195,24.567774421248576,0.004311496555706395
25.719282614124303,514.385652282486,BS05,4,-57.04684106422029,-81.81805361141691,-87.01093731690764,-81.81805361141691,-74.97337479658675,-75.3503816572356,18.284838636467068,13.204660474350861,18.284838636467068,25.022886880563636,0.004297025887134094
25.756994172209527,515.1398834441906,BS05,4,-56.966012358070614,-81.73722490526724,-86.98383194678185,-81.73722490526724,-74.62507339126736,-75.33549390554103,18.35084345492055,13.219031183866418,18.35084345492055,25.354345381732514,0.004282383739165338
25.794705730294755,515.8941146058951,BS05,4,-56.92311168328392,-81.69432423048055,-86.96956907706571,-81.69432423048055,-74.4319149254354,-75.3203835471245,18.378698367685182,13.22033696716413,18.378698367685182,25.530439702323505,0.0042675734551367705
25.832417288379983,516.6483457675997,BS05,4,-56.91917400124206,-81.69038654843868,-86.96826422649022,-81.69038654843868,-74.41387673631881,-75.30505186036277,18.367369677201115,13.208463662310336,18.367369677201115,25.53119370174596,0.004252598364677679
25.87012884646521,517.4025769293042,BS05,4,-56.954295387307894,-81.72550793450452,-86.97992800348236,-81.72550793450452,-74.57291830169135,-75.28950010802778,18.316762556387,13.18340199874915,18.316762556387,25.35464908804176,0.004237461782748031
25.907840404550434,518.1568080910088,BS05,4,-57.027625342525695,-81.79883788972232,-87.00446582024082,-81.79883788972232,-74.892319543951,-75.27372953701574,18.227728736673086,13.145247883079477,18.227728736673086,25.017527113470777,0.004222167008693408
25.945551962635662,518.9110392527132,BS05,4,-57.13743407007969,-81.90864661727632,-87.04168043226873,-81.90864661727632,-75.34206732562157,-75.25774137806161,18.10199923126107,13.09419985936227,18.10199923126107,24.549842078655924,0.004206717325312606
25.98326352072089,519.6652704144177,BS05,4,-57.28124384442323,-82.05245639161986,-87.09127716157104,-82.05245639161986,-75.8870141529638,-75.24153684543813,17.942052965698153,13.030553885753584,17.942052965698153,23.98674262860408,0.00419111599793799
26.020975078806114,520.4195015761222,BS05,4,-57.45458901868814,-82.22580156588477,-87.15861147258083,-82.22580156588477,-76.43440081503513,-75.22508524842992,17.75232501508998,12.947478675863413,17.75232501508998,23.422690554900772,0.00417533574388837
26.05868663689134,521.1737327378268,BS05,4,-57.64849955352051,-82.41971210071713,-87.20665033658229,-82.41971210071713,-77.22601092547913,-75.20849018429115,17.541888574418582,12.88885357378067,17.541888574418582,22.60790970445551,0.004159477819867217
26.096398194976565,521.9279638995313,BS05,4,-57.88090961117901,-82.65212215837563,-87.29329621538955,-82.65212215837563,-77.88479423597579,-75.19180225297254,17.292859865883685,12.787707670249333,17.292859865883685,21.930463668566457,0.00414359163550879
26.134109753061793,522.6821950612358,BS05,4,-58.13302944185049,-82.90424198904711,-87.39029856403229,-82.90424198904711,-78.54003104003654,-75.17490764843745,17.02391529959469,12.675999012808864,17.02391529959469,21.25635859864424,0.0041275702555671825
26.171821311147017,523.4364262229403,BS05,4,-58.4013313034047,-83.17254385060133,-87.4970072344789,-83.17254385060133,-79.18284453951252,-75.15780749595834,16.7385837294387,12.554378933826065,16.7385837294387,20.594472374896693,0.004111416772811577
26.209532869232245,524.1906573846449,BS05,4,-58.68253356918594,-83.45374611638258,-87.61274230148204,-83.45374611638258,-79.8078056836999,-75.14050290247405,16.440147875595127,12.423528522672978,16.440147875595127,19.95023511553172,0.004095134257125438
26.24724442731747,524.9448885463494,BS05,4,-58.9736599051603,-83.74487245235693,-87.73680615400372,-83.74487245235693,-80.41187786788608,-75.12299495616703,16.131585146969126,12.284146534049315,16.131585146969126,19.326684477668874,0.004078725754699266
26.284955985402696,525.6991197080539,BS05,4,-59.26798049083486,-84.03919303803148,-87.89466265873621,-84.03919303803148,-80.87384580351886,-75.10513247256388,15.819474784848843,12.107130774724752,15.819474784848843,18.84899768183891,0.004062052457199786
26.32266754348792,526.4533508697584,BS05,4,-59.56590756678629,-84.3371201139829,-88.0298913804853,-84.3371201139829,-81.43579435025197,-75.08698899549579,15.503477778474464,11.955911243338655,15.503477778474464,18.266974147149796,0.004045186363320107
26.36037910157315,527.2075820314631,BS05,4,-59.86752926107618,-84.63874180827281,-88.17150020321148,-84.63874180827281,-81.9756041350056,-75.06863868369399,15.183579846842687,11.798105964101818,15.183579846842687,17.706883042290023,0.0040281989395394464
26.398090659658376,527.9618131931676,BS05,4,-60.171114572084406,-84.94232711928103,-88.31882769301038,-84.94232711928103,-82.49380105506575,-75.05008254669929,14.861512987831029,11.634377421654975,14.861512987831029,17.16819946175499,0.0040110932260157385
26.435802217743603,528.7160443548721,BS05,4,-60.47520788476439,-85.24642043196101,-88.47123511450272,-85.24642043196101,-82.9911894723009,-75.03132157273646,14.538733791547163,11.465365379670326,14.538733791547163,16.65012001760414,0.003993872235610871
26.473513775828827,529.4702755165766,BS05,4,-60.778176645923196,-85.54938919311982,-88.64160969037998,-85.54938919311982,-83.43013487328926,-75.01233422148185,14.216853347318224,11.2766701440475,14.216853347318224,16.19198550891491,0.003976518427278636
26.511225333914055,530.2245066782812,BS05,4,-61.07822991877208,-85.8494424659687,-88.80102675298052,-85.8494424659687,-83.88987025997864,-74.99307022573758,13.89761251338732,11.100132723229265,13.89761251338732,15.711071876916812,0.003958988527282618
26.548936891999283,530.9787378399856,BS05,4,-61.375988099055704,-86.14720064625233,-88.96385276172649,-86.14720064625233,-84.33181882410368,-74.97360162792648,13.580462639428303,10.91998330819031,13.580462639428303,15.2477407520819,0.003941350644578103
26.586648450084507,531.7329690016901,BS05,4,-61.67078813343315,-86.44200068062977,-89.12957683773942,-86.44200068062977,-84.75699111620109,-74.95392932537179,13.266067663285648,10.736733708351757,13.266067663285648,14.800982481894746,0.003923607713687371
26.624360008169734,532.4872001633946,BS05,4,-61.96210559867205,-86.73331814586868,-89.29772336221224,-86.73331814586868,-85.16636493930113,-74.93405419132401,12.954952868757381,10.550860448710916,12.954952868757381,14.369939368283829,0.0039057626383941124
26.66207156625496,533.2414313250991,BS05,4,-62.24953313411663,-87.02074568131326,-89.46785209582494,-87.02074568131326,-85.5608728453007,-74.91397707436556,12.647526452534574,10.362804650048268,12.647526452534574,13.954732847025587,0.0038878182910775196
26.699783124340186,533.9956624868037,BS05,4,-62.533634486800736,-87.30484703399736,-89.62439766215684,-87.30484703399736,-85.97417338344454,-74.89377142958594,12.343297829195002,10.189899512905441,12.343297829195002,13.515050388370819,0.003869841980650053
26.73749468242541,534.7498936485082,BS05,4,-62.81362008780947,-87.5848326350061,-89.79862453294199,-87.5848326350061,-86.34071897829526,-74.87340389982515,12.043023333724825,9.997474104652873,12.043023333724825,13.12416882056157,0.0038518054396416627
26.775206240510638,535.5041248102127,BS05,4,-63.088884847238305,-87.86009739443493,-89.97364599856006,-87.86009739443493,-86.69490066811017,-74.85283953944582,11.747273237312243,9.804058869353383,11.747273237312243,12.745635191886882,0.003833679552186147
26.812917798595862,536.2583559719172,BS05,4,-63.35933913920202,-88.13055168639865,-90.14915699153958,-88.13055168639865,-87.03743957552966,-74.83207909259153,11.456137898195191,9.609959659111338,11.456137898195191,12.378927546880082,0.0038154670180007583
26.85062935668109,537.0125871336218,BS05,4,-63.624937366885646,-88.39614991408227,-90.3248822093197,-88.39614991408227,-87.3690054412697,-74.81112327548657,11.169663617773386,9.415452534572067,11.169663617773386,12.023525437606805,0.00379717050227624
26.888340914766317,537.7668182953264,BS05,4,-63.88566957756649,-88.65688212476311,-90.50057423392035,-88.65688212476311,-87.6902197382053,-74.78997277571571,10.887861024868439,9.220785644809233,10.887861024868439,11.678351400951717,0.0037787926351196175
26.926052472851545,538.5210494570309,BS05,4,-64.14155446605926,-88.91276701325589,-90.67601161165985,-88.91276701325589,-88.00165895051366,-74.76862825148689,10.610712071543738,9.026181147157383,10.610712071543738,11.34282112836477,0.0037603360110174157
26.96376403093677,539.2752806187355,BS05,4,-64.39263355779124,-89.16384610498787,-90.85099693617421,-89.16384610498787,-88.30385785712652,-74.74709033087018,10.338175849270597,8.831837123728809,10.338175849270597,11.01662855268452,0.0037418031883138555
27.001475589021997,540.02951178044,BS05,4,-64.63896638806428,-89.4101789352609,-91.02535496815698,-89.4101789352609,-88.59731271979715,-74.72535961102069,10.070193408891228,8.637929461204148,10.070193408891228,10.700093882133272,0.0037231966887109067
27.039187147107224,540.7837429421445,BS05,4,-64.88062651858979,-89.65183906578642,-91.19893081673202,-89.65183906578642,-88.88248431698985,-74.70343665737771,9.806691743285077,8.444613668976626,9.806691743285077,10.391976848628286,0.0037045189967840285
27.07689870519245,541.537974103849,BS05,4,-65.1179291452691,-89.88914169246573,-91.27870028967851,-89.88914169246573,-89.30217743173918,-74.68136303293699,9.547397057634463,8.355387069711027,9.54211764104789,9.958398148052668,0.00368580725277558
27.114610263277676,542.2922052655535,BS05,4,-65.35437034951318,-90.1255828967098,-91.45656212994912,-90.1255828967098,-89.56868224833998,-74.65978921841062,9.289461359334748,8.158211613053203,9.2832572817263,9.66809905822175,0.003667610191623283
27.1523218213629,543.046436427258,BS05,4,-65.58605011176,-90.35726265895663,-91.63293147133228,-90.35726265895663,-89.82824198557137,-74.63804075579537,9.036112700695595,7.962355498337215,9.029031220395161,9.386801905860938,0.0036493564180827124
27.190033379448128,543.8006675889625,BS05,4,-65.81310614103693,-90.58431868823355,-91.80773726762007,-90.58431868823355,-90.08119443240606,-74.61611807739794,8.78721379583631,7.767890313270975,8.779298296116808,9.111550106845838,0.0036310480305755425
27.227744937533352,544.554898750667,BS05,4,-66.0265869082544,-90.79779945545103,-92.1906345462444,-90.79779945545103,-89.99867018441091,-74.59225262016463,8.549953991203571,7.3352034222127545,8.549953991203571,9.172178708230966,0.003611221188688672
27.26545649561858,545.3091299123715,BS05,4,-66.23623262841622,-91.00744517561284,-92.34812395974998,-91.00744517561284,-90.24551867226072,-74.56811812609713,8.316260691120581,7.155633360861236,8.316260691120581,8.89968965206484,0.0035912805377499063
27.303168053703804,546.063361074076,BS05,4,-66.44240526271471,-91.21361780991134,-92.50466284804305,-91.21361780991134,-90.48645665519145,-74.54377095281218,8.085828077305674,6.976804224251354,8.085828077305674,8.632982902591442,0.003571275332285732
27.34087961178903,546.8175922357806,BS05,4,-66.6442754112405,-91.41548795843713,-92.68841328550903,-91.41548795843713,-90.67809393050759,-74.51905259151732,7.859327593710371,6.76605321973631,7.859327593710371,8.418943032012164,0.0035510787256007935
27.378591169874255,547.5718233974851,BS05,4,-66.84242109754167,-91.6136336447383,-92.84094178243845,-91.6136336447383,-90.90852557239059,-74.49403400087638,7.636251905246606,6.5905309665137,7.636251905246606,8.162002546126356,0.0035307527031216476
27.416302727959486,548.3260545591897,BS05,4,-67.03739032388253,-91.80860287107916,-92.99243093364987,-91.80860287107916,-91.13378351827708,-74.46879816100521,7.416135683079793,6.415834042455057,7.416135683079793,7.9099983573677966,0.003510367626151924
27.45401428604471,549.0802857208943,BS05,4,-67.22909941891248,-92.00031196610911,-93.4622913269277,-92.00031196610911,-90.82646400274609,-74.44332557672544,7.199043161101221,5.864446983390608,7.199043161101221,8.246615290872484,0.003489910247163718
27.491725844129938,549.8345168825988,BS05,4,-67.40028061267964,-92.17149315987626,-93.5889352211024,-92.17149315987626,-91.04425372324344,-74.41513554631867,6.999770000105919,5.711041362942023,6.999770000105919,7.999289593647252,0.003467408913558465
27.529437402215166,550.5887480443033,BS05,4,-67.57969374823641,-92.35090629543303,-93.5546691802192,-92.35090629543303,-91.55465985317232,-74.38793092650556,6.793246280466635,5.753803029849408,6.793246280466635,7.426473786963893,0.003445831230970968
27.56714896030039,551.3429792060078,BS05,4,-67.7570488485461,-92.52826139574273,-93.69308661499969,-92.52826139574273,-91.76348832425626,-74.36053284859688,6.58858721524905,5.5897947867209,6.58858721524905,7.188394456160901,0.003424235349972896
27.604860518385617,552.0972103677124,BS05,4,-67.93057102573079,-92.70178357292741,-94.00739206467748,-92.70178357292741,-91.6758178019435,-74.33270134263762,6.3873285300544875,5.212847018725691,6.3873285300544875,7.285544828599568,0.003402435927362254
27.64257207647084,552.8514415294169,BS05,4,-68.09330415897013,-92.86451670616675,-94.13171163535559,-92.86451670616675,-91.87672703417014,-74.30341037734233,6.195403757962361,5.060657107453701,6.195403757962361,7.053919732611372,0.003379642724417175
27.68028363455607,553.6056726911214,BS05,4,-68.25433091980572,-93.02554346700235,-94.25570278515558,-93.02554346700235,-92.07398763979013,-74.27384727114227,6.0049134655144645,4.908526067540394,6.0049134655144645,6.8256764442222275,0.0033567920544142877
27.717995192641293,554.3599038528259,BS05,4,-68.4133219512453,-93.18453449844192,-94.43622551843897,-93.18453449844192,-92.17448755157936,-74.24397624045821,5.816151331333793,4.6859394270364065,5.816151331333793,6.7111583029317945,0.0033338597687050456
27.75570675072652,555.1141350145303,BS05,4,-68.56738753645446,-93.33860008365109,-94.55521750447252,-93.33860008365109,-92.3641153630963,-74.21345734724495,5.631668243145578,4.53770183802238,5.631668243145578,6.48995671150067,0.0033105913650766728
27.793418308811745,555.8683661762349,BS05,4,-68.71995470481312,-93.49116725200975,-94.67390557021768,-93.49116725200975,-92.5505397126122,-74.18265735833644,5.448402692527544,4.389488636718899,5.448402692527544,6.271734201661411,0.0032872727506538003
27.831129866896973,556.6225973379394,BS05,4,-68.87101198256202,-93.64222452975865,-94.79224095473742,-93.64222452975865,-92.7338466458633,-74.15157592384492,5.266365789889137,4.241347940110495,5.266365789889137,6.056342664161931,0.0032639070115660453
27.868841424982197,557.3768284996439,BS05,4,-69.02055193690641,-93.79176448410304,-94.91017894602714,-93.79176448410304,-92.9141202373597,-74.12021265336263,5.085564564317744,4.0933237677495145,5.085564564317744,5.843698332571081,0.003240497196953581
27.906552983067424,558.1310596613484,BS05,4,-69.16852125158375,-93.93973379878038,-95.07829853432465,-93.93973379878038,-93.01078268590871,-74.0885614875108,4.906046277665262,3.8813251353561555,4.906046277665262,5.727817285044292,0.0032170421634594307
27.944264541152652,558.8852908230531,BS05,4,-69.31201914841274,-94.08323169560937,-95.19172461411776,-94.08323169560937,-93.18452802278317,-74.0562780356599,4.730368402385129,3.7367416661811386,4.730368402385129,5.520863144975482,0.003193292897820584
27.98197609923788,559.6395219847576,BS05,4,-69.45417497246011,-94.22538751965673,-95.3047877660745,-94.22538751965673,-93.35558629351256,-74.02370471365678,4.555742884626804,3.592230804137379,4.555742884626804,5.3163057048428035,0.0031695075140795244
28.019687657323107,560.3937531464621,BS05,4,-69.59498292821272,-94.36619547540934,-95.4174517357241,-94.36619547540934,-93.5240232573374,-73.9908409752979,4.382174960508405,3.4478278788452266,4.382174960508405,5.114079220077518,0.003145689037575003
28.05739921540833,561.1479843081667,BS05,4,-69.73444001493971,-94.50565256213633,-95.52968329763088,-94.50565256213633,-93.68990334898024,-73.95768623226617,4.209667029414711,3.3035651377334387,4.209667029414711,4.914119238552645,0.0031218404566284766
28.09511077349356,561.9022154698712,BS05,4,-69.87254572582661,-94.64375827302324,-95.64145207199104,-94.64375827302324,-93.8532895999618,-73.92423985278721,4.038218953521694,3.159471927834701,4.038218953521694,4.716362679185152,0.003097964722011598
28.132822331578783,562.6564466315757,BS05,4,-70.00760213505555,-94.77881468225218,-95.78752210596059,-94.77881468225218,-93.95558430054885,-73.89029629883987,3.8693237376713387,2.9695329329131845,3.8693237376713387,4.590023690784525,0.0030739201886265653
28.17053388966401,563.4106777932802,BS05,4,-70.14102477225754,-94.91223731945416,-95.89583377503871,-94.91223731945416,-94.11368770099413,-73.85600841824923,3.701718204385341,2.8279287498881405,3.701718204385341,4.396787378620957,0.003049820628987644
28.208245447749235,564.1649089549848,BS05,4,-70.27321696194079,-95.04442950913742,-96.00370318947449,-95.04442950913742,-94.26954256144572,-73.82142243473649,3.535045094608286,2.6864653222155432,3.535045094608286,4.205505908399606,0.0030257023715155235
28.245957005834462,564.9191401166893,BS05,4,-70.40417959771084,-95.17539214490746,-96.11110614256457,-95.17539214490746,-94.42320051867232,-73.78653756482449,3.3693027186429196,2.5451655881859776,3.3693027186429196,4.016127451424071,0.003001568310778027
28.283668563919687,565.6733712783938,BS05,4,-70.53391527687883,-95.30512782407546,-96.21802056442127,-95.30512782407546,-94.57471212976714,-73.75135297905067,3.2044876372674076,2.4040502885949864,3.2044876372674076,3.828601236758481,0.0029774213034043174
28.321380122004914,566.4276024400983,BS05,4,-70.6624281162087,-95.43364066340533,-96.32442638955841,-95.43364066340533,-94.72412683735992,-73.71586780042942,3.0405948444527104,2.2631380972395436,3.0405948444527104,3.642877585279445,0.0029532641675901437
28.35909168009014,567.1818336018027,BS05,4,-70.78975197804374,-95.56096452524037,-96.40068523544734,-95.56096452524037,-94.91546334632567,-73.68243440788089,2.8799359497394534,2.1647292648416476,2.8799359497394534,3.4074593517203886,0.002930682646790279
28.396803238175366,567.9360647635073,BS05,4,-70.91751279411952,-95.68872534131614,-96.50008585567505,-95.68872534131614,-95.07306955123894,-73.64663833970577,2.716483542506716,2.0332431949660656,2.716483542506716,3.2107883963822585,0.002906696138432798
28.43451479626059,568.6902959252118,BS05,4,-71.04412314481941,-95.81533569201603,-96.60713959955042,-95.81533569201603,-95.21683498101997,-73.61056711517479,2.5539063824043517,1.8912189902435197,2.5539063824043517,3.0300426316180684,0.0028827232625719085
28.47222635434582,569.4445270869164,BS05,4,-71.1694495383079,-95.94066208550453,-96.71353539305323,-95.94066208550453,-95.35864243790864,-73.5741958066375,2.3923130922315314,1.7495464193689936,2.3923130922315314,2.8509631176102226,0.0028587505624044773
28.50993791243105,570.198758248621,BS05,4,-71.29350620964173,-96.06471875683836,-96.81926471291081,-96.06471875683836,-95.49853920633508,-73.5375231970608,2.2316882090274675,1.6082322507836373,2.2316882090274675,2.6735021069039004,0.00283478053400207
28.547649470516273,570.9529894103255,BS05,4,-71.41630784405926,-96.18752039125589,-96.92432026863109,-96.18752039125589,-95.63657114251511,-73.50054800373542,2.072015754164214,1.4672819404066224,2.072015754164214,2.497621614454738,0.002810815629902653
28.5853610286015,571.70722057203,BS05,4,-71.5370625584685,-96.30827510566513,-97.05289682913649,-96.30827510566513,-95.73675891396958,-73.46311590906397,1.9139337089378845,1.2934344166538072,1.9139337089378845,2.367338393516817,0.002786760375486993
28.623072586686725,572.4614517337345,BS05,4,-71.65635360913112,-96.42756615632774,-97.15515366769527,-96.42756615632774,-95.87099875253058,-73.42532167439617,1.7569532913898445,1.1543535708676866,1.7569532913898445,2.1945713317339828,0.002762680676587416
28.660784144771952,573.215682895439,BS05,4,-71.77448723633859,-96.54569978353521,-97.25677450779219,-96.54569978353521,-96.00352850252534,-73.38721771230905,1.6008205119844374,1.0155892012025445,1.6008205119844374,2.0232152173554883,0.002738613690128555
28.698495702857176,573.9699140571436,BS05,4,-71.89147657637244,-96.66268912356907,-97.3577541236917,-96.66268912356907,-96.13438686621907,-73.34880251947928,1.4455207208370102,0.8771443722602487,1.4455207208370102,1.8532308250409382,0.0027145617776404103
28.736207260942404,574.7241452188481,BS05,4,-72.0073350420326,-96.77854758922922,-97.45808819960776,-96.77854758922922,-96.263611447228,-73.3100745193738,1.2910389185277626,0.7390211477346634,1.2910389185277626,1.684579980997945,0.002690527256578348
28.773918819027628,575.4783763805526,BS05,4,-72.12207626910153,-96.89328881629815,-97.55777326367483,-96.89328881629815,-96.39123877809875,-73.27103205953105,1.1373598069202795,0.6012206534139002,1.1373598069202795,1.5172255339629794,0.0026665123999534287
28.811630377112856,576.2326075422571,BS05,4,-72.2359137896928,-97.00712633688943,-97.64979581495706,-97.00712633688943,-96.52733822608171,-73.23171711968962,0.984311708435601,0.4736302506792772,0.984311708435601,1.3384986562927281,0.00264254596231157
28.84934193519808,576.9868387039617,BS05,4,-72.34873931704215,-97.11995186423877,-97.74856562355606,-97.11995186423877,-96.65192945424873,-73.19210427266883,0.8319775381349772,0.3361785052633175,0.8319775381349772,1.1736038083972176,0.0026186152064231532
28.887053493283307,577.7410698656662,BS05,4,-72.46047652810545,-97.23168907530207,-97.84666659320354,-97.23168907530207,-96.77502068828994,-73.15217226276536,0.6804124057255838,0.19906271385189156,0.6804124057255838,1.0099071139620812,0.0025947104049751607
28.92476505136853,578.4953010273707,BS05,4,-72.5711401411744,-97.34235268837102,-97.94409856612165,-97.34235268837102,-96.8966448721055,-73.11191907574381,0.5295995697014563,0.062280269385009995,0.5295995697014563,0.8473747474899698,0.0025708336220064323
28.962476609453763,579.2495321890752,BS05,4,-72.68074486825415,-97.45195741545078,-98.04086193661968,-97.45195741545078,-97.01683399104894,-73.07134260405411,0.3795222017317351,-0.07417209908133385,0.3795222017317351,0.6859737825919977,0.0025469868750756124
29.00018816753899,580.0037633507798,BS05,4,-72.7893053891922,-97.56051793638882,-98.136957607215,-97.56051793638882,-97.135619101888,-73.03044064330142,0.23016340900281235,-0.2102982862447399,0.23016340900281235,0.5257038908957264,0.002523172134995871
29.037899725624214,580.7579945124843,BS05,4,-72.89683632872004,-97.66804887591667,-98.23238694767576,-97.66804887591667,-97.25303036217244,-72.98921088857813,0.08150625350968713,-0.3461027734757032,0.08150625350968713,0.36653183387128324,0.002499391325589948
29.075611283709442,581.5122256741888,BS05,4,-73.0033826030688,-97.77459515026543,-98.32336062966932,-97.77459515026543,-97.37415449518639,-72.94765929106026,-0.06648825865974847,-0.47613481069883334,-0.06648825865974847,0.2019973150181821,0.0024756510774274856
29.113322841794666,582.2664568358933,BS05,4,-73.10902843917658,-97.88024098637321,-98.41765428780931,-97.88024098637321,-97.4889274654418,-72.90580374851677,-0.21388651408989726,-0.6114481588011802,-0.21388651408989726,0.04474816150296994,0.0024519645813759834
29.151034399879894,583.0206879975979,BS05,4,-73.21368238522004,-97.98489493241667,-98.51128166457775,-97.98489493241667,-97.60240941037085,-72.86361319335255,-0.36062806520058666,-0.7464493810503792,-0.36062806520058666,-0.1115575736683294,0.0024283172893837515
29.188745957965118,583.7749191593024,BS05,4,-73.31735892555453,-98.08857147275116,-98.60424588025515,-98.08857147275116,-97.71462732812391,-72.82108485728627,-0.5067301720927427,-0.8811452362864856,-0.5067301720927427,-0.26690473205785914,0.0024047109188375195
29.226457516050345,584.5291503210069,BS05,4,-73.42007239611863,-98.19128494331525,-98.69655034630557,-98.19128494331525,-97.82560744387584,-72.77821584965652,-0.6522100686207405,-1.0155429159406688,-0.6522100686207405,-0.4213210698023863,0.002381147139084838
29.26416907413557,585.2833814827114,BS05,4,-73.52179045379044,-98.29300300098707,-98.79057364538933,-98.29300300098707,-97.93220934340493,-72.73498850935839,-0.7970530452881741,-1.1531786244768245,-0.7970530452881741,-0.5704195763347619,0.0023576196407101386
29.301880632220797,586.037612644416,BS05,4,-73.62254367360094,-98.39375622079757,-98.88145514932637,-98.39375622079757,-98.04077734636333,-72.69140392915433,-0.9412886021309212,-1.286925611818487,-0.9412886021309212,-0.72305776561564,0.0023341325078429
29.33959219030602,586.7918438061205,BS05,4,-73.72237902626121,-98.49359157345783,-98.97169240188617,-98.49359157345783,-98.14818321033734,-72.64746905478364,-1.084956795116419,-1.420402519278128,-1.084956795116419,-0.8748460113956102,0.0023106928638845013
29.37730374839125,587.546074967825,BS05,4,-73.82131002934517,-98.5925225765418,-99.06128959580916,-98.5925225765418,-98.25445023704575,-72.6031804759786,-1.2280745585484365,-1.5536179275994229,-1.2280745585484365,-1.0258094497295902,0.0022873021967610794
29.415015306476473,588.3003061295295,BS05,4,-73.91935002294781,-98.69056257014444,-99.15025110492452,-98.69056257014444,-98.35960108100832,-72.5585346362553,-1.3706587952582738,-1.6865807648423519,-1.3706587952582738,-1.1759726611118597,0.002263961946352902
29.4527268645617,589.054537291234,BS05,4,-74.016512165284,-98.78772471248062,-99.23858146554426,-98.78772471248062,-98.46365777098525,-72.51352782744655,-1.5127263776710589,-1.8193002933044242,-1.5127263776710589,-1.3253596967686503,0.002240673504576459
29.490438422646932,589.8087684529386,BS05,4,-74.11280942912681,-98.88402197632344,-99.32628535917759,-98.88402197632344,-98.5666417306834,-72.46815618404887,-1.6542941498976693,-1.9517860979352935,-1.6542941498976693,-1.4739941043910976,0.002217438215507362
29.528149980732156,590.5629996146431,BS05,4,-74.20816862448855,-98.97938117168518,-99.4247345779923,-98.97938117168518,-98.65402580880198,-72.42238526659794,-1.7953233003121727,-2.1014813583289937,-1.7953233003121727,-1.6013202430164646,0.0021942420443753084
29.565861538817384,591.3172307763476,BS05,4,-74.30243504945983,-99.07364759665646,-99.51068530960943,-99.07364759665646,-98.75486630566127,-72.37614844769956,-1.935725626390907,-2.233204830107033,-1.935725626390907,-1.74844653348332,0.002171055582879197
29.603573096902608,592.0714619380522,BS05,4,-74.39588756151055,-99.16710010870717,-99.59604042011314,-99.16710010870717,-98.8547006689509,-72.32953387651519,-2.075692046821697,-2.3647428621618256,-2.075692046821697,-1.894902390346491,0.002147927169317083
29.641284654987835,592.8256930997567,BS05,4,-74.48853782015951,-99.25975036735613,-99.68080446504754,-99.25975036735613,-98.9535477810955,-72.28253711552014,-2.2152386639071278,-2.4961056403352564,-2.2152386639071278,-2.04070917176696,0.0021248580161393445
29.67899621307306,593.5799242614612,BS05,4,-74.58039731748084,-99.35160986467747,-99.76498209677312,-99.35160986467747,-99.05142603071849,-72.2351535446069,-2.3543815948860964,-2.627303653841447,-2.3543815948860964,-2.1858878760270986,0.0021018492894940705
29.716707771158287,594.3341554231657,BS05,4,-74.67147737670503,-99.44268992390165,-99.84857805266712,-99.44268992390165,-99.14835332820579,-72.18737835440919,-2.4931369772121625,-2.7583476902850808,-2.4931369772121625,-2.330459162690702,0.002078902109590561
29.75441932924351,595.0883865848702,BS05,4,-74.7618216086802,-99.53303415587682,-99.92996738512707,-99.53303415587682,-99.24644626696319,-72.13921905038178,-2.6315409466598454,-2.886634038586976,-2.6315409466598454,-2.477412062302753,0.0020560234618337693
29.79213088732874,595.8426177465748,BS05,4,-74.85142239595771,-99.62263494315434,-100.01248561814087,-99.62263494315434,-99.34153195756744,-72.09066381000497,-2.7695976984586466,-3.017445174778744,-2.7695976984586466,-2.620859301456189,0.002033211089464163
29.829842445413963,596.5968489082793,BS05,4,-74.94027498189786,-99.71148752909448,-100.09443465716281,-99.71148752909448,-99.43571695797104,-72.04170127508662,-2.907313826088936,-3.1481341067061868,-2.907313826088936,-2.763749665414671,0.0020104631421316082
29.86755400349919,597.3510800699838,BS05,4,-75.02839007710851,-99.79960262430514,-100.1758195493548,-99.79960262430514,-99.52901744959127,-71.99232578553497,-3.0447057042882064,-3.27871286615017,-3.0447057042882064,-2.906102606353793,0.001987780552163147
29.905265561584415,598.1053112316883,BS05,4,-75.1157782193513,-99.88699076654792,-100.25664537686625,-99.88699076654792,-99.62144920386706,-71.94253145431318,-3.1817897617041755,-3.409193770962761,-3.1817897617041755,-3.047937326651227,0.001965164208623987
29.942977119669642,598.8595423933929,BS05,4,-75.20244977444351,-99.97366232164013,-100.33691724944127,-99.97366232164013,-99.7130275950549,-71.89231215941591,-3.3185824898234277,-3.5395894258365868,-3.3185824898234277,-3.189272798877678,0.0019426149580539823
29.980688677754866,599.6137735550974,BS05,4,-75.28841493738189,-100.05962748457851,-100.41664029758033,-100.05962748457851,-99.80376761257655,-71.84166153562234,-3.455100452345637,-3.669912723866034,-3.455100452345637,-3.3301277855589837,0.001920133605277758
30.018400235840097,600.3680047168019,BS05,4,-75.37110025022882,-100.14231279742545,-100.63392396069378,-100.14231279742545,-99.7258948685543,-71.79001629220551,-3.5893324290204447,-4.036986304468411,-3.5893324290204447,-3.207126010244278,0.001897478143659878
30.056111793925325,601.1222358785064,BS05,4,-75.45091857328039,-100.22213112047702,-100.70599549358248,-100.22213112047702,-99.81291713436443,-71.73744810595194,-3.721619791463367,-4.162839261658216,-3.721619791463367,-3.3454111317823134,0.0018746917931678803
30.09382335201055,601.876467040211,BS05,4,-75.53022188275631,-100.30143442995293,-100.77771696676699,-100.30143442995293,-99.8992492109292,-71.68445549825012,-3.85381696635672,-4.288841023932012,-3.85381696635672,-3.4833567472143576,0.001851997907440788
30.131534910095777,602.6306982019155,BS05,4,-75.60548603989798,-100.37669858709461,-100.81620695762392,-100.37669858709461,-99.84545729571234,-71.63115319210587,-3.9822853160887517,-4.452472697585015,-3.9822853160887517,-3.3967975042480285,0.0018294480114352616
30.169246468181,603.38492936362,BS05,4,-75.67829764218837,-100.449510189385,-100.79143072468761,-100.449510189385,-99.92676060873882,-71.57752633430566,-4.108626270768935,-4.456010849080599,-4.108626270768935,-3.5296792179011365,0.0018070373831731688
30.20695802626623,604.1391605253245,BS05,4,-75.75077689570703,-100.52198944290366,-100.7725568538472,-100.52198944290366,-100.0075506156592,-71.52351108032103,-4.235023774092777,-4.508332245211104,-4.168717069478336,-3.6623680372335454,0.0017847414584707037
30.244669584351453,604.8933916870291,BS05,4,-75.822922279139,-100.59413482633562,-100.76881542748193,-100.53414261204252,-100.08783018033164,-71.46910572569233,-4.361478017254753,-4.544631601528099,-4.230739316037586,-3.794866024109386,0.0017625620953096485
30.28238114243668,605.6476228487336,BS05,4,-75.89473249463406,-100.66594504183068,-100.7492879302682,-100.50748954843705,-100.16760229020048,-71.41430856538177,-4.48798941536862,-4.55636603825804,-4.244167717864881,-3.927175284720773,0.0017405011233694678
30.320092700521904,606.4018540104381,BS05,4,-75.96407368195514,-100.73528622915177,-100.74391133138472,-100.48832776161903,-100.19855885687129,-71.35947719153889,-4.612067141348187,-4.61462854148277,-4.254420244775376,-3.9147484542357796,0.001718702283813689
30.357804258607132,607.1560851721426,BS07,6,-75.97766008206992,-100.74887262926654,-100.7454566408918,-100.47038934133002,-100.22178805267032,-71.32309627432404,-4.661972191435009,-4.66267613335611,-4.312707213031256,-3.920025724959917,0.0017043892607059975
30.395515816692356,607.9103163338472,BS07,6,-75.90654745798231,-100.67776000517894,-100.74482329032362,-100.46943278002608,-100.17397772470677,-71.31454132393435,-4.599399951098826,-4.687605360964833,-4.345784830270275,-3.854556767001367,0.00170104087935714
30.433227374777584,608.6645474955517,BS07,6,-75.83510770214933,-100.60632024934596,-100.73414694800329,-100.48393646638056,-100.09452632131588,-71.30497005881698,-4.537515197167061,-4.712657997728933,-4.370808494646246,-3.789494638679783,0.0016973024984093673
30.470938932862808,609.4187786572562,BS07,6,-75.76334214381154,-100.53455469100817,-100.73533746145874,-100.47492984593117,-100.0145771805455,-71.29438592543134,-4.476315829574519,-4.764463470483019,-4.436978605761087,-3.7248388754682527,0.0016931780565751292
30.508650490948035,610.1730098189607,BS07,6,-75.71059023737337,-100.48180278457,-100.7732030972067,-100.48180278457,-100.09444970595382,-71.28268771492519,-4.4352423530965845,-4.8959151456989165,-4.4352423530965845,-3.7961173235567998,0.001688631119019723
30.546362049033267,610.9272409806653,BS07,6,-75.63345486586967,-100.40466741306629,-100.76760086614401,-100.40466741306629,-99.89121019070448,-71.27267746337118,-4.36810034895779,-4.887035368057126,-4.36810034895779,-3.626863287489747,0.0016847499482017059
30.58407360711849,611.6814721423698,BS07,6,-75.5597532738776,-100.33096582107423,-100.77548391952392,-100.33096582107423,-99.80907350283425,-71.25970098425879,-4.3073534065296695,-4.921682013354127,-4.3073534065296695,-3.5618925175223266,0.0016797319645935076
30.62178516520372,612.4357033040743,BS07,6,-75.4857009671952,-100.25691351439183,-100.77905790579364,-100.25691351439183,-99.72639849706701,-71.24571129243184,-4.247267330485606,-4.97103787623807,-4.247267330485606,-3.497310857518329,0.0016743388858581547
30.659496723288942,613.1899344657788,BS07,6,-75.41054620961812,-100.18175875681474,-100.73291241485677,-100.18175875681474,-99.69124369944043,-71.23102717024695,-4.186772150345213,-4.957442931889571,-4.186772150345213,-3.4700177540072064,0.0016686966955369751
30.69720828137417,613.9441656274834,BS07,6,-75.33356515414305,-100.10477770133967,-100.66438001309437,-100.10477770133967,-99.60586356139234,-71.21591725886469,-4.12487583613129,-4.90125484809864,-4.12487583613129,-3.4031377295792757,0.0016629107153616522
30.734919839459394,614.6983967891879,BS07,6,-75.25616702435596,-100.02737957155259,-100.59559927165239,-100.02737957155259,-99.51986800819728,-71.19978175041713,-4.063586432582417,-4.845928205750793,-4.063586432582417,-3.336603422408176,0.001656754119670366
30.77263139754462,615.4526279508924,BS07,6,-75.17468539120414,-99.94589793840076,-100.4451174238583,-99.94589793840076,-99.52572020284045,-71.18430571718675,-3.997555238233423,-4.724408051323202,-3.997555238233423,-3.340028259934386,0.001650870531404371
30.810342955629846,616.2068591125969,BS07,6,-75.09253458653527,-99.86374713373189,-100.37118143684592,-99.86374713373189,-99.43594521987515,-71.16783761469429,-3.9318454007469423,-4.6655786719128365,-3.9318454007469423,-3.2688136308712146,0.0016446326907369156
30.848054513715073,616.9610902743015,BS07,6,-75.00983474358654,-99.78104729078316,-100.29688061919445,-99.78104729078316,-99.34542403512329,-71.15032600696067,-3.8666284232601846,-4.607453485616996,-3.8666284232601846,-3.1978573376841766,0.0016380254006769144
30.885766071800298,617.715321436006,BS07,6,-74.92658203291792,-99.69779458011455,-100.22221594358366,-99.69779458011455,-99.25414644303875,-71.13177750056752,-3.8018939007439903,-4.550018611718848,-3.8018939007439903,-3.127149502767112,0.0016310557785468175
30.923477629885525,618.4695525977105,BS07,6,-74.8427727368618,-99.61398528405843,-100.1471886158022,-99.61398528405843,-99.16210211427449,-71.11219832762174,-3.7376319146707395,-4.493260709647254,-3.7376319146707395,-3.056680519096804,0.0016237309999310293
30.96118918797075,619.223783759415,BS07,6,-74.75760098865364,-99.52881353585026,-100.00824380407965,-99.52881353585026,-99.14479126560624,-71.09200579285415,-3.672619989966503,-4.389036222130115,-3.672619989966503,-3.04370907471978,0.001616211154821509
30.998900746055977,619.9780149211196,BS07,6,-74.66997813047303,-99.44119067766965,-99.92905741898113,-99.44119067766965,-99.04976050534644,-71.0717198691705,-3.6052503454637352,-4.329617986830037,-3.6052503454637352,-2.9700448027629758,0.001608691542235612
31.036612304141205,620.7322460828241,BS07,6,-74.58168975226842,-99.35290229946504,-99.84941208534426,-99.35290229946504,-98.95385729602587,-71.05040408866824,-3.5382435411246838,-4.270730560799857,-3.5382435411246838,-2.8965343822861507,0.0016008278127394467
31.074323862226432,621.4864772445286,BS07,6,-74.4927289189068,-99.26394146610343,-99.76930696473848,-99.26394146610343,-98.85706731535248,-71.028062625534,-3.4715884977504263,-4.212361021904299,-3.4715884977504263,-2.823165264599497,0.0015926268827081537
31.11203542031166,622.2407084062331,BS07,6,-74.4030887202979,-99.17430126749453,-99.68874143491303,-99.17430126749453,-98.75937595411453,-71.00469899260814,-3.4052748222673723,-4.154497269438562,-3.4052748222673723,-2.7499252343322804,0.001584095607780691
31.149746978396884,622.9949395679376,BS07,6,-74.3127473354916,-99.08395988268822,-99.60469487625038,-99.08395988268822,-98.66441545139345,-70.9803237268799,-3.3392701984239936,-4.094990247571752,-3.3392701984239936,-2.679483479746643,0.0015752435633488615
31.18745853648211,623.7491707296422,BS07,6,-74.22160427624183,-98.99281682343846,-99.5230453116184,-98.99281682343846,-98.56481827365056,-70.95498560518095,-3.273425463186258,-4.0379138983813005,-3.273425463186258,-2.606304853362145,0.0015660942005116065
31.225170094567336,624.5034018913467,BS07,6,-74.12975659421795,-98.90096914141458,-99.44092991096757,-98.90096914141458,-98.46427076640387,-70.92863106357582,-3.207891173856627,-3.9813070913575355,-3.207891173856627,-2.5332178597998354,0.0015566341073838855
31.262881652652563,625.2576330530512,BS07,6,-74.03719740094284,-98.80840994813947,-99.35834891999986,-98.80840994813947,-98.36275696452553,-70.90126067061152,-3.1426599016255152,-3.925161333780621,-3.1426599016255152,-2.4602116369292477,0.0015468697617173279
31.300593210737787,626.0118642147557,BS07,6,-73.94391988862746,-98.71513243582409,-99.27530288369863,-98.71513243582409,-98.2602605903123,-70.87287419692159,-3.0777250957930438,-3.8694691575993683,-3.0777250957930438,-2.387275764586626,0.0015368075281687128
31.338304768823015,626.7660953764603,BS07,6,-73.84991734626497,-98.6211298934616,-99.1917926670747,-98.6211298934616,-98.15676505099823,-70.84347058756028,-3.013081127495576,-3.814224164345774,-3.013081127495576,-2.3144002896956453,0.00152645365061973
31.37601632690824,627.5203265381648,BS07,6,-73.75518317713043,-98.52639572432706,-99.10781947710774,-98.52639572432706,-98.05225343680938,-70.81304793368543,-2.94872333549265,-3.7594210719427545,-2.94872333549265,-2.241575752512213,0.0015158142453263928
31.413727884993467,628.2745576998693,BS07,6,-73.65977696656054,-98.43098951375717,-99.02618138962627,-98.43098951375717,-97.94334905995285,-70.78157476477028,-2.8847427585503596,-3.7069005975007365,-2.8847427585503596,-2.1665363929613743,0.0015048853722645175
31.45143944307869,629.0287888615738,BS07,6,-73.56368479106659,-98.33489733826322,-98.94144594049995,-98.33489733826322,-97.83681413439805,-70.74905287445092,-2.8211237141770735,-3.6531545851393963,-2.8211237141770735,-2.093938408248337,0.0014936749846085843
31.48915100116392,629.7830200232784,BS07,6,-73.466847167632,-98.23805971482862,-98.85625851010514,-98.23805971482862,-97.72921422547762,-70.71550155713655,-2.757787486089225,-3.599846487044588,-2.757787486089225,-2.0213698200477435,0.0014821971305238014
31.526862559249146,630.5372511849829,BS07,6,-73.36922408610677,-98.1404366333034,-98.76304798695303,-98.1404366333034,-97.63007343817772,-70.68092910147199,-2.694685820157253,-3.542290958894842,-2.694685820157253,-1.955150061755768,0.001470462070221656
31.56457411733437,631.2914823466874,BS07,6,-73.27052321258026,-98.04173575977688,-98.67651760877067,-98.04173575977688,-97.52011526226482,-70.6454402252825,-2.6314218501013684,-3.489341407135787,-2.6314218501013684,-1.882198671751017,0.0014585124352085098
31.6022856754196,632.045713508392,BS07,6,-73.17104556537747,-97.9422581125741,-98.58953104182326,-97.9422581125741,-97.40902616176841,-70.60889981926847,-2.5684315375279083,-3.4368204592345695,-2.5684315375279083,-1.8092468073653916,0.0014463100459441575
31.639997233504825,632.7999446700965,BS07,6,-73.07073393126211,-97.84194647845874,-98.49732239230501,-97.84194647845874,-97.30280281302328,-70.57131853587106,-2.5056470667826867,-3.38186063512887,-2.5056470667826867,-1.740149750244545,0.0014338663949401982
31.677708791590053,633.554175831801,BS07,6,-72.96945647927042,-97.74066902646705,-98.40914859457368,-97.74066902646705,-97.189280726307,-70.5327310136413,-2.4429020523972085,-3.3298819586812476,-2.4429020523972085,-1.6669149852226164,0.0014212007980487866
31.715420349675277,634.3084069935055,BS07,6,-72.86737659944248,-97.6385891466391,-98.32052286452428,-97.6385891466391,-97.07456081959882,-70.49306018780223,-2.380436874557854,-3.278341004691004,-2.380436874557854,-1.5936578241443775,0.0014082960866891822
31.753131907760505,635.06263815521,BS07,6,-72.76557278884181,-97.53678533603843,-98.26447478180745,-97.53678533603843,-96.91763657862165,-70.45194067308897,-2.3196949431152207,-3.2467608747480767,-2.3196949431152207,-1.4955443310457253,0.0013950436113289168
31.79084346584573,635.8168693169146,BS07,6,-72.6635758615339,-97.43478840873053,-98.17702179098522,-97.43478840873053,-96.80135247699573,-70.4095410632342,-2.2600387637545265,-3.198420341016185,-2.2600387637545265,-1.42414967082992,0.001381508972180548
31.828555023930956,636.5711004786191,BS07,6,-72.56363783494908,-97.3348503821457,-98.33071410493307,-97.3348503821457,-96.34618193735241,-70.36560357243742,-2.2039778335265003,-3.2682849247260135,-2.2039778335265003,-1.1683122992840647,0.0013676217536269452
31.86626658201618,637.3253316403236,BS07,6,-72.46889793775672,-97.24011048495335,-97.69801015490015,-97.24011048495335,-96.98145228166989,-70.32107959087737,-2.153701336574991,-2.9304660265641824,-2.153701336574991,-1.5484494256566042,0.0013536913696676786
31.903978140101408,638.0795628020281,BS07,6,-72.35763296721571,-97.12884551441233,-97.87251770979306,-97.12884551441233,-96.5093100189359,-70.27861181692366,-2.0848469315142344,-3.034075230464638,-2.0848469315142344,-1.2476450496892917,0.0013405363770305904
31.941689698186632,638.8337939637327,BS07,6,-72.25025054439644,-97.02146309159306,-97.78076503381597,-97.02146309159306,-96.38686629299663,-70.23241207700659,-2.0236026439931387,-2.9846933492599956,-2.0236026439931387,-1.173669213689593,0.0013263703043363945
31.97940125627186,639.5880251254372,BS07,6,-72.14201817937884,-96.91323072657546,-97.68859232540652,-96.91323072657546,-96.26305706580095,-70.18501158309104,-1.9627082436850185,-2.9358346890760645,-1.9627082436850185,-1.0996468107405875,0.0013119914159701752
32.017112814357084,640.3422562871417,BS07,6,-72.03293357852569,-96.80414612572231,-97.59600987840756,-96.80414612572231,-96.137858404808,-70.1363880521892,-1.9021837354024864,-2.8875222968588314,-1.9021837354024864,-1.0255799666159064,0.0012974032583869099
32.05482437244231,641.0964874488462,BS07,6,-71.92362399323301,-96.69483654042963,-97.52931235935536,-96.69483654042963,-95.97655563981182,-70.08635730511992,-1.8428403590957934,-2.853540532159452,-1.8428403590957934,-0.9318349508200439,0.0012825619852472108
32.09253593052754,641.8507186105508,BS07,6,-71.81435126054443,-96.58556380774105,-97.43772204974245,-96.58556380774105,-95.84931569367414,-70.03485083347678,-1.7850084274980387,-2.8082824122644845,-1.7850084274980387,-0.8593369243834095,0.001267460061466057
32.13024748861277,642.6049497722554,BS07,6,-71.70429526231048,-96.4755078095071,-97.34582055315774,-96.4755078095071,-95.72067250092317,-69.98206209323011,-1.7276746663720268,-2.763689544645782,-1.7276746663720268,-0.7868703419411281,0.0012521664392893938
32.167959046697995,643.3591809339599,BS07,6,-71.59285502169463,-96.36406756889126,-97.20870868641306,-96.36406756889126,-95.65210402593765,-69.92810383375453,-1.6701255379819613,-2.69770478758179,-1.6701255379819613,-0.7485962771758986,0.0012367244543028736
32.20567060478322,644.1134120956644,BS07,6,-71.47852225524584,-96.24973480244246,-97.11309112021439,-96.24973480244246,-95.51913880914003,-69.87326054307768,-1.6105686621094333,-2.65128848144172,-1.6105686621094333,-0.6733038480431089,0.0012212240806137957
32.24338216286844,644.8676432573689,BS07,6,-71.36329212002641,-96.13450466722304,-97.01710515633637,-96.13450466722304,-95.38459677694979,-69.81701566200736,-1.551515162688899,-2.6055864613140423,-1.551515162688899,-0.597963972960961,0.001205529093214247
32.28109372095367,645.6218744190734,BS07,6,-71.24665592129676,-96.01786846849339,-96.90213300136352,-96.01786846849339,-95.27357784868344,-69.75945264267975,-1.49237304670649,-2.551552118364839,-1.49237304670649,-0.5361665242807795,0.0011896748687962306
32.3188052790389,646.3761055807779,BS07,6,-71.12852816798843,-95.89974071518506,-96.80417246778198,-95.89974071518506,-95.13524376261411,-69.70053706758276,-1.4330912508320248,-2.506106704166849,-1.4330912508320248,-0.4595826895978337,0.0011736637516947162
32.356516837124126,647.1303367424824,BS07,6,-71.00945797145852,-95.78067051865514,-96.70585232088504,-95.78067051865514,-94.99520386742866,-69.64009658559314,-1.3743910902470768,-2.4614901328938,-1.3743910902470768,-0.38293307993974646,0.0011574618568305959
32.394228395209346,647.884567904187,BS07,6,-70.88944367396498,-95.6606562211616,-96.60513362483057,-95.6606562211616,-94.85638531745451,-69.57809077309055,-1.316311345217749,-2.416847670360352,-1.316311345217749,-0.30781740821550496,0.001141072484063322
32.431939953294574,648.6387990658915,BS07,6,-70.76837066934787,-95.5395832165445,-96.50600657956392,-95.5395832165445,-94.71277599120253,-69.51449950274423,-1.2587575767611894,-2.3739025011981343,-1.2587575767611894,-0.23093354581959671,0.0011245047888072868
32.4696515113798,649.393030227596,BS07,6,-70.64636414249912,-95.41757668969575,-96.4065796207083,-95.41757668969575,-94.56736189022169,-69.44925090384595,-1.2019268242631054,-2.3319507090249787,-1.2019268242631054,-0.1540160597685262,0.001107755032826074
32.50736306946503,650.1472613893005,BS07,6,-70.52343245977845,-95.29464500697507,-96.30687786396162,-95.29464500697507,-94.42011151042756,-69.38229698936765,-1.1458754556519832,-2.291055110639726,-1.1458754556519832,-0.07708134383271759,0.0010908265514383963
32.54507462755026,650.901492551005,BS07,6,-70.40046758647651,-95.17168013367314,-96.23524412886134,-95.17168013367314,-94.23035977085985,-69.31345250649,-1.0916805592889869,-2.2629017719777718,-1.0916805592889869,0.019913600865718303,0.0010736894918711064
32.58278618563548,651.6557237127096,BS07,6,-70.27769559237868,-95.0489081395753,-96.13722951574671,-95.0489081395753,-94.08042482208236,-69.24266189687611,-1.0396237831283373,-2.226295542865417,-1.0396237831283373,0.09473752221807898,0.001056348405060686
32.62049774372071,652.4099548744142,BS07,6,-70.15414035134863,-94.92535289854526,-96.03910636260042,-94.92535289854526,-93.9286563494213,-69.17003487852855,-0.9886194782725979,-2.1909811342203764,-0.9886194782725979,0.1694065833594492,0.0010388481896847004
32.65820930180593,653.1641860361187,BS07,6,-70.02952879859788,-94.8007413457945,-95.93317276155307,-94.8007413457945,-93.78645102162537,-69.09554938294588,-0.9384167010888207,-2.15417616355552,-0.9384167010888207,0.23856380264767046,0.0010212009490693944
32.69592085989116,653.9184171978233,BS07,6,-69.903887149515,-94.67509969671163,-95.83432372993346,-94.67509969671163,-93.63060043235282,-69.0191384848024,-0.8891086010185094,-2.1211424132934757,-0.8891086010185094,0.31344480839286154,0.00100340868293779
32.73363241797639,654.6726483595278,BS07,6,-69.77750845248842,-94.54872099968505,-95.73545832111886,-94.54872099968505,-93.47282158097882,-68.94070822570153,-0.8410821711403074,-2.089639775847516,-0.8410821711403074,0.38808919805626263,0.000985468230654861
32.77134397606161,655.4268795212322,BS07,6,-69.65042387083544,-94.42163641803207,-95.63661916619446,-94.42163641803207,-93.31309452902443,-68.86019487054568,-0.7944323315227477,-2.0597587803875697,-0.7944323315227477,0.4624518686857371,0.000967384565361472
32.809055534146836,656.1811106829367,BS07,6,-69.51759361147244,-94.28880615866906,-95.44035741001797,-94.28880615866906,-93.295365003188,-68.77811950146116,-0.743598787640592,-1.9986232006918712,-0.743598787640592,0.47188067790572297,0.000949291259964196
32.846767092232064,656.9353418446412,BS07,6,-69.38173723796834,-94.15294978516496,-95.3339279579966,-94.15294978516496,-93.12754712789216,-68.69398357588504,-0.6917992381779552,-1.9659164349906546,-0.6917992381779552,0.5535099877722052,0.0009310945829960643
32.88447865031729,657.6895730063459,BS07,6,-69.24487422590127,-94.0160867730979,-95.22737815547734,-94.0160867730979,-92.95732620057005,-68.60745981156995,-0.6413802250919549,-1.9350798652264303,-0.6413802250919549,0.6351814225816328,0.0009127448686657914
32.92219020840252,658.4438041680504,BS07,6,-69.10600948877085,-93.87722203596748,-95.03879764524649,-93.87722203596748,-92.91851760071448,-68.51863668760149,-0.5912583617769741,-1.8827155866506173,-0.5912583617769741,0.6555571256391446,0.000894283283446686
32.95990176648775,659.1980353297549,BS07,6,-68.96125766949876,-93.73247021669539,-94.92566294457261,-93.73247021669539,-92.74099226285075,-68.42801222842868,-0.5370507967212674,-1.850879688168957,-0.5370507967212674,0.7434774492234365,0.0008758317548729276
32.997613324572974,659.9522664914595,BS07,6,-68.81523226487377,-93.5864448120704,-94.81229800091405,-93.5864448120704,-92.56064311007061,-68.33469801491644,-0.48425874906471644,-1.8212262656110716,-0.48425874906471644,0.8317594646203739,0.000857229980623745
33.0353248826582,660.706497653164,BS07,6,-68.66795384035942,-93.43916638755604,-94.69875198446871,-93.43916638755604,-92.37740363332658,-68.2386031157303,-0.43299375220598596,-1.793889725540194,-0.43299375220598596,0.9204004228856282,0.0008384863728611681
33.07303644074342,661.4607288148685,BS07,6,-68.5167710121247,-93.28798355932133,-94.52578295902525,-93.28798355932133,-92.28590426908629,-68.14015505080721,-0.3801773693493814,-1.7536816279199796,-0.3801773693493814,0.967931962321525,0.0008197083598260069
33.11074799882865,662.214959976573,BS07,6,-68.3628828030396,-93.13409535023622,-94.40745986124098,-93.13409535023622,-92.0953762004974,-68.0389724127041,-0.32738981605717987,-1.7280789516851156,-0.32738981605717987,1.061598668621174,0.0008008465309988678
33.14845955691388,662.9691911382776,BS07,6,-68.20756280895048,-92.97877535614711,-94.28893684496484,-92.97877535614711,-91.90155747720725,-67.93469962480515,-0.276260097090426,-1.7051959868205604,-0.276260097090426,1.1559172782169242,0.0007818622972158328
33.186171114999105,663.7234222999821,BS07,6,-68.05083678032997,-92.8220493275266,-94.1702741918157,-92.8220493275266,-91.70436139216407,-67.82723232878357,-0.22691837015481883,-1.6851952531666778,-0.22691837015481883,1.2509053571892255,0.0007627669040223187
33.223882673084326,664.4776534616866,BS07,6,-67.89273654103893,-92.66394908823555,-94.0515370986378,-92.66394908823555,-91.50370034549042,-67.71646221538786,-0.17950482009249263,-1.668247246165548,-0.17950482009249263,1.3465797448760726,0.0007435722474222903
33.26159423116955,665.2318846233911,BS07,6,-67.7310443590586,-92.50225690625523,-93.87730605758989,-92.50225690625523,-91.39161373760678,-67.60275356170229,-0.13143783766766917,-1.6461299905029658,-0.13143783766766917,1.4021012705076492,0.0007243703278477394
33.29930578925478,665.9861157850956,BS07,6,-67.56612546430262,-92.33733801149924,-93.74133679410595,-92.33733801149924,-91.1825729624969,-67.48588207914763,-0.08330689538347617,-1.6138193800154597,-0.08330689538347617,1.5034866983143218,0.0007051505628414144
33.33701734734001,666.7403469468002,BS07,6,-67.39968028590273,-92.17089283309936,-93.58028506517329,-92.17089283309936,-90.96958650171942,-67.36536729804624,-0.037292684472669375,-1.5224701434812355,-0.037292684472669375,1.6059543895368351,0.0006858651878725195
33.37472890542523,667.4945781085047,BS07,6,-67.23175361902837,-92.002966166225,-93.40545661890967,-92.002966166225,-90.75254257931492,-67.24108683023499,0.0064375469651063374,-1.45038866240068,0.0064375469651063374,1.709550221371855,0.0006665291024077628
33.41244046351046,668.2488092702092,BS07,6,-67.062399503248,-91.83361205044463,-93.22748983714739,-91.83361205044463,-90.53132859139846,-67.11291354438552,0.047702560582678674,-1.3978493566571357,0.047702560582678674,1.8143203235152923,0.000647157824468297
33.450152021595684,669.0030404319136,BS07,6,-66.89168229380883,-91.66289484100545,-93.05130892676468,-91.66289484100545,-90.3058318330556,-66.98071528689873,0.08630577749222516,-1.3009571791905383,0.08630577749222516,1.9203104828269677,0.00062776746955671
33.48786357968091,669.7572715936182,BS07,6,-66.71967783276557,-91.4908903799622,-92.86692875097158,-91.4908903799622,-90.07594041411419,-66.84435457838161,0.12203380372069161,-1.2659262967380025,0.12203380372069161,2.0275653812812924,0.000608374725992581
33.52557513776614,670.5115027553227,BS07,6,-66.54533078858633,-91.31654333578295,-92.61079715672801,-91.31654333578295,-89.9259237260364,-66.7039435962189,0.1560539229159735,-1.1579736336751048,0.1560539229159735,2.0978467547064343,0.000589031433146634
33.56328669585136,671.2657339170272,BS07,6,-66.36690007200313,-91.13811261919976,-92.41736016192588,-91.13811261919976,-89.685664110693,-66.55972755952222,0.19035215643911685,-1.0875906091222804,0.19035215643911685,2.212022192574038,0.0005698036447060162
33.60099825393659,672.0199650787317,BS07,6,-66.18718039827935,-90.95839294547598,-92.2200853025207,-90.95839294547598,-89.4404225681238,-66.41094587286373,0.2213734849483706,-1.0694550681206398,0.2213734849483706,2.3280061166742794,0.00055062431860968
33.638709812021816,672.7741962404363,BS07,6,-66.00628698350855,-90.77749953070517,-92.01882448127047,-90.77749953070517,-89.1900681587597,-66.25744339461016,0.24884746817224224,-0.9677971498812812,0.24884746817224224,2.4458763767084433,0.0005315124541565722
33.67642137010704,673.5284274021408,BS07,6,-65.82435324819394,-90.59556579539057,-91.81342139054638,-90.59556579539057,-88.93447478850567,-66.09905848524821,0.2724789618907592,-0.9116079507913937,0.2724789618907592,2.565708046539331,0.0005124874338680945
33.714132928192264,674.2826585638453,BS07,6,-65.64153275454291,-90.41274530173953,-91.60371094938246,-90.41274530173953,-88.67352373987023,-65.93562260989498,0.2919457833570744,-0.8958064911657134,0.2919457833570744,2.6875713732556514,0.0004935689761385126
33.75184448627749,675.0368897255498,BS07,6,-65.45800127711718,-90.2292138243138,-91.38951869933793,-90.2292138243138,-88.40710682657831,-65.76695991755274,0.3068962201201122,-0.7881805405492538,0.3068962201201122,2.811529169728567,0.0004747770850572871
33.78955604436272,675.7911208872544,BS07,6,-65.27395899750404,-90.04517154470066,-91.17066015699437,-90.04517154470066,-88.13513030991696,-65.5928867981075,0.31694639258153995,-0.7458769532467225,0.31694639258153995,2.9376335198610173,0.0004561319975977507
33.82726760244795,676.5453520489589,BS07,6,-65.0902651106378,-89.86147765783443,-90.9617576418829,-89.86147765783443,-87.83641617000515,-65.4130682118772,0.32090204013645407,-0.7380955562108699,0.32090204013645407,3.075054523823748,0.00043763970344915
33.86497916053317,677.2995832106634,BS07,6,-64.90711911185986,-89.67833165905648,-90.73341727760678,-89.67833165905648,-87.55367612551797,-65.22731594679534,0.3183753531668559,-0.6218900837109931,0.3183753531668559,3.2041567004078724,0.0004193237359785682
33.902690718618395,678.0538143723679,BS07,6,-64.72432628364622,-89.49553883084285,-90.49981553328053,-89.49553883084285,-87.26535904412047,-65.03552780788277,0.3094587146157624,-0.5917243178464994,0.3249292702063269,3.3352758231596544,0.0004012162365046654
33.94040227670363,678.8080455340726,BS07,6,-64.54221303559518,-89.31342558279181,-90.26072255098468,-89.31342558279181,-86.97150885018489,-64.83748109628206,0.2936029267907352,-0.5829533485431091,0.46304485829626996,3.4683446254834567,0.0003833377560072095
33.97811383478886,679.5622766957771,BS07,6,-64.3611419197661,-89.13235446696272,-90.02919001524765,-89.13235446696272,-86.6722248062959,-64.63294251671684,0.2702120533720579,-0.456133922217784,0.5977218632070753,3.6032482650472137,0.0003657087886170824
34.015825392874085,680.3165078574816,BS07,6,-64.18151374444184,-88.95272629163847,-89.77908436815017,-88.95272629163847,-86.3676751683131,-64.42166763815712,0.23864076659074748,-0.44828102034966727,0.6630313934296228,3.7398118141872057,0.00034834970822034014
34.053536950959305,681.0707390191861,BS07,6,-64.00376943011517,-88.7749819773118,-89.52276965684212,-88.7749819773118,-86.05811361090333,-64.20340037816584,0.19819197586792203,-0.4363107751113102,0.838951206353546,3.877785067495649,0.00033128070414482967
34.09124850904453,681.8249701808907,BS07,6,-63.82839148935379,-88.59960403655042,-89.2695179888513,-88.59960403655042,-85.74389884859163,-63.977872532749764,0.1481148780825371,-0.2957731833272075,0.9289759766749222,4.016824226115818,0.0003145217161986812
34.12896006712976,682.5792013425952,BS07,6,-63.65590499216424,-88.42711753936086,-89.00047130810538,-88.42711753936086,-85.42551786982675,-63.744803381440676,0.08760359757206305,-0.3127854482065284,1.0516915056665967,4.156470016635921,0.00029809236934151627
34.16667162521499,683.3334325042997,BS07,6,-63.4982349510549,-88.26944749825152,-88.90419157433725,-88.26944749825152,-84.88550417145291,-63.50152435118903,0.002065134858129153,-0.3113249988736187,1.1262825275772845,4.369659257059311,0.00028185776807422547
34.20438318330021,684.0876636660042,BS07,6,-63.3493215693628,-88.12053411655943,-88.62805170587777,-88.12053411655943,-84.5780929641415,-63.248984197524585,-0.10149248617471256,-0.1399128378474316,1.235835099660497,4.480498612613466,0.00026593953700234063
34.242094741385436,684.8418948277088,BS07,6,-63.206138925414905,-87.97735147261153,-88.34470822443356,-87.95806138003421,-84.27241254818213,-62.987560431079075,-0.21966613633926171,-0.2366646072547145,1.3832509474980212,4.585381613291466,0.0002504074691771477
34.279806299470664,685.5961259894133,BS07,6,-63.069360197803036,-87.84057274499966,-88.05384880148115,-87.67893466523657,-83.97020667195521,-62.71685702525887,-0.3535250972921138,-0.11234063499306957,1.5729658139159963,4.68257430887818,0.00023527918658866078
34.31751785755589,686.3503571511178,BS08,7,-62.83000396249274,-87.60121650968937,-87.7561677229009,-87.36430081237059,-83.67353022000181,-62.53651715297789,-0.29446717273016987,-0.053200999819374706,1.6530087553698958,4.770043676911406,0.00022571149585924014
34.35522941564111,687.1045883128223,BS08,7,-62.512741809008546,-87.28395435620517,-87.449363174447,-87.06615054224348,-83.38476943006162,-62.425445085759875,-0.08825233402469823,-0.10821009125239314,1.9119177116236896,4.845438944820442,0.00022001330627892854
34.39294097372634,687.8588194745269,BS08,7,-62.18593241516186,-86.95714496235848,-87.15951540174655,-86.73414501013292,-83.10664985899297,-62.321846274616696,0.1349807721437545,0.10828132492798266,2.003609246480117,4.90608592953765,0.0002148282144098201
34.43065253181157,688.6130506362314,BS08,7,-61.849097751858594,-86.62031029905522,-86.83713324850413,-86.4176800375263,-82.84222590780516,-62.22641527996366,0.3764047185069195,-0.013491572030472706,2.2259955531661673,4.949001109212423,0.00021016009061653867
34.468364089896795,689.3672817979359,BS08,7,-61.50174017746532,-86.27295272466195,-86.52973429614744,-86.07540435790887,-82.59484503657308,-62.139825864118976,0.6371908945202227,0.10407069605742023,2.422971205649879,4.970933002684865,0.00020601227933122253
34.50607564798202,690.1215129596404,BS08,7,-61.143345789834314,-85.91455833703094,-86.23292838574292,-85.73733324894246,-82.36808004802674,-62.06271867148219,0.9184938343863036,0.20039278528699658,2.560549882521437,4.968438327425304,0.0002023876289132097
34.54378720606724,690.875744121345,BS08,7,-60.77338979790004,-85.54460234509666,-85.90480276275204,-85.36796547726952,-82.16562455322517,-61.99568844025703,1.2214330570509644,0.06935412778281781,2.8605451132860322,4.937998699066269,0.00019928852164030443
34.58149876415247,691.6299752830495,BS08,7,-60.39134471353627,-85.1625572607329,-85.61864779352499,-84.99814846047335,-81.99115042303029,-61.93927119321852,1.5470720649871506,0.3464790466027399,2.9760291272706976,4.876179758696284,0.00019671690270797927
34.6192103222377,692.384206444754,BS08,7,-59.99669246396978,-84.7679050111664,-85.2898437946932,-84.63861848590452,-81.84813177886696,-61.89393191746894,1.896393911420517,0.21025223984402622,3.298076563772611,4.859216164132792,0.00019467430707442084
34.656921880322926,693.1384376064584,BS08,7,-59.58888786313175,-84.36010041032839,-85.05596925612353,-84.342343527926,-81.70091549894612,-61.86020922693948,2.270482361253089,0.3612120382869732,3.3826196922747798,4.977406109553099,0.00019316881802958175
34.69463343840815,693.8926687681629,BS08,7,-59.16203044602047,-83.93324299321709,-84.72508527567842,-83.94724352019398,-81.67764321440686,-61.85282154416993,2.689953521451915,0.33842599790410677,3.67120281986889,5.281338228818314,0.00019284056566739986
34.732344996493374,694.6468999298675,BS08,7,-58.7202132913541,-83.49142583855073,-84.45055463526829,-83.56538220168295,-81.69358460473153,-61.857393903492685,3.1363421532404594,0.3562633283084556,3.8577130954411794,5.6767344774488855,0.0001930436606666593
34.7700565545786,695.401131091572,BS08,7,-58.26300491940438,-83.034217466601,-84.2094444393407,-83.15926139381602,-81.74835042995271,-61.87387968938157,3.610033122555785,0.5172675856254516,4.155195212535151,6.108893857980473,0.00019377770328140082
34.80776811266383,696.1553622532765,BS08,7,-57.79013373423966,-82.56134628143629,-83.97353149583074,-82.76794089777422,-81.82195120907586,-61.90212724927984,4.111146376035033,0.3231032086775896,4.323991737166765,6.595307449037838,0.00019504194134166547
34.84547967074905,696.909593414981,BS08,7,-57.30157440014936,-82.07278694734599,-83.82483961274313,-82.37510443768059,-81.4272746199829,-61.94188381090935,4.639454481964239,0.6981055099227033,4.639454481964239,7.0839710622895895,0.00019683525546367056
34.88319122883428,697.6638245766856,BS08,7,-56.797668724930624,-81.56888127212724,-83.61466944377962,-82.02583665513957,-80.92004317329254,-61.9928019667157,5.194268231529017,0.3276513838973996,5.194268231529017,7.621623718579328,0.00019915613787221847
34.920902786919505,698.4180557383901,BS08,7,-56.279292904742945,-81.05050545193957,-83.5235020952437,-81.68057097957126,-80.32133226673086,-62.054448374353655,5.774278094562584,0.6789651851432285,5.774278094562584,8.181862294032964,0.00020200266539281247
34.95861434500473,699.1722869000946,BS08,7,-55.74808542097246,-80.51929796816908,-83.41489527629213,-81.23901416726524,-79.69654960467658,-62.12631422102895,6.377336787162754,0.459067984212046,6.377336787162754,8.784876227342021,0.0002053724673736546
34.99632590308997,699.9265180617992,BS08,7,-55.20675093899486,-79.97796348619148,-83.35443384690245,-80.77717948639626,-79.04623585824432,-62.20782693737207,7.000167086960283,0.5949852646356083,7.000167086960283,9.434575787353095,0.00020926268945547336
35.03403746117519,700.6807492235038,BS08,7,-54.659452656021394,-79.43066520321801,-83.346718571303,-80.31838767789806,-78.37237240107405,-62.29836262532302,7.637981913328654,0.5869424921707378,7.6242210118965135,10.087972575404722,0.00021366995420711774
35.071749019260416,701.4349803852083,BS08,7,-54.112293826066704,-78.88350637326333,-83.36709860938558,-79.86854047257327,-77.67921071347055,-62.39725868201761,8.284015426482648,0.4790244375827911,8.201207592111823,10.832181868509132,0.0002185903197007801
35.109460577345644,702.1892115469128,BS08,7,-53.57386076665357,-78.3450733138502,-83.44781508829966,-79.4351394834026,-76.97445993591752,-62.503826151160375,8.928992372330898,0.6855683851292668,8.788191983672359,11.561552375436179,0.00022401923709711193
35.14717213543087,702.9434427086173,BS08,7,-53.05574437485881,-77.82695692205544,-83.48093698175306,-79.0273887057868,-76.27087813856907,-62.6173614064753,9.560618250064953,0.3415537681103562,9.474435708941686,12.2944763746425,0.00022995150827072403
35.18488369351609,703.6976738703219,BS08,7,-52.572868313506206,-77.34408086070283,-83.61031999101742,-78.65610250105122,-75.5881562067545,-62.737156858691286,10.163261833131747,0.7362057174376163,9.896346577762813,13.00604507629794,0.0002363812444299028
35.22259525160132,704.4519050320264,BS08,7,-52.32379084814656,-77.09500339534318,-83.6259694401809,-78.4640456554673,-75.1206394796348,-62.78807051470318,10.463240848665151,0.8883032052698289,10.175223295536568,13.548646953721285,0.00023916805388516166
35.26030680968655,705.2061361937309,BS08,7,-51.95607039448093,-76.72728294167756,-83.53490790566163,-78.19063169953422,-74.55316815783283,-62.918270182140226,10.961129358805927,1.2493428526208088,10.633672760555804,14.242182493230379,0.0002464449795335393
35.298018367771775,705.9603673554354,BS08,7,-51.676563985283515,-76.44777653248013,-83.46916095340757,-77.98647483775906,-74.10481021628844,-63.05287016594633,11.375202061059424,1.5866143142681186,10.948241298334674,14.796469469142536,0.00025420061950994925
35.335729925856995,706.71459851714,BS08,7,-51.503034796453754,-76.27424734365039,-83.42980542434728,-77.86136208199063,-73.81807298794449,-63.19121240818617,11.687037759489181,1.8976850171423938,11.242463012360226,15.191071786962427,0.00026242623855812227
35.37344148394222,707.4688296788445,BS08,7,-51.4477705212189,-76.21898306841553,-83.41750256828728,-77.82178448063165,-73.72529504197945,-63.33266899319555,11.88372088680035,2.1807446825582906,11.354688423961147,15.392063412973219,0.0002711122496963287
35.41115304202745,708.223060840549,BS08,7,-51.514901847002946,-76.28611439419957,-83.43246170200851,-77.8698776187891,-73.83790103706185,-63.47664545355872,11.960526333548957,2.4346188924091727,11.420363787668641,15.387142360674021,0.0002802481910947295
35.44886460011268,708.9772920022535,BS08,7,-51.69942509849393,-76.47063764569056,-83.47442847942357,-78.00305167051444,-74.14208780155033,-63.622582959736334,11.921898994783426,2.6587582965017615,11.399068013764904,15.190252125842875,0.0002898227075336293
35.486576158197906,709.7315231639581,BS08,7,-51.98838129117655,-76.75959383837318,-83.54269913060777,-78.21443867507841,-74.6040028742733,-63.76995953808769,11.780275934594666,2.853203150576256,11.290663527379895,14.836041276636191,0.0002998235365686065
35.524287716283126,710.4857543256626,BS08,7,-52.363648814370976,-77.1348613615676,-83.63615902486532,-78.49400327572346,-75.18076874314471,-63.91829046658166,11.553294098828061,3.018525415857558,11.120100372282183,14.368186889321645,0.00031023749947481794
35.561999274368354,711.2399854873671,BS08,7,-52.80520442857271,-77.57641697576933,-83.75334123025021,-78.82996654379085,-75.83086254520636,-64.06712799375123,11.260529036717022,3.1557529873308816,10.918704288185948,13.828616280798688,0.00032105049697735816
35.59971083245358,711.9942166490716,BS08,7,-53.29382573045089,-78.06503827764752,-83.89249886686363,-79.21017003875016,-76.52008237659297,-64.21606051749617,10.920791614685704,3.266282255131594,10.612540220999616,13.238286371833722,0.0003322475097466446
35.63742239053881,712.7484478107762,BS08,7,-53.812760757869896,-78.58397330506652,-84.05168425166126,-79.62312771637534,-77.22318221094798,-64.36471134743034,10.550457173652632,3.3517858586802087,10.280032862310149,12.65493830235979,0.0003438126035950633
35.67513394862403,713.5026789724807,BS08,7,-54.348409043197805,-79.11962159039443,-84.22882810453903,-80.05867782072711,-77.92297336983083,-64.5127371599679,10.162782930766202,3.4141221517730975,9.95662212249855,12.100336272248946,0.00035572893930058743
35.71284550670926,714.2569101341852,BS08,7,-54.8903126867868,-79.66152523398343,-84.42181319974203,-80.50827307151391,-78.60852582189632,-64.65982623993064,9.767915147469763,3.4552517653843986,9.568885454202027,11.549994560809353,0.0003679787869612494
35.750557064794485,715.0111412958897,BS08,7,-55.44189681942958,-80.21310936662621,-84.45165477225096,-81.08633413332672,-79.44519544301144,-64.79880046744756,9.355253276056025,3.4503979967797527,9.161475879384085,10.763589519378996,0.0003799399922654113
35.78826862287971,715.7653724575943,BS08,7,-55.9881458238634,-80.75935837106002,-84.6842103258493,-81.5455652517058,-80.08066674819571,-64.93432649509913,8.944477995981522,3.4382568658164026,8.78737804510308,10.266301014805567,0.0003919786221531345
35.82598018096493,716.5196036192988,BS08,7,-56.521081259887765,-81.29229380708439,-84.92591867583664,-82.00135878715744,-80.69000454835592,-65.06898048373455,8.546142940664911,3.4123481345244087,8.423151460815921,9.781281842449715,0.00040431738905248924
35.86369173905016,717.2738347810032,BS08,7,-57.03885993752137,-81.810072484718,-85.17491906373326,-82.45096740675488,-81.27329297096598,-65.20251557348976,8.161844523960932,3.374403078164667,8.123203681917431,9.321397358658148,0.00041693700860835837
35.90140329713539,718.0280659427077,BS08,7,-57.54050187270275,-82.31171441989937,-85.4295315732407,-82.892446670042,-81.8312503870779,-65.33470748721828,7.792338539777233,3.326008429280287,7.745094354976634,8.877318671006865,0.00042981744799417846
35.939114855220616,718.7822971044122,BS08,7,-58.02562724175106,-82.7968397889477,-85.68826004883547,-83.32447502619812,-82.36495160918136,-65.46535309696368,7.437801773936359,3.2685979216487056,7.3840447811460495,8.447689027981337,0.00044293796044808534
35.97682641330584,719.5365282661168,BS08,7,-58.49396230409891,-83.26517485129554,-85.97518214361048,-83.74592550173463,-82.85987503548301,-65.5945652352377,7.098620757380093,3.198122098616877,7.052173820596741,8.073702077476868,0.00045630823456603554
36.01453797139107,720.2907594278215,BS08,7,-58.94565434312409,-83.71686689032072,-86.23654306618704,-84.15617666955251,-83.34958855492931,-65.72237684319926,6.774681138557245,3.128275785195582,6.740811780379882,7.702593413373593,0.00046993040815794095
36.0522495294763,721.044990589526,BS08,7,-59.3817657907052,-84.15297833790183,-86.49868891800118,-84.55552831852697,-83.81890127463916,-65.84806810494347,6.464201023951251,3.052625897919507,6.4407191473232,7.345130049633905,0.00048372293741168063
36.08996108756153,721.7992217512306,BS08,7,-59.8028523090482,-84.57406485624483,-86.7607733490933,-84.94393123120294,-84.26910163889531,-65.97151049470577,6.166496327164208,2.9720441534286692,6.151541963613177,7.002442985466785,0.0004976624389461316
36.127672645646754,722.553452912935,BS08,7,-60.209532291367424,-84.98074483856405,-87.0220788524997,-85.32147814439101,-84.70141686556143,-66.0925897072555,5.880834453425549,2.8872846308296447,5.87282934439299,6.670273351055436,0.0005117250469050197
36.165384203731975,723.3076840746395,BS08,7,-60.60245351564579,-85.37366606284242,-87.28200268614746,-85.6883622710862,-85.11700139464415,-66.21120447067297,5.606466458361469,2.7989956897719552,5.604071716976544,6.349893448277635,0.0005258864699589525
36.2030957618172,724.061915236344,BS08,7,-60.98126890283463,-85.75248145003125,-87.78844161827695,-85.89390442588684,-85.36693627259089,-66.32818717787706,5.344571423157269,2.630794048701049,5.344571423157269,6.262189698875185,0.0005402366362330496
36.24080731990243,724.8161463980485,BS08,7,-61.34270449738308,-86.11391704457971,-88.02753521605815,-86.2451752382798,-85.75754117108288,-66.44719992600145,5.102083393112017,2.5521169178843377,5.102083393112017,5.966069354821481,0.0005552374986476804
36.27851887798766,725.5703775597531,BS08,7,-61.69315644950963,-86.46436899670626,-88.26513713279539,-86.58646056191016,-86.13409344182915,-66.56289246491725,4.867258880296147,2.4698053077685493,4.867258880296147,5.680539803106992,0.0005702188015345061
36.31623043607288,726.3246087214576,BS08,7,-62.033102497239426,-86.80431504443605,-88.50090831651784,-86.91811961564137,-86.49747031931543,-66.6752384532657,4.6395939238184205,2.3842996985515668,4.6395939238184205,5.406018053791817,0.0005851532777777973
36.353941994158106,727.0788398831621,BS08,7,-62.3630129026637,-87.13422544986032,-88.73456709569693,-87.2405198859224,-86.84848135805463,-66.7842174917977,4.418597981135592,2.2959813129398023,4.418597981135592,5.140965391408001,0.0006000135918481014
36.39165355224333,727.8330710448666,BS08,7,-62.683345138704,-87.45455768590062,-88.96588200596938,-87.55402963911091,-87.18787314286611,-66.88981446391631,4.203798581505853,2.2051791178484192,4.203798581505853,4.883766682454151,0.0006147724145240293
36.42936511032856,728.5873022065712,BS08,7,-62.99454045331406,-87.76575300051068,-89.19466530062749,-87.85901258844112,-87.51633410756143,-66.99201895106299,3.994744176841692,2.112176202513016,3.994744176841692,4.633848589798581,0.0006294024991422003
36.46707666841378,729.3415333682757,BS08,7,-63.29702178784824,-88.06823433504486,-89.42076713336674,-88.1558241720176,-87.83449925364248,-67.09082471595862,3.7910057062455627,2.0172155332873145,3.7910057062455627,4.390669982556908,0.0006438767591107407
36.50478822649901,730.0957645299802,BS08,7,-63.59119266559837,-88.362405212795,-89.6440703826947,-88.4448090315177,-88.14295464834088,-67.18622924726566,3.5921772517937285,1.9205051064823357,3.5921772517937285,4.153721265742071,0.0006581683464113645
36.54249978458424,730.8499956916847,BS08,7,-63.87743676881881,-88.64864931601544,-89.8644860756547,-88.72629938212211,-88.4422416376325,-67.2782333596946,3.3978760612733,1.8222225339027047,3.3978760612733,3.9225233029065767,0.000672250730791515
36.580211342669465,731.6042268533893,BS08,7,-64.15611799802248,-88.9273305452191,-90.08194936231544,-89.00061404061441,-88.73286074593202,-67.3668408441275,3.20774213866353,1.7225191033312317,3.20774213866353,3.6966260895732557,0.0006860977793402788
36.61792290075469,732.3584580150938,BS08,7,-64.42758086269869,-89.19879340989532,-90.29641599003138,-89.26805793613892,-89.01527525656174,-67.45205816276815,3.0214375482217433,1.6215233597156353,3.0214375482217433,3.475607288774621,0.0006996838361217334
36.65563445883991,733.1126891767983,BS08,7,-64.69215109348742,-89.46336364068405,-90.50785922674586,-89.52892197166345,-89.28991448082786,-67.53389418481161,2.8386455376332003,1.5193442534946326,2.8386455376332003,3.2590707064366584,0.0007129838015313123
36.69334601692514,733.8669203385028,BS08,7,-64.95013639582983,-89.72134894302646,-90.71626718453464,-89.78348313694462,-89.55717673133783,-67.61235995850454,2.6590695560784168,1.4160739012820014,2.6590695560784168,3.0480994175963176,0.0007259732110225678
36.73105757501037,734.6211515002074,BS08,7,-65.20182728735489,-89.97303983455151,-90.92164049765849,-90.03200479866638,-89.81743201946476,-67.68746851590159,2.4824322212644563,1.3117900017297761,2.4824322212644563,2.840958495743749,0.0007386283128484837
36.768769133095596,735.3753826619119,BS08,7,-65.44749797750565,-90.21871052470227,-91.12399031294542,-90.27473711206626,-90.0710244985538,-67.75923470694877,2.3084742735495443,1.2065579463161948,2.3084742735495443,2.637576900313959,0.0007509261444482
36.806480691180816,736.1296138236164,BS08,7,-65.68740726001032,-90.45861980720694,-91.32333655421952,-90.51191751258992,-90.31827467483527,-67.82767505988608,2.136953543549514,1.1004326613731572,2.136953543549514,2.439435753554016,0.0007628446071094691
36.844192249266044,736.8838449853209,BS08,7,-65.92179939756714,-90.69301194476377,-91.51970642630292,-90.74377125672528,-90.55948140728633,-67.89280766522853,1.967643951118111,0.9934602141706538,1.967643951118111,2.245247727267938,0.0007743625385282377
36.88190380735127,737.6380761470255,BS08,7,-66.15090498468568,-90.92211753188231,-91.71313312788728,-90.97051198932661,-90.7949237166203,-67.95465208089344,1.8003345473276224,0.8856792124389676,1.8003345473276224,2.0494424140733667,0.000785459782892061
36.9196153654365,738.39230730873,BS08,7,-66.37494177932776,-91.14615432652438,-91.90365474604219,-91.19234232078962,-91.02486242209194,-68.01322925626648,1.6348286066013193,0.7771220234514792,1.6348286066013193,1.8562092050092265,0.0007961172581125254
36.95732692352172,739.1465384704345,BS08,7,-66.59411549752464,-91.36532804472127,-92.09131330840324,-91.40945440211395,-91.249541623342,-68.06856147324869,1.4709427728643116,0.6678158357453191,1.4709427728643116,1.6681711104179247,0.0008063170198415202
36.99503848160695,739.900769632139,BS08,7,-66.8086205675774,-91.57983311477403,-92.27615397196257,-91.62203048928318,-91.46919004286652,-68.12067230250253,1.3085062613259903,0.5577835838070018,1.3085062613259903,1.4848439699266003,0.0008160423219100415
37.032750039692175,740.6550007938436,BS08,7,-67.01864084233601,-91.78985338953264,-92.45822433008584,-91.83024349109056,-91.6840222432931,-68.16958657332789,1.1473601158306703,0.44704475352219364,1.1472865653091184,1.30143180110245,0.0008252776728453003
37.07046159777741,741.4092319555482,BS08,7,-67.22435026928724,-91.99556281648387,-92.63757382170193,-92.03425749645331,-91.8942397321853,-68.2153303557494,0.9873565206292307,0.3356160839582331,0.9852708968069017,1.1191401982774651,0.0008340088881344085
37.10817315586264,742.1634631172527,BS08,7,-67.42591351907706,-92.19712606627368,-92.81425322869984,-92.23422827872437,-92.10003196579541,-68.25793095354894,0.8283581646813344,0.22351217905631707,0.8164682345058638,0.9413027592828972,0.0008422231379219169
37.14588471394786,742.9176942789572,BS08,7,-67.62348657374288,-92.3946991209395,-92.98831424943448,-92.43030377563873,-92.30157726203886,-68.29741690712213,0.6702376560929346,0.1107460410328017,0.6522982426613175,0.7649823764048944,0.0008499089898522681
37.183596272033085,743.6719254406618,BS08,7,-67.79516885162909,-92.56638139882571,-93.06564327861284,-92.63359768566018,-92.5088643858679,-68.32999944209872,0.5311101169435948,0.05772045159632889,0.47099668536547,0.5790205120270483,0.0008563038504214429
37.22130783011831,744.4261566023663,BS08,7,-67.98626373654905,-92.75747628374567,-93.23811336190306,-92.82207464863286,-92.70222776012027,-68.3636283597646,0.3736152414348299,-0.057966324858482174,0.3055838508196438,0.41186895164013804,0.0008629545000406195
37.25901938820354,745.1803877640708,BS08,7,-68.17304587803366,-92.94425842523029,-93.49697303021401,-92.96601401111748,-92.84965235031906,-68.39422101923428,0.21739926622485803,-0.23236895212267733,0.17439647794856,0.277320744451879,0.0008690495007773259
37.29673094628876,745.9346189257753,BS08,7,-68.35622189450012,-93.12743444169675,-93.6604746266316,-93.14837342373657,-93.0364213644627,-68.4217598644736,0.061738086404718624,-0.34727898053590717,0.010547918554776006,0.10633453912570251,0.0008745728640789694
37.33444250437399,746.6888500874798,BS08,7,-68.53607838871523,-93.30729093591185,-93.8216587119335,-93.32745787988728,-93.21967172155537,-68.4462982384729,-0.09360155509612364,-0.46286659675909564,-0.1524387225588571,-0.05967219351559163,0.0008795239769161375
37.37215406245922,747.4430812491843,BS08,7,-68.71272886640892,-93.48394141360555,-93.9805738934135,-93.50337774030113,-93.39953125269209,-68.46787240459678,-0.24869688882926286,-0.5791178249125363,-0.3108725563598711,-0.2261826731786568,0.0008839001299691758
37.409865620544444,748.1973124108888,BS08,7,-68.88617486244326,-93.65738740963988,-94.16236291942994,-93.66973989350139,-93.56019657918024,-68.4864535376227,-0.40357821085699597,-0.7149757621929265,-0.46481413099481145,-0.3828184784330105,0.0008876866022186345
37.447577178629665,748.9515435725933,BS08,7,-69.05645580586742,-93.82766835306404,-94.3158344827419,-93.83958883610241,-93.73391443010856,-68.50199448304768,-0.5583320290358111,-0.8321739808035701,-0.6231958349161885,-0.5449615422905518,0.0008908659863153621
37.48528873671489,749.7057747342978,BS08,7,-69.22385888908416,-93.99507143628078,-94.46723126767426,-94.00658193220485,-93.90457671118871,-68.51463259240069,-0.7131082781444059,-0.9500731643822927,-0.7823554593611782,-0.7036198316349972,0.0008934598911330758
37.52300029480012,750.4600058960024,BS08,7,-69.38847619399952,-94.15968874119615,-94.61659641002328,-94.17080981016439,-94.07228745350957,-68.52440942231674,-0.8679574981800291,-1.0957294319240243,-0.9360405794121922,-0.862081978110498,0.0008954717090442007
37.56071185288535,751.2142370577069,BS08,7,-69.55065428625893,-94.32186683345556,-94.71592385339797,-94.35187929851489,-94.2647636859575,-68.53168750370732,-1.0228640318239817,-1.3152920007967799,-1.082267469555941,-1.0108054503667183,0.0008969722874631881
37.598423410970575,751.9684682194114,BS08,7,-69.71041140073487,-94.4816239479315,-94.86322506410937,-94.51065234598927,-94.42640975057981,-68.53654880603347,-1.1777642068663954,-1.4955531810708442,-1.2255998495665903,-1.1585641045654584,0.0008979759790217103
37.636134969055796,752.722699381116,BS08,7,-69.86760559921214,-94.63881814640877,-95.00853285284963,-94.66690967136869,-94.58540125204345,-68.53879886542515,-1.3327103669743021,-1.676178482582963,-1.3674940437382412,-1.3036282700726256,0.0008984409186181563
37.67384652714102,753.4769305428205,BS08,7,-70.02231574553991,-94.79352829273654,-95.15189259555625,-94.82072719458712,-94.7418228538237,-68.5384871382067,-1.4877319604620756,-1.857221093810055,-1.5086098945419482,-1.4457297873501065,0.0008983764907124091
37.71155808522625,754.231161704525,BS08,7,-70.17461721930279,-94.94582976649941,-95.2933485577407,-94.97217757531749,-94.8957552861736,-68.53566508353805,-1.6428529544488424,-2.0387281255725895,-1.6474785957688356,-1.5846134088629293,0.0008977934373383937
37.74926964331148,754.9853928662295,BS08,7,-70.32459675192898,-95.0958092991256,-95.43073173655529,-95.12354840374226,-95.04826005758238,-68.53042310366254,-1.79806976357193,-2.223436893094143,-1.79806976357193,-1.7195469444543006,0.0008967114161125666
37.7869812013967,755.739624027934,BS08,7,-70.47230921093877,-95.2435217581354,-95.56858598460914,-95.26173303225885,-95.19742727539905,-68.52278904286428,-1.9534094438381955,-2.3979004664421275,-1.9534094438381955,-1.8521935037014416,0.0008951379643718769
37.82469275948193,756.4938551896386,BS08,7,-70.61781920670091,-95.38903175389754,-95.70465923579442,-95.39496055289928,-95.20910159786521,-68.51281747404951,-2.1088820927154353,-2.446178158084841,-2.1088820927154353,-1.9815940375832368,0.000893086884196118
37.862404317567155,757.2480863513431,BS08,7,-70.7611900739619,-95.53240262115852,-95.83899155272407,-95.53755483447097,-95.08909305917666,-68.50056869898707,-2.2644908112166804,-2.4995870159147153,-2.201176267869997,-2.0727297740420996,0.0008905738244082449
37.90011587565238,758.0023175130476,BS08,7,-70.90248567569385,-95.67369822289048,-95.96798459378657,-95.67909922684932,-94.96534824078353,-68.48611715434139,-2.420225108797522,-2.557038879450964,-2.281214648017966,-1.839054878512057,0.0008876179100418856
37.9378274337376,758.7565486747521,BS08,7,-71.04178086927305,-95.81299341646968,-96.09907105695144,-95.81362137522504,-94.84423654910267,-68.46959841323428,-2.576024408978073,-2.619113009875008,-2.3764393220577813,-1.6127018123774883,0.0008842511759128907
37.97553899182283,759.5107798364567,BS09,8,-71.14873118160463,-95.91994372880126,-96.22852540305806,-95.91994372880126,-94.72253625265522,-68.46730478411135,-2.6852663228233213,-2.685175876487285,-2.480791252750601,-1.3875911149772087,0.0008837847143531444
38.01325054990806,760.2650109981612,BS09,8,-71.05385294890583,-95.82506549610245,-96.3563837732171,-95.82506549610245,-94.60028267454982,-68.57095494966951,-2.4868306298882628,-2.754914728093708,-2.4868306298882628,-1.163711963684466,0.0009051118105152382
38.050962107993286,761.0192421598657,BS09,8,-70.95912663244728,-95.7303391796439,-96.48268130266909,-95.7303391796439,-94.47751487444347,-68.67281336473599,-2.2903391802575146,-2.8274363040334416,-2.2903391802575146,-0.941059278189578,0.0009265710891221807
38.08867366607851,761.7734733215702,BS09,8,-70.8645999121305,-95.63581245932713,-96.60745214574362,-95.63581245932713,-94.35427591721262,-68.77292221356741,-2.0957974454006107,-2.9021320554186976,-2.0957974454006107,-0.7196338771282085,0.0009481569803356182
38.12638522416374,762.5277044832749,BS09,8,-70.77032311870511,-95.54153566590173,-96.73072950121801,-95.54153566590173,-94.23061315485054,-68.87132196345861,-1.9032152644453233,-2.9789042247830317,-1.9032152644453233,-0.49944265544573024,0.0009698638798574638
38.16409678224897,763.2819356449794,BS09,8,-70.6763493142731,-95.44756186146972,-96.74230590932137,-95.44756186146972,-94.10657852128985,-68.96805145444743,-1.7126068349822963,-2.942902937938994,-1.7126068349822963,-0.2804987816395289,0.0009916861501341754
38.201808340334196,764.0361668066839,BS09,8,-70.58273436843277,-95.3539469156294,-96.67108189137846,-95.3539469156294,-93.9822288395442,-69.0631479833044,-1.5239907052246764,-2.779365364332202,-1.5239907052246764,-0.06282191372464373,0.0010136181216031093
38.239519898419424,764.7903979683884,BS09,8,-70.48953702899388,-95.2607495761905,-96.60050887809032,-95.2607495761905,-93.85762614034259,-69.1566473822213,-1.3373897660402359,-2.617966043645046,-1.3373897660402359,0.15356156737400445,0.0010356540939763436
38.277231456504644,765.544629130093,BS09,8,-70.39537619487675,-95.16658874207337,-96.51850221958084,-95.16658874207337,-93.7506680754849,-69.24860429014012,-1.151368273891988,-2.4331205882044005,-1.151368273891988,0.3371689413846372,0.001057793251779501
38.31494301458987,766.2988602917975,BS09,8,-70.3016597118085,-95.07287225900512,-96.44805559249096,-95.07287225900512,-93.62418868444247,-69.33903296620399,-0.9673197713368935,-2.275078082573431,-0.9673197713368935,0.5528291346464816,0.0010800254614687311
38.3526545726751,767.053091453502,BS09,8,-70.20849545724732,-94.97970800444395,-96.37836586000664,-94.97970800444395,-93.49758031625704,-69.42796463303631,-0.7853208874761197,-2.119189616547777,-0.7853208874761197,0.7671583252852715,0.0011023447979653907
38.39036613076033,767.8073226152065,BS09,8,-70.11595318188706,-94.88716572908369,-96.30948203563861,-94.88716572908369,-93.37092484069036,-69.51542990952012,-0.6054107288833057,-1.9654801646401392,-0.6054107288833057,0.9801055747533575,0.00112474545087185
38.42807768884555,768.5615537769111,BS09,8,-70.02410584753802,-94.79531839473465,-96.24145437557878,-94.79531839473465,-93.24431100413851,-69.6014582888668,-0.42763273882418357,-1.8139766477704422,-0.42763273882418357,1.1916118767650943,0.0011472215881971324
38.465789246930775,769.3157849386156,BS09,8,-69.93302965230276,-94.70424219949939,-96.17433433397615,-94.70424219949939,-93.11783480431775,-69.68607819157764,-0.2520346694771481,-1.664707866223832,-0.2520346694771481,1.4016098422246135,0.0011697673578403625
38.503500805016,770.0700161003201,BS09,8,-69.84280404072736,-94.61401658792398,-96.10817451012853,-94.61401658792398,-92.99159986289979,-69.76931701537863,-0.07866854215632108,-1.5177044250942155,-0.07866854215632108,1.6100233825812205,0.0011923768891056398
38.54121236310123,770.8242472620245,BS09,8,-69.75350125572038,-94.524713802917,-96.04209302953893,-94.524713802917,-92.8675070787224,-69.85120128309542,0.09241994851524837,-1.370933951729247,0.09241994851524837,1.8138303318188413,0.0012150443224040474
38.57892392118646,771.578478423729,BS09,8,-69.665067588162,-94.43628013535863,-95.97788698483417,-94.43628013535863,-92.74191688234642,-69.93175784962767,0.26131139051375235,-1.2284585740280787,0.26131139051375235,2.0190226457995486,0.0012377641443659451
38.61663547927168,772.3327095854336,BS09,8,-69.57773624180984,-94.34894878900647,-95.91480214125902,-94.34894878900647,-92.61691706581678,-70.01100993883713,0.42779583129460186,-1.0883463666899604,0.42779583129460186,2.222357214231451,0.001260530061468254
38.65434703735691,773.0869407471381,BS09,8,-69.49159934116012,-94.26281188835675,-95.85289502052451,-94.26281188835675,-92.49264483749445,-70.08898130167259,0.591804923075926,-0.9506343242519847,0.591804923075926,2.423720597722207,0.0012833361454021172
38.692058595442134,773.8411719088426,BS09,8,-69.40675203165958,-94.1779645788562,-95.79222290140405,-94.1779645788562,-92.36924668119636,-70.16569487808718,0.7532664861770837,-0.8153607556732743,0.7532664861770837,2.622989238298532,0.001306176457512003
38.72977015352736,774.5954030705471,BS09,8,-69.32329235943853,-94.09450490663515,-95.7328437117948,-94.09450490663515,-92.24687859127697,-70.2411728325772,0.9121046648168951,-0.6825651582574664,0.9121046648168951,2.8200292634726405,0.0013290450504970062
38.76748171161258,775.3496342322517,BS09,8,-69.24132112188494,-94.01253366908156,-95.67481591077922,-94.01253366908156,-92.1257062534585,-70.3154365878659,1.0682401102158714,-0.5522880821162012,1.0682401102158714,3.0146963423817605,0.0013519359701460096
38.80519326969781,776.1038653939562,BS09,8,-69.16101359915473,-93.93222614635135,-95.61918094088306,-93.93222614635135,-92.00402687942318,-70.38850611788783,1.2215175430786367,-0.42671293587810144,1.2215175430786367,3.209891588611946,0.0013748430234954401
38.84290482778304,776.8580965556607,BS09,8,-69.08254131354549,-93.85375386074212,-95.56418987543509,-93.85375386074212,-91.88604994327117,-70.46040076064236,1.371784806056621,-0.3017280656305183,1.371784806056621,3.3990384224095087,0.0013977600126924012
38.880616385868265,777.6123277173652,BS09,8,-69.00588113788082,-93.77709368507745,-95.51073052909857,-93.77709368507745,-91.76983977169685,-70.53114123333415,1.5190857676693923,-0.17939216016433568,1.5190857676693923,3.5853018518041777,0.0014206813868308573
38.918327943953486,778.3665588790698,BS09,8,-68.9311426387432,-93.70235518593982,-95.4588619935601,-93.70235518593982,-91.65560139215539,-70.60074629294627,1.6633296442643397,-0.059748296186219046,1.6633296442643397,3.76849542888203,0.0014436011797364387
38.95603950203871,779.1207900407743,BS09,8,-68.85843685865916,-93.62964940585579,-95.4086431420886,-93.62964940585579,-91.54354911013199,-70.6692340984072,1.8044235781839557,0.05716022463998436,1.8044235781839557,3.948422818781548,0.001466513427225605
38.99375106012394,779.8750212024788,BS09,8,-68.78787595900164,-93.55908850619826,-95.36013245498411,-93.55908850619826,-91.4339060825555,-70.73662223531464,1.9422730195789584,0.17129006485686124,1.9422730195789584,4.124878252739357,0.0014894121690128606
39.03146261820917,780.6292523641833,BS09,8,-68.71957282659481,-93.49078537379144,-95.31338783731643,-93.49078537379144,-91.32690374219749,-70.80292773945969,2.0767821433192073,0.282598047613584,2.0767821433192073,4.297647128787485,0.001512291450645074
39.069174176294396,781.3834835258879,BS09,8,-68.6557279384136,-93.42694048561023,-95.28411386086103,-93.42694048561023,-91.19275268009692,-70.86813301435177,2.2057329541664066,0.3547204319234848,2.2057329541664066,4.517370375704575,0.0015351332886169575
39.10688573437962,782.1377146875924,BS09,8,-68.59692509920812,-93.36813764640475,-95.2443304926128,-93.36813764640475,-91.09853938674961,-70.93224708586456,2.3285507122779765,0.4574412224607736,2.3285507122779765,4.6747227828419495,0.0015579287115960229
39.14459729246485,782.891945849297,BS09,8,-68.54083149006675,-93.31204403726338,-95.20652798743205,-93.31204403726338,-91.00800729754948,-70.9953255104468,2.4476237583072953,0.5571533250234416,2.4476237583072953,4.8274078011497314,0.0015806857016815409
39.18230885055008,783.6461770110016,BS09,8,-68.48755208393084,-93.25876463112746,-95.1707563161567,-93.25876463112746,-90.9214050975252,-71.05738320672161,2.5628620639325512,0.6538203067259608,2.5628620639325512,4.975190919380111,0.0016033982851753885
39.22002040863531,784.4004081727061,BS09,8,-68.43718933784787,-93.2084018850445,-95.13706363282085,-93.2084018850445,-90.83898155462083,-71.11843464159674,2.6741776649598443,0.7474071768936372,2.6741776649598443,5.117837115881433,0.0016260605005609156
39.25773196672053,785.1546393344106,BS09,8,-68.38984262372247,-93.1610551709191,-95.10549607700374,-93.1610551709191,-90.76098370742547,-71.17849384828165,2.7814852485797656,0.8378805976145076,2.7814852485797656,5.255112688242148,0.0016486664006468137
39.295443524805755,785.9088704961151,BS09,8,-68.34560765044627,-93.1168201976429,-95.07609757886932,-93.1168201976429,-90.68765490726685,-71.23757444347419,2.8847027484149246,0.9252090911324633,2.8847027484149246,5.386787227754867,0.0016712100547323799
39.33315508289098,786.6631016578197,BS09,8,-68.3045758833582,-93.07578843055482,-95.04890966845927,-93.07578843055482,-90.61923273573746,-71.29568964376983,2.98375194145922,1.0093632425429906,2.98375194145922,5.512635717684426,0.0016936855507950718
39.37086664097621,787.4173328195242,BS09,8,-68.2734861471151,-93.04469869431172,-95.05128447224857,-93.04469869431172,-90.50830335949338,-71.35261231648852,3.071667307813786,0.9924370416869066,3.071667307813786,5.748654085508644,0.0017159923424434481
39.40857819906143,788.1715639812287,BS09,8,-68.25846197794323,-93.02967452513985,-95.04141850957497,-93.02967452513985,-90.48272621620093,-71.40815048939216,3.1421337358886774,1.0584813899687753,3.1421337358886774,5.827521257638257,0.0017380392160735536
39.44628975714666,788.9257951429332,BS09,8,-68.24705087126901,-93.01826341846564,-95.03393226762142,-93.01826341846564,-90.46326207641735,-71.4627726222327,3.2080714415231375,1.1211887380296213,3.2080714415231375,5.899440065167415,0.00175999823092134
39.484001315231886,789.6800263046377,BS09,8,-68.23927886639972,-93.01049141359634,-95.02883697588024,-93.01049141359634,-90.44998639448332,-71.51648926916452,3.2694649660678743,1.1805589604366193,3.2694649660678743,5.96434374116832,0.0017818633009478997
39.521712873317114,790.4342574663423,BS09,8,-68.23516378170606,-93.00637632890269,-95.02614030088458,-93.00637632890269,-90.44295104738653,-71.56931067876631,3.326306766162615,1.2365951720264639,3.326306766162615,6.0221888687774,0.0018036283571467684
39.55942443140234,791.1884886280468,BS09,8,-68.2347150789817,-93.00592762617832,-95.02584630786151,-93.00592762617832,-90.44218366344177,-71.62124680555816,3.378597360882635,1.2893037779574503,3.378597360882635,6.072956060431295,0.001825287350076249
39.59713598948756,791.9427197897513,BS09,8,-68.23919830536296,-93.01041085255959,-95.0270432791574,-93.01041085255959,-90.45438556047372,-71.67224168915618,3.42501539017269,1.3205288749873767,3.42501539017269,6.127891714536218,0.0018468063942576234
39.63484754757279,792.6969509514558,BS09,8,-68.25183314236494,-93.02304568956157,-95.03533104257022,-93.02304568956157,-90.47593970356189,-71.72214115862486,3.4621873375173977,1.3630329926412583,3.4621873375173977,6.154014788320755,0.0018681082912839378
39.67255910565802,793.4511821131604,BS09,8,-68.26807902960752,-93.03929157680415,-95.04599853490704,-93.03929157680415,-90.50359512940456,-71.771190847116,3.4948989902200016,1.4022596362085944,3.4948989902200016,6.173265336108302,0.001889286415935301
39.710270663743245,794.2054132748649,BS09,8,-68.28789914116588,-93.0591116883625,-95.05902981869043,-93.0591116883625,-90.53724593973672,-71.8193991537643,3.5231955995940103,1.438233939400367,3.5231955995940103,6.185755949858245,0.0019103347424058012
39.747982221828465,794.9596444365693,BS09,8,-68.3112489433804,-93.08246149057703,-95.07440553728972,-93.08246149057703,-90.57676519600913,-71.86677424676904,3.5471298936287363,1.4709841939434758,3.5471298936287363,6.191620100770393,0.0019312472737698031
39.78569377991369,795.7138755982738,BS09,8,-68.33807652280605,-93.10928907000267,-95.09210300970811,-93.10928907000267,-90.6220064697943,-71.91332407168619,3.5667617573201875,1.5005417640190324,3.5667617573201875,6.191010594129489,0.00195201804465798
39.82340533799892,796.4681067599784,BS09,8,-68.36832296213073,-93.13953550932736,-95.1120963404385,-93.13953550932736,-90.67280558030544,-71.9590563593907,3.5821578647032606,1.5269409852632012,3.5821578647032606,6.184097836869191,0.001972641123941871
39.86111689608415,797.2223379216829,BS09,8,-68.40204880461697,-93.1732613518136,-95.13411461869919,-93.1732613518136,-90.73001121908851,-72.00397190691702,3.593258508646243,1.5497931867943138,3.593258508646243,6.170659269111363,0.001993107536441631
39.89882845416937,797.9765690833874,BS09,8,-68.43914793209613,-93.21036047929276,-95.15875636068938,-93.21036047929276,-90.79172149328406,-72.04807994122942,3.600179056379118,1.569849582931019,3.600179056379118,6.151335547007007,0.00201341221397897
39.936540012254596,798.7308002450919,BS09,8,-68.479447764438,-93.25066031163463,-95.18559676728933,-93.25066031163463,-90.85839894895427,-72.09139266298081,3.6031043040008366,1.5868686999585069,3.6031043040008366,6.126317550680078,0.00203355164698329
39.974251570339824,799.4850314067965,BS09,8,-68.52286551266553,-93.29407805986216,-95.21459825869275,-93.29407805986216,-90.92982728782033,-72.1339170000199,3.602123993494964,1.600895660239751,3.602123993494964,6.095827223833361,0.00205352006453916
40.01196312842505,800.239262568501,BS09,8,-68.5693138051688,-93.34052635236543,-95.24572078277669,-93.34052635236543,-91.00578261446591,-72.17565970137915,3.597332270456079,1.6119778547916213,3.597332270456079,6.060093980457798,0.0020733117433472527
40.04967468651028,800.9934937302055,BS09,8,-68.61870122438751,-93.38991377158413,-95.27892198940731,-93.38991377158413,-91.08603543081603,-72.21662734356548,3.588827153686224,1.6201647759843663,3.588827153686224,6.019352714536122,0.0020929210104292705
40.0873862445955,801.74772489191,BS09,8,-68.67093284739828,-93.4421453945949,-95.31415741027752,-93.4421453945949,-91.17035254677154,-72.25682633662016,3.5767100006555848,1.6255078444492443,3.5767100006555848,5.973841893464788,0.002112342245828249
40.12509780268073,802.5019560536145,BS09,8,-68.72551661463997,-93.4967291618366,-95.35212742373325,-93.4967291618366,-91.25547923189598,-72.29628387154372,3.5615000415518145,1.6284395682270487,3.5615000415518145,5.925781245266878,0.0021315801418011074
40.162809360765955,803.2561872153191,BS09,8,-68.78275410825341,-93.55396665545004,-95.39101793143558,-93.55396665545004,-91.34665606588771,-72.33498485040074,3.5428806646910833,1.6285177318590176,3.5428806646910833,5.872063937917072,0.002150618994867348
40.20052091885119,804.0104183770237,BS09,8,-68.84254525827737,-93.613757805474,-95.43180269094235,-93.613757805474,-91.44121821305022,-72.37293515809324,3.5209578488409923,1.6259119792749661,3.5209578488409923,5.814270494165638,0.00216945332417111
40.23823247693641,804.7646495387282,BS09,8,-68.90478679594305,-93.67599934313968,-95.4744308783573,-93.67599934313968,-91.53893461589799,-72.41014062586639,3.4958407174498776,1.6206794039320505,3.4958407174498776,5.752636855214966,0.0021880777571180077
40.27594403502164,805.5188807004328,BS09,8,-68.9693744593831,-93.74058700657973,-95.5188504618502,-93.74058700657973,-91.63957796859926,-72.44660694512109,3.467639246931723,1.6128781475830116,3.467639246931723,5.687395109536104,0.0022064869877125733
40.313655593106866,806.2731118621373,BS09,8,-69.03620345297972,-93.80741600017635,-95.56500838494087,-93.80741600017635,-91.74292580167392,-72.48233967233242,3.436463812224892,1.6025672224215188,3.436463812224892,5.618772411615106,0.0022246757791820173
40.35136715119209,807.0273430238418,BS09,8,-69.10500007908581,-93.87621262628244,-95.61498007633756,-93.87621262628244,-91.84355942425547,-72.51735341198084,3.402602717407493,1.5893111112901943,3.402602717407493,5.550619853795024,0.0022426436954466494
40.389078709277314,807.7815741855463,BS09,8,-69.17540149238411,-93.94661403958074,-95.6640127008368,-93.94661403958074,-91.95088052725627,-72.55166790782516,3.3664385406313295,1.5745839063840645,3.3664385406313295,5.476760926610233,0.0022603932581535284
40.42679026736254,808.5358053472509,BS09,8,-69.24774892531616,-94.01896147251279,-95.71462849894952,-94.01896147251279,-92.06031714744438,-72.5852644117015,3.327611376438506,1.5575196125238189,3.327611376438506,5.4001225892249725,0.0022779072149980294
40.46450182544777,809.2900365089554,BS09,8,-69.3219397462069,-94.09315229340352,-95.76677235708246,-94.09315229340352,-92.1716733399997,-72.61814803294077,3.2862289872992156,1.5381787565133256,3.2862289872992156,5.32090517685543,0.002295180647397748
40.502213383533,810.0442676706599,BS09,8,-69.397872581022,-94.16908512821863,-95.82038894690356,-94.16908512821863,-92.28476107253965,-72.65032376743422,3.242397764245793,1.5166219502868545,3.242397764245793,5.239301029094957,0.0023122087190662294
40.539924941618224,810.7984988323644,BS09,8,-69.47544760085349,-94.24666014805011,-95.87542287511845,-94.24666014805011,-92.39940051708605,-72.68179650169276,3.196222443435568,1.492909745563565,3.196222443435568,5.155494200912024,0.002328986678472678
40.577636499703445,811.552729994069,BS09,8,-69.55456677864466,-94.32577932584128,-95.93181882546827,-94.32577932584128,-92.51542023907103,-72.71257101677203,3.1478058533403996,1.467102496133137,3.1478058533403996,5.069660276522872,0.0023455098612659925
40.61534805778867,812.3069611557735,BS09,8,-69.635849790969,-94.40706233816563,-95.9784163724724,-94.40706233816563,-92.65706717055781,-72.74260849616707,3.096489623578948,1.4444846166974221,3.096489623578948,4.963260784067226,0.0023617500947678578
40.6530596158739,813.061192317478,BS09,8,-69.72000537132469,-94.49121791852131,-96.0391320526712,-94.49121791852131,-92.77798675618807,-72.77186209350985,3.0415183182194365,1.4129613624186992,3.0415183182194365,4.870935246900128,0.0023776743294731595
40.69077117395913,813.8154234791825,BS09,8,-69.80611472599176,-94.57732727318839,-96.1042340930248,-94.57732727318839,-92.89554483504314,-72.80036940666209,2.9838482731834395,1.3774298664758395,2.9838482731834395,4.780135104705964,0.002393295366028937
40.72848273204435,814.569654640887,BS09,8,-69.89209367457921,-94.66330622177584,-96.16684464506638,-94.66330622177584,-93.01734492421355,-72.82828875081518,2.9257216347891566,1.3425649951891376,2.9257216347891566,4.685732862621,0.0024086934460301433
40.766194290129576,815.3238858025916,BS09,8,-69.97887872997573,-94.75009127717236,-96.23942411904834,-94.75009127717236,-93.12200062420548,-72.85554663258691,2.8661285993109065,1.3008510465457104,2.8661285993109065,4.60405944394938,0.0024238220550674874
40.803905848214804,816.0781169642961,BS09,8,-70.0653204126055,-94.83653295980213,-96.30286623183754,-94.83653295980213,-93.24310241406917,-72.8822177944389,2.8062932339554507,1.263700182099169,2.8062932339554507,4.509327647085451,0.0024387167695388667
40.84161740630003,816.8323481260006,BS09,8,-70.15268181294408,-94.92389436014071,-96.3672923527232,-94.92389436014071,-93.36461442585225,-72.90822129954476,2.744871733774965,1.2248641429458258,2.744871733774965,4.413565755868867,0.0024533265265926463
40.87932896438525,817.5865792877051,BS09,8,-70.24088541737166,-95.01209796456828,-96.43265198818908,-95.01209796456828,-93.48643085002549,-72.93356120212522,2.681945683603011,1.1843976242004892,2.681945683603011,4.316883192790989,0.002467647435600617
40.91704052247048,818.3408104494097,BS09,8,-70.32985660532137,-95.101069152518,-96.49889561814591,-95.101069152518,-93.60845303178726,-72.95824148126954,2.617593699622332,1.1423542595448908,2.617593699622332,4.219382171064122,0.0024816757130578667
40.95475208055571,819.0950416111141,BS09,8,-70.41952366311683,-95.19073621031346,-96.5659747531697,-95.19073621031346,-93.73058917331042,-72.98226604381792,2.5518914184008628,1.0987865671226518,2.5518914184008628,4.121157994569939,0.0024954076845578365
40.992463638640935,819.8492727728186,BS09,8,-70.50981778259707,-95.2810303297937,-96.63384198421294,-95.2810303297937,-93.85275402696521,-73.00563872715692,2.484911501053982,1.0537459028661147,2.484911501053982,4.0222993667721765,0.0025088397867078843
41.03017519672616,820.6035039345231,BS09,8,-70.600807766558,-95.37202031375463,-96.69126900674885,-95.37202031375463,-93.99495578255492,-73.0283533368457,2.4165789905525417,1.0149132457775014,2.4165789905525417,3.90640777327544,0.002521962796811621
41.06788675481138,821.3577350962277,BS09,8,-70.69365915861736,-95.46487170581399,-96.76187973123633,-95.46487170581399,-94.11843078894054,-73.05032008858485,2.3456388109145134,0.9658020571380662,2.3456388109145134,3.8047956375037413,0.0025347188639051467
41.10559831289661,822.1119662579322,BS09,8,-70.7868908906549,-95.55810343785153,-96.83310876381314,-95.55810343785153,-94.24162787831773,-73.07164550315625,2.273678306926259,0.9153968286120222,2.273678306926259,3.7028666876010154,0.0025471640686203253
41.14330987098184,822.8661974196367,BS09,8,-70.88044685120416,-95.65165939840078,-96.90491357521313,-95.65165939840078,-94.36448890814486,-73.09233302587045,2.2007570491937765,0.8637436433220741,2.2007570491937765,3.6006821680277343,0.002559295246493476
41.181021429067066,823.6204285813412,BS09,8,-70.9742736993129,-95.74548624650953,-96.97725292154345,-95.74548624650953,-94.48696063336797,-73.11238604645354,2.1269317817042923,0.8108872304289644,2.1269317817042923,3.4982983877895037,0.0025711093523695257
41.218732987152286,824.3746597430458,BS09,8,-71.0683207930446,-95.83953334024123,-97.05008685144337,-95.83953334024123,-94.60899440546606,-73.1318079013271,2.0522564955977405,0.756870960495549,2.0522564955977405,3.3957670231170884,0.0025826034619914474
41.25644454523752,825.1288909047504,BS09,8,-71.16254011330875,-95.93375266050538,-97.12337670849536,-95.93375266050538,-94.73054588281774,-73.1506018758267,1.9767825075482373,0.7017368455280248,1.9767825075482373,3.2931354087844165,0.002593774773519869
41.29415610332275,825.8831220664549,BS09,8,-71.25688618401806,-96.02809873121468,-97.19708512929384,-96.02809873121468,-94.85157475308527,-73.16877120636588,1.900558541764469,0.6455255432960425,1.900558541764469,3.190446817374444,0.002604620608983955
41.331867661407976,826.6373532281594,BS09,8,-71.35146357113707,-96.1226761183337,-97.26858462038807,-96.1226761183337,-94.97660992704974,-73.18630564309652,1.823469828741358,0.5902507358439057,1.823469828741358,3.0838000278635036,0.0026151303441667127
41.3695792194932,827.391584389864,BS09,8,-71.44622163430122,-96.21743418149785,-97.34329086648897,-96.21743418149785,-95.09673857930187,-73.20320827541943,1.7455701094098728,0.5317379811718062,1.7455701094098728,2.9808069548703324,0.002625301425466645
41.407290777578424,828.1458155515685,BS09,8,-71.54097320110182,-96.31218574829845,-97.41830373245224,-96.31218574829845,-95.21623067154684,-73.2194954372282,1.667062865641809,0.4722689475832162,1.667062865641809,2.8778795856939268,0.0026351394737488864
41.44500233566365,828.900046713273,BS09,8,-71.63568246351558,-96.4068950107122,-97.49359104594517,-96.4068950107122,-95.3350602037742,-73.23517015840102,1.5879869448918285,0.41187885627779314,1.5879869448918285,2.7750467278709534,0.0026446423049805794
41.48271389374888,829.6542778749775,BS09,8,-71.73031572867582,-96.50152827587245,-97.56912187226928,-96.50152827587245,-95.45320397636495,-73.25023543004816,1.5083790401228616,0.3506016404383692,1.5083790401228616,2.672334363734994,0.002653807865127991
41.52042545183411,830.4085090366821,BS09,8,-71.82484133160894,-96.59605387880556,-97.6448664931774,-96.59605387880556,-95.57064138817225,-73.26469420635573,1.4282737789090274,0.2884699684458004,1.4282737789090274,2.569765853760263,0.002662634231167337
41.55813700991933,831.1627401983866,BS09,8,-71.91833839251268,-96.6895509397093,-97.73775211637296,-96.6895509397093,-95.65907381291665,-73.27864167617597,1.3486869912771398,0.2116313541488516,1.3486869912771398,2.492384517258882,0.0026711762113786723
41.595848568004556,831.9169713600911,BS09,8,-72.01091162064323,-96.78212416783985,-97.81222864867856,-96.78212416783985,-95.77366750026515,-73.29207416786497,1.2695103188864698,0.1494822715399804,1.2695103188864698,2.3918897538559687,0.002679428632510291
41.63356012608978,832.6712025217956,BS09,8,-72.10335757959214,-96.87457012678877,-97.88688267404027,-96.87457012678877,-95.88758395374346,-73.30491158025477,1.189867324646169,0.08652820467696798,1.189867324646169,2.291518824916634,0.0026873392199706627
41.67127168417501,833.4254336835002,BS09,8,-72.19564981683013,-96.96686236402675,-97.96168825519983,-96.96686236402675,-96.00080741959434,-73.31715693344592,1.109787486870007,0.022798020220520663,1.109787486870007,2.1912903879260064,0.002694906676652409
41.70898324226023,834.1796648452047,BS09,8,-72.28776352351738,-97.05897607071401,-98.03662052107842,-97.05897607071401,-96.11332407140095,-73.32881321897864,1.0292986110348645,-0.04168051855705357,1.0292986110348645,2.0912211545564157,0.0027021298399393786
41.74669480034546,834.9338960069092,BS09,8,-72.37967546076189,-97.15088800795851,-98.11165564172869,-97.15088800795851,-96.2251218686365,-73.33988340153259,0.9484269052203076,-0.1068807248973614,0.9484269052203076,1.9913260334911975,0.0027090076821479274
41.78440635843069,835.6881271686137,BS09,8,-72.47143336752583,-97.24264591472246,-98.17832755609481,-97.24264591472246,-96.34876867235934,-73.35036202410359,0.8671192001781781,-0.1653451551205132,0.8671192001781781,1.880271233995909,0.0027155340750243196
41.822117916515914,836.4423583303183,BS09,8,-72.56358603276551,-97.33479857996214,-98.25421804608949,-97.33479857996214,-96.4596643365647,-73.36018048776496,0.7847583061476107,-0.23263118872884733,0.7847583061476107,1.780032240846405,0.0027216635303404326
41.859829474601135,837.1965894920228,BS09,8,-72.65544902844968,-97.4266615756463,-98.33012550537906,-97.4266615756463,-96.56978417094733,-73.36941986016241,0.7021095097031255,-0.30054717042924817,0.7021095097031255,1.6800319349576676,0.0027274440716990736
41.89754103268636,837.9508206537273,BS09,8,-72.74700558702948,-97.5182181342261,-98.40603043026906,-97.5182181342261,-96.6791234814398,-73.37808292287781,0.6191923623024781,-0.369070939746548,0.6191923623024781,1.5802777212741148,0.0027328751708166586
41.93525259077159,838.7050518154318,BS09,8,-72.83824015121213,-97.60945269840876,-98.48191422674147,-97.60945269840876,-96.78767871064134,-73.38617243854122,0.5360251856005818,-0.4381812736057744,0.5360251856005818,1.4807758580709593,0.002737956435667976
41.97296414885682,839.4592829771364,BS09,8,-72.928952920937,-97.70016546813362,-98.57627340196895,-97.70016546813362,-96.86866319540056,-73.39371675425254,0.45283605767688423,-0.5248873060927903,0.45283605767688423,1.406241337287947,0.0027427037344893703
42.010675706942045,840.2135141388409,BS09,8,-73.01806845079581,-97.78928099799244,-98.65057235184017,-97.78928099799244,-96.9745350026545,-73.40087207888598,0.3708562113846892,-0.593601304410972,0.3708562113846892,1.3087352058322357,0.0027472138431207296
42.048387265027266,840.9677453005454,BS09,8,-73.10687520539243,-97.87808775258905,-98.72484168289495,-97.87808775258905,-97.07967523414655,-73.40746673457987,0.2886259818283605,-0.6628792605474625,0.2886259818283605,1.21143987830295,0.002751377102802675
42.08609882311249,841.7219764622499,BS09,8,-73.19536008548626,-97.96657263268288,-98.79906520749859,-97.96657263268288,-97.18408135193154,-73.41350362444034,0.2061613703167571,-0.7327022782662785,0.2061613703167571,1.1143607833185636,0.002755193756203893
42.12381038119772,842.4762076239545,BS09,8,-73.28351096119685,-98.05472350839348,-98.87322750653338,-98.05472350839348,-97.2877516773824,-73.41898564024928,0.12347739688891482,-0.8030522474135485,0.12347739688891482,1.0175024848659249,0.0027586641800538517
42.16152193928295,843.2304387856589,BS09,8,-73.37131662203402,-98.14252916923064,-98.94731390374035,-98.14252916923064,-97.39068532238028,-73.42391566388125,0.040588151703121245,-0.8739118167196177,0.040588151703121245,0.9208687522685122,0.002761788884612884
42.19923349736817,843.9846699473634,BS09,8,-73.46009485463787,-98.2313074018345,-98.99930423401247,-98.2313074018345,-97.52610004246199,-73.4280753404712,-0.04404189794756618,-0.9241726631266903,-0.04404189794756618,0.7926510205218524,0.002764428079700463
42.2369450554534,844.7389011090679,BS09,8,-73.54876198094946,-98.31997452814609,-99.07490745571113,-98.31997452814609,-97.62872099820231,-73.43163146296331,-0.12916273642669038,-0.9977662630315632,-0.12916273642669038,0.6948406660932521,0.00276668633112462
42.27465661353863,845.4931322707727,BS09,8,-73.63699756814002,-98.40821011533664,-99.15034662136144,-98.40821011533664,-97.7305485231783,-73.43463732933232,-0.2144007764082841,-1.0717822000728963,-0.2144007764082841,0.5973155402031062,0.0027685965869411852
42.31236817162386,846.2473634324772,BS09,8,-73.72453386102772,-98.49574640822435,-99.23011085815382,-98.49574640822435,-97.82495327585829,-73.4371441287866,-0.29943721215597946,-1.1506305480236547,-0.29943721215597946,0.506533524954558,0.0027701906869249744
42.35007972970908,847.0015945941817,BS09,8,-73.8115886067846,-98.58280115398122,-99.3048577463871,-98.58280115398122,-97.92499506197277,-73.4391162255726,-0.38452532544810203,-1.2251061889304098,-0.38452532544810203,0.40988364709769987,0.0027714454071342213
42.38779128779431,847.7558257558862,BS09,8,-73.89820650903238,-98.669419056229,-99.37941943681699,-98.669419056229,-98.02426806393777,-73.44054728017915,-0.46971613983075816,-1.2999740797991446,-0.46971613983075816,0.31350319379405334,0.0027723562513116058
42.425502845879535,848.5100569175906,BS09,8,-73.9843829808454,-98.75559552804202,-99.45378665707642,-98.75559552804202,-98.12277718718833,-73.44143993572071,-0.5550024311150425,-1.3752225390539035,-0.5550024311150425,0.21738993096902812,0.0027729245639654112
42.46321440396476,849.2642880792952,BS09,8,-74.07011398002406,-98.84132652722069,-99.52795067367549,-98.84132652722069,-98.22052763863509,-73.44179683510394,-0.6403775206060863,-1.4508404310616445,-0.6403775206060863,0.12154132806757559,0.002773151817867281
42.50092596204999,850.0185192409997,BS09,8,-74.15539597661756,-98.92660852381418,-99.60190326966904,-98.92660852381418,-98.31752489482164,-73.44162062224181,-0.7258352414065874,-1.5268171424276236,-0.7258352414065874,0.025954590853997487,0.00277303961288523
42.53863752013521,850.7727504027042,BS09,8,-74.2402259221107,-99.01143846930732,-99.67563672300291,-99.01143846930732,-98.41377467251647,-73.4409139432586,-0.8113699063931072,-1.6031425589735098,-0.8113699063931072,-0.0693733082324385,0.002772589674742296
42.57634907822044,851.5269815644087,BS09,8,-74.32460122020736,-99.09581376740398,-99.74914378554317,-99.09581376740398,-98.5092829015663,-73.43967944768512,-0.8969762777986351,-1.6798070434028094,-0.8969762777986351,-0.1644456019949965,0.00277180385370088
42.614060636305666,852.2812127261133,BS09,8,-74.40887720733674,-99.18008975453337,-99.81462882484578,-99.18008975453337,-98.61489336858165,-73.43783488775345,-0.9830917131839699,-1.7486395066124396,-0.9830917131839699,-0.2702388672996373,0.002770630108608774
42.651772194390894,853.0354438878178,BS09,8,-74.49279169139349,-99.26400423859012,-99.88818576975044,-99.26400423859012,-98.70924352445898,-73.4354388047503,-1.0693956434100786,-1.8265158076602088,-1.0693956434100786,-0.3652952312600301,0.0027691061540330545
42.689483752476114,853.7896750495223,BS09,8,-74.57623040898727,-99.3474429561839,-99.96148275733819,-99.3474429561839,-98.80285660562964,-73.43251989667897,-1.1557451890169879,-1.904694065162946,-1.1557451890169879,-0.46009458521071084,0.0027672508020787027
42.72719531056134,854.5439062112268,BS09,8,-74.65919284972315,-99.43040539691978,-100.03451461884268,-99.43040539691978,-98.89573978439894,-73.42908074067017,-1.242137272511265,-1.98316681584835,-1.242137272511265,-0.5546414600475871,0.0027650663545116952
42.76490686864657,855.2981373729314,BS09,8,-74.74146426890744,-99.51267681610406,-100.11986945751983,-99.51267681610406,-98.97145416193014,-73.42518123213371,-1.3282974226580615,-2.075577281741081,-1.3282974226580615,-0.6320356947192797,0.0027625915851973407
42.8026184267318,856.0523685346359,BS09,8,-74.82278814907399,-99.59400069627061,-100.19155933999272,-99.59400069627061,-99.06244121922832,-73.4208999836348,-1.4138907297941137,-2.1537474815929087,-1.4138907297941137,-0.7253432630556107,0.002759877093556425
42.84032998481702,856.8065996963404,BS09,8,-74.90365915121833,-99.67487169841496,-100.26299243646292,-99.67487169841496,-99.15274097528334,-73.41611148897371,-1.4995370182057863,-2.232207381473974,-1.4995370182057863,-0.818428913214963,0.0027568441376268093
42.878041542902245,857.5608308580449,BS09,8,-74.98407710451237,-99.75528965170899,-100.3341643932092,-99.75528965170899,-99.24235995556724,-73.41081852483816,-1.5852333526220528,-2.3109501551932907,-1.5852333526220528,-0.9112963222649382,0.002753495526201818
42.91575310098747,858.3150620197495,BS09,8,-75.06404209855093,-99.83525464574755,-100.40507117594346,-99.83525464574755,-99.33130474829444,-73.40502388212464,-1.6709770444618064,-2.38996928577052,-1.6709770444618064,-1.0039492142387998,0.0027498341770610213
42.9534646590727,859.069293181454,BS09,8,-75.14355446629621,-99.91476701349283,-100.4757090552528,-99.91476701349283,-99.4195819918847,-73.39873036709362,-1.7567656336143385,-2.469258549461806,-1.7567656336143385,-1.0963913467418773,0.0027458631149791402
42.99117621715793,859.8235243431585,BS09,8,-75.22261476795784,-99.99382731515446,-100.54607459259783,-99.99382731515446,-99.50719836344302,-73.39194080252265,-1.8425968711574554,-2.5488120003315324,-1.8425968711574554,-1.1886264985836674,0.0027415854696783296
43.02888777524315,860.577755504863,BS09,8,-75.3015113399418,-100.07272388713842,-100.60354134552423,-100.07272388713842,-99.61038248259065,-73.38456277335904,-1.9288512619325164,-2.614240622796367,-1.9288512619325164,-1.2979850874219074,0.0027369446069016993
43.06659933332838,861.3319866665676,BS09,8,-75.3802999814096,-100.15151252860623,-100.67410520584569,-100.15151252860623,-99.69710522140957,-73.37657157896453,-2.0156092463933066,-2.695159315767329,-2.0156092463933066,-1.3905404871860731,0.0027319268939947254
43.104310891413604,862.0862178282721,BS09,8,-75.45861899626277,-100.2298315434594,-100.7443680865607,-100.2298315434594,-99.78316969422895,-73.36808674017567,-2.1023899426429846,-2.776313202601161,-2.1023899426429846,-1.4828876120954044,0.0027266092603219195
43.14202244949883,862.8404489899766,BS09,8,-75.53647038310325,-100.30768293029988,-100.81432811064009,-100.30768293029988,-99.86858334300861,-73.35911098877241,-2.1891926327236884,-2.857698011475275,-2.1891926327236884,-1.5750310838951047,0.0027209951961107335
43.17973400758405,863.5946801516811,BS09,8,-75.61385627664953,-100.38506882384615,-100.88398361700537,-100.38506882384615,-99.95335357292873,-73.34964707780456,-2.276016713942855,-2.9393096687165916,-2.276016713942855,-1.6669754658225344,0.0027150882875418805
43.21744556566928,864.3489113133857,BS09,8,-75.69077893706564,-100.46199148426227,-100.95333314970333,-100.46199148426227,-100.0374877470306,-73.3396977827408,-2.3628616870432366,-3.0211442864902804,-2.3628616870432366,-1.7587252564438605,0.0027088922144432918
43.25515712375451,865.1031424750902,BS09,8,-75.76687993844997,-100.5380924856466,-101.03282106757747,-100.5380924856466,-100.10755830571102,-73.32940938087958,-2.449223253013909,-3.1156022195645257,-2.449223253013909,-1.835412456501536,0.002702499787918318
43.292868681839735,865.8573736367947,BS09,8,-75.84239448719052,-100.61360703438714,-101.10095939194491,-100.61360703438714,-100.19013325295506,-73.31870249813123,-2.535415784696895,-3.1971676868021484,-2.535415784696895,-1.9261939487156803,0.002695863323194417
43.33058023992496,866.6116047984993,BS09,8,-75.91746858698234,-100.68868113417896,-101.16880392058522,-100.68868113417896,-100.2721067187767,-73.30752459784084,-2.6216376893298237,-3.2789539882138112,-2.6216376893298237,-2.0168019350863564,0.002688952247572979
43.36829179801019,867.3658359602039,BS09,8,-75.99210441120456,-100.76331695840119,-101.2363535120567,-100.76331695840119,-100.35348535784257,-73.29587870595012,-2.707888132032435,-3.360957292809537,-2.707888132032435,-2.107239973687811,0.0026817706159331816
43.40600335609542,868.1200671219084,BS09,8,-76.06630423094992,-100.83751677814655,-101.3036071928997,-100.83751677814655,-100.43427578397137,-73.28376787749181,-2.7941663468941007,-3.4431739081919908,-2.7941663468941007,-2.197511555401105,0.0026743225627470875
43.443714914180646,868.8742982836129,BS09,8,-76.14007040709014,-100.91128295428676,-101.37056414918423,-100.91128295428676,-100.51448456644306,-73.27119519775545,-2.880471627862185,-3.5256002704665104,-2.880471627862185,-2.2876200994658853,0.0026666122995058577
43.48142647226587,869.6285294453174,BS09,8,-76.21340538280533,-100.98461793000196,-101.43722371842215,-100.98461793000196,-100.59411822667872,-73.25816378345485,-2.966803320092528,-3.608232934492402,-2.966803320092528,-2.3775689494117684,0.002658644112114145
43.519138030351094,870.382760607022,BS09,8,-76.28631167654966,-101.05752422374628,-101.50358538182803,-101.05752422374628,-100.67318323526102,-73.24467678389762,-3.0531608117340623,-3.6910685644582815,-3.0531608117340623,-2.467361369339366,0.0026504223582548047
43.55684958843632,871.1369917687265,BS09,8,-76.35879187543405,-101.13000442263068,-101.56964875691978,-101.13000442263068,-100.75168600927383,-73.23073738215528,-3.1395435261297604,-3.774103924773457,-3.1395435261297604,-2.5570005405306926,0.0026419514647252284
43.59456114652155,871.891222930431,BS09,8,-76.43084862900098,-101.2020611761976,-101.63541359044362,-101.2020611761976,-100.82963290993425,-73.21634879623404,-3.225950914408862,-3.8573358712590062,-3.225950914408862,-2.646489558362793,0.0026332359247474256
43.63227270460678,872.6454540921354,BS09,8,-76.50267195056334,-101.27388449775997,-101.69635012922797,-101.27388449775997,-100.91277723173519,-73.20141421430543,-3.312669558985191,-3.9350053932341917,-3.312669558985191,-2.742566588450401,0.0026242199884927058
43.669984262692,873.39968525384,BS09,8,-76.57408288231917,-101.3452954295158,-101.7617583372417,-101.3452954295158,-100.98975036437747,-73.18602791982998,-3.3994264794478917,-4.018930918741925,-3.3994264794478917,-2.832024289489532,0.002614963554071883
43.707695820777225,874.1539164155445,BS09,8,-76.64507292725085,-101.41628547444748,-101.82686199656658,-101.41628547444748,-101.06618175649801,-73.17019912735294,-3.4862040002835797,-4.1030418301291025,-3.4862040002835797,-2.921338579395823,0.0026054748938563748
43.74540737886245,874.908147577249,BS09,8,-76.7156451049554,-101.48685765215203,-101.89166146018893,-101.48685765215203,-101.14207769440354,-73.15393113578394,-3.5730018627937996,-4.187335504076026,-3.5730018627937996,-3.010512411563195,0.0025957587354868664
43.78311893694768,875.6623787389535,BS09,8,-76.78580246566764,-101.55701501286427,-101.95615717534658,-101.55701501286427,-101.21744439368997,-73.1372272845196,-3.6598197986642385,-4.2718093657041045,-3.6598197986642385,-3.0995486350711445,0.002585819860212501
43.8208304950329,876.416609900658,BS09,8,-76.85554808617357,-101.6267606333702,-102.02034967823768,-101.6267606333702,-101.29228799850328,-73.12009095462406,-3.7466575246852463,-4.35646088139019,-3.7466575246852463,-3.188449993289354,0.002575663100090332
43.85854205311813,877.1708410623626,BS09,8,-76.92461652631165,-101.69582907350828,-102.09177589254294,-101.69582907350828,-101.35726527416008,-73.10269607210617,-3.833076133360214,-4.451264201969197,-3.833076133360214,-3.2659057584164084,0.0025653937910614356
43.896253611203356,877.9250722240671,BS09,8,-76.99324498430408,-101.76445753150071,-102.15498157793789,-101.76445753150071,-101.4308952858322,-73.0849081627882,-3.919446960764488,-4.53574255785855,-3.919446960764488,-3.354107083114077,0.002554934685917113
43.933965169288584,878.6793033857716,BS09,8,-77.06147969969639,-101.83269224689302,-102.21789533575115,-101.83269224689302,-101.5040270569032,-73.0667041129281,-4.005839312951291,-4.620393371139873,-4.005839312951291,-3.4421831553094546,0.002544274930252128
43.971676727373804,879.4335345474761,BS09,8,-77.12932356149639,-101.90053610869302,-102.28051777615227,-101.90053610869302,-101.576666201478,-73.04808760343886,-4.092252419838788,-4.705213821554624,-4.092252419838788,-3.530135944937309,0.0025334195299199073
44.00938828545903,880.1877657091807,BS09,8,-77.19677947679892,-101.96799202399555,-102.34284958140951,-101.96799202399555,-101.64881826978028,-73.02906236301908,-4.178685481798239,-4.790201101745306,-4.178685481798239,-3.6179673211883077,0.0025223735256970524
44.04709984354426,880.9419968708852,BS09,8,-77.26385036774899,-102.03506291494561,-102.40489150176437,-102.03506291494561,-101.72048874776449,-73.00963216924171,-4.265137665515692,-4.875352411133981,-4.265137665515692,-3.70567905161327,0.0025111419904112276
44.08481140162949,881.6962280325897,BS09,8,-77.33097171816121,-102.10218426535783,-102.42192478668329,-102.10218426535783,-101.80761243329977,-72.98947243259691,-4.352368245633193,-4.914230729378991,-4.352368245633193,-3.8132162699149,0.0024995414740633
44.122522959714715,882.4504591942942,BS09,8,-77.39777082998509,-102.16898337718172,-102.43584695137345,-102.16898337718172,-101.87862869435176,-72.96885206769444,-4.4397363027642385,-4.914074249355283,-4.4397363027642385,-3.9014583852090063,0.0024877311988514435
44.160234517799935,883.2046903559988,BS09,8,-77.46418023264418,-102.23539277984081,-102.4601234531861,-102.23539277984081,-101.94916898502969,-72.94782705143393,-4.527118543185608,-4.9157564024373235,-4.527118543185608,-3.9895843062150003,0.0024757464725916694
44.19794607588516,883.9589215177033,BS09,8,-77.5302032751473,-102.30141582234393,-102.48566824132298,-102.26773514099904,-102.01923888553779,-72.92640114833121,-4.61451457399908,-4.93699416591971,-4.61451457399908,-4.077595916130067,0.0024635924820309773
44.23565763397039,884.7131526794078,BS09,8,-77.59584329639866,-102.36705584359528,-102.50899385936387,-102.30130578160517,-102.08884389812681,-72.90457817687064,-4.701923938322777,-4.959035956723542,-4.653444678970308,-4.165494979603146,0.002451274434657884
44.27336919205562,885.4673838411123,BS09,8,-77.66110362358633,-102.43231617078295,-102.52974879069704,-102.33220098358112,-102.14342366921296,-72.88236201058677,-4.789346112585674,-4.9817950159486575,-4.665911845030876,-4.25328314299369,0.002438797555836498
44.31108075014084,886.2216150028169,BS09,8,-77.72586937012453,-102.49708191732115,-102.54493446668897,-102.34689404813733,-102.14818220019501,-72.85986383264063,-4.876555310099008,-4.9915585105576765,-4.690605315785686,-4.335115837562164,0.0024262268580177554
44.348792308226066,886.9758461645214,BS09,8,-77.79024955579777,-102.5614621029944,-102.56734887035347,-102.37763095591347,-102.0950590131205,-72.83699806867838,-4.963745927641006,-4.997630173820424,-4.717219485047051,-4.42246429517162,0.0024135170034804932
44.3865038663113,887.730077326226,BS09,8,-77.85426343870897,-102.6254759859056,-102.59940815807006,-102.41638436568029,-102.04189187655044,-72.81375464263677,-5.050947287681257,-5.004565388169027,-4.737284771128115,-4.453533285228813,0.002400665300138969
44.42421542439653,888.4843084879305,BS10,9,-77.82002100482536,-102.59123355202199,-102.63260262439363,-102.45426447573074,-101.98868599465459,-72.8206449780603,-5.009831072860605,-5.01602623630697,-4.745250980055034,-4.406754538461516,0.0024044679533891523
44.46192698248176,889.2385396496351,BS10,9,-77.77312162958097,-102.5443341767776,-102.66690726805226,-102.47905625295853,-101.9354467620422,-72.83077719013451,-4.952823876494122,-5.041806038131381,-4.754156304919891,-4.347593753077329,0.0024100706579051937
44.49963854056698,889.9927708113396,BS10,9,-77.72626035294212,-102.49747290013875,-102.69755984585511,-102.49747290013875,-101.88217976858346,-72.84018521905294,-4.896577269468844,-5.068174187969007,-4.773112924311784,-4.289114867540673,0.002415284578111879
44.537350098652205,890.7470019730441,BS10,9,-77.68071054303883,-102.45192309023545,-102.72503731882792,-102.45192309023545,-101.81070021695741,-72.84890523013385,-4.842328530899972,-5.076232706787783,-4.773727288399871,-4.211639904519036,0.002420127247110217
44.57506165673743,891.5012331347486,BS10,9,-77.63559339346256,-102.40680594065918,-102.75548018707158,-102.40680594065918,-101.75906686246356,-72.85693423330522,-4.789201827290873,-5.098775367842733,-4.789201827290873,-4.1564522522719205,0.0024245947286298864
44.61277321482266,892.2554642964532,BS10,9,-77.59056366957505,-102.36177621677167,-102.78735173807458,-102.36177621677167,-101.70746290753245,-72.86426680980433,-4.7368573204111035,-5.12188469098073,-4.7368573204111035,-4.10198185211501,0.0024286818927977453
44.65048477290788,893.0096954581577,BS10,9,-77.54458981817038,-102.315802365367,-102.82393190808479,-102.315802365367,-101.67049295424121,-72.87085696805585,-4.684309328273158,-5.148400616793477,-4.684309328273158,-4.063430850056659,0.0024323610984939453
44.68819633099311,893.7639266198622,BS10,9,-77.49838012290047,-102.2695926700971,-102.8648413872013,-102.2695926700971,-101.61756287451946,-72.87672382693134,-4.6322470540667595,-5.162205776734178,-4.6322470540667595,-4.008846630257823,0.002435641172778924
44.725907889078336,894.5181577815667,BS10,9,-77.45225186854117,-102.2234644157378,-102.87005157364166,-102.2234644157378,-101.56465135162324,-72.88188153122728,-4.580973665172766,-5.176722710114322,-4.580973665172766,-3.9549874934809393,0.0024385284136234134
44.76361944716356,895.2723889432713,BS10,9,-77.40621181220907,-102.17742435940569,-102.8298642046781,-102.17742435940569,-101.51176561208645,-72.88633189834847,-4.530494099614861,-5.12805664468453,-4.530494099614861,-3.9018607789166686,0.0024410224366923253
44.801331005248784,896.0266201049758,BS10,9,-77.36026687948139,-102.13147942667801,-102.78980912521719,-102.13147942667801,-101.45891311645629,-72.89007674812568,-4.480813462304989,-5.080223036461151,-4.480813462304989,-3.8494740441867155,0.002443123053246543
44.83904256333401,896.7808512666802,BS10,9,-77.31442416626673,-102.08563671346336,-102.74989255647696,-102.08563671346336,-101.40610156399408,-72.89311790384824,-4.431937025881084,-5.033224448267117,-4.431937025881084,-3.797835070082972,0.0024448302700611213
44.87675412141924,897.5350824283847,BS10,9,-77.26869094057551,-102.03990348777214,-102.7101208361824,-102.03990348777214,-101.35333889732955,-72.89545719335608,-4.383870231384619,-4.987063580332475,-4.383870231384619,-3.7469518651841716,0.0024461442892186012
44.91446567950447,898.2893135900893,BS10,9,-77.22307464417575,-101.99428719137238,-102.67050041867901,-101.99428719137238,-101.30063330705123,-72.89709645018883,-4.336618688765859,-4.941743268070493,-4.336618688765859,-3.696832670334147,0.00244706550777631
44.95217723758969,899.0435447517938,BS10,9,-77.17758289412542,-101.94879544132205,-102.63103787493172,-101.94879544132205,-101.24799323621913,-72.8980375147919,-4.290188177208107,-4.897266479726608,-4.290188177208107,-3.647485962968478,0.002447594517307517
44.989888795674915,899.7977759134983,BS10,9,-77.13198319598365,-101.90319574318028,-102.58779038371758,-101.90319574318028,-101.20015582652273,-72.89825854193492,-4.24436799292187,-4.849345612147532,-4.24436799292187,-3.6032576609841334,0.0024477187819251967
45.02760035376014,900.5520070752028,BS10,9,-77.08630000027925,-101.85751254747588,-102.54823162628814,-101.85751254747588,-101.14718952032487,-72.89775944647418,-4.199182671102888,-4.806257207815541,-4.199182671102888,-3.5549697696595506,0.002447438192265262
45.06531191184537,901.3062382369073,BS10,9,-77.0407564514805,-101.81196899867713,-102.50884445287736,-101.81196899867713,-101.09430423631719,-72.8965621688831,-4.154833470035214,-4.764020199739712,-4.154833470035214,-3.5074754913365975,0.0024467652179419445
45.1030234699306,902.0604693986119,BS10,9,-76.99536079997226,-101.76657334716889,-102.4696358709557,-101.76657334716889,-101.04150930009499,-72.89466855700846,-4.111326798185401,-4.722638068578617,-4.111326798185401,-3.460784154807267,0.0024457012199152538
45.14073502801582,902.8147005603164,BS10,9,-76.95012148039471,-101.72133402759134,-102.43061300608434,-101.72133402759134,-100.98881431294487,-72.89208046775269,-4.068669240051629,-4.682114421248298,-4.068669240051629,-3.414905351684408,0.0024442477497623747
45.178446586101046,903.5689317220209,BS10,9,-76.90518148489193,-101.67639403208855,-102.40163393370594,-101.67639403208855,-100.92315158762794,-72.88881628455371,-4.026985452265629,-4.652456978701492,-4.026985452265629,-3.358774451169426,0.0024424158141145963
45.216158144186274,904.3231628837254,BS10,9,-76.86159764464344,-101.63281019184006,-102.36421297839075,-101.63281019184006,-100.87208443071785,-72.88501362861881,-3.987194984340059,-4.614508253336539,-3.987194984340059,-3.3159885326582086,0.002440283402161146
45.2538697022715,905.07739404543,BS10,9,-76.81822093021316,-101.58943347740978,-102.32701794849821,-101.58943347740978,-100.8211800503289,-72.88053776424421,-3.948283217519509,-4.577433892914596,-3.948283217519509,-3.2740620320888842,0.0024377758550922827
45.29158126035672,905.8316252071345,BS10,9,-76.77506068611245,-101.54627323330908,-102.29005646425523,-101.54627323330908,-100.77044960665621,-72.87539073526457,-3.9102574625096325,-4.54123788103787,-3.9102574625096325,-3.2330058929040644,0.002434895473702554
45.32929281844195,906.585856368839,BS10,9,-76.73212643039186,-101.50333897758848,-102.25333624803913,-101.50333897758848,-100.7199045424597,-72.86957461534617,-3.873125174518802,-4.505924289172472,-3.873125174518802,-3.192831310627045,0.0024316447410477923
45.36700437652718,907.3400875305435,BS10,9,-76.68942785358702,-101.46064040078365,-102.21686512243227,-101.46064040078365,-100.66955658477765,-72.86309150976204,-3.8368939504207034,-4.471497272300204,-3.8368939504207034,-3.1535497335175933,0.0024280263205640326
45.40471593461241,908.0943186922482,BS10,9,-76.64697481739181,-101.41818736458843,-102.18065100809015,-101.41818736458843,-100.61941774629487,-72.8559435572326,-3.8015715255780336,-4.437961064359004,-3.8015715255780336,-3.115172862794706,0.0024240430540668372
45.44242749269763,908.8485498539527,BS10,9,-76.60477735304148,-101.37598990023811,-102.14470192141366,-101.37598990023811,-100.56950032633463,-72.84813293183203,-3.767165770310059,-4.405319973462454,-3.767165770310059,-3.0777126523941924,0.002419697959632283
45.48013905078286,909.6027810156572,BS10,9,-76.56284565939526,-101.33405820659189,-102.10902597202171,-101.33405820659189,-100.51981691144984,-72.83966184496204,-3.7336846859915074,-4.3735783768936205,-3.7336846859915074,-3.041181308233852,0.0024149942293616652
45.51785060886809,910.3570121773618,BS10,9,-76.52024346996883,-101.29145601716546,-102.066170999506,-101.29145601716546,-100.47855213711723,-72.83037704792778,-3.700344894762055,-4.336372231002778,-3.700344894762055,-3.011289619834172,0.0024098491486011075
45.555562166953315,911.1112433390663,BS10,9,-76.47783630267209,-101.24904884986871,-102.03013626033837,-101.24904884986871,-100.42823701858084,-72.82041259450664,-3.6678781955170887,-4.305821511804141,-3.6678781955170887,-2.9755458576256646,0.0024043396071927237
45.59327372503854,911.8654745007708,BS10,9,-76.43570845378713,-101.20692100098375,-101.99438660763742,-101.20692100098375,-100.37817033434237,-72.80978244692376,-3.636354966909146,-4.276181550733542,-3.636354966909146,-2.94075640977229,0.0023984758429813975
45.63098528312376,912.6197056624753,BS10,9,-76.39387073069835,-101.16508327789498,-101.95893053825277,-101.16508327789498,-100.32836560525737,-72.79848882979383,-3.605783808587482,-4.247457125257893,-3.605783808587482,-2.906934440041637,0.002392261727088434
45.66869684120899,913.3739368241799,BS10,9,-76.3523341078171,-101.12354665501373,-101.9237766369324,-101.12354665501373,-100.27883665186295,-72.78653400735985,-3.5761734483083685,-4.21965307011674,-3.5761734483083685,-2.8740933791846324,0.0023857012930688865
45.70640839929422,914.1281679858844,BS10,9,-76.31110972325044,-101.08232227044707,-101.88893357283226,-101.08232227044707,-100.22959759317051,-72.77392028592499,-3.547532736159493,-4.192774271072295,-3.547532736159493,-2.8422469219093585,0.0023787987340762526
45.744119957379446,914.8823991475889,BS10,9,-76.2702088750879,-101.04142142228453,-101.85441009579185,-101.04142142228453,-100.18066284488584,-72.76065001636178,-3.519870638324656,-4.166825658393529,-3.519870638324656,-2.8114090231745807,0.002371558399926687
45.78183151546467,915.6366303092934,BS10,9,-76.22964301729654,-101.00085556449316,-101.82021503237577,-101.00085556449316,-100.13204711702642,-72.7467255967008,-3.4931962303769453,-4.141812200071823,-3.4931962303769453,-2.7815938937699514,0.0023639847940652367
45.819543073549895,916.390861470998,BS10,9,-76.18942375520956,-100.96063630240619,-101.78635728167461,-100.96063630240619,-100.08376541090178,-72.73214947480157,-3.4675186900826045,-4.1177388947607145,-3.4675186900826045,-2.752815995143249,0.0023560825704370828
45.85725463163512,917.1450926327025,BS10,9,-76.14958128005787,-100.9207938272545,-101.75296742499462,-100.9207938272545,-100.03570318442222,-72.7169278728614,-3.442862016147938,-4.094695015643259,-3.442862016147938,-2.7250211587180733,0.002347858537574897
45.89496618972035,917.899323794407,BS10,9,-76.11010961682902,-100.88132216402565,-101.71982793385465,-100.88132216402565,-99.9881571073753,-72.70105989546988,-3.419221142363769,-4.072527711035266,-3.419221142363769,-2.698382055997451,0.002339315764135296
45.93267774780557,918.6535549561115,BS10,9,-76.07102053177849,-100.84223307897511,-101.68705305660386,-100.84223307897511,-99.94099221211519,-72.68454810878882,-3.3966052908754962,-4.051315683658946,-3.3966052908754962,-2.6728252279167135,0.002330459307696763
45.9703893058908,919.407786117816,BS10,9,-76.032326181079,-100.80353872827563,-101.6546519336535,-100.80353872827563,-99.89422462262444,-72.66739519214995,-3.3750239612946675,-4.031063973634479,-3.3750239612946675,-2.6483660677213563,0.0023212943908492104
46.008100863976026,920.1620172795206,BS10,9,-75.99403884293089,-100.76525139012752,-101.62263375304997,-100.76525139012752,-99.84787072796723,-72.64960388954763,-3.354486711179379,-4.011777611870682,-3.354486711179379,-2.625020180234117,0.0023118263696890995
46.04581242206125,920.916248441225,BS10,9,-75.9561709103887,-100.72738345758533,-101.5910077447914,-100.72738345758533,-99.80194717475639,-72.63117701286367,-3.335003145620174,-3.9934616112793266,-3.335003145620174,-2.6028033713655887,0.0023020607301829643
46.08352398014648,921.6704796029295,BS10,9,-75.91873488371294,-100.68994743090957,-101.55978317489135,-100.68994743090957,-99.75647085876108,-72.61211744519508,-3.316582906247729,-3.9761209576920553,-3.316582906247729,-2.5817316366111647,0.0022920030844577484
46.1212355382317,922.424710764634,BS10,9,-75.88174336224928,-100.65295590944591,-101.52896933919938,-100.65295590944591,-99.71145891563529,-72.59242814428843,-3.299235659661143,-3.959760600487149,-3.299235659661143,-2.5618211485087037,0.0022816591670215412
46.15894709631693,923.1789419263386,BS10,9,-75.84514032878745,-100.61635287598408,-101.49752408183458,-100.61635287598408,-99.66830352516556,-72.5720960090697,-3.282918478592615,-3.943850998935166,-3.282918478592615,-2.5436246488285557,0.0022710264116478714
46.19665865440216,923.9331730880431,BS10,9,-75.80886618967399,-100.58007873687062,-101.46737928408028,-100.58007873687062,-99.62402975095709,-72.55110599350742,-3.267586800910935,-3.929355780572404,-3.267586800910935,-2.525867331234507,0.0022601014757924155
46.234370212487384,924.6874042497476,BS10,9,-75.77307172475774,-100.54428427195437,-101.43767111601612,-100.54428427195437,-99.58026836504523,-72.52949306955385,-3.253356533618221,-3.915855484949685,-3.253356533618221,-2.509318625449527,0.002248907118427341
46.272081770572605,925.4416354114521,BS10,9,-75.73789982683972,-100.50911237403635,-101.428222651686,-100.50911237403635,-99.50789130700942,-72.50729331604502,-3.24033459112351,-3.9112944152704157,-3.24033459112351,-2.4851916106785166,0.002237466406844612
46.30979332865783,926.1958665731566,BS10,9,-75.70374638855182,-100.47495893574845,-101.38194903519444,-100.47495893574845,-99.49276903286341,-72.4846084310517,-3.2288154131961475,-3.892997838064418,-3.2288154131961475,-2.4798045692038624,0.002225835668166624
46.34750488674306,926.9500977348612,BS10,9,-75.66985395426956,-100.44106650146618,-101.35393457599942,-100.44106650146618,-99.45110651686933,-72.46124875356844,-3.2182308008677407,-3.882703209177854,-3.2182308008677407,-2.467378753580292,0.0022139219970157965
46.38521644482829,927.7043288965657,BS10,9,-75.63649852728489,-100.40771107448151,-101.32639772236473,-100.40771107448151,-99.410037619428,-72.43728446820258,-3.2087867499776546,-3.8734214482212033,-3.2087867499776546,-2.4562324808371034,0.0022017660848274406
46.42292800291351,928.4585600582702,BS10,9,-75.60369311701835,-100.37490566421498,-101.299347727486,-100.37490566421498,-99.36958092252543,-72.41271930669554,-3.200492566822211,-3.865156781207249,-3.200492566822211,-2.4463826784794964,0.002189374497681817
46.46063956099874,929.2127912199749,BS10,9,-75.57145073406402,-100.34266328126064,-101.27279380630999,-100.34266328126064,-99.3297551160929,-72.38755711283402,-3.1933574471976334,-3.8579132980295077,-3.1933574471976334,-2.4378462793978564,0.0021767538872035455
46.49835111908397,929.9670223816794,BS10,9,-75.54003795923958,-100.31125050643621,-101.24801139372283,-100.31125050643621,-99.28929947074661,-72.36187152891817,-3.1875745097496244,-3.8520842287125108,-3.1875745097496244,-2.4305936287980536,0.002163945630996802
46.5360626771692,930.7212535433839,BS10,9,-75.50923771766145,-100.28045026485808,-101.22271000506376,-100.28045026485808,-99.25112318655317,-72.3356058312602,-3.182983299446007,-3.847028080709843,-3.182983299446007,-2.425017953550033,0.0021509258640582036
46.573774235254426,931.4754847050884,BS10,9,-75.47904289870395,-100.25025544590058,-101.19793427922346,-100.25025544590058,-99.21363982371665,-72.30875889855686,-3.179577845165651,-3.8430036892873995,-3.179577845165651,-2.420807950741159,0.0021376987601559724
46.61148579333965,932.229715866793,BS10,9,-75.44946630858217,-100.2206788557788,-101.17369312979433,-100.2206788557788,-99.17686821957,-72.28133514213562,-3.1773665720442015,-3.840014362980445,-3.1773665720442015,-2.41798014172493,0.0021242712611143385
46.649197351424874,932.9839470284975,BS10,9,-75.42052068057868,-100.1917332277753,-101.14999538524484,-100.1917332277753,-99.14082720344544,-72.25333911196839,-3.1763576939150107,-3.8380632076228873,-3.1763576939150107,-2.416550904909795,0.0021106503721355766
46.6869089095101,933.738178190202,BS10,9,-75.39221866014282,-100.16343120733944,-101.12684977976274,-100.16343120733944,-99.10553557231759,-72.2247755020528,-3.1765591930080377,-3.8371531133085774,-3.1765591930080377,-2.416536444691534,0.0020968431573896253
46.72462046759533,934.4924093519065,BS10,9,-75.36457278967805,-100.13578533687468,-101.10426494399843,-100.13578533687468,-99.07101206557098,-72.19564915594152,-3.177978799188392,-3.837286741210615,-3.177978799188392,-2.417952759212877,0.0020828567355906887
46.76233202568055,935.246640513611,BS10,9,-75.33759549303889,-100.10880804023552,-101.08224939571916,-100.10880804023552,-99.03727533892622,-72.16596507242073,-3.1806239687555813,-3.8384665102719215,-3.1806239687555813,-2.4208156069748026,0.0020686982755640025
46.80004358376578,936.0008716753156,BS10,9,-75.31121522997265,-100.08242777716927,-101.06047970283873,-100.08242777716927,-99.00464414895156,-72.1357021705112,-3.1844442199562684,-3.840677348614158,-3.1844442199562684,-2.425012677330608,0.002054362604453508
46.837755141851005,936.7551028370201,BS10,9,-75.28552478355904,-100.05673733075567,-101.03955586371413,-100.05673733075567,-98.97242988280328,-72.10489015993716,-3.1895027086310073,-3.843917086421843,-3.1895027086310073,-2.4307276951368944,0.0020398686687723034
46.87546669993623,937.5093339987246,BS10,9,-75.26053841644385,-100.03175096364048,-101.01922552906487,-100.03175096364048,-98.9410561209314,-72.07353521269154,-3.195807558652003,-3.8482090553862216,-3.195807558652003,-2.4379345811965063,0.0020252240951738323
46.91317825802145,938.2635651604292,BS10,9,-75.23626795135807,-100.0074804985547,-100.99949669476769,-100.0074804985547,-98.9105409519872,-72.04164298387957,-3.203364969564663,-3.8535546112276333,-3.203364969564663,-2.4466478573622505,0.0020104362120333527
46.95088981610668,939.0177963221337,BS10,9,-75.21272501346519,-99.98393756066181,-100.98037719737017,-99.98393756066181,-98.88090224302266,-72.00921931400022,-3.212180758073697,-3.859954800812965,-3.212180758073697,-2.456881627422247,0.001995512375783524
46.98860137419191,939.7720274838382,BS10,9,-75.18992101385012,-99.96113356104675,-100.96187470462625,-99.96113356104675,-98.85215760962288,-71.97627023553112,-3.222260334927698,-3.867410348534732,-3.222260334927698,-2.4686495378871633,0.0019804599664890953
47.026312932277136,940.5262586455427,BS10,9,-75.16803221561504,-99.93924476281167,-100.94487214804016,-99.93924476281167,-98.82337676613186,-71.94285890539342,-3.2337169504070378,-3.87563608244071,-3.2337169504070378,-2.482685885635045,0.00196531209323066
47.064024490362364,941.2804898072472,BS10,9,-75.14704778475335,-99.91826033194998,-100.92787816105464,-99.91826033194998,-98.79685568506048,-71.90898688738353,-3.246538226885635,-3.8853312820131385,-3.246538226885635,-2.497863071214711,0.0019500733885148584
47.101736048447584,942.0347209689518,BS10,9,-75.12683768063714,-99.89805022783376,-100.9115246901026,-99.89805022783376,-98.77128408144459,-71.87461321264409,-3.2606350303790492,-3.8960799464768727,-3.2606350303790492,-2.514611506906694,0.00193472955063251
47.13944760653281,942.7889521306563,BS10,9,-75.10741215639199,-99.87862470358861,-100.89581853907846,-99.87862470358861,-98.74667806235007,-71.83974484110205,-3.27601068637692,-3.9078812222012442,-3.27601068637692,-2.5329422729158635,0.0019192879957452026
47.17715916461804,943.5431832923608,BS10,9,-75.08878116386794,-99.85999371106456,-100.88076629430854,-99.85999371106456,-98.72305332006542,-71.80438896107272,-3.2926679907084,-3.9207338632633957,-3.2926679907084,-2.552865772780663,0.001903756141234993
47.21487072270327,944.2974144540653,BS10,9,-75.07095433775568,-99.8421668849523,-100.86637431582191,-99.8421668849523,-98.70042510156847,-71.76855299657706,-3.3106091863222566,-3.9346362186492585,-3.3106091863222566,-2.574391691156632,0.0018881414013862988
47.25258228078849,945.0516456157698,BS10,9,-75.05394097997711,-99.82515352717374,-100.85264872882514,-99.82515352717374,-98.67880817826547,-71.73224461476836,-3.3298359402321,-3.9495862196855995,-3.3298359402321,-2.5975289514683295,0.001872451183096013
47.290293838873716,945.8058767774743,BS10,9,-75.03775004437907,-99.80896259157569,-100.83959541538447,-99.80896259157569,-98.6582168160935,-71.6954717334535,-3.3503493206702313,-3.9655813677217635,-3.3503493206702313,-2.622285673523328,0.0018566928816116065
47.32800539695894,946.5601079391788,BS10,9,-75.02181094219193,-99.79302348938856,-100.8254075880769,-99.79302348938856,-98.6400545509834,-71.65801583399366,-3.3717968723216325,-3.9841361700363236,-3.3717968723216325,-2.645441408647015,0.0018407779650412195
47.36571695504417,947.3143391008833,BS10,9,-75.0064935566172,-99.77770610381383,-100.8130709693301,-99.77770610381383,-98.62054755692789,-71.62001806850485,-3.3944076113246417,-4.001914314092342,-3.3944076113246417,-2.6727118233921283,0.0018247719419758539
47.40342851312939,948.0685702625879,BS10,9,-74.9920186259296,-99.76323117312623,-100.80141994427944,-99.76323117312623,-98.60209768619359,-71.58156874886045,-3.4183121481441487,-4.0207344115452255,-3.4183121481441487,-2.701627560532576,0.00180871711358032
47.44114007121462,948.8228014242924,BS10,9,-74.97839397568805,-99.74960652288468,-100.79045961670668,-99.74960652288468,-98.58471753330024,-71.54267662561989,-3.443509589769096,-4.0405925431958725,-3.443509589769096,-2.7321941356050163,0.001792620830145411
47.47885162929985,949.5770325859969,BS10,9,-74.96562702270523,-99.73683956990186,-100.780194814508,-99.73683956990186,-98.5684190673909,-71.50335073670325,-3.4699983469437825,-4.06148430696796,-3.4699983469437825,-2.7644160808760767,0.0017764904107750827
47.51656318738508,950.3312637477015,BS10,9,-74.9537247619955,-99.72493730919213,-100.77063008277483,-99.72493730919213,-98.55321360582795,-71.46360041556191,-3.497776112927569,-4.083404807165626,-3.497776112927569,-2.79829690388767,0.0017603331393333133
47.55427474547031,951.0854949094061,BS10,9,-74.9426937543439,-99.71390630154053,-100.7617696772328,-99.71390630154053,-98.53911178889798,-71.42343529937123,-3.526839842853678,-4.106348644195898,-3.526839842853678,-2.8338390467059043,0.0017441562604324635
47.59198630355553,951.8397260711106,BS10,9,-74.93063676568455,-99.70184931288118,-100.70234711172031,-99.70184931288118,-98.52745545991894,-71.38204080296876,-3.5561054945192314,-4.069735213262214,-3.5561054945192314,-2.860273576395454,0.0017276395083814843
47.62969786164076,952.5939572328151,BS10,9,-74.91939576600002,-99.69060831319665,-100.64812647509076,-99.69060831319665,-98.5130770590449,-71.34019449571896,-3.5866388533385503,-4.031216069099992,-3.5866388533385503,-2.897381700348253,0.0017111011818768944
47.667409419725985,953.3481883945196,BS10,9,-74.90903560542715,-99.68024815262378,-100.59403274596615,-99.68024815262378,-98.49981696596758,-71.29793129676747,-3.618469925245714,-3.992858978663504,-3.618469925245714,-2.9361787961547634,0.001694558506852214
47.70512097781121,954.1024195562242,BS10,9,-74.89956208168469,-99.67077462888132,-100.54007736371416,-99.67077462888132,-98.4876846332254,-71.2552614942167,-3.6515942510292767,-3.9546739555710224,-3.6515942510292767,-2.976665494802835,0.0016780186487155631
47.74283253589643,954.8566507179287,BS10,9,-74.89641923789891,-99.66763178509554,-100.5423255850465,-99.66763178509554,-98.47740226708363,-71.2147893042263,-3.6888559990808414,-3.9558663976804436,-3.6888559990808414,-3.069781179373077,0.0016624795962735838
47.78054409398166,955.6108818796332,BS11,10,-74.8517419635001,-99.62295451069673,-100.49439298203568,-99.62295451069673,-98.47776814261168,-71.19447715295766,-3.6644571861284763,-3.9196943475011667,-3.6644571861284763,-3.1202587523891165,0.0016547350944663042
47.81825565206689,956.3651130413377,BS11,10,-74.79450462313672,-99.56571717033334,-100.44674740399105,-99.56571717033334,-98.47930070472717,-71.17969912468308,-3.6219734618070616,-3.8837934356885415,-3.6219734618070616,-3.1722576507396503,0.001649123255873898
47.855967210152116,957.1193442030423,BS11,10,-74.7375137074434,-99.50872625464002,-100.39940237879173,-99.50872625464002,-98.48199883111302,-71.16498408855183,-3.579673356334055,-3.848177261237331,-3.579673356334055,-3.225761672523333,0.0016435542173796375
47.893678768237336,957.8735753647468,BS11,10,-74.68078645212502,-99.45199899932165,-100.35237169580222,-99.45199899932165,-98.48586054793252,-71.15032803447879,-3.537578107601675,-3.812859843474552,-3.537578107601675,-3.280753201345609,0.0016380261641420306
47.931390326322564,958.6278065264513,BS11,10,-74.62215638027635,-99.39336892747298,-100.28433389620373,-99.39336892747298,-98.46922617193478,-71.13413649711399,-3.495113100254377,-3.7629573879114866,-3.495113100254377,-3.2878522706133535,0.0016319405282802454
47.96910188440779,959.3820376881558,BS11,10,-74.56336975628089,-99.33458230347752,-100.23560061877261,-99.33458230347752,-98.39779877836934,-71.11769048190413,-3.4527457032205815,-3.7275613539614203,-3.4527457032205815,-3.235457800585914,0.0016257823533679717
48.00681344249302,960.1362688498604,BS11,10,-74.50483817911842,-99.27605072631505,-100.18718107209986,-99.27605072631505,-98.32649184189657,-71.10127428559596,-3.4106036835009395,-3.6924821674966113,-3.4106036835009395,-3.18308411199362,0.0016196584814242635
48.04452500057825,960.8905000115649,BS11,10,-74.44658014673381,-99.21779269393043,-100.13908999173827,-99.21779269393043,-98.25532712569577,-71.08488307793638,-3.3687103605728175,-3.657735169836831,-3.3687103605728175,-3.130765130919471,0.0016135669083430428
48.08223655866347,961.6447311732694,BS11,10,-74.3886146751801,-99.15982722237672,-100.09134239570774,-99.15982722237672,-98.18432727850377,-71.06851174153343,-3.327089858822711,-3.623336104212059,-3.327089858822711,-3.0785363553403493,0.001607505552264019
48.119948116748695,962.3989623349739,BS11,10,-74.33096130020236,-99.10217384739899,-100.0439535803177,-99.10217384739899,-98.11351585341183,-71.0521548966031,-3.2857670844299207,-3.589301096547495,-3.2857670844299207,-3.026434835697813,0.0016014722643172216
48.15765967483392,963.1531934966785,BS11,10,-74.27364007780204,-99.04485262499867,-99.99693911528563,-99.04485262499867,-98.04291732571228,-71.03580692736975,-3.2447676995789525,-3.5556466348138334,-3.2447676995789525,-2.974499150954206,0.0015954648397671339
48.19537123291915,963.907424658383,BS11,10,-74.21643840622016,-98.98765095341679,-99.93724568483272,-98.98765095341679,-97.99168664207869,-71.01929936633135,-3.2040473017133135,-3.5132555403213526,-3.2040473017133135,-2.9368193947760974,0.001589421599023387
48.23308279100437,964.6616558200875,BS11,10,-74.15796312453448,-98.9291756717311,-99.88936449820328,-98.9291756717311,-97.91955364796831,-71.00165141434428,-3.163191978803242,-3.4799004963065845,-3.163191978803242,-2.8847879171301862,0.0015829861480359851
48.2707943490896,965.415886981792,BS11,10,-74.09983805083209,-98.87105059802872,-99.84187571088222,-98.87105059802872,-97.847646442093,-70.98398373834819,-3.1227066701319606,-3.44695925210537,-3.1227066701319606,-2.8329829120022785,0.001576569563660944
48.308505907174826,966.1701181434966,BS11,10,-74.04544690995726,-98.81665945715389,-99.80207657363529,-98.81665945715389,-97.77323077570179,-70.96842490309747,-3.0838498787395725,-3.4185610016743433,-3.0838498787395725,-2.778037503673936,0.001570940380080221
48.346217465260054,966.9243493052011,BS11,10,-73.98875848406333,-98.75997103125995,-99.75600539521871,-98.75997103125995,-97.70260164662237,-70.9511400697693,-3.044419186610085,-3.3866892004957143,-3.044419186610085,-2.727066247488167,0.0015647102580158669
48.383929023345274,967.6785804669056,BS11,10,-73.93250245512924,-98.70371500232586,-99.71038722629093,-98.70371500232586,-97.63230568562953,-70.93381999408618,-3.0054561863435243,-3.3552911265109744,-3.0054561863435243,-2.6764767748335765,0.001558492177871229
48.4216405814305,968.4328116286101,BS11,10,-73.87670231043265,-98.64791485762927,-99.66523945065533,-98.64791485762927,-97.56237348884497,-70.91645815877715,-2.9669908726010634,-3.324385263092981,-2.9669908726010634,-2.626316656736178,0.0015522838667456514
48.45935213951573,969.1870427903145,BS11,10,-73.82138205396079,-98.59259460115742,-99.62057968450094,-98.59259460115742,-97.49283670419027,-70.89904803665648,-2.929053766812336,-3.2939902816313937,-2.929053766812336,-2.5766347546936896,0.0015460830847960625
48.49706369760096,969.9412739520191,BS11,10,-73.76506995160625,-98.53628249880288,-99.56292101946248,-98.53628249880288,-97.44108142317437,-70.88059651201408,-2.891164721932473,-3.2555279535731567,-2.891164721932473,-2.540334700182618,0.0015395383900212267
48.53477525568619,970.6955051137238,BS11,10,-73.70873388808648,-98.47994643528311,-99.51753113365555,-98.47994643528311,-97.37012143662146,-70.8617357132404,-2.8536604831264234,-3.2256487593705327,-2.8536604831264234,-2.4909130120366956,0.001532877115011832
48.57248681377141,971.4497362754283,BS11,10,-73.65290581131184,-98.42411835850847,-99.47265349978764,-98.42411835850847,-97.29958508714508,-70.84279554419447,-2.8167436055657875,-3.196320183179437,-2.8167436055657875,-2.4420530798007705,0.0015262167676175864
48.61019837185664,972.2039674371329,BS11,10,-73.59761160402395,-98.36882415122058,-99.42830677493683,-98.36882415122058,-97.22950728157214,-70.82376948066877,-2.780446487323242,-3.1675617058966186,-2.780446487323242,-2.3938077743405706,0.0015195553070802032
48.64790992994187,972.9581985988374,BS11,10,-73.53549371328094,-98.30670626047757,-99.33101343208448,-98.30670626047757,-97.22543184393193,-70.79984569152711,-2.7422161319957388,-3.108020633262218,-2.7422161319957388,-2.39245361935822,0.0015112202281845181
48.685621488027095,973.7124297605419,BS11,10,-73.47366951032062,-98.24488205751724,-99.2811828879306,-98.24488205751724,-97.14777600445079,-70.77570126740848,-2.7044999666972918,-3.0783512838470877,-2.7044999666972918,-2.3422701881722783,0.0015028545632927842
48.723333046112316,974.4666609222463,BS11,10,-73.4122759655788,-98.18348851277543,-99.23182374336773,-98.18348851277543,-97.07040393498741,-70.75140100725815,-2.667370264176215,-3.049247616683568,-2.667370264176215,-2.2925982624448857,0.0014944815922539475
48.761044604197544,975.2208920839508,BS11,10,-73.3519456857662,-98.12315823296282,-99.19785897446809,-98.12315823296282,-96.97122823556775,-70.7273261881693,-2.631078923470882,-3.029345960476653,-2.631078923470882,-2.229159234616654,0.0014862322340178857
48.79875616228277,975.9751232456554,BS11,10,-73.29384185537671,-98.06505440257334,-99.15151736983135,-98.06505440257334,-96.89715695599571,-70.70418561704327,-2.596081363273117,-3.002076732071215,-2.596081363273117,-2.181734074505318,0.0014783458592541206
48.836467720368,976.7293544073599,BS11,10,-73.2363104503529,-98.00752299754953,-99.10574513468805,-98.00752299754953,-96.823569176501,-70.68088389991334,-2.5618173194951925,-2.975456588536241,-2.5618173194951925,-2.1350740148519143,0.0014704467881726242
48.87417927845322,977.4835855690644,BS11,10,-73.17938102327498,-97.95059357047161,-99.06056313374563,-97.95059357047161,-96.75050563094136,-70.65741453193576,-2.528322842881614,-2.94950664998182,-2.528322842881614,-2.089239301951755,0.0014625334847011993
48.91189083653845,978.2378167307689,BS11,10,-73.1244219962911,-97.89563454348773,-99.03868307981251,-97.89563454348773,-96.64423831277608,-70.6346036371545,-2.496141436315427,-2.9370155537326084,-2.496141436315427,-2.0229192356012615,0.0014548829555418672
48.949602394623675,978.9920478924735,BS11,10,-73.07299222436076,-97.84420477155739,-98.99824389701509,-97.84420477155739,-96.57729896441296,-70.61337727630975,-2.4659072185955075,-2.91359564485727,-2.4659072185955075,-1.9811812586688946,0.0014477997609219503
48.9873139527089,979.746279054178,BS11,10,-73.02234957953365,-97.79356212673028,-98.95851481870162,-97.79356212673028,-96.51116992840612,-70.59199696341753,-2.4366140082083416,-2.8909358711750066,-2.4366140082083416,-1.9405938799966298,0.001440700003185552
49.02502551079413,980.5005102158825,BS11,10,-72.97252527592075,-97.74373782311737,-98.91951656454559,-97.74373782311737,-96.44589849570802,-70.57045923576302,-2.4082964795495156,-2.8690554325069946,-2.4082964795495156,-1.9012196912296122,0.0014335831232112303
49.06273706887935,981.254741377587,BS11,10,-72.92560051741611,-97.69681306461274,-98.89488494533859,-97.69681306461274,-96.36388953135855,-70.55000593072036,-2.381795773413378,-2.855210812278174,-2.381795773413378,-1.8523032352310151,0.0014268570795634814
49.10044862696458,982.0089725392916,BS11,10,-72.88034603814513,-97.65155858534176,-98.85970552477991,-97.65155858534176,-96.30397923597535,-70.52985857503211,-2.35665996891687,-2.8356912069832756,-2.35665996891687,-1.8172813982543234,0.0014202624563368967
49.138160185049806,982.7632037009961,BS11,10,-72.83605915812652,-97.60727170532314,-98.82535030138679,-97.60727170532314,-96.24517057844788,-70.50956947824244,-2.332633436955655,-2.8170190555138923,-2.332633436955655,-1.7837380091246469,0.0014136521958476981
49.17587174313503,983.5174348627006,BS11,10,-72.79277102083853,-97.56398356803516,-98.7918390439749,-97.56398356803516,-96.18751407444769,-70.48913911564023,-2.3097468485738903,-2.7992105508566874,-2.3097468485738903,-1.7517321391825813,0.0014070269541971198
49.213583301220254,984.2716660244051,BS11,10,-72.7505127477101,-97.52172529490673,-98.75919136596298,-97.52172529490673,-96.13106074882965,-70.4685688252068,-2.288029991265628,-2.7822812562833064,-2.288029991265628,-1.721321918639028,0.001400387661517328
49.25129485930548,985.0258971861097,BS11,10,-72.70947196080851,-97.48068450800514,-98.72837816155868,-97.48068450800514,-96.07462445578814,-70.44795455375368,-2.267574676154526,-2.7667061530097055,-2.267574676154526,-1.6919144902663599,0.0013937655586588524
49.28900641739071,985.7801283478142,BS11,10,-72.66960826080036,-97.44082080799699,-98.69770675828191,-97.44082080799699,-96.02104184169173,-70.42725649379194,-2.24838025640455,-2.751641063866848,-2.24838025640455,-1.6650263050510075,0.0013871480012590794
49.32671797547594,986.5343595095187,BS11,10,-72.63087098045662,-97.40208352765325,-98.66795869413657,-97.40208352765325,-95.96882485995754,-70.40643020610169,-2.2304404436694387,-2.7374982588958874,-2.2304404436694387,-1.6399054503645403,0.0013805211154472522
49.36442953356116,987.2885906712232,BS11,10,-72.5932904314798,-97.36450297867643,-98.63915254266212,-97.36450297867643,-95.9180253666271,-70.38548098451227,-2.2137802649847025,-2.7242901771552557,-2.2137802649847025,-1.6166038892645205,0.0013738870078485797
49.402141091646385,988.0428218329278,BS11,10,-72.55689658632376,-97.32810913352039,-98.61130655270975,-97.32810913352039,-95.8686951376847,-70.36441517762064,-2.198423354665403,-2.712028387774027,-2.198423354665403,-1.5951715880972244,0.0013672480831169137
49.43985264973161,988.7970529946323,BS11,10,-72.52171901127595,-97.29293155847257,-98.5844386144423,-97.29293155847257,-95.82088573391593,-70.34324021952764,-2.1843918566585576,-2.7007235463324597,-2.1843918566585576,-1.5756562988165839,0.0013606070453941502
49.47756420781684,989.5512841563368,BS11,10,-72.48785751804492,-97.25907006524154,-98.55890750211259,-97.25907006524154,-95.77423009085429,-70.32200690731729,-2.171734855857373,-2.6905184268258093,-2.171734855857373,-1.5579560116248277,0.001353980052694496
49.51527576590207,990.3055153180413,BS11,10,-72.45530630143567,-97.2265188486323,-98.53413058779813,-97.2265188486323,-95.72975734678897,-70.30070453541177,-2.160457238694373,-2.6811819630403515,-2.160457238694373,-1.5424829897347132,0.0013473638974532734
49.55298732398729,991.0597464797459,BS11,10,-72.42405831407493,-97.19527086127155,-98.5103836461859,-97.19527086127155,-95.68696011713085,-70.27932315486972,-2.150561894079794,-2.672828585887112,-2.150561894079794,-1.5290559343938057,0.0013407556692195898
49.59069888207252,991.8139776414505,BS11,10,-72.39414072800807,-97.1653532752047,-98.48768274123914,-97.1653532752047,-95.64588751486714,-70.25787483270327,-2.142063944018755,-2.665464834377059,-2.142063944018755,-1.5177112867483904,0.0013341592708531885
49.62841044015775,992.568208803155,BS11,10,-72.36557995503797,-97.1367925022346,-98.4660434061873,-97.1367925022346,-95.60658766736604,-70.23637282755621,-2.1349765599000623,-2.659096142029523,-2.1349765599000623,-1.5084821544172318,0.0013275788945665194
49.66612199824298,993.3224399648595,BS11,10,-72.33840157605754,-97.10961412325416,-98.44548061047715,-97.10961412325416,-95.56910755277364,-70.21483159995259,-2.129310881556288,-2.6537268058284846,-2.129310881556288,-1.5013980951992671,0.0013210190164384104
49.7038335563282,994.0766711265641,BS11,10,-72.31263027089935,-97.08384281809597,-98.42600872733921,-97.08384281809597,-95.5334928345729,-70.1932668184352,-2.125075940946072,-2.6493599579740015,-2.125075940946072,-1.4964849055609784,0.0013144843897995929
49.74154511441343,994.8309022882686,BS11,10,-72.28826753622512,-97.05948008342175,-98.40749919422554,-97.05948008342175,-95.4999876741004,-70.17168185314804,-2.122269868759061,-2.6459702878086797,-2.122269868759061,-1.4937649267354558,0.0013079759745134344
49.779256672498654,995.5851334499731,BS11,10,-72.26531094583939,-97.03652349303601,-98.39019691083081,-97.03652349303601,-95.46813959113969,-70.15007929113538,-2.1208876548202715,-2.6435967325562055,-2.1208876548202715,-1.4932059271511158,0.0013014944758536658
49.81696823058388,996.3393646116776,BS11,10,-72.24382875805865,-97.01504130525528,-98.37402444814465,-97.01504130525528,-95.43828306492212,-70.12850664558715,-2.120950105435572,-2.642227951973331,-2.120950105435572,-1.4948706803167164,0.0012950539631599706
49.8546797886691,997.0935957733822,BS11,10,-72.22384143190159,-96.99505397909822,-98.35899352389778,-96.99505397909822,-95.41045695653784,-70.10698436824958,-2.122457252966286,-2.6418622382342254,-2.122457252966286,-1.498768156816471,0.0012886602067122737
49.89239134675433,997.8478269350867,BS11,10,-72.20536819748752,-96.97658074468414,-98.34511511234915,-96.97658074468414,-95.38469800189507,-70.08553408307954,-2.1254067296573282,-2.642496625918145,-2.1254067296573282,-1.5049026407713657,0.001282319205407948
49.93010290483956,998.6020580967911,BS11,10,-72.1884269966578,-96.95963954385442,-98.33239941831738,-96.95963954385442,-95.36104065856124,-70.06417856411065,-2.1297937303372376,-2.644126884232776,-2.1297937303372376,-1.5132735811612115,0.0012760371740901614
49.967814462924785,999.3562892584956,BS11,10,-72.17303442672186,-96.94424697391848,-98.32085585275642,-96.94424697391848,-95.33951695896405,-70.04294170804326,-2.1356109835155292,-2.6467475132222034,-2.1356109835155292,-1.5238754599563518,0.0012698205300266316
50.00552602101001,1000.1105204202001,BS11,10,-72.15920568768477,-96.9304182348814,-98.31049300999432,-96.9304182348814,-95.32015637119908,-70.02184850144897,-2.1428487313434905,-2.650351744078269,-2.1428487313434905,-1.5366976788589723,0.0012636758785991625
50.04323757909523,1000.8647515819047,BS11,10,-72.14651503535228,-96.9177275825489,-98.30049832355998,-96.9177275825489,-95.30328958503975,-70.0006456441404,-2.1513342079965354,-2.655043551934369,-2.1513342079965354,-1.5507265359398879,0.0012575292130684627
50.08094913718046,1001.6189827436092,BS11,10,-72.13533410169738,-96.90654664889401,-98.29212989513726,-96.90654664889401,-95.28760583731444,-69.97958421405998,-2.161188283095774,-2.6604764476446254,-2.161188283095774,-1.567600054454715,0.0012514531098538567
50.11866069526569,1002.3732139053137,BS11,10,-72.12575186636045,-96.89696441355707,-98.28496194334986,-96.89696441355707,-95.27415283386364,-69.95874121587894,-2.172423024319277,-2.6668672729592355,-2.172423024319277,-1.5866394117586604,0.0012454688906886142
50.156372253350916,1003.1274450670182,BS11,10,-72.11783224058354,-96.88904478778016,-98.27933379248412,-96.88904478778016,-95.26247422201618,-69.9381807554623,-2.185038311990086,-2.6737818249692435,-2.185038311990086,-1.609088994542462,0.001239593792780529
50.19408381143614,1003.8816762287228,BS11,10,-72.11205542192546,-96.88326796912209,-98.2750162902724,-96.88326796912209,-95.25435217549591,-69.91824277094695,-2.199174819420738,-2.682177134574573,-2.199174819420738,-1.6327232301439722,0.0012339230023051748
50.231795369521365,1004.6359073904273,BS11,10,-72.10790262112967,-96.8791151683263,-98.27191336816767,-96.8791151683263,-95.24851098733899,-69.89861941009264,-2.2146212203175963,-2.691489433644453,-2.2146212203175963,-1.658403993636974,0.001228366998434817
50.26950692760659,1005.3901385521318,BS11,10,-72.10537808136229,-96.87659062855892,-98.26922889635496,-96.87659062855892,-95.2449590461473,-69.87934192904164,-2.231350534192765,-2.7004761883144717,-2.231350534192765,-1.6860836824964214,0.001222933254630819
50.30721848569182,1006.1443697138363,BS11,10,-72.10448438630932,-96.87569693350595,-98.2334658466869,-96.87569693350595,-95.24370146462037,-69.86044221044445,-2.249333494800529,-2.657566525034107,-2.249333494800529,-1.7157095681648264,0.001217629297488251
50.34493004377704,1006.8986008755409,BS11,10,-72.10522245136482,-96.87643499856145,-98.19867036278981,-96.87643499856145,-95.24474005505681,-69.84195268128998,-2.2685386234159974,-2.615003708317867,-2.2685386234159974,-1.7472239172132784,0.0012124626884921531
50.38264160186227,1007.6528320372454,BS12,11,-72.06660897079237,-96.837821517989,-98.16486568304292,-96.837821517989,-95.24807332066433,-69.84831246842431,-2.223573072355708,-2.572811413336582,-2.223573072355708,-1.7805641427583154,0.0012142373561002417
50.420353159947496,1008.4070631989499,BS12,11,-72.02327060192431,-96.79448314912094,-98.13207477381256,-96.79448314912094,-95.25369646274133,-69.8591304085931,-2.169429915219408,-2.5310137651741886,-2.169429915219408,-1.8156629861261981,0.0012172620114187045
50.45806471803272,1009.1612943606544,BS12,11,-71.98044942220969,-96.75166196940631,-98.0955031324209,-96.75166196940631,-95.22069085311506,-69.87029509173509,-2.1154576601699078,-2.48403826036791,-2.1154576601699078,-1.7827730110047733,0.0012203915058297543
50.49577627611795,1009.915525522359,BS12,11,-71.93838795302574,-96.70960050022236,-98.06378939800996,-96.70960050022236,-95.16264260050919,-69.88197449369042,-2.0617310616330515,-2.4428060716805247,-2.0617310616330515,-1.7102473930890407,0.0012236738779177678
50.53348783420317,1010.6697566840635,BS12,11,-71.89765726768347,-96.6688698148801,-98.0331446660791,-96.6688698148801,-95.10624438953897,-69.89456980647306,-2.008420498407159,-2.402027900324995,-2.008420498407159,-1.6379438549287169,0.0012272235394888027
50.5711993922884,1011.423987845768,BS12,11,-71.8582948371482,-96.62950738434482,-98.00359097850176,-96.62950738434482,-95.05156369407555,-69.90807617750077,-1.9555682979499225,-2.3617293274019433,-1.9555682979499225,-1.565938032240039,0.0012310413869384685
50.60891095037363,1012.1782190074725,BS12,11,-71.82033760419418,-96.5915501513908,-97.97514991206087,-96.5915501513908,-94.99866778908927,-69.92248737711283,-1.9032176355978767,-2.3219361979019113,-1.9032176355978767,-1.4943082305165587,0.0012351280844626292
50.64662250845886,1012.9324501691772,BS12,11,-71.78382188506595,-96.55503443226257,-97.94784253157827,-96.55503443226257,-94.94762353602177,-69.93779581353132,-1.8514124212529621,-2.2826745692156876,-1.8514124212529621,-1.4231351543436477,0.0012394840610015273
50.68433406654408,1013.6866813308817,BS12,11,-71.74878326936748,-96.5199958165641,-97.92168934299012,-96.5199958165641,-94.8984971578579,-69.95399255303879,-1.8001971790828346,-2.2439706574565226,-1.8001971790828346,-1.3525016123254892,0.0012441095076386063
50.72204562462931,1014.4409124925862,BS12,11,-71.7153317280862,-96.48654427528282,-97.8971531894609,-96.48654427528282,-94.85072782618907,-69.97111963694385,-1.7496399038828896,-2.206459665949981,-1.7496399038828896,-1.2814346204014393,0.0012490193955471479
50.75975718271454,1015.1951436542907,BS12,11,-71.68351507753175,-96.45472762472838,-97.87349142955597,-96.45472762472838,-94.80585765473309,-69.98917334579798,-1.6997921407822771,-2.16899019646019,-1.6997921407822771,-1.2122012549853904,0.001254215875579434
50.797468740799765,1015.9493748159953,BS12,11,-71.65446347002424,-96.42567601722087,-97.8566296775231,-96.42567601722087,-94.75578137503553,-70.00888079138346,-1.6510578611760616,-2.1404009912367683,-1.6510578611760616,-1.1294953917022097,0.001259913011031295
50.835180298884985,1016.7036059776998,BS12,11,-71.63229214613335,-96.40350469332998,-97.83577716856784,-96.40350469332998,-94.73279528061126,-70.03121069094297,-1.6065848438160524,-2.098707308665176,-1.6065848438160524,-1.0831120582362341,0.0012663994995497562
50.87289185697021,1017.4578371394043,BS12,11,-71.60501166653607,-96.3762242137327,-97.81557844804607,-96.3762242137327,-94.6940467271884,-70.051543503627,-1.5589973612930041,-2.0631759394573974,-1.5589973612930041,-1.0164897942147488,0.00127233487226741
50.91060341505544,1018.2120683011088,BS12,11,-71.57939635294677,-96.3506089001434,-97.79663992453612,-96.3506089001434,-94.65757823221021,-70.07268463002723,-1.512267885388646,-2.028357027995714,-1.512267885388646,-0.9509203815008812,0.0012785356635156588
50.94831497314067,1018.9662994628134,BS12,11,-71.5554739449264,-96.32668649212303,-97.77897697232916,-96.32668649212303,-94.62344475050558,-70.09461684537936,-1.4664413739689544,-1.9942762463150616,-1.4664413739689544,-0.8864913201894491,0.0012850003829557276
50.986026531225896,1019.7205306245179,BS12,11,-71.5332706661166,-96.30448321331322,-97.76260405956052,-96.30448321331322,-94.59169862138941,-70.1173218994498,-1.421562293392963,-1.9609589558387084,-1.421562293392963,-0.8232893023048432,0.0012917272970394422
51.02373808931112,1020.4747617862224,BS12,11,-71.51281113290676,-96.28402368010339,-97.74753471005896,-96.28402368010339,-94.56238931939444,-70.14078057074379,-1.3776744729760568,-1.9284301469773624,-1.3776744729760568,-0.7613998157743301,0.001298714429978517
51.061449647396344,1021.2289929479269,BS12,11,-71.4942699544174,-96.26548250161403,-97.73464845261253,-96.26548250161403,-94.53430524570486,-70.16506778412273,-1.3348777115088866,-1.8985538403777389,-1.3348777115088866,-0.6975582395979486,0.0013059881137447568
51.09916120548157,1021.9832241096315,BS12,11,-71.47799752578999,-96.24921007298661,-97.72268942276224,-96.24921007298661,-94.51090847652053,-70.19036329851954,-1.293342900394634,-1.8678424600737273,-1.293342900394634,-0.6389126747377047,0.0013136070256273107
51.1368727635668,1022.7374552713359,BS12,11,-71.4635360598403,-96.23474860703692,-97.71207038525571,-96.23474860703692,-94.49008616953664,-70.21634302300795,-1.252935939249288,-1.8379971865754656,-1.252935939249288,-0.5818463673556202,0.0013214782272282977
51.17458432165202,1023.4916864330404,BS12,11,-71.45090220760808,-96.2221147548047,-97.70280035708757,-96.2221147548047,-94.47187259807008,-70.2429841407315,-1.2136962830099232,-1.8090407219204405,-1.2136962830099232,-0.5264352195478258,0.001329598732593065
51.21229587973725,1024.245917594745,BS12,11,-71.44011061251537,-96.211323159712,-97.69488724812462,-96.211323159712,-94.45629802924529,-70.27026317954346,-1.175662033277817,-1.7809950986037597,-1.175662033277817,-0.47275198608964086,0.0013379653238177144
51.250007437822475,1025.0001487564496,BS12,11,-71.43117385452304,-96.20238640171966,-97.68833783882492,-96.20238640171966,-94.44338855945712,-70.29815607392409,-1.1388698205703152,-1.7538816294092139,-1.1388698205703152,-0.4208659641672155,0.001346574553931435
51.2877189959077,1025.754379918154,BS12,11,-71.42389160772835,-96.19510415492498,-97.68261032421776,-96.19510415492498,-94.43363715029766,-70.32651472179708,-1.1032672377162958,-1.72567478709783,-1.1032672377162958,-0.37450676987368403,0.0013553842572065803
51.32543055399292,1026.5086110798586,BS12,11,-71.41784030968091,-96.18905285687754,-97.67817886069001,-96.18905285687754,-94.4248852009688,-70.35506782875723,-1.0687016604659396,-1.7002480411486591,-1.0687016604659396,-0.32582305513300325,0.001364312521084096
51.36314211207815,1027.262842241563,BS12,11,-71.41366750750339,-96.18488005470002,-97.67512392562261,-96.18488005470002,-94.41884722192074,-70.38416960875186,-1.0354669153581773,-1.67580650721525,-1.0354669153581773,-0.27909908753010626,0.0013734727875394782
51.40085367016338,1028.0170734032677,BS12,11,-71.41137813232875,-96.18259067952538,-97.67344816319641,-96.18259067952538,-94.41553353002223,-70.41379449662459,-1.0035934801898585,-1.652368541723314,-1.0035934801898585,-0.23438954764256278,0.0013828607980063397
51.438565228248606,1028.771304564972,BS12,11,-71.41097489385196,-96.18218744104858,-97.67315302553075,-96.18218744104858,-94.41494980018749,-70.44391660789555,-0.9731099297181351,-1.6299515888892913,-0.9731099297181351,-0.19174459145394676,0.0013924720812063013
51.47627678633383,1029.5255357266767,BS12,11,-71.4124582696599,-96.18367081685652,-97.67423876849954,-96.18367081685652,-94.41709703304535,-70.47450979607574,-0.9440428676938767,-1.6085721481304092,-0.9440428676938767,-0.1512097019082976,0.001402301957245482
51.513988344419054,1030.2797668883811,BS12,11,-71.4158265033423,-96.18703905053893,-97.6767044509878,-96.18703905053893,-94.42197154922209,-70.50554770847143,-0.9164168691867282,-1.5882457451399072,-0.9164168691867282,-0.11282557358481826,0.0014123455418969884
51.55169990250428,1031.0339980500858,BS12,11,-71.42107561141874,-96.19228815861537,-97.68054793761004,-96.19228815861537,-94.42956501032995,-70.53700384030878,-0.8902544334066848,-1.5689869067316966,-0.8902544334066848,-0.07662803079596646,0.001422597751064277
51.58941146058951,1031.7882292117902,BS12,11,-71.42945717249683,-96.20066971969345,-97.6859489234519,-96.20066971969345,-94.44313848633557,-70.5695280510956,-0.8661582260052931,-1.5537108612426918,-0.8661582260052931,-0.038907743173585,0.0014332762175384684
51.62712301867474,1032.5424603734946,BS12,11,-71.43998179504106,-96.21119434223769,-97.6936634451251,-96.21119434223769,-94.45833590265694,-70.60255119158833,-0.8437072194859946,-1.5370906178722943,-0.8437072194859946,-0.008381886791019403,0.0014442003887280086
51.664834576759965,1033.2966915351994,BS12,11,-71.45235423696943,-96.22356678416605,-97.70273821330619,-96.22356678416605,-94.47618258074348,-70.63589267587729,-0.8227865139493771,-1.5215826744438377,-0.8227865139493771,0.01986116279676302,0.0014553142180126458
51.70254613484519,1034.0509226969039,BS12,11,-71.46656011716765,-96.23777266436427,-97.71316546677842,-96.23777266436427,-94.49664875576693,-70.66952572790986,-0.8034084785147889,-1.507196613929604,-0.8034084785147889,0.04580882383768304,0.001466611762732821
51.74025769293042,1034.8051538586085,BS12,11,-71.48258303040288,-96.2537955775995,-97.72493633002696,-96.2537955775995,-94.51970061259456,-70.70342370489573,-0.7855833241757992,-1.493940944665566,-0.7855833241757992,0.06945326760177371,0.001478086909119705
51.77796925101565,1035.559385020313,BS12,11,-71.50040460944919,-96.27161715664582,-97.73804083811721,-96.27161715664582,-94.54530046767387,-70.73756013716068,-0.7693191260956057,-1.4818231011804055,-0.7693191260956057,0.09079129265467205,0.0014897333777927856
51.81568080910087,1036.3136161820175,BS12,11,-71.52000459384716,-96.29121714104379,-97.75246796440368,-96.29121714104379,-94.57340696830835,-70.77190876554167,-0.7546218549960386,-1.4708494486994352,-0.7546218549960386,0.10982417521543811,0.0015015447293745168
51.853392367186096,1037.067847343722,BS12,11,-71.54161883192529,-96.31283137912192,-97.76685655066461,-96.31283137912192,-94.60732782248289,-70.80657295832629,-0.7416241580886375,-1.461985946231577,-0.7416241580886375,0.1278196547600887,0.0015135593922142568
51.891103925271324,1037.8220785054264,BS12,11,-71.56572038903934,-96.33693293623597,-97.78464541513706,-96.33693293623597,-94.64173287377331,-70.84177069972189,-0.7305814638152994,-1.4536400677691714,-0.7305814638152994,0.14141857436130553,0.001525857204238033
51.92881548335655,1038.576309667131,BS12,11,-71.59151819083137,-96.36273073802799,-97.80371225630873,-96.36273073802799,-94.67847749873437,-70.87708962119422,-0.7211144551602962,-1.4464538318051479,-0.7211144551602962,0.1527412265386998,0.0015382976393021565
51.96652704144178,1039.3305408288354,BS12,11,-71.61898423756085,-96.39019678475748,-97.82404156367411,-96.39019678475748,-94.71750619508202,-70.91250467695119,-0.7132201474172934,-1.440428906491411,-0.7132201474172934,0.16180697308582428,0.001550873620794902
52.004238599527,1040.08477199054,BS12,11,-71.64751943911884,-96.41873198631546,-97.84937741032819,-96.41873198631546,-94.74996168166386,-70.94771449633627,-0.7066003571787928,-1.434396631492545,-0.7066003571787928,0.16768424751304908,0.0015634784810135936
52.04195015761223,1040.8390031522445,BS12,11,-71.67613259348678,-96.44734514068341,-97.8706021937866,-96.44734514068341,-94.79048734557178,-70.98223861163291,-0.7007435887401039,-1.4299982961400046,-0.7007435887401039,0.17408034120385227,0.0015759371757201582
52.079661715697455,1041.593234313949,BS12,11,-71.70634945056206,-96.47756199775868,-97.89305216186193,-96.47756199775868,-94.83317529320442,-71.01681495701696,-0.6964388077232313,-1.426757326091115,-0.6964388077232313,0.17828586045933636,0.0015885140641927326
52.11737327378268,1042.3474654756535,BS12,11,-71.73813867402197,-96.5093512212186,-97.9167096729698,-96.5093512212186,-94.87796498097957,-71.05141992015328,-0.6936782577543875,-1.424672675543682,-0.6936782577543875,0.18032842030218837,0.0016012016966886718
52.1550848318679,1043.1016966373581,BS12,11,-71.77146779788478,-96.54268034508141,-97.94155634646314,-96.54268034508141,-94.92479424893146,-71.08603030425579,-0.6924526367749305,-1.423742401143973,-0.6924526367749305,0.18023823095540623,0.0016139925142212145
52.19279638995313,1043.8559277990626,BS12,11,-71.80630332722588,-96.5775158744225,-97.96757310716391,-96.5775158744225,-94.97359957079128,-71.12062334384221,-0.6927511820304605,-1.4239636924203065,-0.6927511820304605,0.17804785140918003,0.001626878854905317
52.23050794803836,1044.6101589607672,BS12,11,-71.84261083927463,-96.61382338647125,-97.99474023068313,-96.61382338647125,-95.02431629931893,-71.155176718564,-0.6945617573654188,-1.4253329039338205,-0.6945617573654188,0.17379194440774665,0.0016398529603647242
52.268219506123586,1045.3643901224716,BS12,11,-71.88035508428166,-96.65156763147829,-98.02303738927871,-96.65156763147829,-95.07687890525659,-71.18966856516859,-0.6978709421562723,-1.4278455889058956,-0.6978709421562723,0.16750703474482295,0.0016529069821853586
52.305931064208806,1046.1186212841762,BS12,11,-71.9195000856774,-96.69071263287402,-98.05244369809375,-96.69071263287402,-95.13122120856782,-71.22407748770824,-0.702664121289323,-1.4314965341241832,-0.702664121289323,0.15923127251651614,0.0016660329884205028
52.343642622294034,1046.8728524458807,BS12,11,-71.9603939240867,-96.73160647128333,-98.08170728060539,-96.73160647128333,-95.19059398962946,-71.25855794424587,-0.7091351770030536,-1.4361865989232176,-0.7091351770030536,0.1481807471175252,0.001679290668545255
52.38135418037926,1047.6270836075853,BS12,11,-72.00272408251249,-96.77393662970911,-98.11365105628285,-96.77393662970911,-95.24894021591167,-71.29296143329667,-0.7171198488861656,-1.4422732676330454,-0.7171198488861656,0.13562565993212747,0.001692623722681935
52.41906573846449,1048.3813147692897,BS12,11,-72.04633462550026,-96.81754717269689,-98.14663351923106,-96.81754717269689,-95.30884831083058,-71.3272139262722,-0.7265361043213447,-1.4494776654970014,-0.7265361043213447,0.12120896099212676,0.001706003241901458
52.45677729654971,1049.1355459309943,BS12,11,-72.09118738420044,-96.86239993139706,-98.18063182379069,-96.86239993139706,-95.37025137316755,-71.36129607797119,-0.7373650839390223,-1.4577916428871376,-0.7373650839390223,0.10497358378597865,0.0017194210133554219
52.49448885463494,1049.8897770926988,BS12,11,-72.13803202762891,-96.90924457482554,-98.20951371965077,-96.90924457482554,-95.44614258161641,-71.39553890518566,-0.7500260103158221,-1.4656494069100052,-0.7500260103158221,0.08275236595898461,0.001733008136473251
52.532200412720165,1050.6440082544034,BS12,11,-72.18703116475166,-96.95824371194828,-98.24688273474155,-96.95824371194828,-95.51257860458111,-71.43000722115674,-0.7646168025964067,-1.4768172548904117,-0.7646168025964067,0.06152805196825742,0.0017467929731723713
52.56991197080539,1051.3982394161078,BS12,11,-72.2371203055676,-97.00833285276423,-98.28517681224761,-97.00833285276423,-95.58024409255351,-71.46422597609012,-0.780547197245542,-1.4890621075909247,-0.780547197245542,0.03864879591623668,0.0017605862706527751
52.60762352889062,1052.1524705778124,BS12,11,-72.28826028203862,-97.05947282923525,-98.32437154309494,-97.05947282923525,-95.64907461634142,-71.49817833567768,-0.7977948240418741,-1.5023729572688138,-0.7977948240418741,0.014159672609561347,0.0017743796410167657
52.64533508697584,1052.9067017395168,BS12,11,-72.34041212059049,-97.11162466778711,-98.36444242612501,-97.11162466778711,-95.71900691673436,-71.53184798094578,-0.8163369918286429,-1.5167384092947331,-0.8163369918286429,-0.011894569118934512,0.00178816468194913
52.68304664506107,1053.6609329012215,BS12,11,-72.39353710956374,-97.16474965676036,-98.40536490767192,-97.16474965676036,-95.78997900296382,-71.56521910349609,-0.8361507607530229,-1.532146719340964,-0.8361507607530229,-0.03946962837898377,0.0018019329834131764
52.7207582031463,1054.4151640629261,BS12,11,-72.4473214287805,-97.21853397597712,-98.45442448285755,-97.21853397597712,-95.84861178284126,-71.59815765787138,-0.8570561039016676,-1.551478303888818,-0.8570561039016676,-0.06303827268875908,0.0018156265820244673
52.75846976123153,1055.1693952246305,BS12,11,-72.50066250621461,-97.27187505341124,-98.49565885388618,-97.27187505341124,-95.91953676768205,-71.63019331902494,-0.8784198996420935,-1.5683064199231238,-0.8784198996420935,-0.0922104930232844,0.0018290444529257305
52.79618131931675,1055.9236263863352,BS12,11,-72.55489986621188,-97.32611241340851,-98.53769289614154,-97.32611241340851,-95.99138830523073,-71.6619074228229,-0.9010013742678792,-1.5861477816177274,-0.9010013742678792,-0.12280881298185212,0.0018424251324651961
52.83389287740198,1056.6778575480396,BS12,11,-72.60999662640224,-97.38120917359886,-98.58050256791641,-97.38120917359886,-96.06410963256971,-71.69328559793783,-0.9247779802463472,-1.6049902370827211,-0.9247779802463472,-0.1547921173933513,0.0018557602355867829
52.87160443548721,1057.4320887097442,BS12,11,-72.66591636116765,-97.43712890836427,-98.62406390564026,-97.43712890836427,-96.1376454569279,-71.72431394178076,-0.9497271581372708,-1.6248214231873146,-0.9497271581372708,-0.18812005300895493,0.0018690413958021097
52.909315993572434,1058.1863198714486,BS12,11,-72.72262314703327,-97.4938356942299,-98.66835305502264,-97.4938356942299,-96.21194200010551,-71.75497901380399,-0.9758263887099627,-1.645628796488468,-0.9758263887099627,-0.222753094923854,0.001882260271789776
52.947027551657655,1058.9405510331533,BS12,11,-72.78027596053543,-97.55148850773206,-98.7095276748141,-97.55148850773206,-96.29379192757351,-71.78534980445836,-1.00316577726208,-1.6655389888559764,-1.00316577726208,-0.2620017879480066,0.0018954442636163128
52.98473910974288,1059.6947821948577,BS12,11,-72.83917507549934,-97.61038762269597,-98.75580914187361,-97.61038762269597,-96.37028870002182,-71.81555391861983,-1.0319182274423913,-1.688554544656125,-1.0319182274423913,-0.29970277194119893,0.00190864731106456
53.02245066782811,1060.4490133565623,BS12,11,-72.89873899048678,-97.6699515376834,-98.80273686664454,-97.6699515376834,-96.44736514051192,-71.8453479180503,-1.0617452043685658,-1.7125032779392115,-1.0617452043685658,-0.3385790823162586,0.0019217610132659232
53.06016222591334,1061.2032445182667,BS12,11,-72.95893421266018,-97.73014675985681,-98.85028762177558,-97.73014675985681,-96.52497427917415,-71.87472040983259,-1.0926245726137171,-1.7373719636075635,-1.0926245726137171,-0.378595015869864,0.0019347772138802685
53.097873783998566,1061.9574756799711,BS12,11,-73.01972794743186,-97.79094049462849,-98.89843843854082,-97.79094049462849,-96.60307078977756,-71.90366042659525,-1.1245344697175983,-1.7631473461247524,-1.1245344697175983,-0.41971593860263223,0.0019476878172878151
53.135585342083786,1062.7117068416758,BS12,11,-73.08108811928717,-97.8523006664838,-98.94716662740802,-97.8523006664838,-96.68161098390304,-71.93215741772637,-1.1574533358232966,-1.7898161622681614,-1.1574533358232966,-0.4619083005199303,0.0019604847948640936
53.173296900169014,1063.4659380033802,BS12,11,-73.1429833893631,-97.91419593655972,-98.99644979700646,-97.91419593655972,-96.76055279981777,-71.96020124050247,-1.191359940154019,-1.8173651625140987,-1.191359940154019,-0.5051396446395019,0.0019731601911914176
53.21100845825424,1064.2201691650848,BS12,11,-73.20535159292767,-97.9765641401243,-99.04693982198839,-97.9765641401243,-96.83870587927302,-71.98776905877905,-1.2262148938311819,-1.8461695513426952,-1.2262148938311819,-0.5487301056157725,0.001985700155921649
53.24872001633947,1064.9744003267892,BS12,11,-73.26812007496314,-98.03933262215976,-99.09717473143431,-98.03933262215976,-96.91821564755729,-72.01483384842766,-1.261972496247949,-1.8753943935458663,-1.261972496247949,-0.5938656929126903,0.001998088673172897
53.28643157442469,1065.7286314884939,BS12,11,-73.3313369858005,-98.10254953299713,-99.14790121140487,-98.10254953299713,-96.9980146457351,-72.04141866851826,-1.2986578684083119,-1.9054608516424016,-1.2986578684083119,-0.6399520436076755,0.002010332583385499
53.32414313250992,1066.4828626501983,BS12,11,-73.39497402120742,-98.16618656840404,-99.19909822187543,-98.16618656840404,-97.07806702309396,-72.06751487333997,-1.336251318660685,-1.9363559459697026,-1.336251318660685,-0.6869610363376546,0.002022424278811514
53.361854690595145,1067.237093811903,BS12,11,-73.45900365557931,-98.23021620277594,-99.25074509052078,-98.23021620277594,-97.15833843684482,-72.09311418037612,-1.3747335712322126,-1.9680667954423094,-1.3747335712322126,-0.7348656157523055,0.0020343562543047957
53.39956624868037,1067.9913249736073,BS12,11,-73.52339914375331,-98.29461169094994,-99.30282152292226,-98.29461169094994,-97.23879602018269,-72.11820866151079,-1.4140857768611155,-2.000580631142777,-1.4140857768611155,-0.7836397774760194,0.0020461211130269395
53.43727780676559,1068.745556135312,BS12,11,-73.58813452073728,-98.35934706793391,-99.35530761146742,-98.35934706793391,-97.31940834828332,-72.14279073431639,-1.454289521262577,-2.033884808709566,-1.454289521262577,-0.8332585504523402,0.002057711572050055
53.47498936485082,1069.4997872970164,BS12,11,-73.65299001109842,-98.42420255829505,-99.41432976557002,-98.42420255829505,-97.39029000752407,-72.16677300114425,-1.4952122296075008,-2.0719799887474624,-1.4952122296075008,-0.877504895731766,0.002069082360049346
53.51270092293605,1070.254018458721,BS12,11,-73.7175019591193,-98.48871450631593,-99.46683174219328,-98.48871450631593,-97.47026014385477,-72.18996764383637,-1.536577654680145,-2.106465495469153,-1.536577654680145,-0.9281321506343266,0.002080139353895996
53.550412481021276,1071.0082496204254,BS12,11,-73.78230305856877,-98.5535156057654,-99.51970135364488,-98.5535156057654,-97.55033079395486,-72.2126382490856,-1.5787554299403976,-2.1417129094207303,-1.5787554299403976,-0.9795554694243884,0.002091003514955374
53.5881240391065,1071.76248078213,BS12,11,-73.84737009669081,-98.61858264388744,-99.57292022655983,-98.61858264388744,-97.63047509287298,-72.23477815660729,-1.6217289731206994,-2.177710358766118,-1.6217289731206994,-1.031753489640434,0.0021016680031155296
53.625835597191724,1072.5167119438345,BS12,11,-73.91268060019529,-98.68389314739191,-99.6264703870772,-98.68389314739191,-97.71066742963971,-72.25638101163632,-1.665482136494626,-2.214446129169846,-1.665482136494626,-1.0847057589798466,0.0021121261151016606
53.66354715527695,1073.2709431055391,BS12,11,-73.9782128273866,-98.74942537458323,-99.6803342640262,-98.74942537458323,-97.7908834096025,-72.27744075720433,-1.7099992067500756,-2.2519086705521905,-1.7099992067500756,-1.1383927108038636,0.0021223712894672033
53.70125871336218,1074.0251742672435,BS12,11,-74.04394059832356,-98.81515314552018,-99.73468912623079,-98.81515314552018,-97.87080003114325,-72.29794949627788,-1.7552618684896961,-2.290225250878233,-1.7552618684896961,-1.1925914136114333,0.0021323960677081923
53.73897027144741,1074.7794054289482,BS12,11,-74.1098305025602,-98.88104304975683,-99.78910771177985,-98.88104304975683,-97.95097123282022,-72.31789632037467,-1.8012475807782502,-2.329096956548749,-1.8012475807782502,-1.2476756846280304,0.002142191502154922
53.776681829532635,1075.5336365906528,BS12,11,-74.17588184424487,-98.9470943914415,-99.84379019144022,-98.9470943914415,-98.0311006747513,-72.33728381151656,-1.8479530556800237,-2.368662104476253,-1.8479530556800237,-1.303441572588067,0.002151755287635323
53.81439338761786,1076.2878677523572,BS12,11,-74.24207569676135,-99.01328824395797,-99.89872061495201,-99.01328824395797,-98.11116842183455,-72.35610701851724,-1.8953642918422728,-2.408909855626416,-1.8953642918422728,-1.3598727848114878,0.0021610814747523048
53.85210494570309,1077.0420989140619,BS12,11,-74.3083938105182,-99.07960635771482,-99.95388343745901,-99.07960635771482,-98.19115556524525,-72.3743612517186,-1.9434677041249484,-2.4498295560119248,-1.9434677041249484,-1.4169537826994028,0.002170164278708211
53.88981650378832,1077.7963300757663,BS12,11,-74.37538632650462,-99.14659887370125,-100.00375481101676,-99.14659887370125,-98.28032065254257,-72.39227896499133,-1.9925814713683432,-2.4871565980979646,-1.9925814713683432,-1.4813381101788474,0.0021791166825424818
53.92752806187354,1078.550561237471,BS12,11,-74.44253887446393,-99.21375142166056,-100.05994218685751,-99.21375142166056,-98.36071245385035,-72.40964983310846,-2.0424010799967593,-2.529674492023604,-2.0424010799967593,-1.54011676160646,0.002187831039114221
53.965239619958766,1079.3047923991753,BS12,11,-74.50974700200777,-99.2809595492044,-100.11630458246029,-99.2809595492044,-98.44094989291804,-72.42643339922996,-2.0928624319141913,-2.5728247155496886,-2.0928624319141913,-1.5994868380708593,0.0021962837940437685
54.00295117804399,1080.05902356088,BS12,11,-74.57699538795073,-99.34820793514736,-100.17282820393686,-99.34820793514736,-98.52101848185633,-72.44262627637242,-2.143953571105985,-2.616597285053407,-2.143953571105985,-1.6594358181277098,0.0022044699424940703
54.04066273612922,1080.8132547225844,BS12,11,-74.64426932000899,-99.41548186720561,-100.2294996553523,-99.41548186720561,-98.60090456552854,-72.45822530449567,-2.1956629243238304,-2.660982412065785,-2.1956629243238304,-1.7199517954145362,0.0022123846652283676
54.07837429421445,1081.567485884289,BS12,11,-74.71155467906463,-99.48276722626126,-100.28630593386005,-99.48276722626126,-98.6805952869028,-72.4732275445726,-2.2479792912941585,-2.7059705019335176,-2.2479792912941585,-1.7810234522067423,0.0022200233317674896
54.11608585229967,1082.3217170459934,BS12,11,-74.77883792332753,-99.55005047052416,-100.34323442445765,-99.55005047052416,-98.7600785533261,-72.48763027284623,-2.300891834635938,-2.7515521520435726,-2.300891834635938,-1.8426400335240996,0.0022273815033662164
54.1537974103849,1083.075948207698,BS12,11,-74.84610607246658,-99.61731861966321,-100.40027289441811,-99.61731861966321,-98.83934300376677,-72.50143097527858,-2.354390069555397,-2.797718149656342,-2.354390069555397,-1.9047913218409387,0.0022344549358088443
54.191508968470124,1083.8301793694025,BS12,11,-74.91334669173567,-99.6845592389323,-100.45740948741167,-99.6845592389323,-98.91837797701967,-72.51462734218198,-2.4084638533520146,-2.844459469366833,-2.4084638533520146,-1.9674676124146262,0.002241239582017532
54.22922052655535,1084.584410531107,BS12,11,-74.98054787615632,-99.75176042335295,-100.5146327173694,-99.75176042335295,-98.99717348090509,-72.52721726303665,-2.463103374794262,-2.89176727023625,-2.463103374794262,-2.0306596892700903,0.002247731594473987
54.26693208464057,1085.3386416928115,BS12,11,-75.04769823478975,-99.81891078198638,-100.5719314621142,-99.81891078198638,-99.07572016246097,-72.53919882149069,-2.5182991434014252,-2.939632892619916,-2.5182991434014252,-2.0943588018536294,0.002253927327451486
54.3046436427258,1086.092872854516,BS12,11,-75.11445202935354,-99.88566457655017,-100.6399906371912,-99.88566457655017,-99.13862215516254,-72.55042405315452,-2.5738530398097192,-2.997258141740891,-2.5738530398097192,-2.145940395019347,0.0022597474186053356
54.34235520081103,1086.8471040162206,BS12,11,-75.18048164877472,-99.95169419597134,-100.69643238645862,-99.95169419597134,-99.21573852228903,-72.56074930952536,-2.629580763026869,-3.045777550658528,-2.629580763026869,-2.2099871909290827,0.0022651141264567382
54.380066758896255,1087.601335177925,BS12,11,-75.24645652451872,-100.01766907171535,-100.75293992443868,-100.01766907171535,-99.29261384538893,-72.57046793262259,-2.685859054057756,-3.094846403137142,-2.685859054057756,-2.27454242975564,0.0022701771447050777
54.417778316981476,1088.3555663396296,BS12,11,-75.3123665529322,-100.08357910012883,-100.80950319038676,-100.08357910012883,-99.36924005106896,-72.57957819903012,-2.7426795196405123,-3.1444568153993,-2.7426795196405123,-2.3395986529115085,0.002274933485769614
54.455489875066704,1089.109797501334,BS12,11,-75.37820207391734,-100.14941462111396,-100.86611244954058,-100.14941462111396,-99.44560959609458,-72.58807856144462,-2.800034034864178,-3.1946010608169813,-2.800034034864178,-2.4051487770712408,0.0022793803704744646
54.49320143315193,1089.8640286630387,BS12,11,-75.4439538570244,-100.21516640422102,-100.92275828664246,-100.21516640422102,-99.52171544339797,-72.59596764466417,-2.857914733278328,-3.2452715660672813,-2.857914733278328,-2.4711860752614667,0.0022835152293521096
54.53091299123716,1090.618259824743,BS12,11,-75.50961308775682,-100.28082563495344,-100.9794315993788,-100.28082563495344,-99.59755103895677,-72.6032442417349,-2.916313997056406,-3.296460907129845,-2.916313997056406,-2.537704158569549,0.0022873357037516942
54.56862454932239,1091.3724909864477,BS12,11,-75.57517135408557,-100.3463839012822,-101.03612359173727,-100.3463839012822,-99.67311028950988,-72.60990731024654,-2.9752244472185563,-3.348161805132132,-2.9752244472185563,-2.6046969584514663,0.002290839646748228
54.60633610740761,1092.126722148152,BS12,11,-75.64062063320505,-100.41183318040167,-101.09282576731668,-100.41183318040167,-99.74838754111258,-72.6159559687804,-3.034638933942664,-3.4003671220704557,-3.034638933942664,-2.6721587096444113,0.002294025123855613
54.644047665492835,1092.8809533098567,BS12,11,-75.70689611722534,-100.47810866442197,-101.12886167455987,-100.47810866442197,-99.85267224145537,-72.62183363375061,-3.095050245611175,-3.433543134704787,-3.095050245611175,-2.7663614389884423,0.0022971247821949644
54.68175922357806,1093.6351844715612,BS12,11,-75.7737724806502,-100.54498502784682,-101.18727324844193,-100.54498502784682,-99.92882885781192,-72.62744897106839,-3.1563241791723495,-3.4874362543866773,-3.1563241791723495,-2.835740250846339,0.00230009000175184
54.71947078166329,1094.3894156332658,BS12,11,-75.8404721626328,-100.61168470982943,-101.2456330566979,-100.61168470982943,-100.00463822483535,-72.63244237772247,-3.2180419463756733,-3.541779828517336,-3.2180419463756733,-2.905527508787041,0.002302730013944438
54.75718233974851,1095.1436467949702,BS12,11,-75.90698967739938,-100.678202224596,-101.3039344106317,-100.678202224596,-100.080097843865,-72.63681457266487,-3.2801973392422665,-3.596567124216302,-3.2801973392422665,-2.9757189489150693,0.00230504407403581
54.794893897833745,1095.8978779566748,BS12,11,-75.97079860425636,-100.74201115145299,-101.39289651045594,-100.74201115145299,-100.10960088426788,-72.63975144481877,-3.3410761658492802,-3.6821920889242685,-3.3410761658492802,-3.003694025322063,0.002306599767099175
54.83260545591897,1096.6521091183795,BS12,11,-76.03446470719416,-100.80567725439079,-101.44850026547417,-100.80567725439079,-100.182210250493,-72.64166921968504,-3.4028289184344422,-3.736837878127366,-3.4028289184344422,-3.0732356591048635,0.002307616198572539
54.8703170140042,1097.406340280084,BS12,11,-76.0980009036131,-100.86921345080972,-101.50408365365124,-100.86921345080972,-100.2545370958705,-72.64297428786081,-3.4650630587255815,-3.7919598880341954,-3.4650630587255815,-3.1432374661778537,0.002308308147559428
54.90802857208942,1098.1605714417885,BS12,11,-76.1614012576256,-100.93261380482222,-101.55963997909504,-100.93261380482222,-100.3265777580722,-72.64366640501838,-3.527772893327194,-3.847552021419967,-3.527772893327194,-3.2136953442304104,0.0023086751930484445
54.94574013017465,1098.914802603493,BS12,11,-76.22367720728842,-100.99488975448504,-101.63468253344499,-100.99488975448504,-100.37078829005495,-72.64327057243462,-3.590443761766462,-3.924101227233191,-3.590443761766462,-3.2576005694045365,0.0023084652668882155
54.983451688259876,1099.6690337651976,BS12,11,-76.28520039259357,-101.05641293979019,-101.68853741922712,-101.05641293979019,-100.4408348813414,-72.64195560890468,-3.6532788755123597,-3.97998452080072,-3.6532788755123597,-3.32800010116259,0.0023077680248150584
55.021163246345104,1100.423264926902,BS12,11,-76.34661286811162,-101.11782541530825,-101.74238119182856,-101.11782541530825,-100.51063180399784,-72.64003064042059,-3.7166118781158963,-4.036353057676439,-3.7166118781158963,-3.398886639723069,0.0023067477145545423
55.05887480443033,1101.1774960886066,BS12,11,-76.40790886676271,-101.17912141395934,-101.79620749533082,-101.17912141395934,-100.58017518803959,-72.6374950190907,-3.7804376507613813,-4.093201285743845,-3.7804376507613813,-3.4702565349676693,0.0023054044206967782
55.09658636251555,1101.931727250311,BS12,11,-76.46249375261264,-101.23370629980927,-101.92309851113173,-101.23370629980927,-100.53858943484485,-72.63136321531123,-3.841140214055093,-4.235959872830236,-3.841140214055093,-3.427908364317945,0.002302159205229092
55.13429792060078,1102.6859584120157,BS12,11,-76.51656265544634,-101.28777520264296,-101.96993720502907,-101.28777520264296,-100.60107170614326,-72.62438900038477,-3.902167288917347,-4.290943823496891,-3.902167288917347,-3.4955521409748536,0.002298473688879751
55.17200947868601,1103.44018957372,BS12,11,-76.57066722348478,-101.3418797706814,-102.01687746007742,-101.3418797706814,-100.66348585619235,-72.61681983652538,-3.9638236384083836,-4.346522025427224,-3.9638236384083836,-3.5638356983319683,0.0022944804333286852
55.209721036771235,1104.1944207354247,BS12,11,-76.62479944233004,-101.39601198952667,-102.06391186065842,-101.39601198952667,-100.72582405615509,-72.6086517977317,-4.026105172214775,-4.402690424119234,-4.026105172214775,-3.632755400907259,0.0022901789945283814
55.247432594856456,1104.9486518971291,BS12,11,-76.67895155442741,-101.45016410162404,-102.11103317435128,-101.45016410162404,-100.78807881245736,-72.59988107908377,-4.089007936667133,-4.459445030203326,-4.089007936667133,-3.702307835802951,0.002285569130803359
55.28514415294168,1105.7028830588338,BS12,11,-76.7331160537533,-101.50432860094993,-102.15823434978924,-101.50432860094993,-100.85024295646635,-72.59050399466597,-4.152528111504207,-4.5167819180457505,-4.152528111504207,-3.7724898061928895,0.0022806508026562825
55.32285571102691,1106.4571142205382,BS12,11,-76.78690233711386,-101.55811488431048,-102.21201741993337,-101.55811488431048,-100.90288442407322,-72.58035170608468,-4.216443556601062,-4.5830035063181205,-4.216443556601062,-3.8326805451135058,0.0022753377804754053
55.36056726911214,1107.2113453822428,BS12,11,-76.84041671614756,-101.61162926334418,-102.25871936998281,-101.61162926334418,-100.96421554303346,-72.56946599715658,-4.280818906843369,-4.641228602330141,-4.280818906843369,-3.9036394285131046,0.0022696546543584484
55.39827882719736,1107.9655765439472,BS12,11,-76.89393711208676,-101.66514965928339,-102.305492902284,-101.66514965928339,-101.02545391009465,-72.55796510209467,-4.345814129238522,-4.700036252552659,-4.345814129238522,-3.975233708906523,0.0022636657416829596
55.43599038528259,1108.7198077056519,BS12,11,-76.94745672046571,-101.71866926766234,-102.35233152644011,-101.71866926766234,-101.08659315296293,-72.54584545366481,-4.41142598937293,-4.759422912382791,-4.41142598937293,-4.047460968162796,0.0022573716843428005
55.473701943367814,1109.4740388673563,BS12,11,-77.00096896199496,-101.77218150919158,-102.39922891894952,-101.77218150919158,-101.1476271813559,-72.53310359180657,-4.4776513717004205,-4.819385092842238,-4.4776513717004205,-4.12031897958139,0.002250773322669492
55.51141350145304,1110.2282700290607,BS12,11,-77.05446747750239,-101.82568002469901,-102.44617892084285,-101.82568002469901,-101.2085501779986,-72.51973616178411,-4.544487276327507,-4.879919358776179,-4.544487276327507,-4.19380570242247,0.0022438716942895565
55.54912505953827,1110.9825011907653,BS12,11,-77.1079461228932,-101.87915867008982,-102.49317553526717,-101.87915867008982,-101.26935658981205,-72.50573991238787,-4.611930815765785,-4.94102232695981,-4.611930815765785,-4.267919276567661,0.002236668032804243
55.58683661762349,1111.7367323524697,BS12,11,-77.1613989641194,-101.93261151131603,-102.5402129250077,-101.93261151131603,-101.33004111927988,-72.49111169418666,-4.679979211642886,-5.00269066410372,-4.679979211642886,-4.342658017300337,0.002229163766292512
55.62454817570872,1112.4909635141744,BS12,11,-77.21482027217986,-101.98603281937649,-102.58728540996665,-101.98603281937649,-101.3905987160111,-72.47584845783584,-4.748629791386874,-5.064921084771041,-4.748629791386874,-4.418020410219256,0.002221360515641876
55.662259733793945,1113.2451946758788,BS12,11,-77.26820451815257,-102.0394170653492,-102.63438746460088,-102.0394170653492,-101.45102456849526,-72.45994725244395,-4.81787998488403,-5.127710349205689,-4.81787998488403,-4.49400510628273,0.0022132600927098327
55.69997129187917,1113.9994258375834,BS12,11,-77.32154636826651,-102.09275891546314,-102.68151371532498,-102.09275891546314,-101.51131409605345,-72.44340522400073,-4.887727321113763,-5.191055261075084,-4.887727321113763,-4.5706109169851015,0.002204864498319573
55.73768284996439,1114.7536569992878,BS12,11,-77.37484067901978,-102.14605322621641,-102.72865893788723,-102.14605322621641,-101.57146294098696,-72.42621961387032,-4.958169424764067,-5.2549526651301495,-4.958169424764067,-4.647836809666268,0.002196175920093829
55.77539440804962,1115.5078881609925,BS12,11,-77.42793194935271,-102.19914449654934,-102.77802563927143,-102.19914449654934,-101.62832108945275,-72.40831555752462,-5.029125511747247,-5.322567085054779,-5.029125511747247,-4.721686900693638,0.0021871604486353832
55.81310596613485,1116.262119322697,BS12,11,-77.48091987286769,-102.25213242006431,-102.82499615704155,-102.25213242006431,-101.68799239754405,-72.38973849937794,-5.100649948989115,-5.387492493594695,-5.100649948989115,-4.800015075752213,0.0021778451261649304
55.85081752422008,1117.0163504844015,BS12,11,-77.53385027723837,-102.305062824435,-102.8719745027642,-102.305062824435,-101.747516162077,-72.37050977146407,-5.17276729645189,-5.45296552529642,-5.17276729645189,-4.878965925761484,0.0021682447229305554
55.888529082305304,1117.7705816461062,BS12,11,-77.58671865212547,-102.3579311993221,-102.91895597238506,-102.3579311993221,-101.8068887261382,-72.35062686069196,-5.245475569416943,-5.518983218682372,-5.245475569416943,-4.958539012345046,0.002158362109534371
55.92624064039053,1118.5248128078106,BS12,11,-77.63952065462439,-102.41073320182102,-102.96593599770196,-102.41073320182102,-101.86610662167251,-72.3300873418144,-5.318772863515051,-5.585542641413346,-5.318772863515051,-5.038734034359777,0.002148200330733279
55.96395219847576,1119.2790439695152,BS12,11,-77.69225210478865,-102.46346465198528,-103.00618378414765,-102.46346465198528,-101.92516656280408,-72.30888887633594,-5.392657351328754,-5.642129228933045,-5.392657351328754,-5.119550824043522,0.0021377626024365656
56.00166375656099,1120.0332751312196,BS12,11,-77.74490898123463,-102.51612152843126,-102.94725641857286,-102.51612152843126,-101.98406543935661,-72.28702921151083,-5.467127278985387,-5.577535334118633,-5.467127278985387,-5.200989343288996,0.0021270523085730767
56.039375314646215,1120.7875062929243,BS13,12,-77.77629721219527,-102.5475097593919,-102.8880566877114,-102.5475097593919,-102.0428003105446,-72.27045175923391,-5.515057768184257,-5.514552441003106,-5.505895502755594,-5.283049680014813,0.0021189657859703535
56.077086872731435,1121.5417374546287,BS13,12,-77.71240022266032,-102.48361276985695,-102.82858353735078,-102.48361276985695,-102.10136839886007,-72.27991218509564,-5.4417204209096735,-5.456261215501404,-5.439761619651494,-5.365732044653314,0.0021235768397611654
56.11479843081666,1122.2959686163333,BS13,12,-77.64814837712726,-102.41936092432388,-102.76883595435524,-102.41936092432388,-102.12158503718584,-72.28876268038115,-5.368636893921036,-5.40376400996097,-5.373128752387295,-5.365721062500606,0.0021278996754087293
56.15250998890189,1123.0501997780377,BS13,12,-77.58353892487902,-102.35475147207565,-102.70881296937043,-102.35475147207565,-102.05279011133382,-72.2969970857319,-5.295810574896834,-5.324466162915826,-5.301888990641271,-5.294591702471332,0.002131929480031597
56.19022154698712,1123.8044309397424,BS13,12,-77.51856911881244,-102.28978166600906,-102.64851365965961,-102.28978166600906,-101.98355024045328,-72.3046093710465,-5.2232447265719815,-5.247082799475175,-5.229974132562122,-5.22230073777429,0.0021356616013550205
56.22793310507234,1124.5586621014468,BS13,12,-77.45323621746492,-102.22444876466155,-102.58793715207571,-102.22444876466155,-101.91386051664021,-72.31159363538967,-5.150942488881098,-5.178940565807092,-5.157165022467773,-5.149457733254578,0.002139091553538306
56.265644663157566,1125.3128932631514,BS13,12,-77.38753748717507,-102.15875003437169,-102.52708262617284,-102.15875003437169,-101.84371597491786,-72.31794410705625,-5.0789068810803295,-5.113396036949297,-5.083737758898529,-5.0754871032718665,0.0021422150229443142
56.303356221242794,1126.0671244248558,BS13,12,-77.32147020438953,-102.09268275158615,-102.46594931746756,-102.09268275158615,-101.77311159343284,-72.32365514378999,-5.007140803860132,-5.048089540161506,-5.009596106052338,-5.001209657590554,0.002145027873840721
56.34106777932802,1126.8213555865605,BS13,12,-77.25516956521969,-102.02638211241631,-102.40914475437773,-102.02638211241631,-101.69699400407342,-72.32884801870776,-4.9356584352817094,-4.987755367124346,-4.9356584352817094,-4.921906185208042,0.002147588713996547
56.37877933741324,1127.5755867482649,BS13,12,-77.18853962157931,-101.95975216877594,-102.34767822705012,-101.95975216877594,-101.62557215055234,-72.3334262382614,-4.864460109393412,-4.92295632307211,-4.864460109393412,-4.845486591472249,0.0021498489702323448
56.41649089549847,1128.3298179099695,BS13,12,-77.12153818860222,-101.89275073579884,-102.28593638785168,-101.89275073579884,-101.55367926738529,-72.33734760663724,-4.7935457421891865,-4.858412466411853,-4.7935457421891865,-4.7686232170474625,0.002151786827781703
56.4542024535837,1129.084049071674,BS13,12,-77.05416276266976,-101.82537530986639,-102.22391886799689,-101.82537530986639,-101.4813102561923,-72.34060720913871,-4.7229177303521555,-4.794127319052377,-4.7229177303521555,-4.692075740720753,0.0021533989811255306
56.491914011668925,1129.8382802333786,BS13,12,-76.98641086923443,-101.75762341643106,-102.16162537691586,-101.75762341643106,-101.40845996983217,-72.34320026629752,-4.652578365308405,-4.730104333861972,-4.652578365308405,-4.615501147516603,0.0021546823312735696
56.52962556975415,1130.592511395083,BS13,12,-76.91828006634617,-101.6894926135428,-102.09905570662218,-101.6894926135428,-101.33512321347311,-72.34512213517037,-4.582529835478614,-4.666346897310097,-4.582529835478614,-4.539369050259149,0.0021556339907980978
56.56733712783937,1131.3467425567876,BS13,12,-76.84968126072863,-101.62089380792526,-102.03401095865307,-101.62089380792526,-101.26369261519824,-72.3462968721449,-4.512758825531265,-4.600723002633997,-4.512758825531265,-4.465920348963283,0.002156215896542625
56.6050486859246,1132.100973718492,BS13,12,-76.78069335724813,-101.55190590444475,-101.97077618718961,-101.55190590444475,-101.18930672901455,-72.34678947595766,-4.44327938045827,-4.537488863939938,-4.44327938045827,-4.390274958997474,0.0021564599543929686
56.64276024400983,1132.8552048801967,BS13,12,-76.71131677109891,-101.48252931829553,-101.90726240879496,-101.48252931829553,-101.11441626932894,-72.3465979840207,-4.374093873310406,-4.4745273214019194,-4.374093873310406,-4.314866760318916,0.0021563650774909706
56.680471802095056,1133.609436041901,BS13,12,-76.64154914875813,-101.41276169595476,-101.84346972367108,-101.41276169595476,-101.03901578317813,-72.34571821716764,-4.305204120915894,-4.4118415337700885,-4.305204120915894,-4.23965472323353,0.0021559292403198916
56.71818336018028,1134.3636672036055,BS13,12,-76.57138818776626,-101.34260073496289,-101.77939833782564,-101.34260073496289,-100.9630997744984,-72.3441461408555,-4.23661184756292,-4.349434607028076,-4.23661184756292,-4.164695490758925,0.0021551506513733725
56.755894918265504,1135.11789836531,BS13,12,-76.5008316416638,-101.27204418886042,-101.7150485687238,-101.27204418886042,-100.88666270614108,-72.34187786756065,-4.168318687558253,-4.287309597586603,-4.168318687558253,-4.0901729217711615,0.0021540277572671043
56.79360647635073,1135.8721295270145,BS13,12,-76.42987732522863,-101.20108987242526,-101.65042085119356,-101.20108987242526,-100.80969900211832,-72.33890965937408,-4.100326187886514,-4.225469515603525,-4.100326187886514,-4.016136738289443,0.002152559246657543
56.83131803443596,1136.6263606887192,BS13,12,-76.3585231200284,-101.12973566722502,-101.58551574359346,-101.12973566722502,-100.73220305009322,-72.33523793080248,-4.032635810977509,-4.163917328434149,-4.032635810977509,-3.942357997865937,0.0021507440539599086
56.86902959252118,1137.3805918504236,BS13,12,-76.28676698030303,-101.05797952749965,-101.52033393424958,-101.05797952749965,-100.6541692041326,-72.33085925177495,-3.9652489375974325,-4.102655964221967,-3.9652489375974325,-3.868905629197592,0.0021485813628540503
56.906741150606415,1138.1348230121284,BS13,12,-76.21460693920011,-100.98581948639674,-101.45487624817778,-100.98581948639674,-100.57559178774555,-72.32577035086591,-3.8981668698756504,-4.041688315637506,-3.8981668698756504,-3.7956785417035905,0.0021460706095724207
56.94445270869164,1138.8890541738328,BS13,12,-76.14186119964486,-100.91307374684149,-101.38417800586078,-100.91307374684149,-100.50205197894648,-72.31983910213339,-3.831339658843808,-3.976579737567068,-3.831339658843808,-3.728349314215932,0.002143147954606248
56.98216426677687,1139.6432853355373,BS13,12,-76.06865869535969,-100.83987124255631,-101.31789771335852,-100.83987124255631,-100.42221718111584,-72.31316002211928,-3.764801931293916,-3.9161430263435064,-3.764801931293916,-3.6556390003124446,0.002139861555891795
57.0198758248621,1140.397516497242,BS13,12,-75.99503985335025,-100.76625240054688,-101.2513379196473,-100.76625240054688,-100.3418155188168,-72.30576086448818,-3.698566427193798,-3.8560026754639214,-3.698566427193798,-3.5832469522732686,0.0021362267184288812
57.05758738294732,1141.1517476589463,BS13,12,-75.92100286699635,-100.69221541419297,-101.18449988871144,-100.69221541419297,-100.26084099413974,-72.29763879416073,-3.6326341767633066,-3.7961614806826813,-3.6326341767633066,-3.5111717548975627,0.0021322438429724334
57.095298941032546,1141.905978820651,BS13,12,-75.84654603821345,-100.61775858541007,-101.11738505512211,-100.61775858541007,-100.17928758893551,-72.28879115100179,-3.5670061449694264,-3.7366222209762605,-3.5670061449694264,-3.439584865266749,0.0021279135954354557
57.13301049911777,1142.6602099823554,BS13,12,-75.77166778599793,-100.54288033319456,-101.04999503263824,-100.54288033319456,-100.09714926962795,-72.27921545434735,-3.50168323555271,-3.6773876633094673,-3.50168323555271,-3.3683903395388852,0.002123236908801954
57.170722057203,1143.41444114406,BS13,12,-75.69636665547416,-100.46757920267079,-100.98233162317315,-100.46757920267079,-100.01441999247902,-72.26890940778256,-3.436666295303562,-3.6184605676207657,-3.436666295303562,-3.297504952263202,0.0021182149847678664
57.20843361528822,1144.1686723057644,BS13,12,-75.62064132747295,-100.39185387466958,-100.91439682614273,-100.39185387466958,-99.93109370934299,-72.25787090417921,-3.3719561186090488,-3.5598436920385947,-3.3719561186090488,-3.2269268261625483,0.0021128492951046685
57.24614517337345,1144.922903467469,BS13,12,-75.54449062866863,-100.31570317586525,-100.84619284820457,-100.31570317586525,-99.84716437394742,-72.24609803099489,-3.3075534522954335,-3.501539798342315,-3.3075534522954335,-3.1566539482656464,0.0021071415827369194
57.28385673145868,1145.6771346291735,BS13,12,-75.46802040551248,-100.2392329527091,-100.78097480862859,-100.2392329527091,-99.75883645610664,-72.23365846251713,-3.2434966231099787,-3.4462422696656687,-3.2434966231099787,-3.0835168656781975,0.0021011273611721754
57.321568289543904,1146.431365790878,BS13,12,-75.39118274324234,-100.16239529043897,-100.71243407794168,-100.16239529043897,-99.67379742441142,-72.22051847844791,-3.1797713777658823,-3.388629576443323,-3.1797713777658823,-3.013905608313704,0.002094793108828587
57.359279847629125,1147.1855969525825,BS13,12,-75.31392259759193,-100.08513514478855,-100.64363726759987,-100.08513514478855,-99.58814216392582,-72.20664118128416,-3.116359505511091,-3.3313419605939667,-3.116359505511091,-2.9445961945095034,0.002088124116398488
57.39699140571435,1147.9398281142871,BS13,12,-75.23623967054738,-100.007452217744,-100.57458765177176,-100.007452217744,-99.50186490995698,-72.19202565882901,-3.053261633085916,-3.2743822669368794,-3.053261633085916,-2.8755860891715677,0.002081123262585463
57.43470296379958,1148.6940592759915,BS13,12,-75.15813387601986,-99.92934642321649,-100.50528876976315,-99.92934642321649,-99.41495994927361,-72.17667122652561,-2.9904783726992252,-3.2177533772027074,-2.9904783726992252,-2.8068726360788605,0.0020737936977865854
57.47241452188481,1149.4482904376962,BS13,12,-75.07960535418391,-99.85081790138054,-100.43574443838072,-99.85081790138054,-99.3274216309087,-72.160577434532,-2.928010329288195,-3.1614582172439842,-2.928010329288195,-2.738453061067115,0.0020661388432750465
57.510126079970036,1150.2025215994006,BS13,12,-75.00065448661276,-99.77186703380939,-100.365958764768,-99.77186703380939,-99.23924437785567,-72.14374407510923,-2.865858108260482,-3.105499764571561,-2.865858108260482,-2.67032447563837,0.0020581623900661505
57.547837638055256,1150.9567527611052,BS13,12,-74.92128191225498,-99.69249445945161,-100.29593615972935,-99.69249445945161,-99.15042269972882,-72.12617119033203,-2.8040223237538857,-3.0498810562327447,-2.8040223237538857,-2.602483881044082,0.002049868297465109
57.585549196140484,1151.7109839228096,BS13,12,-74.84148854428953,-99.61270109148616,-100.22568135154833,-99.61270109148616,-99.06095120645611,-72.10785908012718,-2.742503607445073,-2.9946051970412846,-2.742503607445073,-2.53492817288908,0.002041260791293787
57.62326075422571,1152.4652150845143,BS13,12,-74.7612755879081,-99.53248813510473,-100.15519940031771,-99.53248813510473,-98.97082462308467,-72.0888083106526,-2.6813026179437087,-2.9396753681737167,-2.6813026179437087,-2.4676541463083663,0.002032344361797511
57.66097231231094,1153.2194462462187,BS13,12,-74.68064455906156,-99.45185710625819,-100.0844957127817,-99.45185710625819,-98.88003780577591,-72.06901972301836,-2.6204200508072417,-2.8850948361416355,-2.6204200508072417,-2.400658501773638,0.0020231237612283403
57.69868387039616,1153.9736774079233,BS13,12,-74.5995495885794,-99.37076213577603,-100.01250112726007,-99.37076213577603,-98.78986676192149,-72.0484659813332,-2.559837337292707,-2.830066065747947,-2.559837337292707,-2.3348823294982215,0.0020135908317807996
57.73639542848139,1154.7279085696277,BS13,12,-74.5180250054538,-99.28923755265042,-99.94130101696307,-99.28923755265042,-98.69769888072781,-72.02716803918,-2.4995679157524053,-2.7761699841960352,-2.4995679157524053,-2.268409038997292,0.002003760028628004
57.774106986566615,1155.4821397313324,BS13,12,-74.43608678596047,-99.2072993331571,-99.86989569671948,-99.2072993331571,-98.60485419948392,-72.00513564710235,-2.4396180522814332,-2.722632401395901,-2.4396180522814332,-2.2022025985292215,0.0019936406183555288
57.81181854465184,1156.2363708930368,BS13,12,-74.35373782441424,-99.12495037161086,-99.79829207077934,-99.12495037161086,-98.51132819452648,-71.98237078266234,-2.379988688722843,-2.669457015553484,-2.379988688722843,-2.1362593858785854,0.0019832383579892086
57.84953010273706,1156.9906020547414,BS13,12,-74.27098143350517,-99.0421939807018,-99.72649747153086,-99.0421939807018,-98.41711657029101,-71.9588757466473,-2.320680863137851,-2.616647660518588,-2.320680863137851,-2.0705757225495045,0.0019725592500165457
57.88724166082229,1157.7448332164458,BS13,12,-74.191182295381,-98.96239484257762,-99.65859489958576,-98.96239484257762,-98.32450945347598,-71.93606926729547,-2.2636433349178158,-2.566721467139425,-2.2636433349178158,-2.006315272955533,0.0019622480042502935
57.924953218907525,1158.4990643781505,BS13,12,-74.10771555142689,-98.87892809862352,-99.58653301788203,-98.87892809862352,-98.22899946429251,-71.91118333144296,-2.20501383380805,-2.5146846175207336,-2.20501383380805,-1.9411699362812773,0.0019510579627273813
57.96266477699275,1159.2532955398551,BS13,12,-74.02385660707658,-98.79506915427321,-99.51430688126852,-98.79506915427321,-98.13279544364327,-71.88557745231097,-2.146710956737782,-2.4630272533936095,-2.146710956737782,-1.8762741695449943,0.0019396106721647872
58.00037633507798,1160.0075267015595,BS13,12,-73.93961078679462,-98.71082333399124,-99.44192575711598,-98.71082333399124,-98.03589438556082,-71.85925538390909,-2.088736304400326,-2.4117538778725534,-2.088736304400326,-1.811624227022374,0.0019279130729270412
58.0380878931632,1160.7617578632642,BS13,12,-73.85498397605151,-98.62619652324814,-99.36939943679069,-98.62619652324814,-97.93829366225167,-71.8322212624779,-2.0310916572228868,-2.360869191674548,-2.0310916572228868,-1.747216376616741,0.0019159723258921832
58.07579945124843,1161.5159890249686,BS13,12,-73.76998265388725,-98.54119520108388,-99.29673825639199,-98.54119520108388,-97.83999106041738,-71.80447961941248,-1.973778994981128,-2.3103781068241815,-1.973778994981128,-1.683046917794182,0.0019037958066227688
58.113511009333656,1162.2702201866732,BS13,12,-73.68461392703703,-98.45582647423366,-99.22395311799093,-98.45582647423366,-97.74098482029508,-71.77603539458927,-1.9168005175711484,-2.2602857608123417,-1.9168005175711484,-1.6191122012758152,0.001891391099249986
58.151222567418884,1163.0244513483776,BS13,12,-73.59888556567485,-98.37009811287147,-99.15105551135825,-98.37009811287147,-97.64127367761165,-71.746893950098,-1.8601586669934258,-2.2105975312090242,-1.8601586669934258,-1.5554086506383042,0.001878765990078331
58.188934125504105,1163.778682510082,BS13,12,-73.51280604081259,-98.28401858800922,-99.0780575361492,-98.28401858800922,-97.54085690863919,-71.71706108437142,-1.8038561505927837,-2.1613190507176787,-1.8038561505927837,-1.4919327859734435,0.0018659284609161364
58.22664568358933,1164.5329136717867,BS13,12,-73.42638456340612,-98.19759711060274,-99.00497192452485,-98.19759711060274,-97.43973437856786,-71.68654304671125,-1.7478959656083837,-2.112456222665472,-1.7478959656083837,-1.42868124977868,0.0018528866821403483
58.26435724167456,1165.287144833491,BS13,12,-73.33963112520529,-98.11084367240191,-98.93181206417297,-98.11084367240191,-97.33790659341302,-71.65534655220152,-1.6922814250789329,-2.064015236914336,-1.6922814250789329,-1.3656508352556924,0.001839649005502683
58.30206879975979,1166.0413759951957,BS13,12,-73.25255654138228,-98.0237690885789,-98.85859202168898,-98.0237690885789,-97.23537475568388,-71.62347879699948,-1.6370161851475342,-2.0160025861737867,-1.6370161851475342,-1.3028385172042,0.001826223956685089
58.33978035784501,1166.7956071569001,BS13,12,-73.16517249497322,-97.93638504216985,-98.78532656627411,-97.93638504216985,-97.13214082406378,-71.5909474739916,-1.5821042738138258,-1.968425082697579,-1.5821042738138258,-1.2402414857196842,0.0018126202276128112
58.377491915930236,1167.5498383186048,BS13,12,-73.07746625298157,-97.84867880017819,-98.71158271867819,-97.84867880017819,-97.02878534832821,-71.55774661938266,-1.527538934925095,-1.9210074544256122,-1.527538934925095,-1.1782067909262224,0.001798840810131906
58.41520347401546,1168.3040694803092,BS13,12,-72.98946712219798,-97.7606796693946,-98.63823807747846,-97.7606796693946,-96.92412821297914,-71.52389383812499,-1.473331925933524,-1.8743080887999315,-1.473331925933524,-1.1160187503886314,0.0017848984796840354
58.45291503210069,1169.0583006420138,BS13,12,-72.90119796256457,-97.67241050976119,-98.56489579354603,-97.67241050976119,-96.81877860016056,-71.48940305270123,-1.4194922325532913,-1.828065874589208,-1.4194922325532913,-1.0540386055136879,0.0017708043208216188
58.49062659018592,1169.8125318037182,BS13,12,-72.81267436810565,-97.58388691530227,-98.49157366776384,-97.58388691530227,-96.71274211100653,-71.45428407975632,-1.3660256725353679,-1.7822890710882382,-1.3660256725353679,-0.9922647816775559,0.001756567606698371
58.52833814827114,1170.5667629654229,BS13,12,-72.72391304983351,-97.49512559703014,-98.41829032501757,-97.49512559703014,-96.60602546757391,-71.41854731565887,-1.3129386014357636,-1.7369863452464764,-1.3129386014357636,-0.9306961359067506,0.0017421977352187641
58.56604970635637,1171.3209941271273,BS13,12,-72.63493189130286,-97.40614443849948,-98.34506523850294,-97.40614443849948,-96.49863660216535,-71.38220375392808,-1.2602379507039998,-1.6921667899511248,-1.2602379507039998,-0.8693320122150262,0.001727704220095575
58.603761264441594,1172.075225288832,BS13,12,-72.5457500059537,-97.31696255315033,-98.27191875383143,-97.31696255315033,-96.39058475265215,-71.34526500284244,-1.2079312673776057,-1.647839942395272,-1.2079312673776057,-0.8081723014985703,0.001713096681732747
58.64147282252682,1172.8294564505363,BS13,12,-72.45698010474948,-97.2281926519461,-98.2086921225788,-97.2281926519461,-96.26862270049008,-71.3080707301339,-1.156292193103404,-1.6098129933741325,-1.156292193103404,-0.7397312434948448,0.001698512671333327
58.67918438061204,1173.583687612241,BS13,12,-72.36834115153286,-97.13955369872949,-98.13662499407697,-97.13955369872949,-96.1600397210834,-71.2704655660639,-1.1051948063816037,-1.5668476882058227,-1.1051948063816037,-0.6793547112611157,0.00168389355425665
58.71689593869727,1174.3379187739454,BS13,12,-72.27959983439999,-97.05081238159661,-98.06472652271748,-97.05081238159661,-96.05087105972277,-71.23232116612668,-1.0545339388551773,-1.5244183287037372,-1.0545339388551773,-0.6192038443205072,0.001669193133702889
58.7546074967825,1175.09214993565,BS13,12,-72.19078177533969,-96.96199432253631,-97.9930211551724,-96.96199432253631,-95.9411341614246,-71.19365235070708,-1.0043204355187976,-1.4825364944156039,-1.0043204355187976,-0.5592822938312746,0.0016544213806375236
58.792319054867725,1175.8463810973544,BS13,12,-72.10191414319246,-96.87312669038909,-97.92153430770797,-96.87312669038909,-95.83084842878442,-71.15447463984411,-0.9545659887901808,-1.441214293401882,-0.9545659887901808,-0.49959469263438366,0.0016395883184350578
58.830030612952946,1176.600612259059,BS13,12,-72.01302571680348,-96.78423826400011,-97.85029238399845,-96.78423826400011,-95.72003536027096,-71.11480426935059,-0.9052831854996318,-1.4004643779833235,-0.9052831854996318,-0.44014675031301126,0.0016247040128375301
58.867742171038174,1177.3548434207635,BS13,12,-71.92414694867342,-96.69535949587005,-97.7793227915586,-96.69535949587005,-95.60871869617145,-71.07465820653064,-0.8564855547792843,-1.360299959793725,-0.8564855547792843,-0.38094535471331914,0.001609778561818787
58.9054537291234,1178.109074582468,BS13,12,-71.83502792431138,-96.606240471508,-97.69930530765477,-96.606240471508,-95.51103053197586,-71.03389923685205,-0.8080601936201541,-1.3155611952838988,-0.8080601936201541,-0.329432398384582,0.0015947652840408695
58.94316528720863,1178.8633057441725,BS13,12,-71.74526372387648,-96.5164762710731,-97.62803717962066,-96.5164762710731,-95.39786142096195,-70.99230531079291,-0.7598239028268952,-1.2762289885264342,-0.7598239028268952,-0.27030708286059646,0.0015795885685838864
58.980876845293864,1179.6175369058772,BS13,12,-71.65557352535484,-96.42678607255147,-97.55710491328817,-96.42678607255147,-95.28422383208779,-70.95027123424947,-0.7121017040813392,-1.2375134685634228,-0.7121017040813392,-0.21143443966949121,0.0015643977480988397
59.018588403379084,1180.3717680675818,BS13,12,-71.56599413423102,-96.33720668142765,-97.48653979618938,-96.33720668142765,-95.17014975743537,-70.90781650763431,-0.6649109465630794,-1.1994301860458894,-0.6649109465630794,-0.15282601203513507,0.0015492029623646664
59.05629996146431,1181.1259992292862,BS13,12,-71.47656435852508,-96.24777690572171,-97.41637420350224,-96.24777690572171,-95.05567420698303,-70.86496144452062,-0.6182701687684334,-1.1619953251180963,-0.6182701687684334,-0.09449507100527296,0.0015340143384080327
59.09401151954954,1181.8802303909908,BS13,12,-71.38732507314609,-96.15853762034271,-97.34664160453345,-96.15853762034271,-94.94083540469285,-70.82172718448348,-0.5721991499771317,-1.1252257129029866,-0.5721991499771317,-0.03645675987519753,0.0015188419800360982
59.13172307763477,1182.6344615526953,BS13,12,-71.29831928228523,-96.06953182948186,-97.27737656629009,-96.06953182948186,-94.8256749928428,-70.77813570474297,-0.5267189609567354,-1.0891388272138376,-0.5267189609567354,0.021271753688678244,0.0015036959573340113
59.16943463571999,1183.3886927144,BS13,12,-71.20791011328889,-95.97912266048552,-97.14503789637814,-95.97912266048552,-94.81131902661454,-70.73328713906622,-0.48109126552774834,-1.0215891417073497,-0.48109126552774834,0.028552015367294053,0.0014882705389802683
59.207146193805215,1184.1429238761043,BS13,12,-71.11207924046239,-95.88329178765902,-97.07012349058706,-95.88329178765902,-94.68860710473842,-70.68497924382906,-0.433496790510314,-0.9841658379359786,-0.433496790510314,0.08892722483651282,0.001471832013693304
59.24485775189044,1184.897155037809,BS13,12,-71.01633638154603,-95.78754892874265,-96.99560728577697,-95.78754892874265,-94.5653074004967,-70.63623440727608,-0.38642742447327433,-0.9473972585624144,-0.38642742447327433,0.14911884216794366,0.0014554285695182062
59.28256930997567,1185.6513861995134,BS13,12,-70.92072662136032,-95.69193916855694,-96.92152691572258,-95.69193916855694,-94.44145798633788,-70.58707433341985,-0.3399065920116531,-0.9113036048204124,-0.3399065920116531,0.20911071522109798,0.0014390702760339001
59.32028086806089,1186.405617361218,BS13,12,-70.82529765958931,-95.59651020678594,-96.84792136558605,-95.59651020678594,-94.31710095659399,-70.53752173076644,-0.29395932791326423,-0.8759058895008652,-0.29395932791326423,0.2688842716621568,0.0014227671627135281
59.35799242614612,1187.1598485229224,BS13,12,-70.73009989955989,-95.50131244675651,-96.77483097736649,-95.50131244675651,-94.19228271747076,-70.48760033158155,-0.2486123466262719,-0.8412259457685498,-0.2486123466262719,0.32841830324991067,0.0014065292084366437
59.395703984231346,1187.9140796846268,BS13,12,-70.63518653392711,-95.40639908112374,-96.70229745103069,-95.40639908112374,-94.06705429108544,-70.43733490966156,-0.20389411012769942,-0.8072864331887767,-0.20389411012769942,0.3876887375301777,0.0013903663309631621
59.433415542316574,1188.6683108463315,BS13,12,-70.5406136262356,-95.31182617343222,-96.63036384086978,-95.31182617343222,-93.94147163305163,-70.38675129634136,-0.1598348934312327,-0.7741108406400943,-0.1598348934312327,0.44666839714083373,0.0013742883763698066
59.4711271004018,1189.4225420080359,BS13,12,-70.44644018728408,-95.21765273448071,-96.55907454667737,-95.21765273448071,-93.81559596289449,-70.33587639448679,-0.11646684691324098,-0.7417234858091187,-0.11646684691324098,0.5053267471277639,0.001358305108461035
59.50883865848702,1190.1767731697405,BS13,12,-70.3527282450509,-95.12394079224752,-96.48847529927932,-95.12394079224752,-93.68949410620148,-70.28473819016912,-0.07382405451766899,-0.7101495109302585,-0.07382405451766899,0.5636296309604918,0.0013424261981556653
59.54655021657225,1190.931004331445,BS13,12,-70.26012425246604,-95.03133679966267,-96.4234030489265,-95.03133679966267,-93.55610227469028,-70.23368242888333,-0.03220768538913946,-0.681523977051419,-0.03220768538913946,0.6248168131772754,0.0013267578219483993
59.58426177465748,1191.6852354931495,BS13,12,-70.16816678138503,-94.93937932858165,-96.35485825857002,-94.93937932858165,-93.4304339048017,-70.18245020060829,0.008585131348386042,-0.6518760150164,0.008585131348386042,0.6819772608773454,0.0013112188719669536
59.621973332742705,1192.439466654854,BS13,12,-70.07689977294788,-94.84811232014451,-96.28716184821594,-94.84811232014451,-93.30481750268528,-70.1310578016405,0.04852673087445804,-0.6231276623349271,0.04852673087445804,0.7386351406495568,0.0012958139481471947
59.659684890827926,1193.1936978165586,BS13,12,-69.98639822856367,-94.7576107757603,-96.22036454193672,-94.7576107757603,-93.1793476868612,-70.07953782109348,0.08757466110346494,-0.5953071351849599,0.08757466110346494,0.7947379059572866,0.0012805522069791672
59.69739644891315,1193.947928978263,BS13,12,-69.89674031975895,-94.66795286695557,-96.15451818696698,-94.66795286695557,-93.05412650525767,-70.02792392337412,0.12568437577764174,-0.5684433645964979,0.12568437577764174,0.8502279347528929,0.0012654426554984857
59.73510800699838,1194.7021601399676,BS13,12,-69.80800738085105,-94.57921992804768,-96.08967569385528,-94.57921992804768,-92.92926378603873,-69.97625083675005,0.1628092304075125,-0.5425659614546866,0.1628092304075125,0.9050422432049707,0.0012504941406408648
59.77281956508361,1195.456391301672,BS13,12,-69.72028388326508,-94.49149643046171,-96.02589096800747,-94.49149643046171,-92.80487747605648,-69.92455433698456,0.198900491635888,-0.5177051756000388,0.198900491635888,0.959112206933582,0.0012357153386020365
59.81053112316883,1196.2106224633767,BS13,12,-69.63365738951475,-94.40486993671138,-95.96321883228998,-94.40486993671138,-92.68109396068976,-69.87287122561808,0.23390736158462422,-0.49389184879819775,0.23390736158462422,1.0123632948948713,0.001221114744202366
59.84824268125406,1196.964853625081,BS13,12,-69.5482184848817,-94.31943103207833,-95.90171494044411,-94.31943103207833,-92.5580483579504,-69.82123930249061,0.2677770187438353,-0.47115736140744946,0.2677770187438353,1.0647148218579523,0.001206700660261066
59.885954239339284,1197.7190847867857,BS13,12,-69.46406068478609,-94.23527323198272,-95.84143568107888,-94.23527323198272,-92.43588477872655,-69.76969733207389,0.30045467697953826,-0.44953357259841403,0.30045467697953826,1.1160797262981554,0.001192481186977774
59.92366579742451,1198.4733159484902,BS13,12,-69.38128031588596,-94.15249286308259,-95.7824380720798,-94.15249286308259,-92.31475654405433,-69.71828500318874,0.3318836641975732,-0.4290527540352927,0.3318836641975732,1.1663643814123406,0.0011784642113204038
59.96137735550973,1199.2275471101948,BS13,12,-69.29997636903843,-94.07118891623506,-95.72477964536645,-94.07118891623506,-92.19482634933736,-69.66704288169935,0.36200552212274506,-0.40974751699928347,0.36200552212274506,1.2154684478401343,0.0011646573964206855
59.99908891359496,1199.9817782718992,BS13,12,-69.22025032234707,-93.9914628695437,-95.66851832198431,-93.9914628695437,-92.07626636445886,-69.61601235577496,0.3907601285590595,-0.3916507329858846,0.3907601285590595,1.2632847775415683,0.0011510681709746686
60.036800471680195,1200.7360094336038,BS13,12,-69.14220593270552,-93.91341847990215,-95.61371227762696,-93.91341847990215,-91.9592582578676,-69.56523557333479,0.41808584333692783,-0.37479544789203184,0.41808584333692783,1.3096993790617408,0.0011377037186476031
60.07451202976542,1201.4902405953085,BS13,12,-69.06594899444298,-93.8371615416396,-95.56041979875741,-93.8371615416396,-91.8439931319463,-69.5147553713041,0.4439196789697001,-0.35921478997515105,0.4439196789697001,1.3545914550950782,0.0011245709674790512
60.11222358785065,1202.244471757013,BS13,12,-68.99158706398823,-93.76279961118486,-95.50869912963617,-93.76279961118486,-91.73067135643699,-69.46461519635567,0.46819749677698275,-0.34494187186883324,0.46819749677698275,1.3978335237460158,0.0011116765792882318
60.14993514593587,1202.9987029187175,BS13,12,-68.9192291497849,-93.69044169698152,-95.4586083106536,-93.69044169698152,-91.61950228636768,-69.41485901683947,0.49085422894511,-0.33200968701718564,0.49085422894511,1.4392916351568397,0.0010990269390767954
60.1876467040211,1203.752934080422,BS13,12,-68.84964644169455,-93.62085898889117,-95.41458169812717,-93.62085898889117,-91.50284889451368,-69.36588887467026,0.511520312409932,-0.321579430391934,0.511520312409932,1.4815573996942835,0.0010867175365692403
60.225358262106326,1204.5071652421266,BS13,12,-68.78273523364437,-93.553947780841,-95.36871699243481,-93.553947780841,-91.39819479381603,-69.31763377705582,0.5302285725632195,-0.31174791232333204,0.5302285725632195,1.5182447541758106,0.0010747225975429246
60.263069820191554,1205.261396403831,BS13,12,-68.71819009362001,-93.48940264081664,-95.32466607482449,-93.48940264081664,-91.2964463382752,-69.26991358533753,0.5471045264017842,-0.30335835213364404,0.5471045264017842,1.5526707191524862,0.0010629906928077124
60.300781378276774,1206.0156275655356,BS13,12,-68.65612088793101,-93.42733343512764,-95.28248360690316,-93.42733343512764,-91.19784281059435,-69.22277296980275,0.5620829558984743,-0.29644159018601524,0.5620829558984743,1.5846804105467778,0.0010515268931324752
60.338492936362,1206.76985872724,BS13,12,-68.59663668131385,-93.36784922851048,-95.24222306598433,-93.36784922851048,-91.10262833289438,-69.17625647696805,0.5750993222784233,-0.29102772833042734,0.5750993222784233,1.6141157840785942,0.001040335935792489
60.37620449444723,1207.5240898889447,BS13,12,-68.53984522567147,-93.3110577728681,-95.20393654766758,-93.3110577728681,-91.01105059115447,-69.13040838359994,0.5860901313458623,-0.2871460068907528,0.5860901313458623,1.6408166737591936,0.0010294222140106119
60.41391605253246,1208.278321050649,BS13,12,-68.48585242479956,-93.25706497199619,-95.1676745664372,-93.25706497199619,-90.92335938194739,-69.08527254193447,0.5949933140233344,-0.2848246816171976,0.5949933140233344,1.6646219760748955,0.001018789766390211
60.45162761061768,1209.0325522123537,BS13,12,-68.43476177914904,-93.20597432634567,-95.13348585566675,-93.20597432634567,-90.83980498513836,-69.04089221646201,0.6017486184198347,-0.28409090170492085,0.6017486184198347,1.6853709753139114,0.0010084422663447126
60.489339168702905,1209.7867833740581,BS13,12,-68.38667381529673,-93.15788636249336,-95.10141716846337,-93.15788636249336,-90.76063637115054,-68.99730991273441,0.6062980092130561,-0.2849705900136141,0.6062980092130561,1.7029048008682044,0.0009983830115253896
60.52705072678813,1210.5410145357628,BS13,12,-68.34168550545735,-93.11289805265397,-95.0715130808814,-93.11289805265397,-90.68609925693201,-68.95456719877926,0.6085860695975023,-0.28748832667708824,0.6085860695975023,1.7170680022151052,0.0009886149132538123
60.56476228487336,1211.2952456974672,BS13,12,-68.29988968294165,-93.07110223013828,-95.04381579908193,-93.07110223013828,-90.61643403061488,-68.91270451982267,0.6085604005949092,-0.29166723731249566,0.6085604005949092,1.727710221869458,0.0009791404859667689
60.60247384295859,1212.0494768591716,BS13,12,-68.26137445998557,-93.0325870071822,-95.01836497206111,-93.0325870071822,-90.55187357089966,-68.87176100714883,0.6061720121303165,-0.2975288870522462,0.6061720121303165,1.7346879410604756,0.0009699618366853465
60.64018540104381,1212.8037080208762,BS13,12,-68.22622265475563,-92.99743520195226,-94.99519751155906,-92.99743520195226,-90.49264099309288,-68.8317742820333,0.6013757000053983,-0.30509318159479903,0.6013757000053983,1.7378662675237475,0.000961080654519783
60.677896959129036,1213.5579391825806,BS13,12,-68.19269344278662,-92.96390598998325,-94.96554841368571,-92.96390598998325,-90.45546659134239,-68.79178109785693,0.5949499882069278,-0.31694172975298485,0.5949499882069278,1.7383626340808578,0.0009522792979494136
60.715608517214264,1214.3121703442853,BS13,12,-68.15920767260602,-92.93042021980264,-94.94355101287867,-92.93042021980264,-90.39871777122505,-68.75089797776434,0.5875913879428561,-0.3266168052388456,0.5875913879428561,1.7380594178778048,0.0009433653186692859
60.75332007529949,1215.0664015059897,BS13,12,-68.12923742032463,-92.90044996752125,-94.9239079248701,-92.90044996752125,-90.34769056158247,-68.71102325273739,0.5777243596311573,-0.33804784588570297,0.5777243596311573,1.7336919371059254,0.0009347515156140217
60.79103163338471,1215.8206326676943,BS13,12,-68.10285064161276,-92.87406318880939,-94.90664869769972,-92.87406318880939,-90.30257706869313,-68.67219055042197,0.565314573303388,-0.351250622341393,0.565314573303388,1.7251542371532331,0.0009264383437634923
60.82874319146994,1216.5748638293987,BS13,12,-68.08010799870465,-92.85132054590127,-94.89179952901804,-92.85132054590127,-90.26355119343879,-68.63443124484904,0.5503327408141916,-0.36623894991893746,0.5503327408141916,1.7123556801128814,0.0009184257973005065
60.86645474955517,1217.3290949911034,BS13,12,-68.06106240856596,-92.83227495576259,-94.87938313595147,-92.83227495576259,-90.23076650569337,-68.59777424138633,0.5327548526725963,-0.3830246376752989,0.5327548526725963,1.6952224700669727,0.0009107133987522817
60.904166307640395,1218.0833261528078,BS13,12,-68.04575864106802,-92.81697118826465,-94.86941864082387,-92.81697118826465,-90.20435430317868,-68.56224576335137,0.5125623665272919,-0.40161745055112474,0.5125623665272919,1.6736989777106486,0.0009033001882896272
60.941877865725615,1218.8375573145124,BS13,12,-68.03423297346836,-92.80544552066499,-94.8619214739537,-92.80544552066499,-90.18442190429332,-68.52786914198441,0.4897423427044875,-0.4220250852107879,0.4897423427044875,1.6477488203473178,0.0008961847132368169
60.97958942381084,1219.5917884762168,BS13,12,-68.03060439936911,-92.80181694656574,-94.86086750822145,-92.80181694656574,-90.17466067464218,-68.49697663133365,0.46250599340269827,-0.438801989755941,0.46250599340269827,1.6049356688978256,0.0008898381868270584
61.01730098189607,1220.3460196379215,BS13,12,-68.031329411553,-92.80254195874963,-94.86133867070423,-92.80254195874963,-90.17591715146368,-68.46759464318687,0.43242505012225824,-0.4639513415952951,0.43242505012225824,1.5662173415116774,0.0008838436502032355
61.0550125399813,1221.1002507996259,BS13,12,-68.03588027642411,-92.80709282362074,-94.86429670555115,-92.80709282362074,-90.18380080327529,-68.43943622006906,0.3997405693395383,-0.49090805574814933,0.3997405693395383,1.523157795725177,0.0008781366121610869
61.09272409806653,1221.8544819613305,BS13,12,-68.04424607614608,-92.8154586233427,-94.86973699754586,-92.8154586233427,-90.1982789026694,-68.41250656866129,0.3644686930201754,-0.5196687057451613,0.3644686930201754,1.4758240452783271,0.0008727130635356428
61.130435656151754,1222.6087131230352,BS13,12,-68.05640680374478,-92.8276193509414,-94.87765107596,-92.8276193509414,-90.21929167351456,-68.3868069692644,0.3266307282284489,-0.5502279266610259,0.3266307282284489,1.4243017898966184,0.0008675684562406701
61.16814721423698,1223.3629442847396,BS13,12,-68.07233352193772,-92.84354606913435,-94.88802665839836,-92.84354606913435,-90.24675310774654,-68.36233465359685,0.28625286612182654,-0.5825784879571771,0.28625286612182654,1.3686941338534704,0.0008626976972582208
61.20585877232221,1224.1171754464442,BS13,12,-68.09198859105518,-92.86320113825181,-94.90084771404864,-92.86320113825181,-90.28055212467692,-68.33908270038359,0.2433658496407517,-0.6167113781094458,0.2433658496407517,1.309120011491412,0.0008580951435721122
61.24357033040744,1224.8714066081486,BS13,12,-68.11532596231363,-92.88653850951026,-94.91609454565643,-92.88653850951026,-90.32055404044796,-68.31703995010935,0.19800459500584677,-0.6526158999532538,0.19800459500584677,1.2457123584184604,0.000853754598176755
61.28128188849266,1225.6256377698533,BS13,12,-68.1418502456822,-92.91306279287883,-94.93481327868194,-92.91306279287883,-90.3623141706001,-68.29593019927509,0.150388539656861,-0.6931025586187852,0.150388539656861,1.1841409570367936,0.0008496183398901318
61.318993446577885,1226.3798689315577,BS13,12,-68.17119341035774,-92.94240595755437,-94.9540517875167,-92.94240595755437,-90.41225508607445,-68.27554678638819,0.10067923967281275,-0.7322439458455968,0.10067923967281275,1.114370178649107,0.0008456434025840876
61.35670500466311,1227.1341000932623,BS13,12,-68.20405101181616,-92.97526355901279,-94.97564274148993,-92.97526355901279,-90.46792389714315,-68.25631435135801,0.04860543103791405,-0.7731242331840217,0.04860543103791405,1.0411815004143405,0.0008419099540408815
61.39441656274834,1227.8883312549667,BS13,12,-68.24034976528641,-93.01156231248304,-94.99955402972918,-93.01156231248304,-90.5291165165012,-68.23820555805733,-0.005786901474501074,-0.8157277837408972,-0.005786901474501074,0.9647400514563437,0.0008384096848119765
61.43212812083356,1228.6425624166714,BS13,12,-68.28001007445285,-93.05122262164947,-95.02575048489602,-93.05122262164947,-90.5956149807699,-68.22118869486505,-0.062449834621726215,-0.8600378428969829,-0.062449834621726215,0.8852143952085512,0.000835133728724869
61.46983967891879,1229.3967935783758,BS13,12,-68.32294658164847,-93.09415912884509,-95.05419404953524,-93.09415912884509,-90.66718979203668,-68.2052277142584,-0.12133401731446297,-0.9060366678593724,-0.12133401731446297,0.8027742193209433,0.0008320726678743401
61.507551237004016,1230.1510247400804,BS13,12,-68.36906873987085,-93.14028128706748,-95.08484395253213,-93.14028128706748,-90.74360225192574,-68.19028229638589,-0.18238917909087377,-0.9537056579029729,-0.18238917909087377,0.7175881089681795,0.0008292165398052202
61.54526279508924,1230.9052559017848,BS13,12,-68.41828139920425,-93.18949394640087,-95.11765689405,-93.18949394640087,-90.82460674602078,-68.1763079365877,-0.24556462905984655,-1.003025483666842,-0.24556462905984655,0.6298214446933433,0.000826554847075474
61.58297435317447,1231.6594870634895,BS13,12,-68.47048540039793,-93.24169794759456,-95.15258723726026,-93.24169794759456,-90.90995294168667,-68.16325605660121,-0.31080973832653896,-1.0539762138877122,-0.31080973832653896,0.5396344595880624,0.0008240765693845556
61.62068591125969,1232.4137182251939,BS13,12,-68.52567014753633,-93.29688269473296,-95.18520794932883,-93.29688269473296,-91.01019593692243,-68.15113188487918,-0.3781086798629588,-1.1003854559559738,-0.3781086798629588,0.4362889830049103,0.0008217810961958221
61.65839746934492,1233.1679493868985,BS13,12,-68.58517351155271,-93.35638605874934,-95.2253645323314,-93.35638605874934,-91.10586563727398,-68.14079314938391,-0.4479422932938273,-1.1548810549919413,-0.4479422932938273,0.3408350236875411,0.0008198287077328234
61.69610902743015,1233.922180548603,BS13,12,-68.64731099798318,-93.41852354517981,-95.26747197744496,-93.41852354517981,-91.2050082346234,-68.13119703750431,-0.5196680331139822,-1.2109275770267671,-0.5196680331139822,0.243462952963075,0.0008180207053907828
61.733820585515375,1234.6764117103075,BS13,12,-68.71197152296847,-93.4831840701651,-95.31147615794858,-93.4831840701651,-91.30737280771656,-68.12227909763236,-0.5932392103904686,-1.2685030305755207,-0.5932392103904686,0.14429436835975765,0.0008163440491652515
61.771532143600595,1235.430642872012,BS13,12,-68.77904311306374,-93.55025566026036,-95.35732170663462,-93.55025566026036,-91.41271333173525,-68.11397184227131,-0.6686112807448373,-1.3275853963183943,-0.6686112807448373,0.043438714465117434,0.0008147852965932936
61.80924370168582,1236.1848740337164,BS13,12,-68.8484134090279,-93.61962595622452,-95.40495221578496,-93.61962595622452,-91.52078984112185,-68.10620499639504,-0.7457420999242073,-1.388152706631438,-0.7457420999242073,-0.0590072541804251,0.0008133306352229201
61.84695525977105,1236.939105195421,BS13,12,-68.91997013871031,-93.69118268590694,-95.45431043279369,-93.69118268590694,-91.63136941018739,-68.0989057620236,-0.8245921322692168,-1.4501831136243504,-0.8245921322692168,-0.16295979551386128,0.0008119659187238032
61.88466681785628,1237.6933363571254,BS13,12,-68.99360155681103,-93.76481410400766,-95.50533845031048,-93.76481410400766,-91.74422695908262,-68.09199909752074,-0.9051246113498594,-1.513654945052923,-0.9051246113498594,-0.2683483018925192,0.0008106767067009655
61.9223783759415,1238.44756751883,BS13,12,-69.06919685002605,-93.84040939722267,-95.55797788996611,-93.84040939722267,-91.8591458953286,-68.08540801011421,-0.9873056527796336,-1.5785467476580235,-0.9873056527796336,-0.3751152381190983,0.0008094483082495829
61.960089934026726,1239.2017986805345,BS13,12,-69.14664650662786,-93.91785905382449,-95.61217007880674,-93.91785905382449,-91.97591860284305,-68.07905386007087,-1.0711043198265315,-1.6448373176090494,-1.0711043198265315,-0.4832159136202564,0.0008082658292457209
61.997801492111954,1239.956029842239,BS13,12,-69.22540301513945,-93.99661556233607,-95.67275443127404,-93.99661556233607,-92.08266871404116,-68.07255769173862,-1.1563517499612994,-1.7188149637955292,-1.1563517499612994,-0.5821234602196151,0.000807058705573117
62.03551305019718,1240.7102610039435,BS13,12,-69.3051021602294,-94.07631470742602,-95.72900745270837,-94.07631470742602,-92.20115823728742,-68.06565315129734,-1.242949867546699,-1.7876344855225703,-1.242949867546699,-0.6923634337179206,0.0008057776725487411
62.07322460828241,1241.4644921656482,BS13,12,-69.38637700236497,-94.15758954956159,-95.78665595829366,-94.15758954956159,-92.32101578500901,-68.0587551701149,-1.331117137033705,-1.8578094429348033,-1.331117137033705,-0.8039100102522468,0.0008044998853310472
62.11093616636764,1242.2187233273528,BS13,12,-69.46912622484847,-94.24033877204509,-95.84564209715772,-94.24033877204509,-92.44206953419453,-68.05178157699277,-1.4208343468827278,-1.9293202274733994,-1.4208343468827278,-0.9167624970659924,0.0008032101497627171
62.148647724452864,1242.9729544890572,BS13,12,-69.55325099466418,-94.32446354186081,-95.90590840810333,-94.32446354186081,-92.56415711234374,-68.04465003397762,-1.5120849362825994,-2.0021474336235845,-1.5120849362825994,-1.03093030933302,0.0008018933387297092
62.18635928253809,1243.7271856507618,BS13,12,-69.63882769133602,-94.41004023853264,-95.67913085968503,-94.41004023853264,-93.21339731045373,-68.03776307825233,-1.6045430704488024,-2.8480993671307555,-1.6045430704488024,-0.5013274828772569,0.0008006237371984968
62.22407084062332,1244.4814168124663,BS13,12,-69.72922862887484,-94.50044117607146,-96.03206832212844,-94.50044117607146,-92.81821555697762,-68.04061999973742,-1.6920893745735879,-2.142708969560582,-1.6920893745735879,-1.2592530391181669,0.0008011501630827033
62.26178239870854,1245.235647974171,BS13,12,-69.81711330359022,-94.58832585078684,-96.09600731707994,-94.58832585078684,-92.94271646425574,-68.03292155199381,-1.7876663348787623,-2.2191654765970217,-1.7876663348787623,-1.3773540705445777,0.000799732410469532
62.29949395679377,1245.9898791358753,BS13,12,-69.90599663663825,-94.67720918383488,-96.16099746265147,-94.67720918383488,-93.06767774026764,-68.02474754429986,-1.8847171447448812,-2.296849957347621,-1.8847171447448812,-1.496876609731714,0.0007982298222271135
62.337205514878995,1246.74411029758,BS13,12,-69.99579450143682,-94.76700704863345,-96.22698494423673,-94.76700704863345,-93.1929824293215,-68.01602076071083,-1.9832348341420771,-2.375742840477679,-1.9832348341420771,-1.6178669851613638,0.0007966287332459144
62.37491707296422,1247.4983414592843,BS13,12,-70.08437767879757,-94.85559022599419,-96.3093095294796,-94.85559022599419,-93.28400380721084,-68.00513222241813,-2.0826978865291284,-2.4762850824834666,-2.0826978865291284,-1.7079526842833592,0.0007946355295580883
62.412628631049444,1248.252572620989,BS13,12,-70.17314436062408,-94.9443569078207,-96.37494642289963,-94.9443569078207,-93.40690732851988,-67.99306810594528,-2.183519111545134,-2.557223651191683,-2.183519111545134,-1.8311183868237866,0.0007924329488171811
62.45034018913467,1249.0068037826934,BS13,12,-70.26269184819442,-95.03390439539105,-96.44148121972059,-95.03390439539105,-93.53001655290595,-67.98025293061548,-2.285871634234488,-2.6393715887760894,-2.285871634234488,-1.9559792048196316,0.0007900999265006191
62.4880517472199,1249.761034944398,BS13,12,-70.35294686101626,-95.12415940821289,-96.5088645424138,-95.12415940821289,-93.65323751723406,-67.96661561580979,-2.389753203906661,-2.7227094430908756,-2.389753203906661,-2.082594828848192,0.0007876247698353782
62.52576330530513,1250.5152661061024,BS13,12,-70.44383910374006,-95.21505165093669,-96.577048113885,-95.21505165093669,-93.77648302841624,-67.95208791941067,-2.4951617197577827,-2.8072171420285685,-2.4951617197577827,-2.211026989859625,0.000784996532539207
62.563474863390354,1251.269497267807,BS13,12,-70.535301251033,-95.30651379822963,-96.64598480170983,-95.30651379822963,-93.899672337625,-67.9366047638934,-2.6020948899676273,-2.8928738748179454,-2.6020948899676273,-2.341338593429071,0.0007822050871555757
62.601186421475575,1252.0237284295115,BS13,12,-70.62726891987434,-95.39848146707097,-96.71562865527731,-95.39848146707097,-94.02273081339459,-67.92010455669599,-2.7105498839282376,-2.979657969725297,-2.7105498839282376,-2.473592870264584,0.0007792411948358373
62.6388979795608,1252.7779595912161,BS13,12,-70.71968063079174,-95.49089317798837,-96.78593493620399,-95.49089317798837,-94.14558961674348,-67.90252950414104,-2.8205229798476923,-3.067546769139618,-2.8205229798476923,-2.607852545574112,0.0007760965718611539
62.67660953764603,1253.5321907529205,BS13,12,-70.81247775953398,-95.5836903067306,-96.85686014244843,-95.5836903067306,-94.26818538097619,-67.8838259182548,-2.932009209875588,-3.156516503057445,-2.932009209875588,-2.7441790292385124,0.0007727639522048275
62.71432109573126,1254.2864219146252,BS13,12,-70.90560448052065,-95.67681702771728,-96.92836202650908,-95.67681702771728,-94.39045989826707,-67.86394451583078,-3.045002004740813,-3.2465421619643653,-3.045002004740813,-2.8826316280961333,0.0007692371454426745
62.75203265381648,1255.0406530763296,BS13,12,-70.9995590796407,-95.77077162683733,-96.99209043686207,-95.77077162683733,-94.52774546230013,-67.84332460251827,-3.1595606931365117,-3.3265569023337056,-3.1595606931365117,-3.0417643732059036,0.0007655963224759852
62.789744211901706,1255.7948842380342,BS15,14,-71.02440095067877,-95.7956134978754,-96.92184057094865,-95.7956134978754,-94.65015938158538,-67.85512948743515,-3.1726067293190123,-3.211019526441446,-3.18580433848032,-3.169417759635752,0.0007676785785436418
62.82745576998693,1256.5491153997386,BS15,14,-70.92031770760666,-95.69153025480328,-96.83980585138589,-95.69153025480328,-94.57469164843448,-67.92801577610294,-2.9956936226156183,-3.0715603616401497,-3.014602367111159,-2.9923489166124773,0.000780660865059388
62.86516732807216,1257.3033465614433,BS15,14,-70.81605373931001,-95.58726628650663,-96.75801067697601,-95.58726628650663,-94.4425847335484,-68.00105336548405,-2.8184495642913654,-2.935147530691118,-2.8222414478420847,-2.796677127013916,0.0007938901571799836
62.90287888615738,1258.0575777231477,BS15,14,-70.71172440456026,-95.48293695175688,-96.69346986533058,-95.48293695175688,-94.2817136063581,-68.074267271702,-2.640964939421497,-2.8273426466355893,-2.640964939421497,-2.5332039429334916,0.0008073762064547193
62.94059044424261,1258.8118088848523,BS15,14,-70.60900702294761,-95.38021957014423,-96.61393727741955,-95.38021957014423,-94.14922024138923,-68.1490035313641,-2.46357216017679,-2.6913131442691123,-2.46357216017679,-2.301076091921699,0.0008213787940766242
62.97830200232784,1259.5660400465567,BS15,14,-70.50631324318402,-95.27752579038065,-96.53481108714843,-95.27752579038065,-94.01591754565429,-68.22370829973696,-2.286235503298003,-2.5555184561427375,-2.286235503298003,-2.069001479906722,0.0008356179758849834
63.016013560413064,1260.3202712082611,BS15,14,-70.40369364951614,-95.17490619671277,-96.45613424955602,-95.17490619671277,-93.88184310352206,-68.29834490193241,-2.1090422136653766,-2.4200325186800664,-2.1090422136653766,-1.8356048710072181,0.0008500904623066912
63.05372511849829,1261.0745023699658,BS15,14,-70.30120208426226,-95.07241463145888,-96.37795139431672,-95.07241463145888,-93.74703929182428,-68.37287821289732,-1.9320812438472212,-2.2849300829496473,-1.9320812438472212,-1.6036942061813715,0.0008647928376030275
63.09143667658351,1261.8287335316702,BS15,14,-70.19889577731443,-94.97010832451106,-96.30030883737977,-94.97010832451106,-93.61155367948773,-68.44727461065202,-1.7554434303554245,-2.1502867340609066,-1.7554434303554245,-1.3720069243618909,0.0008797215579989941
63.12914823466874,1262.5829646933748,BS15,14,-70.09683547287028,-94.86804802006691,-96.22325458704599,-94.86804802006691,-93.47543945189237,-68.52150192918668,-1.5792216674735413,-2.0161789065882756,-1.5792216674735413,-1.140300632772044,0.0008948729500135953
63.166859792753975,1263.3371958550795,BS15,14,-69.99508555202695,-94.76629809922358,-96.1468383438882,-94.76629809922358,-93.33875586002127,-68.59552941125834,-1.4035110770473,-1.8826838952312455,-1.4035110770473,-0.9086611397912083,0.0009102432089919551
63.2045713508392,1264.091427016784,BS15,14,-69.8937141496703,-94.66492669686693,-96.07111149386962,-94.66492669686693,-93.20156869409868,-68.66932766122079,-1.2284091725382038,-1.749879859951998,-1.2284091725382038,-0.6771789488370307,0.0009258283978224671
63.24228290892442,1264.8456581784885,BS15,14,-69.79176357527739,-94.56297612247401,-95.9647752244742,-94.56297612247401,-93.11854872501021,-68.74222928052019,-1.0536250423727687,-1.5648638964918864,-1.0536250423727687,-0.5378771118395582,0.0009414859715931322
63.27999446700965,1265.599889340193,BS15,14,-69.68726146620347,-94.45847401340009,-95.8870655706086,-94.45847401340009,-92.97659992875113,-68.81306562277848,-0.8783538288026687,-1.4324659751129252,-0.8783538288026687,-0.3051906459505219,0.0009569533425819092
63.31770602509488,1266.3541205018976,BS15,14,-69.58318927288468,-94.3544018200813,-95.81011103998644,-94.3544018200813,-92.83410820059416,-68.88368942372429,-0.7037259701906472,-1.3008320245065152,-0.7037259701906472,-0.07256190435891885,0.0009726270199569898
63.355417583180106,1267.108351663602,BS15,14,-69.47962705931651,-94.25083960651314,-95.73396947179492,-94.25083960651314,-92.69115531446307,-68.9540738159939,-0.5298483793091248,-1.1700444935571694,-0.5298483793091248,0.15990431120383738,0.0009885027184725638
63.39312914126533,1267.8625828253066,BS15,14,-69.37665936648958,-94.1478719136862,-95.65870048631596,-94.1478719136862,-92.54783186228427,-69.02419307750216,-0.35683130006515584,-1.040186902142879,-0.35683130006515584,0.39209591391661575,0.00100457601916154
63.430840699350554,1268.616813987011,BS15,14,-69.27437530765292,-94.04558785484954,-95.58436544322139,-94.04558785484954,-92.40423790824316,-69.0940225925611,-0.1847884416425943,-0.9113438116458484,-0.1847884416425943,0.6238927976018713,0.0010208423687871255
63.46855225743578,1269.3710451487157,BS15,14,-69.17286864589438,-93.94408119309101,-95.51102738858636,-93.94408119309101,-92.26048366493951,-69.16353881328835,-0.01383709467224472,-0.7836007849057495,-0.01383709467224472,0.855166083540833,0.0010372970794448168
63.50626381552101,1270.12527631042,BS15,14,-69.07223785086097,-93.8434503980576,-95.43875098987046,-93.8434503980576,-92.11669018651628,-69.2327192213999,0.15590177384174872,-0.6570443347724658,0.15590177384174872,1.0857773532688997,0.0010539353283091166
63.54397537360624,1270.8795074721247,BS15,14,-68.97258613120401,-93.74379867840064,-95.3676024581388,-93.74379867840064,-91.97299007233933,-69.30154229047317,0.3243034503403529,-0.5317618604422791,0.3243034503403529,1.3155778737421522,0.0010707521575201505
63.58168693169146,1271.6337386338291,BS15,14,-68.86276623264327,-93.6339787798399,-95.19986954190988,-93.6339787798399,-91.99382078102158,-69.36458411209665,0.4970971765832264,-0.2558430644621144,0.4970971765832264,1.2786152381145142,0.0010863914547779743
63.619398489776685,1272.3879697955338,BS15,14,-68.75132919344075,-93.52254174063738,-95.119839458198,-93.52254174063738,-91.83597430692316,-69.42636990347522,0.6702524043888418,-0.12811347445086826,0.6702524043888418,1.5154921279158997,0.0011019405371703406
63.65711004786191,1273.1422009572382,BS15,14,-68.64060138531069,-93.41181393250731,-95.04084247183305,-93.41181393250731,-91.67758059253796,-69.48798608259355,0.8425280108721052,-0.0014436564485071743,0.8425280108721052,1.7524666378212097,0.0011176683160619952
63.69482160594714,1273.8964321189428,BS15,14,-68.53069545998767,-93.3019080071843,-94.96295325902508,-93.3019080071843,-91.5187654503309,-69.54940899747994,1.0137877134224644,0.12407053401705494,1.0137877134224644,1.9893904369422497,0.0011335699310395042
63.73253316403236,1274.6506632806472,BS15,14,-68.42173034688825,-93.19294289408488,-94.88624855751975,-93.19294289408488,-91.35966921299065,-69.61061584621272,1.183889802352733,0.24833169334255442,1.183889802352733,2.226101894028954,0.001149640394185585
63.77024472211759,1275.4048944423519,BS15,14,-68.31383132478402,-93.08504387198064,-94.81080706501479,-93.08504387198064,-91.20044786902622,-69.67158465409435,1.352687046399711,0.37124096537723805,1.352687046399711,2.4624248893444043,0.0011658745902003054
63.807956280202816,1276.1591256040563,BS15,14,-68.20713005365407,-92.9783426008507,-94.73670931861834,-92.9783426008507,-91.04127422528191,-69.73229425060181,1.520026637821077,0.4926981552694533,1.520026637821077,2.698167600898796,0.0011822672766579596
63.845667838288044,1276.913356765761,BS15,14,-68.1017645605393,-92.87297710773592,-94.66403755443106,-92.87297710773592,-90.88233908179343,-69.79272424621327,1.6857501833660402,0.6126018626254832,1.6857501833660402,2.933121279690818,0.001198813084401064
63.883379396373265,1277.6675879274653,BS15,14,-67.99278970658429,-92.76400225378092,-94.55569868391575,-92.76400225378092,-90.79100471642295,-69.85089087472642,1.8528214664287939,0.7868116062053016,1.8528214664287939,3.0645775244988855,0.0012149575867334674
63.92109095445849,1278.42181908917,BS15,14,-67.88436085408706,-92.65557340128369,-94.48144548224613,-92.65557340128369,-90.62616536802793,-69.9084967640179,2.0187857538438716,0.9058329813450199,2.0187857538438716,3.302289350763203,0.0012311604644369828
63.95880251254372,1279.1760502508744,BS15,14,-67.777452448362,-92.54866499555862,-94.40875571526357,-92.54866499555862,-90.46168703522648,-69.96585198375956,2.182978298074473,1.0231722030407355,2.182978298074473,3.539148500073569,0.0012475072396580145
63.99651407062895,1279.930281412579,BS15,14,-67.67222540526465,-92.44343795246128,-94.33771960386477,-92.44343795246128,-90.29781431369697,-70.02293726259337,2.345218936207588,1.1387210071510139,2.345218936207588,3.774892919033469,0.0012639923169735885
64.03422562871417,1280.6845125742834,BS15,14,-67.56884731305799,-92.34005986025461,-94.26842862822231,-92.34005986025461,-90.13481584589898,-70.07973400465238,2.505321508939092,1.252370300954634,2.505321508939092,4.0092374304481675,0.0012806099805056086
64.0719371867994,1281.438743735988,BS15,14,-67.4674921490999,-92.23870469629652,-94.20097527900309,-92.23870469629652,-89.97298555651595,-70.13622427044672,2.663094124767777,1.3640104053869553,2.663094124767777,4.2418724580223675,0.001297354394931898
64.10964874488462,1282.1929748976925,BS15,14,-67.36833990569797,-92.13955245289459,-94.1354527835639,-92.13955245289459,-89.81264374539897,-70.19239075773075,2.8183395150029855,1.473531321919451,2.8183395150029855,4.4724628946292215,0.0013142196066241035
64.14736030296984,1282.947206059397,BS15,14,-67.27157611781861,-92.04278866501524,-94.0719548073831,-92.04278866501524,-89.65413798079636,-70.24821678242445,2.970855486971338,1.5808230238830312,2.970855486971338,4.700647171415208,0.0013311995449168338
64.18507186105508,1283.7014372211015,BS15,14,-67.18004270274204,-91.95125524993867,-94.03289523824769,-91.95125524993867,-89.44891511815482,-70.3044314373257,3.1185282382677975,1.6489590607811495,3.1185282382677975,4.999597195250403,0.0013485190753400505
64.22278341914031,1284.4556683828062,BS15,14,-67.09413256258948,-91.8653451097861,-93.9775065747182,-91.8653451097861,-89.30294972510374,-70.36098797531268,3.260918150750816,1.7491795992745627,3.260918150750816,5.215294259390324,0.0013661710286197344
64.26049497722553,1285.2098995445108,BS15,14,-67.01139066772774,-91.78260321492436,-93.92449594669478,-91.78260321492436,-89.16059533687428,-70.41709868239371,3.39969359921511,1.8467249650452535,3.39969359921511,5.42670343562516,0.0013839118456151994
64.29820653531075,1285.9641307062152,BS15,14,-66.93201139091646,-91.70322393811308,-93.87395046317414,-91.70322393811308,-89.02232157691469,-70.47275042943053,3.5346471110686655,1.941493892964728,3.5346471110686655,5.63334608741412,0.0014017347831005605
64.33591809339599,1286.7183618679198,BS15,14,-66.85618899143292,-91.62740153862954,-93.82595535137924,-91.62740153862954,-88.88861932742985,-70.52793059259429,3.6655718329917546,2.033387373105128,3.6655718329917546,5.834722889120218,0.0014196329878443227
64.37362965148121,1287.4725930296242,BS15,14,-66.7841164040054,-91.55532895120203,-93.78059354324374,-91.55532895120203,-88.759997904565,-70.58262703401275,3.792262722641482,2.1223090541833507,3.792262722641482,6.030316620384699,0.001437599498716437
64.41134120956644,1288.226824191329,BS15,14,-66.7159839394534,-91.48719648665002,-93.73794525510978,-91.48719648665002,-88.63698145474686,-70.63682808286951,3.9145178291013916,2.2081656537957004,3.9145178291013916,6.219595740630893,0.0014556272489147045
64.44905276765166,1288.9810553530333,BS15,14,-66.65197790894591,-91.42319045614254,-93.69808756438343,-91.42319045614254,-88.52010453559564,-70.69052251697086,4.032139650179682,2.290867371723681,4.032139650179682,6.402018780257481,0.001473709068311355
64.48676432573689,1289.7352865147377,BS15,14,-66.59087778651426,-91.36209033371088,-93.65182489933342,-91.36209033371088,-88.43245017553299,-70.74340710767855,4.146045951072685,2.3885794827404436,4.146045951072685,6.540001592433141,0.0014917373845674405
64.52447588382212,1290.4895176764423,BS15,14,-66.53168280238812,-91.30289534958474,-93.6152569269887,-91.30289534958474,-88.32257115590457,-70.79526293388443,4.257018943163271,2.466365193176599,4.257018943163271,6.713359560440992,0.0015096288071258274
64.56218744190734,1291.2437488381468,BS15,14,-66.47704809673525,-91.24826064393187,-93.58165999840865,-91.24826064393187,-88.2201057317619,-70.84661461888382,4.362927352404672,2.5408067766992604,4.362927352404672,6.8786066909115275,0.0015275574228636609
64.59989899999258,1291.9979799998514,BS15,14,-66.42714002866533,-91.19835257586196,-93.5510991212216,-91.19835257586196,-88.12559481984563,-70.8974518267276,4.463594515974652,2.6118273556659473,4.463594515974652,7.035195728780087,0.0015455158184892919
64.6376105580778,1292.7522111615558,BS15,14,-66.38211453300168,-91.15332708019831,-93.52363436766119,-91.15332708019831,-88.03956243230073,-70.94776460255272,4.558854576814371,2.6793552858212903,4.558854576814371,7.182596723591672,0.001563496491364026
64.67532211616302,1293.5064423232604,BS15,14,-66.34211561359328,-91.1133281607899,-93.49932049790397,-91.1133281607899,-87.96250741062015,-70.99754335744738,4.6485539751684195,2.743324524144015,4.6485539751684195,7.320305273845018,0.001581491852532093
64.71303367424825,1294.2606734849649,BS15,14,-66.30727389676927,-91.0784864439659,-93.47820660868396,-91.0784864439659,-87.8948949050102,-71.0467788537562,4.732552880421675,2.803674971512988,4.732552880421675,7.44785102690745,0.0015994942298742354
64.75074523233347,1295.0149046466695,BS15,14,-66.27770527341339,-91.04891782061001,-93.46033581173087,-91.04891782061001,-87.83714785803271,-71.09546219082188,4.810726534752565,2.8603527856533795,4.810726534752565,7.564806175610053,0.0016174958713831556
64.78845679041869,1295.769135808374,BS15,14,-66.25350965784095,-91.02472220503758,-93.4457449463529,-91.02472220503758,-87.7896387836407,-71.14358479117632,4.882966480432156,2.9133106600643504,4.882966480432156,7.670793660389209,0.0016354889485651243
64.82616834850393,1296.5233669700785,BS15,14,-66.23476989030092,-91.00598243749755,-93.434464330062,-91.00598243749755,-87.75268215047402,-71.19113838716655,4.949181643932899,2.962508065027625,4.949181643932899,7.7654947680643,0.001653465559962869
64.86387990658915,1297.277598131783,BS15,14,-66.22155080777355,-90.99276335497018,-93.4265175507597,-90.99276335497018,-87.72652767836745,-71.23811500802397,5.009299252184373,3.007911447197732,5.009299252184373,7.848655818278955,0.0016714177348033622
64.90159146467438,1298.0318292934876,BS15,14,-66.20824728438629,-90.97945983158291,-93.41544845109686,-90.97945983158291,-87.71031702778664,-71.2836189839204,5.068030296147557,3.069516826538995,5.068030296147557,7.898094166458326,0.0016889926437787192
64.9393030227596,1298.786060455192,BS15,14,-66.19855163368881,-90.96976418088543,-93.40962811811482,-90.96976418088543,-87.69107690106841,-71.32826832468132,5.12229948687412,3.1105259337054894,5.12229948687412,7.972027984292394,0.0017064167759596684
64.97701458084482,1299.5402916168966,BS15,14,-66.19446258167862,-90.96567512887525,-93.40717486159625,-90.96567512887525,-87.6829510075161,-71.37237133451595,5.170415907838418,3.1477241519461323,5.170415907838418,8.034155990974511,0.0017238038603497165
65.01472613893006,1300.294522778601,BS15,14,-66.19599453818215,-90.96720708537877,-93.40809387164751,-90.96720708537877,-87.68599616442964,-71.41592009428658,5.212357264600672,3.1810966149595328,5.212357264600672,8.084416948265615,0.0017411459631863128
65.05243769701528,1301.0487539403057,BS15,14,-66.20314210121599,-90.97435464841261,-93.41238320328473,-90.97435464841261,-87.7001910533309,-71.45890695441115,5.248121344301407,3.210635812411364,5.248121344301407,8.122828021288594,0.001758435101878855
65.09014925510051,1301.80298510201,BS15,14,-66.21588012031836,-90.98709266751499,-93.42003379012675,-90.98709266751499,-87.72543671507333,-71.50132452471078,5.277725942158722,3.2363415697704676,5.277725942158722,8.149484269906802,0.001775663249326968
65.12786081318573,1302.5572162637147,BS15,14,-66.22230750242672,-90.99352004962334,-93.42862939203826,-90.99352004962334,-87.72255932143278,-71.54139187520643,5.311294435809131,3.2984989472074644,5.311294435809131,8.13782349065865,0.0017920915572379743
65.16557237127095,1303.3114474254191,BS15,14,-66.22158309703951,-90.99279564423614,-93.42819428568313,-90.99279564423614,-87.72112258654295,-71.57909829351097,5.34965739248296,3.3273701247575755,5.34965739248296,8.186990678026378,0.0018076903887902294
65.20328392935619,1304.0656785871238,BS15,14,-66.22644733264741,-90.99765987984404,-93.43111644234487,-90.99765987984404,-87.73076586396887,-71.61638210571454,5.382009281886186,3.3525271111592656,5.382009281886186,8.224546728370552,0.001823247645734462
65.24099548744142,1304.8199097488284,BS15,14,-66.2368831689578,-91.00809571615443,-93.4373897079781,-91.00809571615443,-87.75142229571755,-71.65323433316954,5.408358196935169,3.3739662834033766,5.408358196935169,8.250551531024955,0.0018387561427483591
65.27870704552664,1305.5741409105328,BS15,14,-66.25285418352149,-91.02406673071812,-93.44700090074342,-91.02406673071812,-87.78294972109924,-71.68964628515788,5.4287319007226875,3.39169126283788,5.4287319007226875,8.26514061608421,0.001854208674200307
65.31641860361187,1306.3283720722375,BS15,14,-66.2743049933105,-91.04551754050712,-93.45992990303935,-91.04551754050712,-87.82513390570391,-71.72560955243293,5.443177398461529,3.4057128202481652,5.443177398461529,8.268521914195931,0.0018695980188500484
65.3541301616971,1307.0826032339419,BS15,14,-66.30116188934846,-91.07237443654509,-93.47614980114585,-91.07237443654509,-87.87769331103749,-71.76111600092979,5.451760296543519,3.416048733362742,5.451760296543519,8.260970976118479,0.0018849169446596668
65.39184171978232,1307.8368343956465,BS15,14,-66.33466374443789,-91.10587629163452,-93.50608667680389,-91.10587629163452,-87.9118621752545,-71.79051427363751,5.447601113239524,3.4199898835274576,5.447601113239524,8.243588455097255,0.0018976953165336541
65.42955327786754,1308.591065557351,BS15,14,-66.35737376513217,-91.12858631232879,-93.52365142631929,-91.12858631232879,-87.94384726970736,-71.82324468220237,5.457559154572059,3.4329666737566495,5.457559154572059,8.241994555073953,0.001912023791622339
65.46726483595278,1309.3452967190556,BS15,14,-66.38521080746051,-91.15642335465714,-93.5405320607752,-91.15642335465714,-87.99791685061481,-71.85556662393061,5.461982023550387,3.4394885938752044,5.461982023550387,8.2297869006937,0.001926279412722022
65.504976394038,1310.09952788076,BS15,14,-66.41825526398422,-91.18946781118085,-93.56062073891164,-91.18946781118085,-88.06171929753569,-71.88749703862038,5.460806248592539,3.442455398604252,5.460806248592539,8.207372870388914,0.0019404665077255117
65.54268795212322,1310.8537590424644,BS15,14,-66.45639868218689,-91.22761122938351,-93.58387690517486,-91.22761122938351,-88.13486159425997,-71.91902801960632,5.454132404349551,3.441899122171501,5.454132404349551,8.175139039825488,0.0019545784610772803
65.58039951020845,1311.6079902041688,BS15,14,-66.49363738882712,-91.26484993602375,-93.62054228109585,-91.26484993602375,-88.16247435667492,-71.94934607282063,5.447152284991502,3.4398757717889907,5.447152284991502,8.163000707614586,0.001968244141264829
65.61811106829367,1312.3622213658734,BS15,14,-66.53064119827636,-91.30185374547298,-93.64317553081216,-91.30185374547298,-88.23306596299582,-71.97859261672508,5.439337261229504,3.4376930520845725,5.439337261229504,8.131042129320155,0.001981517197689102
65.65582262637889,1313.1164525275778,BS15,14,-66.57255853606259,-91.34377108325921,-93.66889628930625,-91.34377108325921,-88.31243850568642,-72.00749411092119,5.426263958231631,3.4321092797041137,5.426263958231631,8.089890151879874,0.001994721411414863
65.69353418446413,1313.8706836892825,BS15,14,-66.61925863215782,-91.39047117935445,-93.69765436403668,-91.39047117935445,-88.40014406937122,-72.03604306170415,5.408055678505787,3.4231668438732052,5.408055678505787,8.039986148750419,0.002007850768023185
65.73124574254935,1314.624914850987,BS15,14,-66.6705989348056,-91.44181148200222,-93.72939437986359,-91.44181148200222,-88.49570775736379,-72.06423224712557,5.384847777886391,3.4109135311040104,5.384847777886391,7.9817987981979925,0.0020208992897874714
65.76895730063458,1315.3791460126918,BS15,14,-66.72642646691831,-91.49763901411494,-93.76405612061285,-91.49763901411494,-88.59863515608778,-72.09205471453348,5.3567863066547545,3.3954021839834203,5.3567863066547545,7.915816612369346,0.002033861040787795
65.80666885871982,1316.1333771743964,BS15,14,-66.786579223939,-91.55779177113563,-93.8015748916257,-91.55779177113563,-88.7084194932298,-72.1195037781583,5.3240266092408275,3.376690338981208,5.3240266092408275,7.84254077280819,0.0020467301320723093
65.84438041680504,1316.8876083361008,BS15,14,-66.85088758889488,-91.6221001360915,-93.84188189891913,-91.6221001360915,-88.82454832376024,-72.14657301674485,5.286731906778913,3.3548398476536208,5.286731906778913,7.762478438276649,0.002059500726856574
65.88209197489027,1317.6418394978054,BS15,14,-66.91917574189843,-91.69038828909505,-93.88490464062335,-91.69038828909505,-88.94650961830135,-72.17325627124185,5.245071885273356,3.3299164855865233,5.245071885273356,7.676136650412277,0.002072167045757172
65.9198035329755,1318.3960706595099,BS15,14,-66.99126304330133,-91.76247559049796,-93.93056730641707,-91.76247559049796,-89.07379716847679,-72.19954764255493,5.199221310174638,3.3019895533640162,5.199221310174638,7.584016922588289,0.0020847233720533527
65.95751509106071,1319.1503018212143,BS15,14,-67.066965371984,-91.83817791918062,-93.97879118075039,-91.83817791918062,-89.20591526142594,-72.22544148936339,5.149358685883593,3.2711314737734267,5.149358685883593,7.4866105597902015,0.0020971640569679866
65.99522664914595,1319.904532982919,BS15,14,-67.14671790831245,-91.91793045550908,-94.02643729850115,-91.91793045550908,-89.35265646555808,-72.25100544280313,5.095116333425322,3.239385524937938,5.095116333425322,7.376529461333883,0.0021095189166380184
66.03293820723117,1320.6587641446233,BS15,14,-67.23015114856712,-92.00136369576374,-94.08026501646,-92.00136369576374,-89.49452319917631,-72.27620997683961,5.036834303508275,3.2022965442199234,5.036834303508275,7.268552157612491,0.0021217711756588236
66.0706497653164,1321.412995306328,BS15,14,-67.31660015719724,-92.08781270439387,-94.13638934686453,-92.08781270439387,-89.63972579015181,-72.30099341826102,4.975116001502133,3.1625159573470123,4.975116001502133,7.156762727050546,0.0021338879740423304
66.10836132340162,1322.1672264680324,BS15,14,-67.40587809057354,-92.17709063777016,-94.19472316644786,-92.17709063777016,-89.78784550917035,-72.32535118996489,4.910143717355475,3.120125465893537,4.910143717355475,7.041576703656617,0.0021458639352298628
66.14607288148684,1322.921457629737,BS15,14,-67.4978004508069,-92.26901299800353,-94.25517848232924,-92.26901299800353,-89.93848746128508,-72.34927896084501,4.84209764086018,3.0752078592471244,4.84209764086018,6.923386045389972,0.0021576937777113593
66.18378443957208,1323.6756887914414,BS15,14,-67.59218589905697,-92.3633984462536,-94.31766678349466,-92.3633984462536,-90.09128121419477,-72.3727726440414,4.771155046569612,3.0278466637415096,4.771155046569612,6.802558501392803,0.0021693723203282896
66.2214959976573,1324.429919953146,BS15,14,-67.68885696793325,-92.46006951512987,-94.38209937411303,-92.46006951512987,-90.24588099562264,-72.39582839528337,4.697489579717652,2.978125810013329,4.697489579717652,6.6794374103054315,0.0021808944875471945
66.25920755574252,1325.1841511148505,BS15,14,-67.78764067488972,-92.55885322208634,-94.44838768718783,-92.55885322208634,-90.40196552984348,-72.4184426113303,4.621270641241899,2.9261293200899083,4.621270641241899,6.554341859617219,0.0021922553146978647
66.29691911382776,1325.938382276555,BS15,14,-67.8883690399496,-92.65958158714622,-94.51644357735454,-92.65958158714622,-90.55923757931505,-72.44061192850754,4.542662868572202,2.8719410153969536,4.542662868572202,6.427567140090201,0.0022034499531669864
66.33463067191298,1326.6926134382595,BS15,14,-67.99008425277529,-92.76129679997192,-94.59121050571258,-92.76129679997192,-90.70365037202653,-72.46225342372193,4.462541346261931,2.811623350714891,4.462541346261931,6.310640262251084,0.002214433077098706
66.37234222999821,1327.4468445999642,BS15,14,-68.09316714065312,-92.86437968784975,-94.66173105159558,-92.86437968784975,-90.86132196453626,-72.48342226909548,4.3805803125882035,2.7539929572357242,4.3805803125882035,6.182401893614562,0.0022252291748929287
66.41005378808343,1328.2010757616686,BS15,14,-68.19777104717338,-92.96898359437,-94.73378153005827,-92.96898359437,-91.01951869843127,-72.5041469781207,4.296654887900156,2.6944058081683973,4.296654887900156,6.053151793983067,0.0022358496371289627
66.44776534616865,1328.9553069233732,BS15,14,-68.30375076321366,-93.07496331041028,-94.80727825246163,-93.07496331041028,-91.17802583572134,-72.52442508601467,4.210907835178388,2.6329421781127027,4.210907835178388,5.923103573903169,0.0022462901867748254
66.48547690425389,1329.7095380850776,BS15,14,-68.41096727710016,-93.18217982429678,-94.88213899995837,-93.18217982429678,-91.33664792530088,-72.54425436424407,4.12347595559573,2.5696811002485864,4.12347595559573,5.792451785175558,0.0022565466867436345
66.5231884623391,1330.4637692467822,BS15,14,-68.51928785921326,-93.29050040640989,-94.95828318959504,-93.29050040640989,-91.49520766422884,-72.56363281961899,4.034490002984904,2.504700201507617,4.034490002984904,5.6613730565345355,0.002266615144597483
66.56090002042434,1331.2180004084867,BS15,14,-68.62858609272438,-93.399798639921,-95.0356320197251,-93.399798639921,-91.65354474485461,-72.58255869346628,3.9440746522549865,2.4380755584992615,3.9440746522549865,5.530027243618017,0.002276491717149089
66.59861157850956,1331.9722315701913,BS15,14,-68.73874185693731,-93.50995440413394,-95.11410859552093,-93.50995440413394,-91.8115147077003,-72.60103046088224,3.8523485152830212,2.369881573405764,3.8523485152830212,5.398558573314643,0.0022861727149541887
66.63632313659478,1332.7264627318957,BS15,14,-68.84964126941807,-93.6208538166147,-95.19363803547003,-93.6208538166147,-91.96898781575074,-72.61904683006232,3.759424198094836,2.3001908689594908,3.759424198094836,5.2670967668313615,0.002295654606686762
66.67403469468002,1333.4806938936003,BS15,14,-68.96117659276602,-93.73238913996265,-95.2741475598413,-93.73238913996265,-92.12584796213982,-72.63660674170407,3.6654083934783617,2.229074201515869,3.6654083934783617,5.135758129486454,0.002304934023388638
66.71174625276524,1334.2349250553048,BS15,14,-69.07633076552315,-93.84754331271978,-95.32205076890435,-93.84754331271978,-92.35356570724781,-72.6539294888062,3.567536960482316,2.1863901071574485,3.567536960482316,4.944152130926046,0.002314124778647072
66.74945781085046,1334.9891562170094,BS15,14,-69.1932289966164,-93.96444154381302,-95.40818294717553,-93.96444154381302,-92.51267534946557,-72.67085973417119,3.4675297197660098,2.1091479171094893,3.4675297197660098,4.809722110983341,0.0023231426160208093
66.7871693689357,1335.7433873787138,BS15,14,-69.31026479875018,-94.08147734594681,-95.49496893358373,-94.08147734594681,-92.67059298494857,-72.68728319697422,3.3668791543236614,2.0307523208449116,3.3668791543236614,4.675949934383828,0.0023319240168093967
66.82488092702091,1336.4976185404184,BS15,14,-69.42736071158193,-94.19857325877855,-95.58234618247026,-94.19857325877855,-92.82726689018793,-72.70319988598798,3.265662746057181,1.9512646187155545,3.265662746057181,4.542888783874059,0.0023404660499028304
66.86259248510615,1337.2518497021229,BS15,14,-69.54444465726436,-94.31565720446099,-95.67025468883828,-94.31565720446099,-92.98265313292676,-72.71861002666685,3.1639528102286834,1.8707438003785084,3.1639528102286834,4.410584236326083,0.0023487659739244377
66.90030404319137,1338.0060808638273,BS15,14,-69.66144968739381,-94.43266223459044,-95.75863696603062,-94.43266223459044,-93.13671481462775,-72.7335140612758,3.0618167486249876,1.7892465691416926,3.0618167486249876,4.279075018974866,0.002356821240887617
66.93801560127659,1338.760312025532,BS15,14,-69.77831373026697,-94.5495262774636,-95.84743801459858,-94.5495262774636,-93.28942137532923,-72.74791264910013,2.9593173024955037,1.7068273752111722,2.9593173024955037,4.148393703365284,0.0023646294996761304
66.97572715936182,1339.5145431872363,BS15,14,-69.89497934047576,-94.66619188767238,-95.93660528347019,-94.66619188767238,-93.44074795724707,-72.76180666673008,2.8565128032274534,1.6235384567291353,2.8565128032274534,4.018567340642073,0.0023721885993397323
67.01343871744704,1340.268774348941,BS15,14,-70.01447325795885,-94.78568580515548,-95.91069915252447,-94.78568580515548,-93.78441638515022,-72.77528379832712,2.750463997504651,1.6479576609874007,2.750463997504651,3.7217704416666684,0.0023795439223342303
67.05115027553228,1341.0230055106454,BS15,14,-70.14024891791843,-94.91146146511505,-96.01035771986953,-94.91146146511505,-93.93904973420841,-72.7883659765338,2.6377393393132897,1.5539007568159495,2.6377393393132897,3.5871916368296586,0.0023867054549844336
67.0888618336175,1341.77723667235,BS15,14,-70.26519680561121,-95.03640935280784,-96.10989572582028,-95.03640935280784,-94.09175788736886,-72.80081450220618,2.5252102238085294,1.4593217105745238,2.5252102238085294,3.4539010721086156,0.0023935400732261673
67.12657339170272,1342.5314678340544,BS15,14,-70.38929718771453,-95.16050973491116,-96.20927858917086,-95.16050973491116,-94.24256811281633,-72.81263111904298,2.412898136575492,1.3642549299984816,2.412898136575492,3.3218750169150444,0.0024000458166348088
67.16428494978796,1343.285698995759,BS15,14,-70.51253304298636,-95.28374559018299,-96.30847400323736,-95.28374559018299,-94.39150852308981,-72.82381773983982,2.3008220191732915,1.2687327369459311,2.3008220191732915,3.1910890233760756,0.002406220963928194
67.20199650787318,1344.0399301574635,BS15,14,-70.6386427302776,-95.40985527747422,-96.2575990663524,-95.40985527747422,-94.76572272143716,-72.83428540545985,2.1851547796801007,1.317971469729676,2.1851547796801007,2.8641014980529693,0.002412013593203656
67.2397080659584,1344.794161319168,BS15,14,-70.76849509944378,-95.53970764664041,-96.36657616304555,-95.53970764664041,-94.91403066862547,-72.84390562824318,2.0648994035321078,1.2121114103975519,2.0648994035321078,2.7312116830868036,0.0024173495285231992
67.27741962404363,1345.5483924808725,BS15,14,-70.89701273588702,-95.66822528308364,-96.47489769648682,-95.66822528308364,-95.06025967718716,-72.85276021333883,1.9452149257750873,1.1061140317760372,1.9452149257750873,2.5996671722352205,0.002422271203210399
67.31513118212885,1346.3026236425771,BS15,14,-71.02420977754458,-95.79542232474121,-96.58255294025115,-95.79542232474121,-95.20446125732681,-72.86085106762621,1.8260891219388784,0.999989511001779,1.8260891219388784,2.4694200200686027,0.0024267771102056274
67.35284274021409,1347.0568548042816,BS15,14,-71.15010094616134,-95.92131349335797,-96.6895325891592,-95.92131349335797,-95.34668533375992,-72.86818019750822,1.7075092820596045,0.8937467061983534,1.7075092820596045,2.340423965546892,0.0024308660197940083
67.3905542982993,1347.8110859659862,BS15,14,-71.27481375352609,-96.04602630072272,-96.62262905839118,-96.04602630072272,-95.71541988112604,-72.87473666578128,1.5893369930646462,0.960688303614846,1.5893369930646462,2.005384795022915,0.0024345296864193297
67.42826585638453,1348.5653171276906,BS15,14,-71.40405365025724,-96.17526619745387,-96.73734956962348,-96.17526619745387,-95.85378765891114,-72.8797784816133,1.465126630604966,0.8458768217029182,1.465126630604966,1.876853994066184,0.0024373507315639457
67.46597741446976,1349.3195482893952,BS15,14,-71.53172920556749,-96.30294175276411,-96.8510202992255,-96.30294175276411,-95.99022493902169,-72.88393774118133,1.3416001924442877,0.7311871682007042,1.3416001924442877,1.7494315497383197,0.0024396804148632623
67.50368897255498,1350.0737794510997,BS15,14,-71.6578733199436,-96.42908586714023,-96.96365146133702,-96.42908586714023,-96.12478359539597,-72.88721529196746,1.2187256296671467,0.6166073652206394,1.2187256296671467,1.6230684451996302,0.0024415178004784555
67.54140053064022,1350.8280106128043,BS15,14,-71.78251807433003,-96.55373062152665,-97.07525360329821,-96.55373062152665,-96.25751349200502,-72.88961200053087,1.0964717306265297,0.5021250931736632,1.0964717306265297,1.4977177100210608,0.0024428622621715454
67.57911208872544,1351.5822417745087,BS15,14,-71.90720618512633,-96.67841873232295,-97.04541019153389,-96.67841873232295,-96.55056354135394,-72.89068011138268,0.9728491211142376,0.5328729830695829,0.9728491211142376,1.2086888937567744,0.0024434616693265903
67.61682364681066,1352.3364729362133,BS15,14,-72.03166161373667,-96.8028741609333,-97.16077307814734,-96.8028741609333,-96.67835003856892,-72.89041633992503,0.8481305655421532,0.4133654294085569,0.8481305655421532,1.084651937957905,0.0024433136312567187
67.6545352048959,1353.0907040979178,BS15,14,-72.15457206692504,-96.92578461412167,-97.27491699722135,-96.92578461412167,-96.80446393713058,-72.889191602647,0.723998367072191,0.2940581362432139,0.723998367072191,0.9613991696998615,0.0024426263816638336
67.69224676298111,1353.8449352596224,BS15,14,-72.27597401411859,-97.04718656131521,-97.38786338695249,-97.04718656131521,-96.92894810012271,-72.88700500895351,0.6004151658755336,0.17492631345722284,0.6004151658755336,0.8388893426331372,0.002441399874991105
67.72995832106633,1354.5991664213268,BS15,14,-72.39590270433162,-97.16711525152824,-97.49963329972609,-97.16711525152824,-97.05184377745142,-72.88385562438292,0.47734477721859486,0.05594545893572469,0.47734477721859486,0.7170827977676077,0.0024396343981371743
67.76766987915157,1355.3533975830314,BS15,14,-72.5143922170153,-97.28560476421193,-97.61024739950629,-97.28560476421193,-97.17319068510254,-72.87974247440606,0.3547521444014931,-0.06290863755938161,0.3547521444014931,0.5960077998740472,0.0024373305729093546
67.80538143723679,1356.1076287447358,BS15,14,-72.63147551048672,-97.40268805768335,-97.71972596063083,-97.40268805768335,-97.29302707962731,-72.8746645483055,0.23260329419889914,-0.18165989189785076,0.23260329419889914,0.4758763889742948,0.002434489358194971
67.84309299532204,1356.8618599064407,BS15,14,-72.74718446807518,-97.5183970152718,-97.82808886785301,-97.5183970152718,-97.41138982821025,-72.86862080314201,0.11086529467210021,-0.3003319243118298,0.11086529467210021,0.3563356822067051,0.002431112051843222
67.88080455340726,1357.6160910681451,BS15,14,-72.86154994207944,-97.63276248927606,-97.93535561744942,-97.63276248927606,-97.52831447461047,-72.86161016781969,-0.010493784730089774,-0.41894805915781336,-0.010493784730089774,0.23735213025888285,0.0024272002922529107
67.91851611149248,1358.3703222298498,BS15,14,-72.97460179565745,-97.74581434285408,-98.04154531926528,-97.74581434285408,-97.64383530127328,-72.85363154725854,-0.1315049108939166,-0.5375313255760075,-0.1315049108939166,0.11869592813274954,0.0024227560596598065
67.95622766957771,1359.1245533915542,BS15,14,-73.08651308098959,-97.85772562818622,-98.12553320449112,-97.8577989653451,-97.77735014264115,-72.84457295476238,-0.25245286477959145,-0.6321975994831356,-0.25245286477959145,-0.02509296767583531,0.0024177201030952254
67.99393922766293,1359.8787845532588,BS15,14,-73.19726773941869,-97.96848028661532,-98.23031562118234,-97.96855194310884,-97.88996200237685,-72.83444991594993,-0.3733061157799423,-0.751409141547457,-0.3733061157799423,-0.1427097040042998,0.0024121047414740857
68.03165078574817,1360.6330157149632,BS15,14,-73.30678172585827,-98.0779942730549,-98.33405175202434,-98.07806430558381,-98.0012698471551,-72.82334210311032,-0.4939011560035645,-0.8706429828999928,-0.4939011560035645,-0.26065880866688845,0.0024059580844741192
68.06936234383339,1361.3872468766679,BS15,14,-73.41508188300202,-98.18629443019864,-98.43676023087843,-98.18636289295998,-98.1113033549414,-72.8112479424595,-0.6142664161356114,-0.9899223767085742,-0.6142664161356114,-0.3778951329422284,0.0023992833858132515
68.10707390191861,1362.1414780383723,BS15,14,-73.52219421392716,-98.29340676112379,-98.5384592735315,-98.29347370594655,-98.22009120790958,-72.79816584202169,-0.7344295069458145,-1.1092702610379135,-0.7344295069458145,-0.49477073171548824,0.0023920842451354415
68.14478546000385,1362.895709200077,BS15,14,-73.62814391572022,-98.39935646291684,-98.63916668606726,-98.399421939389,-98.32766113623254,-72.78409419616482,-0.854417248376574,-1.2287092661152752,-0.854417248376574,-0.6111448011964018,0.002384364607569871
68.18249701808907,1363.6499403617813,BS15,14,-73.73295541149608,-98.5041679586927,-98.73889987334616,-98.50423201428016,-98.43403995950564,-72.76903139031171,-0.9742556968475212,-1.3482617216307902,-0.9742556968475212,-0.7268928224476494,0.00237612876296496
68.22020857617429,1364.404171523486,BS15,14,-73.8366523808952,-98.60786492809183,-98.83767584754682,-98.60792760825004,-98.53925362595328,-72.75297580584513,-1.093970170842696,-1.4679496640103373,-1.093970170842696,-0.842579470544146,0.0023673813447968118
68.25792013425952,1365.1584026851904,BS15,14,-73.93925778914674,-98.71047033634336,-98.93551123674182,-98.7105316846218,-98.6433272495617,-72.73592582521904,-1.2135852748560159,-1.5877948436237237,-1.2135852748560159,-0.9586933591878789,0.002358127328748409
68.29563169234474,1365.912633846895,BS15,14,-74.0407844357289,-98.81199698292552,-99.03347433673494,-98.81199698292552,-98.745261343194,-72.71789228254293,-1.333103026685769,-1.7091240313606668,-1.333103026685769,-1.0732683029089618,0.002348378744717204
68.33334325042998,1366.6668650085994,BS15,14,-74.14126270222658,-98.91247524942321,-99.12944608751462,-98.91247524942321,-98.84713812773327,-72.69886342081685,-1.4525655654626644,-1.8293177169822257,-1.4525655654626644,-1.1889116225054028,0.0023381357036052768
68.3710548085152,1367.4210961703038,BS15,14,-74.24071470961668,-99.01192725681331,-99.22452591500225,-99.01192725681331,-98.94794531325452,-72.67883624323932,-1.5719980317222633,-1.9497324729137409,-1.5719980317222633,-1.3043577383357279,0.002327403418026788
68.40876636660042,1368.1753273320085,BS15,14,-74.33916081067366,-99.11037335787029,-99.3187289567345,-99.11037335787029,-99.04770501836629,-72.6578092227387,-1.6914223329263223,-2.0703889081006204,-1.6914223329263223,-1.4196272967605112,0.002316188216205068
68.44647792468565,1368.9295584937129,BS15,14,-74.43662077108638,-99.20783331828301,-99.41207001033976,-99.20783331828301,-99.14643868589579,-72.63578086381162,-1.8108597593209461,-2.1913073793208455,-1.8108597593209461,-1.534740162050503,0.0023044967563415255
68.48418948277087,1369.6837896554175,BS15,14,-74.5331137912971,-99.30432633849372,-99.5045635416517,-99.30432633849372,-99.24416711000183,-72.61274970932556,-1.9303309989579878,-2.3125079969089133,-1.9303309989579878,-1.6497154356622843,0.0022923360232137697
68.52190104085611,1370.438020817122,BS15,14,-74.62865852737008,-99.3998710745667,-99.59622369272086,-99.3998710745667,-99.34091046195553,-72.58871434767201,-2.049856151394018,-2.4340106301445585,-2.049856151394018,-1.7645714738665528,0.002279713324447059
68.55961259894133,1371.1922519788266,BS15,14,-74.72327311093,-99.49448565812662,-99.6870642897024,-99.49448565812662,-99.43668831465789,-72.56367342029914,-2.1694547400782174,-2.55583491225562,-2.1694547400782174,-1.8793259037809278,0.0022666362864631516
68.59732415702655,1371.946483140531,BS15,14,-74.81697516821455,-99.58818771541118,-99.77709885060708,-99.58818771541118,-99.53151966596492,-72.5376256296536,-2.2891457234439434,-2.678000244991779,-2.2891457234439434,-1.9939956378606816,0.002253112850110833
68.63503571511178,1372.7007143022356,BS15,14,-74.90949692400852,-99.68070947120515,-99.88960622893248,-99.68070947120515,-99.59198016419006,-72.51108364569615,-2.4081498430700576,-2.8472312497670447,-2.4081498430700576,-2.063455296685727,0.002239415645740886
68.672747273197,1373.45494546394,BS15,14,-75.0010761951087,-99.77228874230532,-99.91041112321072,-99.77228874230532,-99.68525961033825,-72.48370349675044,-2.5270481400286062,-2.8423250307009944,-2.5270481400286062,-2.177273233999072,0.0022253729537333776
68.71045883128222,1374.2091766256447,BS15,14,-75.09180616011541,-99.86301870731204,-99.94866060173672,-99.82479454912466,-99.75990081274279,-72.45535216579447,-2.646066548740948,-2.8367894963057942,-2.6021124706705514,-2.2910107375869058,0.0022109247487319293
68.74817038936746,1374.963407787349,BS15,14,-75.18170204651749,-99.95291459371411,-99.98811002566853,-99.8888904993863,-99.67467515750096,-72.42603005909474,-2.7652199307507703,-2.861366759691733,-2.6273555523141963,-2.404681015799749,0.002196080277075677
68.78588194745268,1375.7176389490537,BS15,14,-75.27077868686298,-100.04199123405961,-100.03453114688965,-99.9654322199646,-99.5888263070862,-72.39573774214301,-2.884522594649581,-2.881177089880246,-2.631692731100568,-2.3595565322198677,0.0021808490640571865
68.82359350553791,1376.4718701107581,BS16,15,-75.23160113708393,-100.00281368428055,-100.09614824722857,-100.00281368428055,-99.50234822585821,-72.42986935563255,-2.8112881599025257,-2.880616252479882,-2.6714445543730254,-2.2223478328872335,0.002198018268712845
68.86130506362313,1377.2261012724628,BS16,15,-75.15322358560584,-99.92443613280247,-100.16446629181364,-99.92443613280247,-99.41523491810578,-72.48296090700583,-2.679936467872175,-2.9071529715174025,-2.679936467872175,-2.085345904021505,0.0022249933216279675
68.89901662170836,1377.9803324341672,BS16,15,-75.07415732043333,-99.84536986762996,-100.27475731887242,-99.84536986762996,-99.36998155441711,-72.53518210967466,-2.548765891660432,-2.9525552677778,-2.548765891660432,-2.0146011878332257,0.0022518483662543926
68.93672817979359,1378.7345635958718,BS16,15,-74.99310491378745,-99.76431746098407,-100.31978926441857,-99.76431746098407,-99.28036855500424,-72.58664167754041,-2.416370483974048,-2.963336700904264,-2.416370483974048,-1.87601403291465,0.002278628069532657
68.97443973787881,1379.4887947575762,BS16,15,-74.91156044558306,-99.68277299277969,-100.24726418289738,-99.68277299277969,-99.19004778995756,-72.63721716085406,-2.2843664472632015,-2.839440459264175,-2.2843664472632015,-1.7375625250012767,0.002305257267440631
69.01215129596405,1380.2430259192809,BS16,15,-74.82952243928722,-99.60073498648384,-100.17443924875808,-99.60073498648384,-99.09901117255473,-72.68691923668153,-2.152741597813801,-2.7161135107765344,-2.152741597813801,-1.599229961894327,0.0023317290538752695
69.04986285404927,1380.9972570809853,BS16,15,-74.74698962894381,-99.51820217614043,-100.10131774653671,-99.51820217614043,-99.0072506072807,-72.7357582223428,-2.0214843223080345,-2.5933482519387026,-2.0214843223080345,-1.4609999107562015,0.0023580365402703575
69.08757441213449,1381.75148824269,BS16,15,-74.66396097565202,-99.43517352284864,-100.02790327069435,-99.43517352284864,-98.91475799985479,-72.78374408796809,-1.890583581753075,-2.4711377493675855,-1.890583581753075,-1.3228562099175203,0.002384172857090076
69.12528597021972,1382.5057194043943,BS16,15,-74.5804356850665,-99.35164823226313,-99.95419974134352,-99.35164823226313,-98.82152526825979,-72.83088646855064,-1.7600289169355485,-2.3494757426642354,-1.7600289169355485,-1.1847829719389529,0.002410131155394244
69.16299752830494,1383.259950566099,BS16,15,-74.49641322598724,-99.26762577318387,-99.88021142064756,-99.26762577318387,-98.72754435486641,-72.8771946755196,-1.629810455445496,-2.2283566484794757,-1.629810455445496,-1.0467645880143237,0.0024359046084737536
69.20070908639016,1384.0141817278034,BS16,15,-74.41189335008481,-99.18310589728144,-99.80594292989618,-99.18310589728144,-98.63280723973132,-72.92267770785854,-1.4999189202907648,-2.1077755657568353,-1.4999189202907648,-0.9087857337821375,0.002461486413555993
69.2384206444754,1384.768412889508,BS16,15,-74.32687611283457,-99.0980886600312,-99.73139926728683,-99.0980886600312,-98.537305955176,-72.9673442627904,-1.370345640153907,-1.9877282821570519,-1.370345640153907,-0.7708313766463972,0.002486869793578605
69.27613220256062,1385.5226440512124,BS16,15,-74.24155585414147,-99.01276840133809,-99.66432197547151,-99.01276840133809,-98.43147450703995,-73.01119737745721,-1.2412818748593204,-1.8804044994139528,-1.2412818748593204,-0.6191975066167923,0.002512044901529007
69.31384376064585,1386.2768752129168,BS16,15,-74.15598630807038,-98.92719885526701,-99.5897477536253,-98.92719885526701,-98.3347200577294,-73.05424573423048,-1.1127726477880466,-1.7618120220496505,-1.1127726477880466,-0.481669441919008,0.002537005250525969
69.35155531873107,1387.0311063746215,BS16,15,-74.06993764559309,-98.84115019278971,-99.51493022294126,-98.84115019278971,-98.23719281476077,-73.09650433556438,-0.984573116229665,-1.6437593665233259,-0.984573116229665,-0.344133095164913,0.0025617482779363644
69.3892668768163,1387.7853375363259,BS16,15,-73.9834119494871,-98.75462449668373,-99.43987646732731,-98.75462449668373,-98.13888588455373,-73.13798074913018,-0.8566777663654548,-1.5262454793811429,-0.8566777663654548,-0.20657549497736993,0.002586267356906669
69.42697843490153,1388.5395686980305,BS16,15,-73.89641175142508,-98.6676242986217,-99.36459405465864,-98.6676242986217,-98.03979255611684,-73.17868229145881,-0.7290817845675366,-1.4092700533170124,-0.7290817845675366,-0.06898405311055898,0.002610555896778146
69.46468999298675,1389.293799859735,BS16,15,-73.80894006210607,-98.5801526093027,-99.28909105888154,-98.5801526093027,-97.93990632760992,-73.21861603630383,-0.6017810791767163,-1.292833540261234,-0.6017810791767163,0.06865341478820533,0.0026346073452258325
69.50240155107198,1390.0480310214396,BS16,15,-73.72108398356656,-98.49229653076318,-99.21802937477902,-98.49229653076318,-97.8332016017363,-73.25778760614108,-0.47485709808912246,-1.1839891682721102,-0.47485709808912246,0.2145697409155548,0.002658414447748992
69.5401131091572,1390.802262183144,BS16,15,-73.63297743418012,-98.40418998137675,-99.14243922231472,-98.40418998137675,-97.73192181983947,-73.29620275204422,-0.34843797796350445,-1.0689015597930185,-0.34843797796350445,0.3520574489559882,0.0026819701853464423
69.57782466724242,1391.5564933448486,BS16,15,-73.54442273959496,-98.31563528679159,-99.06666547226578,-98.31563528679159,-97.62984205786202,-73.33387137806135,-0.22231612170349496,-0.9543681791600211,-0.22231612170349496,0.48961662341521045,0.0027052702824151087
69.61553622532766,1392.310724506553,BS16,15,-73.45542556184553,-98.22663810904216,-98.99071870075423,-98.22663810904216,-97.5269574875843,-73.37079965752419,-0.09649099024734159,-0.840392872433809,-0.09649099024734159,0.6272570063298031,0.0027283083812971757
69.65324778341288,1393.0649556682577,BS16,15,-73.36599223256891,-98.13720477976554,-98.91461011470365,-98.13720477976554,-97.42326368737933,-73.40699356012915,0.029037082011783153,-0.7269803295386607,0.029037082011783153,0.7649877679581735,0.0027510781745173404
69.6909593414981,1393.819186829962,BS16,15,-73.27612979473824,-98.04734234193486,-98.83835157813294,-98.04734234193486,-97.31875668695702,-73.44245885862124,0.15426685216575264,-0.6141361033301914,0.15426685216575264,0.9028174668127334,0.0027735734072182323
69.72867089958334,1394.5734179916667,BS16,15,-73.18584604657316,-97.95705859376979,-98.76195563913883,-97.95705859376979,-97.2134330158083,-73.47720113524876,0.2791961313247628,-0.5018666296107384,0.2791961313247628,1.0407540058598643,0.0027957878796373474
69.76638245766856,1395.327649153371,BS16,15,-73.09514958768617,-97.86636213488279,-98.6854355575244,-97.86636213488279,-97.10728975561135,-73.5112257880019,0.4038217446985002,-0.3901792480352016,0.4038217446985002,1.1788045846342088,0.0028177154496251793
69.80409401575379,1396.0818803150758,BS16,15,-73.0040498675454,-97.77526241474203,-98.60880533304814,-97.77526241474203,-97.00032459690414,-73.54453803664316,0.528139489152575,-0.27908222387188986,0.528139489152575,1.3169756469646852,0.0028393500352014173
69.84180557383901,1396.8361114767802,BS16,15,-72.91255723632335,-97.68376978351998,-98.53207973425317,-97.68376978351998,-96.89253590033982,-73.57714292853875,0.652144088179839,-0.16858477056732138,0.652144088179839,1.4552728240006751,0.00286068561714682
69.87951713192423,1397.5903426384848,BS16,15,-72.82068299819673,-97.59189554539336,-98.45527432782998,-97.59189554539336,-96.78392276286198,-73.6090453442995,0.7758291442297748,-0.058697073058491415,0.7758291442297748,1.593700872204795,0.0028817162416283
69.91722869000947,1398.3445738001892,BS16,15,-72.72843946715753,-97.49965201435415,-98.37840550845739,-97.49965201435415,-96.67448508915723,-73.64025000323907,0.8991870883441042,0.05056968823219882,0.8991870883441042,1.7322636059581704,0.0029024360228545694
69.9549402480947,1399.098804961894,BS16,15,-72.63628091718176,-97.40749346437839,-98.31004011763935,-97.40749346437839,-96.55295209039413,-73.67076543198964,1.0217721870076604,0.14735398477907,1.0217721870076604,1.8851865560711862,0.0029228418053213064
69.99265180617994,1399.8530361235985,BS16,15,-72.54400527927484,-97.31521782647147,-98.23377750134422,-97.31521782647147,-96.4423913593589,-73.70059610050119,1.143791003850664,0.25476668173595646,1.143791003850664,2.023413950334962,0.002942927940939866
70.03036336426516,1400.6072672853031,BS16,15,-72.45142993676967,-97.2226424839663,-98.1575256880698,-97.2226424839663,-96.33104047896481,-73.72974486567266,1.265429041143473,0.3615000297425694,1.265429041143473,2.161755860114583,0.0029626878591728543
70.06807492235038,1401.3614984470075,BS16,15,-72.35857274269902,-97.12978528989565,-98.08130510555944,-97.12978528989565,-96.21890487817001,-73.75821586051872,1.3866726031203793,0.4675382598743746,1.3866726031203793,2.300210038617955,0.0029821160117354736
70.10578648043561,1402.1157296087122,BS16,15,-72.26545289692346,-97.03666544412009,-98.00513715815487,-97.03666544412009,-96.1059913142939,-73.78601308378893,1.5075065125656177,0.5728644858142397,1.5075065125656177,2.4387727988486456,0.003001206932438124
70.14349803852083,1402.8699607704166,BS16,15,-72.1718823107521,-96.94309485794872,-97.92326442510411,-96.94309485794872,-96.00045571247719,-73.81313686693407,1.6281192238299078,0.6852837715183243,1.6281192238299078,2.5674932072914394,0.003019952787503849
70.18120959660605,1403.6241919321212,BS16,15,-72.07779552045376,-96.84900806765039,-97.84677082628319,-96.84900806765039,-95.88559700063863,-73.83958839746326,1.7485774192591876,0.7895559278521036,1.7485774192591876,2.7067261816045627,0.0030383464557980702
70.21892115469129,1404.3784230938256,BS16,15,-71.98349247019223,-96.75470501738886,-97.77038582652484,-96.75470501738886,-95.76996592712972,-73.86537554913043,1.868589038526169,0.8930719422333232,1.868589038526169,2.846068139521241,0.0030563856423056774
70.25663271277651,1405.1326542555303,BS16,15,-71.88899782085748,-96.66021036805411,-97.69413476473684,-96.66021036805411,-95.65357458179375,-73.8905018163435,1.988132937613728,0.9958104359357572,1.988132937613728,2.9855096639319845,0.0030740652094150634
70.29434427086174,1405.8868854172347,BS16,15,-71.79433794676974,-96.56555049396637,-97.61804410706945,-96.56555049396637,-95.53643698682112,-73.91497057882918,2.1071861439762114,1.0977487845819092,2.1071861439762114,3.1250393072177602,0.003091380115233806
70.33205582894696,1406.6411165789393,BS16,15,-71.6995410184677,-96.47075356566432,-97.5421414744055,-96.47075356566432,-95.41856925602147,-73.93878510550147,2.225723777607414,1.1988630947588437,2.225723777607414,3.2646434350081073,0.0031083254163790045
70.36976738703218,1407.3953477406437,BS16,15,-71.60463708735121,-96.37584963454783,-97.46645566866283,-96.37584963454783,-95.29998976496863,-73.96194855822026,2.343718970144329,1.2991281817011713,2.343718970144329,3.404306058993864,0.003124896270762957
70.40747894511742,1408.1495789023484,BS16,15,-71.50965817195583,-96.28087071915246,-97.39101669769573,-96.28087071915246,-95.18071933254717,-73.98446399544069,2.4611427822295804,1.398517548255271,2.4611427822295804,3.544008658263725,0.0031410879403680164
70.44519050320264,1408.9038100640528,BS16,15,-71.41463834552309,-96.18585089271971,-97.31585579850794,-96.18585089271971,-95.06078141433468,-74.00633437576099,2.577964119477034,1.4970033654210848,2.577964119477034,3.6837299887371735,0.0031568957940103846
70.48290206128787,1409.6580412257574,BS16,15,-71.31961382453747,-96.0908263717341,-97.24100545852602,-96.0908263717341,-94.94020230828788,-74.02756256136912,2.69414964736923,1.5945564547231383,2.69414964736923,3.8234458802235887,0.003172315310086592
70.5206136193731,1410.4122723874618,BS16,15,-71.22462305778814,-95.99583560498476,-97.16649943461834,-95.99583560498476,-94.81901137309059,-74.04815132139481,2.8096637055357867,1.6911462727333333,2.8096637055357867,3.9631290207543852,0.0031873420793015832
70.55832517745831,1411.1665035491665,BS16,15,-71.12970681549882,-95.90091936269545,-97.0923727695706,-95.90091936269545,-94.69724125951456,-74.06810333516688,2.9244682218688856,1.7867408980347597,2.9244682218688856,4.102748727835731,0.003201971807372336
70.59603673554355,1411.9207347108709,BS16,15,-71.03490827793092,-95.80612082512755,-97.01866180565331,-95.80612082512755,-94.5749281549814,-74.08742119538297,3.0385226270781303,1.881307020998632,3.0385226270781303,4.242270706438704,0.003216200317706306
70.63374829362877,1412.6749658725755,BS16,15,-70.94027312285023,-95.71148567004686,-96.94540419495502,-95.71148567004686,-94.45211204147598,-74.10610741119133,3.1517837702939913,1.9748099367014194,3.1517837702939913,4.381656793575469,0.003230023554048796
70.67145985171399,1413.42919703428,BS16,15,-70.84616009151446,-95.61737263871109,-96.87647450582007,-95.61737263871109,-94.32311147004268,-74.12417479067469,3.263905701887357,2.06244700486012,3.263905701887357,4.527357910442312,0.003243445309665606
70.70917140979923,1414.1834281959846,BS16,15,-70.75244786520207,-95.5236604123987,-96.80463868533829,-95.5236604123987,-94.199859415314,-74.14162056784241,3.3750070075102196,2.1533709458435837,3.3750070075102196,4.665883150514051,0.0032564580451081584
70.74688296788445,1414.937659357689,BS16,15,-70.65906949660598,-95.4302820438026,-96.73338769063307,-95.4302820438026,-94.0762761232692,-74.15844309410888,3.4851530146319143,2.2431094763651185,3.4851530146319143,4.804107428138134,0.0032690551785704938
70.78459452596968,1415.6918905193934,BS16,15,-70.56608188475613,-95.33729443195276,-96.66276448827735,-95.33729443195276,-93.95242085147322,-74.17464458981223,3.5942890600117137,2.3316222955106416,3.5942890600117137,4.941973038228457,0.0032812331797531917
70.8223060840549,1416.446121681098,BS16,15,-70.47354479884936,-95.24475734604599,-96.59281332409051,-95.24475734604599,-93.82835816483852,-74.19022720673085,3.7023575411013683,2.418867752895878,3.7023575411013683,5.07941690770773,0.0032929886512947956
70.86001764214012,1417.2003528428024,BS16,15,-70.3815209365109,-95.15273348370752,-96.52357970411455,-95.15273348370752,-93.70415826160887,-74.20519303069294,3.8092978603828143,2.504802870456186,3.8092978603828143,5.2163702716502485,0.003304318331143631
70.89772920022536,1417.954584004507,BS16,15,-70.2900759735056,-95.06128852070222,-96.45511036947116,-95.06128852070222,-93.5798973066052,-74.21954408411796,3.915046378188301,2.589383370283366,3.915046378188301,5.352758342111692,0.003315219094874577
70.93544075831058,1418.7088151662115,BS16,15,-70.19927860345264,-94.97049115064927,-96.38745326466491,-94.97049115064927,-93.45565776948878,-74.23328232849192,4.01953637545091,2.67256370894649,4.01953637545091,5.4884999718911756,0.003325687957947058
70.97315231639581,1419.4630463279161,BS16,15,-70.10920056606075,-94.88041311325738,-96.32065749895911,-94.88041311325738,-93.33152876534683,-74.24640966677796,4.122698027870296,2.754297118672388,4.122698027870296,5.623507315920911,0.003335722077900654
71.01086387448103,1420.2172774896205,BS16,15,-70.01991666220893,-94.79112920940555,-96.25477330037641,-94.79112920940555,-93.20760639421427,-74.25892794576401,4.224458393170297,2.8345356558358117,4.224458393170297,5.757685493671131,0.003345318756485015
71.04857543256625,1420.9715086513252,BS16,15,-69.93018136203474,-94.70139390923137,-96.14257528196786,-94.70139390923137,-93.16963418489549,-74.2707808631618,4.326006904978095,2.9693612317273907,4.326006904978095,5.798804788215482,0.003354430720020926
71.08628699065149,1421.7257398130296,BS16,15,-69.83535717406448,-94.60656972126111,-96.07262727927996,-94.60656972126111,-93.03846989841475,-74.28175970528122,4.431773060870013,3.05166599766439,4.431773060870013,5.939202445097857,0.0033628928007825086
71.12399854873671,1422.4799709747342,BS16,15,-69.7412896417369,-94.51250218893352,-96.00359900020224,-94.51250218893352,-92.90734891381854,-74.29211668708001,4.536162704153515,3.1324606758228626,4.536162704153515,6.078916427036234,0.003370895075251351
71.16171010682193,1423.2342021364386,BS16,15,-69.64806236631809,-94.41927491351471,-95.93554591106233,-94.41927491351471,-92.77637788528047,-74.30185312373604,4.6390935590286695,3.2116914054734376,4.6390935590286695,6.217840940167904,0.003378435193537802
71.19942166490716,1423.9884332981433,BS16,15,-69.55576255736945,-94.32697510456607,-95.86852469171356,-94.32697510456607,-92.64567224506746,-74.31097027623996,4.740479686528114,3.2893030630830657,4.740479686528114,6.355861357721622,0.0033855109623507867
71.23713322299238,1424.7426644598477,BS16,15,-69.46448101779761,-94.23569356499424,-95.80259316221193,-94.23569356499424,-92.51535663877372,-74.31946935339975,4.840231501463121,3.365239337618572,4.840231501463121,6.492853786578071,0.0033921203469612494
71.27484478107762,1425.4968956215523,BS16,15,-69.36775673991087,-94.1389692871075,-95.74807481083792,-94.1389692871075,-92.34573405086563,-74.32518005788013,4.942647099734948,3.423714189219184,4.942647099734948,6.668630003903679,0.003396568549688452
71.31255633916284,1426.2511267832567,BS16,15,-69.28171489542775,-94.05292744262438,-95.68679677380324,-94.05292744262438,-92.21997767315432,-74.33268554992671,5.036168921380188,3.4942838449770717,5.036168921380188,6.799794471914771,0.0034024235968429573
71.35026789724806,1427.0053579449614,BS16,15,-69.1970950195811,-93.96830756677772,-95.62684242801969,-93.96830756677772,-92.09526216479516,-74.33958356548594,5.127663324229818,3.5629539470439107,5.127663324229818,6.929290555939549,0.0034078136204124484
71.3879794553333,1427.7595891066658,BS16,15,-69.11400196369453,-93.88521451089116,-95.56827217308019,-93.88521451089116,-91.97176069070821,-74.34587528818471,5.2170266463113055,3.629665655058552,5.2170266463113055,7.056945749945155,0.0034127373143931898
71.42569101341851,1428.5138202683704,BS16,15,-69.03254329489242,-93.80375584208905,-95.51114682185272,-93.80375584208905,-91.8496569269986,-74.35156186191773,5.304152469396487,3.694359678626403,5.304152469396487,7.18257699679384,0.0034171935379930267
71.46340257150374,1429.2680514300748,BS16,15,-68.95282906869453,-93.72404161589115,-95.45552745442875,-93.72404161589115,-91.72914511297361,-74.35664439254894,5.388931848102732,3.756976425150517,5.388931848102732,7.305990637668872,0.003421181316915675
71.50111412958897,1430.0222825917795,BS16,15,-68.86704841166157,-93.6382609588582,-95.35870909492296,-93.6382609588582,-91.6798230294333,-74.36073348144664,5.478787597953437,3.8633747953582156,5.478787597953437,7.356018581800819,0.0034243930027485696
71.53882568767419,1430.7765137534839,BS16,15,-68.7827035713445,-93.55391611854112,-95.30002901505105,-93.55391611854112,-91.55216136356884,-74.36419114989681,5.566578261606521,3.9270339029572554,5.566578261606521,7.485418238700442,0.0034271110975506907
71.57653724575943,1431.5307449151885,BS16,15,-68.70017187924512,-93.47138442644174,-95.24291655926581,-93.47138442644174,-91.42610340786281,-74.36703068991466,5.6519397591335006,3.988543819985249,5.6519397591335006,7.61257131913185,0.0034293448855075978
71.61424880384465,1432.284976076893,BS16,15,-68.61957503580139,-93.39078758299802,-95.18743726948742,-93.39078758299802,-91.30187254086901,-74.36925267449357,5.734750965261756,4.0478398694931075,5.734750965261756,7.737254610753313,0.0034310938714937015
71.65196036192987,1433.0392072385976,BS16,15,-68.54103698779059,-93.31224953498722,-95.13365664869995,-93.31224953498722,-91.17970430166271,-74.37085763890856,5.814888469889804,4.1048573825473795,5.814888469889804,7.859232698492552,0.0034323577366157697
71.6896719200151,1433.793438400302,BS16,15,-68.46471362531572,-93.23592617251235,-95.08373815714685,-93.23592617251235,-91.05506825971878,-74.37184761082963,5.8921984059619845,4.157337951734228,5.8921984059619845,7.982990200871295,0.00343313754347827
71.72738347810032,1434.5476695620064,BS16,15,-68.39124291926021,-93.16245546645683,-95.03395791213192,-93.16245546645683,-90.93856876078944,-74.37224908619334,5.966069208997561,4.20925642236081,5.966069208997561,8.098010839480775,0.003433453838364317
71.76509503618556,1435.301900723711,BS16,15,-68.32022940772852,-93.09144195492514,-94.98607778232069,-93.09144195492514,-90.8249517162635,-74.37203598343287,6.036870349429383,4.2586981666843515,6.036870349429383,8.20950768336509,0.0034332859457084177
71.80280659427078,1436.0561318854154,BS16,15,-68.25180115626073,-93.02301370345735,-94.94016063603708,-93.02301370345735,-90.71449679284665,-74.37120872733631,6.104474184737784,4.305601073656426,6.104474184737784,8.31720105200448,0.003432634270889313
71.840518152356,1436.81036304712,BS16,15,-68.18608598322994,-92.95729853042657,-94.89626818952776,-92.95729853042657,-90.60749212318306,-74.3697677115546,6.168753287649306,4.3499041599960755,6.168753287649306,8.420802762691375,0.003431499398403242
71.87822971044123,1437.5645942088245,BS16,15,-68.1232108464998,-92.89442339369643,-94.85446076960879,-92.89442339369643,-90.50423290757688,-74.3677132996916,6.22958106056807,4.391547808712034,6.22958106056807,8.520017529725422,0.0034298820921185753
71.91594126852645,1438.318825370529,BS16,15,-68.06330119236122,-92.83451373955785,-94.81479707216786,-92.83451373955785,-90.40501975512129,-74.36504582634545,6.286832387680037,4.430474011732553,6.286832387680037,8.614544624146948,0.00342778329540004
71.95365282661167,1439.0730565322335,BS16,15,-68.00685622793188,-92.7780687751285,-94.78394936767027,-92.7780687751285,-90.29452734103609,-74.36178528331621,6.340027981335044,4.460294603995061,6.340027981335044,8.718719578351118,0.0034252196033403045
71.99136438469691,1439.8272876939382,BS16,15,-67.95598933736731,-92.72720188456394,-94.75058458438996,-92.72720188456394,-90.20866564436434,-74.35803754249405,6.387159962394556,4.492047563494354,6.387159962394556,8.798614534845145,0.0034222751989197824
72.02907594278214,1440.581518855643,BS16,15,-67.90850438336679,-92.67971693056342,-94.71954858258967,-92.67971693056342,-90.12793796849297,-74.35368296434744,6.430305233370069,4.520904893025887,6.430305233370069,8.872738792832536,0.0034188572020398887
72.06678750086738,1441.3357500173474,BS16,15,-67.86450845350488,-92.63572100070151,-94.6908885059864,-92.63572100070151,-90.05263476211374,-74.34872190793287,6.469357058310047,4.546820212888611,6.469357058310047,8.940801754102626,0.0034149673135906735
72.1044990589526,1442.089981179052,BS16,15,-67.82410303207935,-92.59531557927598,-94.66464853280996,-92.59531557927598,-89.98303768434174,-74.3431547100571,6.504214281519795,4.56975009362366,6.504214281519795,9.002521581767688,0.0034106074105831586
72.14221061703782,1442.8442123407565,BS16,15,-67.78738327882205,-92.55859582601867,-94.64086965968471,-92.55859582601867,-89.91941657541044,-74.33698168607857,6.534782049655112,4.58965427312005,6.534782049655112,9.057628230120555,0.0034057795454047867
72.17992217512305,1443.5984435024611,BS16,15,-67.75443732864824,-92.52564987584486,-94.61958949662473,-92.52564987584486,-89.86202636394101,-74.33020313066505,6.5609725127346605,4.606495862575964,6.5609725127346605,9.10586653786593,0.00340048594494185
72.21763373320827,1444.3526746641655,BS16,15,-67.72534562244064,-92.49655816963727,-94.60084207517238,-92.49655816963727,-89.81110397410704,-74.32281931850527,6.582705494071898,4.620241539284598,6.582705494071898,9.146999321400811,0.003394729009566746
72.25534529129351,1445.10690582587,BS16,15,-67.70016596842535,-92.47137851562198,-94.58416924112599,-92.47137851562198,-89.76815365911798,-74.31482968853837,6.59992261590026,4.631163305594064,6.59992261590026,9.179861750652385,0.003388510677138223
72.29305684937873,1445.8611369875746,BS16,15,-67.67847245943292,-92.44968500662955,-94.57024070446589,-92.44968500662955,-89.72988606018805,-74.30620614552323,6.613021773951226,4.6389139475197565,6.613021773951226,9.207058592590979,0.003381811707890448
72.33076840746395,1446.615368149279,BS16,15,-67.66081857135816,-92.43203111855479,-94.55892256502393,-92.43203111855479,-89.69864591968143,-74.29697694479606,6.621477639689547,4.643492035908101,6.621477639689547,9.22658823339855,0.0033746568707625013
72.36847996554918,1447.3695993109836,BS16,15,-67.64724956057863,-92.41846210777526,-94.55023350101733,-92.41846210777526,-89.67457370772719,-74.28714226153232,6.625245118463457,4.644879531462678,6.625245118463457,9.238309818862104,0.0033670492424197154
72.4061915236344,1448.123830472688,BS16,15,-67.63780047797508,-92.4090130251717,-94.54418792215583,-92.4090130251717,-89.65777913608555,-74.27670225335443,6.624289302835514,4.643062654825702,6.624289302835514,9.242113227265998,0.003358992066383645
72.44390308171964,1448.8780616343927,BS16,15,-67.6322739834972,-92.40348653069383,-94.5405709797277,-92.40348653069383,-89.64817577145088,-74.26564340946958,6.618794052901117,4.638052122766199,6.618794052901117,9.23837590661238,0.003350478254855619
72.48161463980486,1449.632292796097,BS16,15,-67.63076915864347,-92.4019817058401,-94.53960896618213,-92.4019817058401,-89.64549645941132,-74.2539704575764,6.608664983496011,4.629994138926416,6.608664983496011,9.226776253470621,0.003341514993920398
72.51932619789008,1450.3865239578017,BS16,15,-67.63342624945179,-92.40463879664841,-94.54130768117626,-92.40463879664841,-89.65022691392143,-74.24169173198982,6.5937701388936265,4.618715601610563,6.5937701388936265,9.207124110325443,0.003332112369899742
72.55703775597532,1451.1407551195061,BS16,15,-67.64023831935816,-92.41145086655479,-94.54566428844512,-92.41145086655479,-89.6623451682811,-74.22880730502571,6.574116510971363,4.604219929291038,6.574116510971363,9.179440915126175,0.0033222742723154224
72.59474931406054,1451.8949862812108,BS16,15,-67.65118762591084,-92.42240017310746,-94.5526715247162,-92.42240017310746,-89.68179517986013,-74.21531723282573,6.549721880634567,4.586514962014045,6.549721880634567,9.14378215543269,0.0033120047476071337
72.63246087214576,1452.6492174429152,BS16,15,-67.66624577428746,-92.43745832148409,-94.56231773997695,-92.43745832148409,-89.70848768898004,-74.2012215555571,6.520614664509864,4.565612921728878,6.520614664509864,9.100236509324063,0.003301307996712041
72.67017243023099,1453.4034486046198,BS16,15,-67.68541195311394,-92.45662450031057,-94.57419381548019,-92.45662450031057,-89.7435165556179,-74.18652293125308,6.486798304312563,4.5422985185203695,6.486798304312563,9.04716227496912,0.003290190361224941
72.70788398831621,1454.1576797663242,BS16,15,-67.70906198797277,-92.4802745351694,-94.5893891530174,-92.4802745351694,-89.78517084796414,-74.17125166774389,6.447927163361774,4.514789446650128,6.447927163361774,8.987375062345034,0.003278679121602887
72.74559554640145,1454.9119109280289,BS16,15,-67.73666888035584,-92.50788142755246,-94.607160794417,-92.50788142755246,-89.8335970541216,-74.15537609867536,6.404496658098001,4.4841489022258845,6.404496658098001,8.920170868819618,0.0032667549199210644
72.78330710448667,1455.6661420897333,BS16,15,-67.76816373778922,-92.53937628498585,-94.62747991061075,-92.53937628498585,-89.88858758018739,-74.13889623065155,6.35657566664899,4.4504063040870845,6.35657566664899,8.845756621859561,0.0032544225496261773
72.82101866257189,1456.420373251438,BS16,15,-67.80346909530593,-92.57468164250255,-94.65031384584518,-92.57468164250255,-89.94991260551818,-74.12181205518239,6.304241623929494,4.413594896049765,6.304241623929494,8.76436144765882,0.0032416869443513715
72.85873022065712,1457.1746044131423,BS16,15,-67.84249952708039,-92.61371207427702,-94.67562628849939,-92.61371207427702,-90.01732307244556,-74.10412354862794,6.2475799099646085,4.3737515765729675,6.2475799099646085,8.676233680816875,0.0032285531748180766
72.89644177874234,1457.928835574847,BS16,15,-67.8851623031577,-92.65637485035433,-94.70337745782746,-92.65637485035433,-90.09055377414238,-74.0858306720981,6.186683193074388,4.3309167124830985,6.186683193074388,8.581637775793627,0.0032150264456369
72.93415333682756,1458.6830667365514,BS16,15,-67.9313580812331,-92.70257062842973,-94.73352430467429,-92.70257062842973,-90.16932646850502,-74.06693337130812,6.12165073796419,4.285133938708485,6.12165073796419,8.480851192274175,0.0032011120920113945
72.9718648949128,1459.437297898256,BS16,15,-67.98110840386835,-92.75232095106497,-94.76560683621472,-92.75232095106497,-90.25484493949546,-74.04744237501689,6.052471672548435,4.237128231200489,6.052471672548435,8.372325848907815,0.0031868234750458383
73.00957645299802,1460.1915290599604,BS16,15,-68.03428080141667,-92.8054933486133,-94.800560277459,-92.8054933486133,-90.34419235501439,-74.02735660352283,5.979277365991535,4.185467081960654,5.979277365991535,8.2596728646484,0.0031721653484276403
73.04728801108325,1460.945760221665,BS16,15,-68.09065021197213,-92.86186275916876,-94.83776060733237,-92.86186275916876,-90.43818295915256,-74.0066668723601,5.90228369992994,4.131009278382063,5.90228369992994,8.141726156562417,0.0031571367326598443
73.08499956916847,1461.6999913833695,BS16,15,-68.15009777504687,-92.9213103222435,-94.87715372800209,-92.9213103222435,-90.53651544991625,-73.98537307971361,5.821609407599868,4.073809524394483,5.821609407599868,8.018786129008598,0.0031417434495720083
73.1227111272537,1462.4542225450741,BS16,15,-68.21250170147442,-92.98371424867105,-94.91868342708398,-92.98371424867105,-90.63888957069172,-73.96347510732114,5.737376133978545,4.013924640522626,5.737376133978545,7.891152106289451,0.0031259914335409603
73.16042268533893,1463.2084537067785,BS16,15,-68.27773797522892,-93.04895052242554,-94.96229161891134,-93.04895052242554,-90.7450082729332,-73.94097282007822,5.649707733586426,3.951413323011934,5.649707733586426,7.75912016873728,0.0031098867276973126
73.19813424342415,1463.962684868483,BS16,15,-68.34599864396134,-93.11721119115796,-95.00177617199287,-93.11721119115796,-90.870217248876,-73.91789883807851,5.558444650628472,3.8951676895851755,5.558444650628472,7.603733255298541,0.0030934587514433115
73.23584580150938,1464.7169160301876,BS16,15,-68.41840970859433,-93.18962225579095,-95.05070342132602,-93.18962225579095,-90.98559402644536,-73.89438970421062,5.46259698078838,3.826534983922662,5.46259698078838,7.461225591633322,0.003076809932927329
73.2735573595946,1465.471147191892,BS16,15,-68.49321612266041,-93.26442866985704,-95.1015010670598,-93.26442866985704,-91.10371585966219,-73.87028280613637,5.363757636143134,3.755492713108029,5.363757636143134,7.315323095220164,0.0030598305463111616
73.31126891767983,1466.2253783535966,BS16,15,-68.57029007996634,-93.34150262716297,-95.15410474606428,-93.34150262716297,-91.22431699086786,-73.84557809515316,5.2620543461424845,3.6821060288479672,5.2620543461424845,7.166290535542221,0.00304252701173173
73.34898047576506,1466.979609515301,BS16,15,-68.64950489374728,-93.4207174409439,-95.20844951179056,-93.4207174409439,-91.3471426532907,-73.82027550656576,5.157613704437557,3.6064406736935717,5.157613704437557,7.014381650953912,0.0030249058361216732
73.38669203385028,1467.7338406770057,BS16,15,-68.73073545738558,-93.5019480045822,-95.2644700469815,-93.5019480045822,-91.47194965654305,-73.79437495917267,5.050560707666455,3.528562768839824,5.050560707666455,6.8598385614962485,0.0030069736091124983
73.4244035919355,1468.48807183871,BS16,15,-68.81385865815416,-93.58507120535079,-95.32210086656886,-93.58507120535079,-91.59850678129177,-73.76787635471614,4.9410183411790305,3.44853861174779,4.9410183411790305,6.702891372438164,0.002988736998900286
73.46211515002074,1469.2423030004147,BS16,15,-68.89501116887678,-93.6662237160734,-95.3973939480373,-93.6662237160734,-91.68043895950298,-73.74029861262945,4.832370250625852,3.3419671240834243,4.832370250625852,6.599950543467221,0.0029698748044561943
73.49982670810596,1469.9965341621191,BS16,15,-68.9774833525933,-93.74869589978992,-95.45494643234117,-93.74869589978992,-91.80486746256172,-73.71204417361419,4.721727268478132,3.2601716029819237,4.721727268478132,6.443539841760413,0.002950672860037349
73.53753826619119,1470.7507653238238,BS16,15,-69.06164232799964,-93.83285487519626,-95.5139844377964,-93.83285487519626,-91.93073387011623,-73.68317230631715,4.608781335490471,3.1763382875627184,4.608781335490471,6.2850159781988335,0.0029311791740569177
73.57524982427641,1471.5049964855282,BS16,15,-69.14737584766,-93.91858839485663,-95.57444505737159,-93.91858839485663,-92.05784494729338,-73.65368240069746,4.4936440584476935,3.090530487503706,4.4936440584476935,6.124570502490651,0.002911400757141098
73.61296138236163,1472.2592276472328,BS16,15,-69.23457452317706,-94.00578707037369,-95.63626579788372,-94.00578707037369,-92.1860187570007,-73.62357381622601,4.3764241543379505,3.0028111008797373,4.3764241543379505,5.96238360350689,0.0028913446821889825
73.65067294044687,1473.0134588089372,BS16,15,-69.32313203237493,-94.09434457957155,-95.69938472450612,-94.09434457957155,-92.315084502365,-73.59284588078711,4.2572272420904875,2.9132424700053523,4.2572272420904875,5.798624264121955,0.0028710180800507567
73.68838449853209,1473.7676899706419,BS16,15,-69.41294529001269,-94.18415783720931,-95.76374059390933,-94.18415783720931,-92.44488229133235,-73.56149788954252,4.136155670745044,2.8218862486737617,4.136155670745044,5.633450493759738,0.002850428135203242
73.72609605661732,1474.5219211323463,BS16,15,-69.52804990622357,-94.2992624534202,-95.65447520224485,-94.2992624534202,-92.96700935739976,-73.53435941131033,3.9939896920766893,2.971136970282281,3.9939896920766893,4.991002121370799,0.002832722028485199
73.76380761470254,1475.276152294051,BS16,15,-69.64541164355049,-94.41662419074711,-95.74311642326268,-94.41662419074711,-93.12151500613133,-73.50723525079391,3.8495803906747583,2.8611582692820057,3.8495803906747583,4.803414729074041,0.002815134851643634
73.80151917278776,1476.0303834557553,BS16,15,-69.76462050577243,-94.53583305296905,-95.78754176185141,-94.53583305296905,-93.35504489467993,-73.48024136669304,3.703453400760055,2.8063833806863987,3.703453400760055,4.519866355596227,0.0027977402482963613
73.839230730873,1476.78461461746,BS16,15,-69.88591391473274,-94.65712646192937,-95.88114887806107,-94.65712646192937,-93.50980298854802,-73.45354041902527,3.5555335179169645,2.6921208538152714,3.5555335179169645,4.332082185015256,0.0027806398552379405
73.87694228895822,1477.5388457791644,BS16,15,-69.99740742680456,-94.76861997400118,-96.19118016981521,-94.76861997400118,-93.26425201387288,-73.42409734903602,3.414678530300854,2.2907011070798133,3.414678530300854,4.640736498308657,0.002761904106120747
73.91465384704344,1478.293076940869,BS16,15,-70.09350789343225,-94.86472044062887,-96.26271570772217,-94.86472044062887,-93.39543737596695,-73.3901687879135,3.284742845900212,2.1902389759348835,3.284742845900212,4.470889675351238,0.00274047013713611
73.95236540512867,1479.0473081025734,BS16,15,-70.18847472808115,-94.95968727527777,-96.40396170758964,-94.95968727527777,-93.39509060626406,-73.35531970195403,3.1550220470639716,1.9871315943532135,3.1550220470639716,4.473132775018164,0.002718627323896044
73.9900769632139,1479.801539264278,BS16,15,-70.27364692764073,-95.04485947483735,-96.52831435178948,-95.04485947483735,-93.39705220612036,-73.31785999382373,3.0324915416021585,1.794829687735175,3.0324915416021585,4.472377131367876,0.0026953418026613553
74.02778852129913,1480.5557704259825,BS16,15,-70.35087310396288,-95.12208565115951,-96.58504774991962,-95.12208565115951,-93.50572761516612,-73.27824742506363,2.9157590817811134,1.7021684703288094,2.9157590817811134,4.321125439800301,0.002670934381522224
74.06550007938435,1481.310001587687,BS16,15,-70.41175731288071,-95.18296986007734,-96.73379592124235,-95.18296986007734,-93.38833383754066,-73.23585328862858,2.8125934189774227,1.4288583929349765,2.8125934189774227,4.489028116271055,0.0026450572303922002
74.10321163746958,1482.0642327493917,BS16,15,-70.46780616080784,-95.23901870800447,-96.77437358561752,-95.23901870800447,-93.46972197524005,-73.19191380967408,2.712720730112917,1.3460133966672678,2.712720730112917,4.363105628003758,0.00261850066837766
74.14092319555482,1482.8184639110964,BS16,15,-70.5254766943833,-95.29668924157993,-96.81626210246712,-95.29668924157993,-93.55301941139612,-73.14717371379993,2.610426652827659,1.2611059726372331,2.610426652827659,4.234447204772908,0.002591733454616604
74.17863475364004,1483.5726950728008,BS16,15,-70.57884675373107,-95.3500593009277,-96.91146915668739,-95.3500593009277,-93.51710883322961,-73.10124204992692,2.5112433465578246,1.0515298705751848,2.5112433465578246,4.295007476476457,0.002564537240774053
74.21634631172527,1484.3269262345054,BS16,15,-70.62233894266195,-95.39355148985858,-96.94287533634012,-95.39355148985858,-93.58080645355669,-73.05373017974554,2.4203604710224376,0.9726604185339769,2.4203604710224376,4.184973814593647,0.002536704862394162
74.2540578698105,1485.0811573962098,BS16,15,-70.64879848928916,-95.42001103648579,-97.01166578475281,-95.42001103648579,-93.5178932759076,-73.00520509158676,2.345498246659722,0.7474082079683341,2.345498246659722,4.300727728616309,0.002508589924254998
74.29176942789572,1485.8353885579145,BS16,15,-70.67106055456287,-95.4422731017595,-97.02763031401378,-95.4422731017595,-93.55100576280151,-72.95583531724306,2.273989556023391,0.679576277355017,2.273989556023391,4.221854882415523,0.0024803045562463944
74.32948098598095,1486.589619719619,BS16,15,-70.69541161318502,-95.46662416038164,-97.0451169720641,-95.46662416038164,-93.58713970249104,-72.90568358674501,2.1996104447582367,0.6094060042954397,2.1996104447582367,4.139224038623737,0.0024518969070337062
74.36719254406617,1487.3438508813235,BS16,15,-70.72870032558134,-95.49991287277797,-97.03925590698124,-95.49991287277797,-93.69696330368284,-72.85468454064252,2.1154470011115216,0.6274969768949769,2.1154470011115216,3.922347269949473,0.0024233421302777484
74.40490410215139,1488.098082043028,BS16,15,-70.77131121129325,-95.54252375848988,-97.07016689514457,-95.54252375848988,-93.7589846762862,-72.80279299659387,2.0210695758323087,0.5436213945570096,2.0210695758323087,3.8107998580701286,0.002394628123397881
74.44261566023663,1488.8523132047326,BS16,15,-70.83018500563887,-95.6013975528355,-97.00838592358126,-95.6013975528355,-94.04510171878941,-72.75080277849916,1.9103293201683227,0.681795038430912,1.9103293201683227,3.346553095548384,0.0023661999049639543
74.48032721832185,1489.606544366437,BS16,15,-70.90244869056953,-95.67366123776615,-97.06231801560631,-95.67366123776615,-94.14490530636886,-72.698577687143,1.7859633805827049,0.5777070211074882,1.7859633805827049,3.1937873213351446,0.002337982236260434
74.51803877640708,1490.3607755281416,BS16,15,-70.97676768486666,-95.74798023206328,-97.05384895876612,-95.74798023206328,-94.36178631195747,-72.64561301252323,1.6588027918471364,0.5893887315690612,1.6588027918471364,2.864508761264638,0.0023097078355575214
74.5557503344923,1491.115006689846,BS16,15,-71.06116250041298,-95.8323750476096,-97.11819387786504,-95.8323750476096,-94.4742604924498,-72.59297630188524,1.5218921089844062,0.4758778257519914,1.5218921089844062,2.697181752962375,0.002281946514331091
74.59346189257752,1491.8692378515507,BS16,15,-71.14608709535949,-95.91729964255612,-97.18321404472611,-95.91729964255612,-94.58678310791191,-72.53947846009635,1.38359100432916,0.3609067906727118,1.38359100432916,2.5288996147098945,0.0022540721334897173
74.63117345066276,1492.623469013255,BS16,15,-71.2314878278449,-96.00270037504153,-97.24887064545592,-96.00270037504153,-94.69929059105537,-72.48511153844588,1.2439451350058497,0.2445080619104952,1.2439451350058497,2.3597174977794992,0.0022260929604638073
74.66888500874798,1493.3777001749595,BS16,15,-71.3173132683061,-96.08852581550272,-97.31512582716107,-96.08852581550272,-94.81172373447161,-72.42986731515975,1.1029976728875057,0.12671291914953686,1.1029976728875057,2.1896859070002543,0.0021980172382743916
74.70659656683321,1494.1319313366641,BS16,15,-71.40351417005344,-96.17472671725007,-97.38194271683653,-96.17472671725007,-94.9240274835756,-72.37373728287679,0.9607893215158259,0.007551459569716777,0.9607893215158259,2.0188508944245975,0.002169853181133313
74.74430812491843,1494.8861624983685,BS16,15,-71.49004343381007,-96.2612559810067,-97.44928543600705,-96.2612559810067,-95.03615073143474,-72.31671263550416,0.8173583384362564,-0.11294742478560975,0.8173583384362564,1.8472542503838267,0.0021416089701267495
74.78201968300365,1495.6403936600732,BS16,15,-71.57671865084856,-96.34793119804519,-97.57519662520451,-96.34793119804519,-95.05076431690365,-72.2587617499407,0.6728555213613521,-0.3428906233873422,0.6728555213613521,1.826994046809096,0.0021132818213974737
74.81973124108889,1496.3946248217776,BS16,15,-71.65625388076216,-96.42746642795879,-97.63682856427765,-96.42746642795879,-95.15484369888702,-72.19865052299765,0.5333352232098789,-0.4617663341399139,0.5333352232098789,1.6615675392733211,0.0020842936739355346
74.85744279917411,1497.1488559834822,BS16,15,-71.73624959097525,-96.50746213817187,-97.69904924092005,-96.50746213817187,-95.25899347687562,-72.13758337656519,0.3923987595803377,-0.5821216936599545,0.3923987595803377,1.4950922361675116,0.002055250843209367
74.89515435725933,1497.9030871451866,BS16,15,-71.81666134819363,-96.58787389539026,-97.76182574661385,-96.58787389539026,-95.36316128245748,-72.07554914755892,0.25007936485225013,-0.7039337425405329,0.25007936485225013,1.3276098858960212,0.0020261615579940054
74.93286591534456,1498.6573183068913,BS16,15,-71.88011023808947,-96.6513227852861,-97.95669034166235,-96.6513227852861,-95.19676053607229,-72.01130404689762,0.12251458909247094,-1.1368516791376486,0.12251458909247094,1.6059451475416686,0.0019964685936472385
74.97057747342978,1499.4115494685957,BS16,15,-71.9372162569727,-96.70842880416933,-98.00020454870331,-96.70842880416933,-95.2740279458295,-71.94555374278431,-0.00021145221060842745,-1.2472472567348436,-0.00021145221060842745,1.4657939232734132,0.0019665295670610243
75.00828903151502,1500.1657806303003,BS16,15,-71.96635719175413,-96.73756973895075,-98.12374211138571,-96.73756973895075,-95.12934978564056,-71.88111899429475,-0.09366135618751804,-1.6625531014524169,-0.09366135618751804,1.7466697720081839,0.0019376243498781971
75.04600058960024,1500.9200117920047,BS16,15,-71.98908193788064,-96.76029448507727,-98.15733940167969,-96.76029448507727,-95.13003848280582,-71.81700097810115,-0.1803807927278589,-1.8360238139299423,-0.1803807927278589,1.7444109619844743,0.001909282159609215
75.08371214768546,1501.6742429537094,BS16,15,-72.00854554839438,-96.779758095591,-98.17187535457171,-96.779758095591,-95.15739554933232,-71.75299922077816,-0.26372485745878843,-1.9221308628801528,-0.26372485745878843,1.6609218851429333,0.001881404026262914
75.1214237057707,1502.4284741154138,BS16,15,-72.02958815567752,-96.80080070287414,-98.18760739475339,-96.80080070287414,-95.18692131924051,-71.68829177866671,-0.34935406677770725,-2.0103056025625032,-0.34935406677770725,1.5746842110905481,0.0018536315332433604
75.15913526385592,1503.1827052771184,BS16,15,-72.05218862959775,-96.82340117679438,-98.20452359554045,-96.82340117679438,-95.21857484386194,-71.6228769275475,-0.4372490437425933,-2.1005428455661397,-0.4372490437425933,1.485739509871131,0.001825971348046543
75.19684682194115,1503.9369364388228,BS16,15,-72.0742723238719,-96.84548487106852,-98.23331636589339,-96.84548487106852,-95.22655580509857,-71.55723953187562,-0.5248511812059171,-2.262621876227692,-0.5248511812059171,1.4660857352937227,0.0017986311653107351
75.23455838002637,1504.6911676005275,BS16,15,-72.09170185246631,-96.86291439966294,-98.18042229155031,-96.86291439966294,-95.25099810832282,-71.49242702492592,-0.6069775069548528,-2.2026692858462735,-0.6069775069548528,1.3857220719837873,0.0017720355672933119
75.27226993811159,1505.445398762232,BS16,15,-72.11069807893536,-96.88191062613198,-98.11843477488664,-96.88191062613198,-95.27759674975101,-71.4270059779069,-0.6912797192872154,-2.256119310355376,-0.6912797192872154,1.3027200904896505,0.0017455883547354283
75.30998149619683,1506.1996299239365,BS16,15,-72.13124212937558,-96.9024546765722,-98.06607304317549,-96.9024546765722,-95.3063152010052,-71.3609784620352,-0.7777368989545808,-2.1978850969722976,-0.7777368989545808,1.2171194770785507,0.0017192954863988576
75.34769305428205,1506.953861085641,BS16,15,-72.15331378905407,-96.9245263362507,-98.00814131831828,-96.9245263362507,-95.33711455509709,-71.29434690370684,-0.8663264304711291,-2.252374957865385,-0.8663264304711291,1.1289625345247514,0.001693162869054771
75.38540461236727,1507.7080922473456,BS16,15,-72.17689156616159,-96.94810411335821,-97.9564192489221,-96.94810411335821,-95.36995369253275,-71.22711409912783,-0.9570240512148562,-2.1960837868639937,-0.9570240512148562,1.038294018408447,0.0016671963525986858
75.4231161704525,1508.46232340905,BS16,15,-72.20195275845019,-96.97316530564682,-97.90282567480287,-96.97316530564682,-95.4047894526542,-71.15928322918982,-1.0498039031682755,-2.2515618347453583,-1.0498039031682755,0.9451609676818974,0.001641401725102719
